2026-05-04 12:39:41,462 [INFO] Activator:176 - 


2026-05-04 12:39:41,485 [INFO] Activator:177 - !SESSION log4j initialized
2026-05-04 12:40:00,665 [INFO] LogOutputStream:77 - [STDOUT_REDIRECT] 
2026-05-04 12:40:03,026 [INFO] ApplicationProperties:184 - Using Application install path: C:\ST\STM32CubeIDE_1.19.0\STM32CubeIDE\plugins\com.st.stm32cube.common.mx_6.15.0.202507011659
2026-05-04 12:40:03,078 [INFO] DbMcusXml:78 - Set database path to: C:\ST\STM32CubeIDE_1.19.0\STM32CubeIDE\plugins\com.st.stm32cube.common.mx_6.15.0.202507011659\\db\/mcu/
2026-05-04 12:40:03,078 [INFO] ApiDb:274 - Set plugin database path to: C:\ST\STM32CubeIDE_1.19.0\STM32CubeIDE\plugins\com.st.stm32cube.common.mx_6.15.0.202507011659\\db\/plugins/boardmanager/
2026-05-04 12:40:03,080 [WARN] ApiDb:259 - Overriding images path with different value:  => C:\ST\STM32CubeIDE_1.19.0\STM32CubeIDE\plugins\com.st.stm32cube.common.mx_6.15.0.202507011659\\db\/plugins/mcufinder/images/
2026-05-04 12:40:03,102 [INFO] ApiDb:250 - Set database path to: C:\Users\santi\.stmcufinder\plugins\mcufinder//mcu/
2026-05-04 12:40:03,107 [INFO] DbMcusAds:125 - Set database path to: C:\Users\santi\.stmcufinder\plugins\mcufinder//mcu/
2026-05-04 12:40:03,115 [INFO] CrossReferenceDbSqlite:203 - Set database path to: C:\Users\santi\.stmcufinder\plugins\mcufinder//mcu/cs/
2026-05-04 12:40:03,512 [INFO] RulesReader:64 - Compatibility file has been processed (317 Rules)
2026-05-04 12:40:03,767 [INFO] DbMcusXml:78 - Set database path to: C:\ST\STM32CubeIDE_1.19.0\STM32CubeIDE\plugins\com.st.stm32cube.common.mx_6.15.0.202507011659\\db\/mcu/
2026-05-04 12:40:03,767 [INFO] ApiDb:274 - Set plugin database path to: C:\ST\STM32CubeIDE_1.19.0\STM32CubeIDE\plugins\com.st.stm32cube.common.mx_6.15.0.202507011659\\db\/plugins/boardmanager/
2026-05-04 12:40:03,767 [INFO] ApiDb:261 - Set plugin images path to: C:\ST\STM32CubeIDE_1.19.0\STM32CubeIDE\plugins\com.st.stm32cube.common.mx_6.15.0.202507011659\\db\/plugins/mcufinder/images/
2026-05-04 12:40:03,768 [WARN] DbFile:41 - Overriding database path with different value: C:\Users\santi\.stmcufinder\plugins\mcufinder/ => C:\Users\santi\.stmcufinder\plugins\mcufinder
2026-05-04 12:40:03,769 [INFO] ApiDb:250 - Set database path to: C:\Users\santi\.stmcufinder\plugins\mcufinder//mcu/
2026-05-04 12:40:03,769 [WARN] DbFile:41 - Overriding database path with different value: C:\Users\santi\.stmcufinder\plugins\mcufinder/ => C:\Users\santi\.stmcufinder\plugins\mcufinder
2026-05-04 12:40:03,769 [INFO] DbMcusAds:125 - Set database path to: C:\Users\santi\.stmcufinder\plugins\mcufinder//mcu/
2026-05-04 12:40:03,769 [WARN] DbFile:41 - Overriding database path with different value: C:\Users\santi\.stmcufinder\plugins\mcufinder/ => C:\Users\santi\.stmcufinder\plugins\mcufinder
2026-05-04 12:40:03,769 [WARN] DbFile:41 - Overriding database path with different value: C:\Users\santi\.stmcufinder\plugins\mcufinder/ => C:\Users\santi\.stmcufinder\plugins\mcufinder
2026-05-04 12:40:03,769 [INFO] CrossReferenceDbSqlite:203 - Set database path to: C:\Users\santi\.stmcufinder\plugins\mcufinder//mcu/cs/
2026-05-04 12:40:04,006 [INFO] MainPanel:274 - HeapMemory: 268435456
2026-05-04 12:40:04,353 [INFO] DbMcusXml:78 - Set database path to: C:\ST\STM32CubeIDE_1.19.0\STM32CubeIDE\plugins\com.st.stm32cube.common.mx_6.15.0.202507011659\\db\/mcu/
2026-05-04 12:40:04,353 [INFO] ApiDb:274 - Set plugin database path to: C:\ST\STM32CubeIDE_1.19.0\STM32CubeIDE\plugins\com.st.stm32cube.common.mx_6.15.0.202507011659\\db\/plugins/boardmanager/
2026-05-04 12:40:04,353 [INFO] ApiDb:261 - Set plugin images path to: C:\ST\STM32CubeIDE_1.19.0\STM32CubeIDE\plugins\com.st.stm32cube.common.mx_6.15.0.202507011659\\db\/plugins/mcufinder/images/
2026-05-04 12:40:04,353 [WARN] DbFile:41 - Overriding database path with different value: C:\Users\santi\.stmcufinder\plugins\mcufinder/ => C:\Users\santi\.stmcufinder\plugins\mcufinder
2026-05-04 12:40:04,355 [INFO] ApiDb:250 - Set database path to: C:\Users\santi\.stmcufinder\plugins\mcufinder//mcu/
2026-05-04 12:40:04,355 [WARN] DbFile:41 - Overriding database path with different value: C:\Users\santi\.stmcufinder\plugins\mcufinder/ => C:\Users\santi\.stmcufinder\plugins\mcufinder
2026-05-04 12:40:04,355 [INFO] DbMcusAds:125 - Set database path to: C:\Users\santi\.stmcufinder\plugins\mcufinder//mcu/
2026-05-04 12:40:04,355 [WARN] DbFile:41 - Overriding database path with different value: C:\Users\santi\.stmcufinder\plugins\mcufinder/ => C:\Users\santi\.stmcufinder\plugins\mcufinder
2026-05-04 12:40:04,355 [WARN] DbFile:41 - Overriding database path with different value: C:\Users\santi\.stmcufinder\plugins\mcufinder/ => C:\Users\santi\.stmcufinder\plugins\mcufinder
2026-05-04 12:40:04,355 [INFO] CrossReferenceDbSqlite:203 - Set database path to: C:\Users\santi\.stmcufinder\plugins\mcufinder//mcu/cs/
2026-05-04 12:40:04,413 [INFO] ApplicationProperties:184 - Using Application install path: C:\ST\STM32CubeIDE_1.19.0\STM32CubeIDE\plugins\com.st.stm32cube.common.mx_6.15.0.202507011659
2026-05-04 12:40:04,418 [INFO] PluginManage:196 - Search for loadable plugins [exclusion list=, ]
2026-05-04 12:40:04,420 [INFO] PluginManage:310 - Check plugin analytics
2026-05-04 12:40:05,096 [INFO] AnalyticsPlugin:253 - Accepted Software Licenses: 
2026-05-04 12:40:05,098 [INFO] AnalyticsPlugin:255 - Accepted CMSIS Pack Licenses: 
2026-05-04 12:40:05,099 [INFO] AnalyticsPlugin:257 - Accepted Firmware Licenses: 
2026-05-04 12:40:05,107 [INFO] PluginManage:359 - Loaded plugin analytics (category:tool,tabindex:-1)
2026-05-04 12:40:05,107 [INFO] PluginManage:310 - Check plugin cadmodel
2026-05-04 12:40:05,120 [INFO] CADModel:105 - Init CAD model plugin
2026-05-04 12:40:05,123 [INFO] PluginManage:359 - Loaded plugin cadmodel (category:power,tabindex:5)
2026-05-04 12:40:05,123 [INFO] PluginManage:310 - Check plugin clock
2026-05-04 12:40:05,152 [INFO] PluginManage:359 - Loaded plugin clock (category:base,tabindex:2)
2026-05-04 12:40:05,154 [INFO] PluginManage:310 - Check plugin ddr
2026-05-04 12:40:05,162 [INFO] PluginManage:359 - Loaded plugin ddr (category:tool,tabindex:6)
2026-05-04 12:40:05,163 [INFO] PluginManage:310 - Check plugin filemanager
2026-05-04 12:40:05,669 [INFO] PluginManage:359 - Loaded plugin filemanager (category:base,tabindex:10)
2026-05-04 12:40:05,671 [INFO] PluginManage:310 - Check plugin ipmanager
2026-05-04 12:40:05,692 [INFO] PluginManage:359 - Loaded plugin ipmanager (category:base,tabindex:5)
2026-05-04 12:40:05,693 [INFO] PluginManage:310 - Check plugin lpbam
2026-05-04 12:40:05,721 [INFO] PluginManage:359 - Loaded plugin lpbam (category:base,tabindex:0)
2026-05-04 12:40:05,723 [INFO] PluginManage:310 - Check plugin memorymap
2026-05-04 12:40:05,766 [INFO] PluginManage:359 - Loaded plugin memorymap (category:base,tabindex:4)
2026-05-04 12:40:05,766 [INFO] PluginManage:310 - Check plugin pinoutandconfiguration
2026-05-04 12:40:05,799 [INFO] PluginManage:359 - Loaded plugin pinoutandconfiguration (category:base,tabindex:1)
2026-05-04 12:40:05,799 [INFO] PluginManage:310 - Check plugin pinoutconfig
2026-05-04 12:40:06,118 [WARN] SupportedApi:132 - Cannot load RTOS API schema: s4s-elt-must-match.1: The content of 'definitions' must match (annotation?, (simpleType | complexType)?, (unique | key | keyref)*)). A problem was found starting at: attribute.
2026-05-04 12:40:06,532 [INFO] PluginManage:359 - Loaded plugin pinoutconfig (category:base,tabindex:0)
2026-05-04 12:40:06,535 [INFO] PluginManage:310 - Check plugin power
2026-05-04 12:40:06,563 [INFO] PluginManage:359 - Loaded plugin power (category:power,tabindex:4)
2026-05-04 12:40:06,563 [INFO] PluginManage:310 - Check plugin projectmanager
2026-05-04 12:40:06,615 [INFO] PluginManage:359 - Loaded plugin projectmanager (category:projectmanager,tabindex:4)
2026-05-04 12:40:06,615 [INFO] PluginManage:310 - Check plugin rif
2026-05-04 12:40:06,641 [INFO] PluginManage:359 - Loaded plugin rif (category:base,tabindex:3)
2026-05-04 12:40:06,641 [INFO] PluginManage:310 - Check plugin thirdparty
2026-05-04 12:40:07,067 [INFO] PluginManage:359 - Loaded plugin thirdparty (category:base,tabindex:-1)
2026-05-04 12:40:07,067 [INFO] PluginManage:310 - Check plugin tools
2026-05-04 12:40:07,067 [WARN] IntegrityCheckThread:84 - waiting for thirdparty lock release [integrity check]
2026-05-04 12:40:07,067 [INFO] IntegrityCheckThread:86 - entering critical section [integrity check]
2026-05-04 12:40:07,069 [INFO] ThirdPartyUpdaterWithRetryManager:70 - Updater plugin not ready yet. [1/15]
2026-05-04 12:40:07,076 [INFO] PluginManage:359 - Loaded plugin tools (category:base,tabindex:7)
2026-05-04 12:40:07,077 [INFO] PluginManage:310 - Check plugin tutovideos
2026-05-04 12:40:07,736 [INFO] PluginManage:359 - Loaded plugin tutovideos (category:base,tabindex:-1)
2026-05-04 12:40:07,736 [INFO] PluginManage:310 - Check plugin updater
2026-05-04 12:40:07,798 [INFO] PluginManage:359 - Loaded plugin updater (category:base,tabindex:12)
2026-05-04 12:40:07,798 [INFO] PluginManage:310 - Check plugin userauth
2026-05-04 12:40:07,811 [INFO] UserAuth:118 - Init User Auth plugin
2026-05-04 12:40:07,813 [INFO] PluginManage:359 - Loaded plugin userauth (category:base,tabindex:14)
2026-05-04 12:40:07,814 [INFO] PluginManage:283 - PluginManage : Loaded plugins [18]
2026-05-04 12:40:08,458 [INFO] PinOutPanel:1589 - setPackage(No Configuration,No Configuration)
2026-05-04 12:40:08,729 [INFO] CADModel:165 - CPN selected for project level
2026-05-04 12:40:08,731 [INFO] CADModel:114 - Register for checkConnection events
2026-05-04 12:40:08,783 [INFO] IPUIPlugin:80 - create IPUIPlugin
2026-05-04 12:40:08,783 [INFO] PluginManager:220 - loadIPPluginJar : add adc
2026-05-04 12:40:08,794 [INFO] IPUIPlugin:80 - create IPUIPlugin
2026-05-04 12:40:08,794 [INFO] PluginManager:220 - loadIPPluginJar : add aes
2026-05-04 12:40:08,799 [INFO] IPUIPlugin:80 - create IPUIPlugin
2026-05-04 12:40:08,799 [INFO] PluginManager:220 - loadIPPluginJar : add can
2026-05-04 12:40:08,807 [INFO] IPUIPlugin:80 - create IPUIPlugin
2026-05-04 12:40:08,807 [INFO] PluginManager:220 - loadIPPluginJar : add comp
2026-05-04 12:40:08,813 [INFO] IPUIPlugin:80 - create IPUIPlugin
2026-05-04 12:40:08,813 [INFO] PluginManager:220 - loadIPPluginJar : add cryp
2026-05-04 12:40:08,822 [INFO] IPUIPlugin:80 - create IPUIPlugin
2026-05-04 12:40:08,823 [INFO] PluginManager:220 - loadIPPluginJar : add ddr_ctrl_phy
2026-05-04 12:40:08,829 [INFO] IPUIPlugin:80 - create IPUIPlugin
2026-05-04 12:40:08,829 [INFO] PluginManager:220 - loadIPPluginJar : add dfsdm
2026-05-04 12:40:08,846 [INFO] IPUIPlugin:80 - create IPUIPlugin
2026-05-04 12:40:08,847 [INFO] PluginManager:220 - loadIPPluginJar : add dma
2026-05-04 12:40:08,858 [INFO] IPUIPlugin:80 - create IPUIPlugin
2026-05-04 12:40:08,858 [INFO] PluginManager:220 - loadIPPluginJar : add dma3
2026-05-04 12:40:08,862 [INFO] IPUIPlugin:80 - create IPUIPlugin
2026-05-04 12:40:08,869 [INFO] PluginManager:220 - loadIPPluginJar : add extmemmanager
2026-05-04 12:40:08,873 [INFO] IPUIPlugin:80 - create IPUIPlugin
2026-05-04 12:40:08,874 [INFO] PluginManager:220 - loadIPPluginJar : add fatfs
2026-05-04 12:40:08,887 [INFO] IPUIPlugin:80 - create IPUIPlugin
2026-05-04 12:40:08,887 [INFO] PluginManager:220 - loadIPPluginJar : add fmc
2026-05-04 12:40:08,905 [INFO] IPUIPlugin:80 - create IPUIPlugin
2026-05-04 12:40:08,905 [INFO] PluginManager:220 - loadIPPluginJar : add freertos
2026-05-04 12:40:08,911 [INFO] IPUIPlugin:80 - create IPUIPlugin
2026-05-04 12:40:08,911 [INFO] PluginManager:220 - loadIPPluginJar : add genericplugin
2026-05-04 12:40:08,919 [INFO] IPUIPlugin:80 - create IPUIPlugin
2026-05-04 12:40:08,921 [INFO] PluginManager:220 - loadIPPluginJar : add gfxmmu
2026-05-04 12:40:08,935 [INFO] IPUIPlugin:80 - create IPUIPlugin
2026-05-04 12:40:08,935 [INFO] PluginManager:220 - loadIPPluginJar : add gic
2026-05-04 12:40:08,949 [INFO] IPUIPlugin:80 - create IPUIPlugin
2026-05-04 12:40:08,950 [INFO] PluginManager:220 - loadIPPluginJar : add gpio
2026-05-04 12:40:08,959 [INFO] IPUIPlugin:80 - create IPUIPlugin
2026-05-04 12:40:08,959 [INFO] PluginManager:220 - loadIPPluginJar : add gtzc
2026-05-04 12:40:08,966 [INFO] IPUIPlugin:80 - create IPUIPlugin
2026-05-04 12:40:08,967 [INFO] PluginManager:220 - loadIPPluginJar : add hash
2026-05-04 12:40:08,977 [INFO] IPUIPlugin:80 - create IPUIPlugin
2026-05-04 12:40:08,977 [INFO] PluginManager:220 - loadIPPluginJar : add i2c
2026-05-04 12:40:08,985 [INFO] IPUIPlugin:80 - create IPUIPlugin
2026-05-04 12:40:08,986 [INFO] PluginManager:220 - loadIPPluginJar : add i2s
2026-05-04 12:40:08,992 [INFO] IPUIPlugin:80 - create IPUIPlugin
2026-05-04 12:40:08,992 [INFO] PluginManager:220 - loadIPPluginJar : add i3c
2026-05-04 12:40:09,000 [INFO] IPUIPlugin:80 - create IPUIPlugin
2026-05-04 12:40:09,002 [INFO] PluginManager:220 - loadIPPluginJar : add ipddr
2026-05-04 12:40:09,027 [INFO] IPUIPlugin:80 - create IPUIPlugin
2026-05-04 12:40:09,029 [INFO] PluginManager:220 - loadIPPluginJar : add linkedlist
2026-05-04 12:40:09,037 [INFO] IPUIPlugin:80 - create IPUIPlugin
2026-05-04 12:40:09,037 [INFO] PluginManager:220 - loadIPPluginJar : add lorawan
2026-05-04 12:40:09,042 [INFO] IPUIPlugin:80 - create IPUIPlugin
2026-05-04 12:40:09,044 [INFO] PluginManager:220 - loadIPPluginJar : add ltdc
2026-05-04 12:40:09,062 [INFO] IPUIPlugin:80 - create IPUIPlugin
2026-05-04 12:40:09,063 [INFO] PluginManager:220 - loadIPPluginJar : add mdma
2026-05-04 12:40:09,074 [INFO] IPUIPlugin:80 - create IPUIPlugin
2026-05-04 12:40:09,074 [INFO] PluginManager:220 - loadIPPluginJar : add nvic
2026-05-04 12:40:09,084 [INFO] IPUIPlugin:80 - create IPUIPlugin
2026-05-04 12:40:09,084 [INFO] PluginManager:220 - loadIPPluginJar : add opamp
2026-05-04 12:40:09,129 [INFO] IPUIPlugin:80 - create IPUIPlugin
2026-05-04 12:40:09,129 [INFO] PluginManager:220 - loadIPPluginJar : add openamp
2026-05-04 12:40:09,142 [INFO] IPUIPlugin:80 - create IPUIPlugin
2026-05-04 12:40:09,142 [INFO] PluginManager:220 - loadIPPluginJar : add pdm2pcm
2026-05-04 12:40:09,159 [INFO] IPUIPlugin:80 - create IPUIPlugin
2026-05-04 12:40:09,169 [INFO] PluginManager:220 - loadIPPluginJar : add plateformsettings
2026-05-04 12:40:09,174 [INFO] IPUIPlugin:80 - create IPUIPlugin
2026-05-04 12:40:09,174 [INFO] PluginManager:220 - loadIPPluginJar : add quadspi
2026-05-04 12:40:09,182 [INFO] IPUIPlugin:80 - create IPUIPlugin
2026-05-04 12:40:09,185 [INFO] PluginManager:220 - loadIPPluginJar : add radio
2026-05-04 12:40:09,195 [INFO] IPUIPlugin:80 - create IPUIPlugin
2026-05-04 12:40:09,196 [INFO] PluginManager:220 - loadIPPluginJar : add resmgrutility
2026-05-04 12:40:09,204 [INFO] IPUIPlugin:80 - create IPUIPlugin
2026-05-04 12:40:09,206 [INFO] PluginManager:220 - loadIPPluginJar : add sai
2026-05-04 12:40:09,215 [INFO] IPUIPlugin:80 - create IPUIPlugin
2026-05-04 12:40:09,215 [INFO] PluginManager:220 - loadIPPluginJar : add spi
2026-05-04 12:40:09,235 [INFO] IPUIPlugin:80 - create IPUIPlugin
2026-05-04 12:40:09,237 [INFO] PluginManager:220 - loadIPPluginJar : add stm32_wpan
2026-05-04 12:40:09,244 [INFO] IPUIPlugin:80 - create IPUIPlugin
2026-05-04 12:40:09,244 [INFO] PluginManager:220 - loadIPPluginJar : add tim
2026-05-04 12:40:09,256 [INFO] IPUIPlugin:80 - create IPUIPlugin
2026-05-04 12:40:09,258 [INFO] PluginManager:220 - loadIPPluginJar : add touchsensing
2026-05-04 12:40:09,265 [INFO] IPUIPlugin:80 - create IPUIPlugin
2026-05-04 12:40:09,265 [INFO] PluginManager:220 - loadIPPluginJar : add tracer_emb
2026-05-04 12:40:09,271 [INFO] IPUIPlugin:80 - create IPUIPlugin
2026-05-04 12:40:09,271 [INFO] PluginManager:220 - loadIPPluginJar : add ts
2026-05-04 12:40:09,277 [INFO] IPUIPlugin:80 - create IPUIPlugin
2026-05-04 12:40:09,277 [INFO] PluginManager:220 - loadIPPluginJar : add tsc
2026-05-04 12:40:09,283 [INFO] IPUIPlugin:80 - create IPUIPlugin
2026-05-04 12:40:09,283 [INFO] PluginManager:220 - loadIPPluginJar : add ucpd
2026-05-04 12:40:09,294 [INFO] IPUIPlugin:80 - create IPUIPlugin
2026-05-04 12:40:09,294 [INFO] PluginManager:220 - loadIPPluginJar : add usart
2026-05-04 12:40:09,304 [INFO] IPUIPlugin:80 - create IPUIPlugin
2026-05-04 12:40:09,304 [INFO] PluginManager:220 - loadIPPluginJar : add usbx
2026-05-04 12:40:09,573 [FATAL] Updater:351 - Updater called before beeing initialized
2026-05-04 12:40:09,681 [INFO] RulesReader:64 - Compatibility file has been processed (317 Rules)
2026-05-04 12:40:09,744 [INFO] RulesReader:64 - Compatibility file has been processed (317 Rules)
2026-05-04 12:40:09,775 [INFO] CADModel:165 - CPN selected for project level
2026-05-04 12:40:09,775 [INFO] CADModel:114 - Register for checkConnection events
2026-05-04 12:40:09,779 [FATAL] Updater:351 - Updater called before beeing initialized
2026-05-04 12:40:09,780 [ERROR] CADModel:125 - Updater not yet initialized, retry later 
2026-05-04 12:40:10,075 [INFO] ThirdPartyUpdaterWithRetryManager:70 - Updater plugin not ready yet. [2/15]
2026-05-04 12:40:10,232 [FATAL] Updater:351 - Updater called before beeing initialized
2026-05-04 12:40:10,238 [INFO] CADModel:165 - CPN selected for project level
2026-05-04 12:40:10,238 [INFO] CADModel:114 - Register for checkConnection events
2026-05-04 12:40:10,238 [FATAL] Updater:351 - Updater called before beeing initialized
2026-05-04 12:40:10,239 [ERROR] CADModel:125 - Updater not yet initialized, retry later 
2026-05-04 12:40:10,247 [FATAL] Updater:351 - Updater called before beeing initialized
2026-05-04 12:40:10,621 [FATAL] Updater:351 - Updater called before beeing initialized
2026-05-04 12:40:10,635 [INFO] DbMcusAds:53 - JSON generation date=Thu Sep 30 03:55:09 ART 2021 (1632984909247)
2026-05-04 12:40:10,635 [FATAL] Updater:351 - Updater called before beeing initialized
2026-05-04 12:40:10,768 [WARN] DetailPanel:346 - Failed to get advertising image, set to default
2026-05-04 12:40:11,057 [FATAL] Updater:351 - Updater called before beeing initialized
2026-05-04 12:40:11,060 [FATAL] Updater:351 - Updater called before beeing initialized
2026-05-04 12:40:11,060 [FATAL] Updater:351 - Updater called before beeing initialized
2026-05-04 12:40:11,060 [WARN] DetailPanel:346 - Failed to get advertising image, set to default
2026-05-04 12:40:11,060 [FATAL] Updater:351 - Updater called before beeing initialized
2026-05-04 12:40:11,200 [ERROR] Updater:1198 - MainUpdater not yet initialized. External WinMGr cannot be set.
2026-05-04 12:40:11,205 [INFO] Updater:1134 - Updater Version found : 6.15.0
2026-05-04 12:40:11,263 [INFO] ApplicationProperties:184 - Using Application install path: C:\ST\STM32CubeIDE_1.19.0\STM32CubeIDE\plugins\com.st.stm32cube.common.mx_6.15.0.202507011659
2026-05-04 12:40:12,907 [ERROR] LogOutputStream:75 - [STDERR_REDIRECT] May 04, 2026 12:40:12 PM java.util.prefs.WindowsPreferences <init>
2026-05-04 12:40:12,911 [ERROR] LogOutputStream:75 - [STDERR_REDIRECT] WARNING: Could not open/create prefs root node Software\JavaSoft\Prefs at root 0xffffffff80000002. Windows RegCreateKeyEx(...) returned error code 5.
2026-05-04 12:40:12,912 [ERROR] LogOutputStream:75 - [STDERR_REDIRECT] 
2026-05-04 12:40:13,082 [FATAL] Updater:351 - Updater called before beeing initialized
2026-05-04 12:40:13,084 [ERROR] IntegrityCheckThread:130 - Cannot retrieve database content from updater: error 21
2026-05-04 12:40:13,084 [INFO] ThirdParty:978 - Integrity check success = false
2026-05-04 12:40:13,084 [INFO] IntegrityCheckThread:100 - exiting critical section [integrity check]
2026-05-04 12:40:13,084 [INFO] IntegrityCheckThread:103 - End integrity checks thread
2026-05-04 12:40:14,277 [INFO] MainUpdater:2872 - connection check result : 10
2026-05-04 12:40:14,279 [INFO] MainUpdater:289 - Updater Check For Update Now.
2026-05-04 12:40:14,279 [INFO] MicroXplorer:498 - Change Database Version : DB.6.0.150
2026-05-04 12:40:14,295 [INFO] McuFinderGlobals:63 - Set McuFinder mode to 2 (CubeIDE integrated)
2026-05-04 12:40:14,295 [INFO] UserAuth:171 - activating auth plugin
2026-05-04 12:40:14,301 [INFO] UserAuth:487 - Internet connection configuration mode: 1
2026-05-04 12:40:14,370 [INFO] JxBrowserEngine:152 - Initiate JxBrowser Engine with user profile folder
2026-05-04 12:40:14,732 [INFO] CheckServerUpdateThread:120 - End of CheckServer Thread
2026-05-04 12:40:16,449 [INFO] WebApp:169 - Instantiating new browser for Auth
2026-05-04 12:40:17,518 [INFO] WebApp:463 - Apply proxy settings
2026-05-04 12:40:17,518 [INFO] WebApp:548 - Chromium requires no authentication
2026-05-04 12:40:17,533 [INFO] WebApp:491 - Direct internet connection detected
2026-05-04 12:40:17,583 [INFO] WebApp:900 - Register for checkConnection events
2026-05-04 12:40:17,583 [INFO] WebApp:463 - Apply proxy settings
2026-05-04 12:40:17,583 [INFO] WebApp:548 - Chromium requires no authentication
2026-05-04 12:40:17,585 [INFO] WebApp:491 - Direct internet connection detected
2026-05-04 12:40:17,930 [INFO] WebApp:191 - Connection restablished
2026-05-04 12:40:18,078 [INFO] WebApp:225 - Starting web application
2026-05-04 12:40:18,079 [INFO] WebApp:593 - Web application path used C:\ST\STM32CubeIDE_1.19.0\STM32CubeIDE\plugins\com.st.stm32cube.common.mx_6.15.0.202507011659\db\plugins\mcufinder\reactClient1\index.html
2026-05-04 12:40:18,594 [ERROR] LogOutputStream:75 - [STDERR_REDIRECT] [Fatal Error] :1:1: Premature end of file.
2026-05-04 12:40:18,595 [ERROR] LogOutputStream:75 - [STDERR_REDIRECT] 
2026-05-04 12:40:19,443 [ERROR] LogOutputStream:75 - [STDERR_REDIRECT] [Fatal Error] :1:1: Premature end of file.
2026-05-04 12:40:19,444 [ERROR] LogOutputStream:75 - [STDERR_REDIRECT] 
2026-05-04 12:40:20,437 [ERROR] LogOutputStream:75 - [STDERR_REDIRECT] [Fatal Error] :1:1: Premature end of file.
2026-05-04 12:40:20,437 [ERROR] LogOutputStream:75 - [STDERR_REDIRECT] 
2026-05-04 12:40:21,408 [ERROR] LogOutputStream:75 - [STDERR_REDIRECT] [Fatal Error] :1:1: Premature end of file.
2026-05-04 12:40:21,408 [ERROR] LogOutputStream:75 - [STDERR_REDIRECT] 
2026-05-04 12:40:22,407 [ERROR] LogOutputStream:75 - [STDERR_REDIRECT] [Fatal Error] :1:1: Premature end of file.
2026-05-04 12:40:22,408 [ERROR] LogOutputStream:75 - [STDERR_REDIRECT] 
2026-05-04 12:40:23,403 [ERROR] LogOutputStream:75 - [STDERR_REDIRECT] [Fatal Error] :1:1: Premature end of file.
2026-05-04 12:40:23,404 [ERROR] LogOutputStream:75 - [STDERR_REDIRECT] 
2026-05-04 12:40:24,588 [ERROR] LogOutputStream:75 - [STDERR_REDIRECT] [Fatal Error] :1:1: Premature end of file.
2026-05-04 12:40:24,588 [ERROR] LogOutputStream:75 - [STDERR_REDIRECT] 
2026-05-04 12:40:25,416 [ERROR] LogOutputStream:75 - [STDERR_REDIRECT] [Fatal Error] :1:1: Premature end of file.
2026-05-04 12:40:25,416 [ERROR] LogOutputStream:75 - [STDERR_REDIRECT] 
2026-05-04 12:40:26,403 [ERROR] LogOutputStream:75 - [STDERR_REDIRECT] [Fatal Error] :1:1: Premature end of file.
2026-05-04 12:40:26,404 [ERROR] LogOutputStream:75 - [STDERR_REDIRECT] 
2026-05-04 12:40:27,416 [ERROR] LogOutputStream:75 - [STDERR_REDIRECT] [Fatal Error] :1:1: Premature end of file.
2026-05-04 12:40:27,417 [ERROR] LogOutputStream:75 - [STDERR_REDIRECT] 
2026-05-04 12:40:28,400 [ERROR] LogOutputStream:75 - [STDERR_REDIRECT] [Fatal Error] :1:1: Premature end of file.
2026-05-04 12:40:28,400 [ERROR] LogOutputStream:75 - [STDERR_REDIRECT] 
2026-05-04 12:40:29,402 [ERROR] LogOutputStream:75 - [STDERR_REDIRECT] [Fatal Error] :1:1: Premature end of file.
2026-05-04 12:40:29,402 [ERROR] LogOutputStream:75 - [STDERR_REDIRECT] 
2026-05-04 12:40:30,425 [ERROR] LogOutputStream:75 - [STDERR_REDIRECT] [Fatal Error] :1:1: Premature end of file.
2026-05-04 12:40:30,426 [ERROR] LogOutputStream:75 - [STDERR_REDIRECT] 
2026-05-04 12:40:31,407 [ERROR] LogOutputStream:75 - [STDERR_REDIRECT] [Fatal Error] :1:1: Premature end of file.
2026-05-04 12:40:31,408 [ERROR] LogOutputStream:75 - [STDERR_REDIRECT] 
2026-05-04 12:40:32,399 [ERROR] LogOutputStream:75 - [STDERR_REDIRECT] [Fatal Error] :1:1: Premature end of file.
2026-05-04 12:40:32,400 [ERROR] LogOutputStream:75 - [STDERR_REDIRECT] 
2026-05-04 12:40:33,404 [ERROR] LogOutputStream:75 - [STDERR_REDIRECT] [Fatal Error] :1:1: Premature end of file.
2026-05-04 12:40:33,404 [ERROR] LogOutputStream:75 - [STDERR_REDIRECT] 
2026-05-04 12:40:34,405 [ERROR] LogOutputStream:75 - [STDERR_REDIRECT] [Fatal Error] :1:1: Premature end of file.
2026-05-04 12:40:34,406 [ERROR] LogOutputStream:75 - [STDERR_REDIRECT] 
2026-05-04 12:40:35,403 [ERROR] LogOutputStream:75 - [STDERR_REDIRECT] [Fatal Error] :1:1: Premature end of file.
2026-05-04 12:40:35,403 [ERROR] LogOutputStream:75 - [STDERR_REDIRECT] 
2026-05-04 12:40:36,395 [ERROR] LogOutputStream:75 - [STDERR_REDIRECT] [Fatal Error] :1:1: Premature end of file.
2026-05-04 12:40:36,395 [ERROR] LogOutputStream:75 - [STDERR_REDIRECT] 
2026-05-04 12:40:37,405 [ERROR] LogOutputStream:75 - [STDERR_REDIRECT] [Fatal Error] :1:1: Premature end of file.
2026-05-04 12:40:37,405 [ERROR] LogOutputStream:75 - [STDERR_REDIRECT] 
2026-05-04 12:40:38,399 [ERROR] LogOutputStream:75 - [STDERR_REDIRECT] [Fatal Error] :1:1: Premature end of file.
2026-05-04 12:40:38,399 [ERROR] LogOutputStream:75 - [STDERR_REDIRECT] 
2026-05-04 12:40:39,400 [ERROR] LogOutputStream:75 - [STDERR_REDIRECT] [Fatal Error] :1:1: Premature end of file.
2026-05-04 12:40:39,400 [ERROR] LogOutputStream:75 - [STDERR_REDIRECT] 
2026-05-04 12:40:40,399 [ERROR] LogOutputStream:75 - [STDERR_REDIRECT] [Fatal Error] :1:1: Premature end of file.
2026-05-04 12:40:40,400 [ERROR] LogOutputStream:75 - [STDERR_REDIRECT] 
2026-05-04 12:40:41,400 [ERROR] LogOutputStream:75 - [STDERR_REDIRECT] [Fatal Error] :1:1: Premature end of file.
2026-05-04 12:40:41,400 [ERROR] LogOutputStream:75 - [STDERR_REDIRECT] 
2026-05-04 12:40:42,402 [ERROR] LogOutputStream:75 - [STDERR_REDIRECT] [Fatal Error] :1:1: Premature end of file.
2026-05-04 12:40:42,402 [ERROR] LogOutputStream:75 - [STDERR_REDIRECT] 
2026-05-04 12:40:43,398 [ERROR] LogOutputStream:75 - [STDERR_REDIRECT] [Fatal Error] :1:1: Premature end of file.
2026-05-04 12:40:43,398 [ERROR] LogOutputStream:75 - [STDERR_REDIRECT] 
2026-05-04 12:40:44,397 [ERROR] LogOutputStream:75 - [STDERR_REDIRECT] [Fatal Error] :1:1: Premature end of file.
2026-05-04 12:40:44,398 [ERROR] LogOutputStream:75 - [STDERR_REDIRECT] 
2026-05-04 12:40:45,401 [ERROR] LogOutputStream:75 - [STDERR_REDIRECT] [Fatal Error] :1:1: Premature end of file.
2026-05-04 12:40:45,402 [ERROR] LogOutputStream:75 - [STDERR_REDIRECT] 
2026-05-04 12:40:46,398 [ERROR] LogOutputStream:75 - [STDERR_REDIRECT] [Fatal Error] :1:1: Premature end of file.
2026-05-04 12:40:46,399 [ERROR] LogOutputStream:75 - [STDERR_REDIRECT] 
2026-05-04 12:40:47,435 [ERROR] LogOutputStream:75 - [STDERR_REDIRECT] [Fatal Error] :1:1: Premature end of file.
2026-05-04 12:40:47,435 [ERROR] LogOutputStream:75 - [STDERR_REDIRECT] 
2026-05-04 12:40:48,553 [ERROR] LogOutputStream:75 - [STDERR_REDIRECT] [Fatal Error] :1:1: Premature end of file.
2026-05-04 12:40:48,553 [ERROR] LogOutputStream:75 - [STDERR_REDIRECT] 
2026-05-04 12:40:49,424 [ERROR] LogOutputStream:75 - [STDERR_REDIRECT] [Fatal Error] :1:1: Premature end of file.
2026-05-04 12:40:49,426 [ERROR] LogOutputStream:75 - [STDERR_REDIRECT] 
2026-05-04 12:40:50,583 [ERROR] LogOutputStream:75 - [STDERR_REDIRECT] [Fatal Error] :1:1: Premature end of file.
2026-05-04 12:40:50,588 [ERROR] LogOutputStream:75 - [STDERR_REDIRECT] 
2026-05-04 12:40:51,455 [ERROR] LogOutputStream:75 - [STDERR_REDIRECT] [Fatal Error] :1:1: Premature end of file.
2026-05-04 12:40:51,457 [ERROR] LogOutputStream:75 - [STDERR_REDIRECT] 
2026-05-04 12:40:52,423 [ERROR] LogOutputStream:75 - [STDERR_REDIRECT] [Fatal Error] :1:1: Premature end of file.
2026-05-04 12:40:52,423 [ERROR] LogOutputStream:75 - [STDERR_REDIRECT] 
2026-05-04 12:40:53,420 [ERROR] LogOutputStream:75 - [STDERR_REDIRECT] [Fatal Error] :1:1: Premature end of file.
2026-05-04 12:40:53,420 [ERROR] LogOutputStream:75 - [STDERR_REDIRECT] 
2026-05-04 12:40:54,413 [ERROR] LogOutputStream:75 - [STDERR_REDIRECT] [Fatal Error] :1:1: Premature end of file.
2026-05-04 12:40:54,413 [ERROR] LogOutputStream:75 - [STDERR_REDIRECT] 
2026-05-04 12:40:55,495 [ERROR] LogOutputStream:75 - [STDERR_REDIRECT] [Fatal Error] :1:1: Premature end of file.
2026-05-04 12:40:55,498 [ERROR] LogOutputStream:75 - [STDERR_REDIRECT] 
2026-05-04 12:40:56,425 [ERROR] LogOutputStream:75 - [STDERR_REDIRECT] [Fatal Error] :1:1: Premature end of file.
2026-05-04 12:40:56,427 [ERROR] LogOutputStream:75 - [STDERR_REDIRECT] 
2026-05-04 12:40:57,407 [ERROR] LogOutputStream:75 - [STDERR_REDIRECT] [Fatal Error] :1:1: Premature end of file.
2026-05-04 12:40:57,407 [ERROR] LogOutputStream:75 - [STDERR_REDIRECT] 
2026-05-04 12:40:58,406 [ERROR] LogOutputStream:75 - [STDERR_REDIRECT] [Fatal Error] :1:1: Premature end of file.
2026-05-04 12:40:58,407 [ERROR] LogOutputStream:75 - [STDERR_REDIRECT] 
2026-05-04 12:40:59,409 [ERROR] LogOutputStream:75 - [STDERR_REDIRECT] [Fatal Error] :1:1: Premature end of file.
2026-05-04 12:40:59,409 [ERROR] LogOutputStream:75 - [STDERR_REDIRECT] 
2026-05-04 12:41:00,419 [ERROR] LogOutputStream:75 - [STDERR_REDIRECT] [Fatal Error] :1:1: Premature end of file.
2026-05-04 12:41:00,419 [ERROR] LogOutputStream:75 - [STDERR_REDIRECT] 
2026-05-04 12:41:01,427 [ERROR] LogOutputStream:75 - [STDERR_REDIRECT] [Fatal Error] :1:1: Premature end of file.
2026-05-04 12:41:01,429 [ERROR] LogOutputStream:75 - [STDERR_REDIRECT] 
2026-05-04 12:41:02,410 [ERROR] LogOutputStream:75 - [STDERR_REDIRECT] [Fatal Error] :1:1: Premature end of file.
2026-05-04 12:41:02,412 [ERROR] LogOutputStream:75 - [STDERR_REDIRECT] 
2026-05-04 12:41:03,418 [ERROR] LogOutputStream:75 - [STDERR_REDIRECT] [Fatal Error] :1:1: Premature end of file.
2026-05-04 12:41:03,421 [ERROR] LogOutputStream:75 - [STDERR_REDIRECT] 
2026-05-04 12:41:04,417 [ERROR] LogOutputStream:75 - [STDERR_REDIRECT] [Fatal Error] :1:1: Premature end of file.
2026-05-04 12:41:04,417 [ERROR] LogOutputStream:75 - [STDERR_REDIRECT] 
2026-05-04 12:41:05,413 [ERROR] LogOutputStream:75 - [STDERR_REDIRECT] [Fatal Error] :1:1: Premature end of file.
2026-05-04 12:41:05,413 [ERROR] LogOutputStream:75 - [STDERR_REDIRECT] 
2026-05-04 12:41:06,413 [ERROR] LogOutputStream:75 - [STDERR_REDIRECT] [Fatal Error] :1:1: Premature end of file.
2026-05-04 12:41:06,415 [ERROR] LogOutputStream:75 - [STDERR_REDIRECT] 
2026-05-04 12:41:07,428 [ERROR] LogOutputStream:75 - [STDERR_REDIRECT] [Fatal Error] :1:1: Premature end of file.
2026-05-04 12:41:07,428 [ERROR] LogOutputStream:75 - [STDERR_REDIRECT] 
2026-05-04 12:41:08,408 [ERROR] LogOutputStream:75 - [STDERR_REDIRECT] [Fatal Error] :1:1: Premature end of file.
2026-05-04 12:41:08,408 [ERROR] LogOutputStream:75 - [STDERR_REDIRECT] 
2026-05-04 12:41:09,418 [ERROR] LogOutputStream:75 - [STDERR_REDIRECT] [Fatal Error] :1:1: Premature end of file.
2026-05-04 12:41:09,419 [ERROR] LogOutputStream:75 - [STDERR_REDIRECT] 
2026-05-04 12:41:10,414 [ERROR] LogOutputStream:75 - [STDERR_REDIRECT] [Fatal Error] :1:1: Premature end of file.
2026-05-04 12:41:10,414 [ERROR] LogOutputStream:75 - [STDERR_REDIRECT] 
2026-05-04 12:41:11,413 [ERROR] LogOutputStream:75 - [STDERR_REDIRECT] [Fatal Error] :1:1: Premature end of file.
2026-05-04 12:41:11,413 [ERROR] LogOutputStream:75 - [STDERR_REDIRECT] 
2026-05-04 12:41:12,406 [ERROR] LogOutputStream:75 - [STDERR_REDIRECT] [Fatal Error] :1:1: Premature end of file.
2026-05-04 12:41:12,406 [ERROR] LogOutputStream:75 - [STDERR_REDIRECT] 
2026-05-04 12:41:13,401 [ERROR] LogOutputStream:75 - [STDERR_REDIRECT] [Fatal Error] :1:1: Premature end of file.
2026-05-04 12:41:13,401 [ERROR] LogOutputStream:75 - [STDERR_REDIRECT] 
2026-05-04 12:41:14,412 [ERROR] LogOutputStream:75 - [STDERR_REDIRECT] [Fatal Error] :1:1: Premature end of file.
2026-05-04 12:41:14,412 [ERROR] LogOutputStream:75 - [STDERR_REDIRECT] 
2026-05-04 12:41:15,411 [ERROR] LogOutputStream:75 - [STDERR_REDIRECT] [Fatal Error] :1:1: Premature end of file.
2026-05-04 12:41:15,411 [ERROR] LogOutputStream:75 - [STDERR_REDIRECT] 
2026-05-04 12:41:16,395 [ERROR] LogOutputStream:75 - [STDERR_REDIRECT] [Fatal Error] :1:1: Premature end of file.
2026-05-04 12:41:16,395 [ERROR] LogOutputStream:75 - [STDERR_REDIRECT] 
2026-05-04 12:41:17,404 [ERROR] LogOutputStream:75 - [STDERR_REDIRECT] [Fatal Error] :1:1: Premature end of file.
2026-05-04 12:41:17,406 [ERROR] LogOutputStream:75 - [STDERR_REDIRECT] 
2026-05-04 12:41:18,429 [ERROR] LogOutputStream:75 - [STDERR_REDIRECT] [Fatal Error] :1:1: Premature end of file.
2026-05-04 12:41:18,429 [ERROR] LogOutputStream:75 - [STDERR_REDIRECT] 
2026-05-04 12:41:19,414 [ERROR] LogOutputStream:75 - [STDERR_REDIRECT] [Fatal Error] :1:1: Premature end of file.
2026-05-04 12:41:19,414 [ERROR] LogOutputStream:75 - [STDERR_REDIRECT] 
2026-05-04 12:41:20,417 [ERROR] LogOutputStream:75 - [STDERR_REDIRECT] [Fatal Error] :1:1: Premature end of file.
2026-05-04 12:41:20,418 [ERROR] LogOutputStream:75 - [STDERR_REDIRECT] 
2026-05-04 12:41:21,411 [ERROR] LogOutputStream:75 - [STDERR_REDIRECT] [Fatal Error] :1:1: Premature end of file.
2026-05-04 12:41:21,411 [ERROR] LogOutputStream:75 - [STDERR_REDIRECT] 
2026-05-04 12:41:22,412 [ERROR] LogOutputStream:75 - [STDERR_REDIRECT] [Fatal Error] :1:1: Premature end of file.
2026-05-04 12:41:22,412 [ERROR] LogOutputStream:75 - [STDERR_REDIRECT] 
2026-05-04 12:41:23,410 [ERROR] LogOutputStream:75 - [STDERR_REDIRECT] [Fatal Error] :1:1: Premature end of file.
2026-05-04 12:41:23,410 [ERROR] LogOutputStream:75 - [STDERR_REDIRECT] 
2026-05-04 12:41:24,459 [ERROR] LogOutputStream:75 - [STDERR_REDIRECT] [Fatal Error] :1:1: Premature end of file.
2026-05-04 12:41:24,461 [ERROR] LogOutputStream:75 - [STDERR_REDIRECT] 
2026-05-04 12:41:25,470 [ERROR] LogOutputStream:75 - [STDERR_REDIRECT] [Fatal Error] :1:1: Premature end of file.
2026-05-04 12:41:25,473 [ERROR] LogOutputStream:75 - [STDERR_REDIRECT] 
2026-05-04 12:41:26,437 [ERROR] LogOutputStream:75 - [STDERR_REDIRECT] [Fatal Error] :1:1: Premature end of file.
2026-05-04 12:41:26,438 [ERROR] LogOutputStream:75 - [STDERR_REDIRECT] 
2026-05-04 12:41:27,427 [ERROR] LogOutputStream:75 - [STDERR_REDIRECT] [Fatal Error] :1:1: Premature end of file.
2026-05-04 12:41:27,430 [ERROR] LogOutputStream:75 - [STDERR_REDIRECT] 
2026-05-04 12:41:28,409 [ERROR] LogOutputStream:75 - [STDERR_REDIRECT] [Fatal Error] :1:1: Premature end of file.
2026-05-04 12:41:28,409 [ERROR] LogOutputStream:75 - [STDERR_REDIRECT] 
2026-05-04 12:41:29,420 [ERROR] LogOutputStream:75 - [STDERR_REDIRECT] [Fatal Error] :1:1: Premature end of file.
2026-05-04 12:41:29,420 [ERROR] LogOutputStream:75 - [STDERR_REDIRECT] 
2026-05-04 12:41:30,414 [ERROR] LogOutputStream:75 - [STDERR_REDIRECT] [Fatal Error] :1:1: Premature end of file.
2026-05-04 12:41:30,416 [ERROR] LogOutputStream:75 - [STDERR_REDIRECT] 
2026-05-04 12:41:31,420 [ERROR] LogOutputStream:75 - [STDERR_REDIRECT] [Fatal Error] :1:1: Premature end of file.
2026-05-04 12:41:31,420 [ERROR] LogOutputStream:75 - [STDERR_REDIRECT] 
2026-05-04 12:41:32,422 [ERROR] LogOutputStream:75 - [STDERR_REDIRECT] [Fatal Error] :1:1: Premature end of file.
2026-05-04 12:41:32,426 [ERROR] LogOutputStream:75 - [STDERR_REDIRECT] 
2026-05-04 12:41:33,453 [ERROR] LogOutputStream:75 - [STDERR_REDIRECT] [Fatal Error] :1:1: Premature end of file.
2026-05-04 12:41:33,453 [ERROR] LogOutputStream:75 - [STDERR_REDIRECT] 
2026-05-04 12:41:34,418 [ERROR] LogOutputStream:75 - [STDERR_REDIRECT] [Fatal Error] :1:1: Premature end of file.
2026-05-04 12:41:34,419 [ERROR] LogOutputStream:75 - [STDERR_REDIRECT] 
2026-05-04 12:41:35,408 [ERROR] LogOutputStream:75 - [STDERR_REDIRECT] [Fatal Error] :1:1: Premature end of file.
2026-05-04 12:41:35,408 [ERROR] LogOutputStream:75 - [STDERR_REDIRECT] 
2026-05-04 12:41:36,406 [ERROR] LogOutputStream:75 - [STDERR_REDIRECT] [Fatal Error] :1:1: Premature end of file.
2026-05-04 12:41:36,407 [ERROR] LogOutputStream:75 - [STDERR_REDIRECT] 
2026-05-04 12:41:37,408 [ERROR] LogOutputStream:75 - [STDERR_REDIRECT] [Fatal Error] :1:1: Premature end of file.
2026-05-04 12:41:37,410 [ERROR] LogOutputStream:75 - [STDERR_REDIRECT] 
2026-05-04 12:41:38,404 [ERROR] LogOutputStream:75 - [STDERR_REDIRECT] [Fatal Error] :1:1: Premature end of file.
2026-05-04 12:41:38,405 [ERROR] LogOutputStream:75 - [STDERR_REDIRECT] 
2026-05-04 12:41:39,401 [ERROR] LogOutputStream:75 - [STDERR_REDIRECT] [Fatal Error] :1:1: Premature end of file.
2026-05-04 12:41:39,401 [ERROR] LogOutputStream:75 - [STDERR_REDIRECT] 
2026-05-04 12:41:40,426 [ERROR] LogOutputStream:75 - [STDERR_REDIRECT] [Fatal Error] :1:1: Premature end of file.
2026-05-04 12:41:40,426 [ERROR] LogOutputStream:75 - [STDERR_REDIRECT] 
2026-05-04 12:41:41,424 [ERROR] LogOutputStream:75 - [STDERR_REDIRECT] [Fatal Error] :1:1: Premature end of file.
2026-05-04 12:41:41,424 [ERROR] LogOutputStream:75 - [STDERR_REDIRECT] 
2026-05-04 12:41:42,414 [ERROR] LogOutputStream:75 - [STDERR_REDIRECT] [Fatal Error] :1:1: Premature end of file.
2026-05-04 12:41:42,415 [ERROR] LogOutputStream:75 - [STDERR_REDIRECT] 
2026-05-04 12:41:43,406 [ERROR] LogOutputStream:75 - [STDERR_REDIRECT] [Fatal Error] :1:1: Premature end of file.
2026-05-04 12:41:43,406 [ERROR] LogOutputStream:75 - [STDERR_REDIRECT] 
2026-05-04 12:41:44,405 [ERROR] LogOutputStream:75 - [STDERR_REDIRECT] [Fatal Error] :1:1: Premature end of file.
2026-05-04 12:41:44,405 [ERROR] LogOutputStream:75 - [STDERR_REDIRECT] 
2026-05-04 12:41:45,409 [ERROR] LogOutputStream:75 - [STDERR_REDIRECT] [Fatal Error] :1:1: Premature end of file.
2026-05-04 12:41:45,409 [ERROR] LogOutputStream:75 - [STDERR_REDIRECT] 
2026-05-04 12:41:46,415 [ERROR] LogOutputStream:75 - [STDERR_REDIRECT] [Fatal Error] :1:1: Premature end of file.
2026-05-04 12:41:46,415 [ERROR] LogOutputStream:75 - [STDERR_REDIRECT] 
2026-05-04 12:41:47,422 [ERROR] LogOutputStream:75 - [STDERR_REDIRECT] [Fatal Error] :1:1: Premature end of file.
2026-05-04 12:41:47,422 [ERROR] LogOutputStream:75 - [STDERR_REDIRECT] 
2026-05-04 12:41:48,403 [ERROR] LogOutputStream:75 - [STDERR_REDIRECT] [Fatal Error] :1:1: Premature end of file.
2026-05-04 12:41:48,404 [ERROR] LogOutputStream:75 - [STDERR_REDIRECT] 
2026-05-04 12:41:49,415 [ERROR] LogOutputStream:75 - [STDERR_REDIRECT] [Fatal Error] :1:1: Premature end of file.
2026-05-04 12:41:49,415 [ERROR] LogOutputStream:75 - [STDERR_REDIRECT] 
2026-05-04 12:41:50,417 [ERROR] LogOutputStream:75 - [STDERR_REDIRECT] [Fatal Error] :1:1: Premature end of file.
2026-05-04 12:41:50,417 [ERROR] LogOutputStream:75 - [STDERR_REDIRECT] 
2026-05-04 12:41:51,447 [ERROR] LogOutputStream:75 - [STDERR_REDIRECT] [Fatal Error] :1:1: Premature end of file.
2026-05-04 12:41:51,447 [ERROR] LogOutputStream:75 - [STDERR_REDIRECT] 
2026-05-04 12:41:52,413 [ERROR] LogOutputStream:75 - [STDERR_REDIRECT] [Fatal Error] :1:1: Premature end of file.
2026-05-04 12:41:52,415 [ERROR] LogOutputStream:75 - [STDERR_REDIRECT] 
2026-05-04 12:41:53,437 [ERROR] LogOutputStream:75 - [STDERR_REDIRECT] [Fatal Error] :1:1: Premature end of file.
2026-05-04 12:41:53,437 [ERROR] LogOutputStream:75 - [STDERR_REDIRECT] 
2026-05-04 12:41:54,422 [ERROR] LogOutputStream:75 - [STDERR_REDIRECT] [Fatal Error] :1:1: Premature end of file.
2026-05-04 12:41:54,422 [ERROR] LogOutputStream:75 - [STDERR_REDIRECT] 
2026-05-04 12:41:55,407 [ERROR] LogOutputStream:75 - [STDERR_REDIRECT] [Fatal Error] :1:1: Premature end of file.
2026-05-04 12:41:55,408 [ERROR] LogOutputStream:75 - [STDERR_REDIRECT] 
2026-05-04 12:41:56,421 [ERROR] LogOutputStream:75 - [STDERR_REDIRECT] [Fatal Error] :1:1: Premature end of file.
2026-05-04 12:41:56,422 [ERROR] LogOutputStream:75 - [STDERR_REDIRECT] 
2026-05-04 12:41:57,430 [ERROR] LogOutputStream:75 - [STDERR_REDIRECT] [Fatal Error] :1:1: Premature end of file.
2026-05-04 12:41:57,431 [ERROR] LogOutputStream:75 - [STDERR_REDIRECT] 
2026-05-04 12:41:58,417 [ERROR] LogOutputStream:75 - [STDERR_REDIRECT] [Fatal Error] :1:1: Premature end of file.
2026-05-04 12:41:58,417 [ERROR] LogOutputStream:75 - [STDERR_REDIRECT] 
2026-05-04 12:41:59,397 [ERROR] LogOutputStream:75 - [STDERR_REDIRECT] [Fatal Error] :1:1: Premature end of file.
2026-05-04 12:41:59,398 [ERROR] LogOutputStream:75 - [STDERR_REDIRECT] 
2026-05-04 12:42:00,411 [ERROR] LogOutputStream:75 - [STDERR_REDIRECT] [Fatal Error] :1:1: Premature end of file.
2026-05-04 12:42:00,411 [ERROR] LogOutputStream:75 - [STDERR_REDIRECT] 
2026-05-04 12:42:01,400 [ERROR] LogOutputStream:75 - [STDERR_REDIRECT] [Fatal Error] :1:1: Premature end of file.
2026-05-04 12:42:01,400 [ERROR] LogOutputStream:75 - [STDERR_REDIRECT] 
2026-05-04 12:42:02,409 [ERROR] LogOutputStream:75 - [STDERR_REDIRECT] [Fatal Error] :1:1: Premature end of file.
2026-05-04 12:42:02,410 [ERROR] LogOutputStream:75 - [STDERR_REDIRECT] 
2026-05-04 12:42:03,400 [ERROR] LogOutputStream:75 - [STDERR_REDIRECT] [Fatal Error] :1:1: Premature end of file.
2026-05-04 12:42:03,401 [ERROR] LogOutputStream:75 - [STDERR_REDIRECT] 
2026-05-04 12:42:04,403 [ERROR] LogOutputStream:75 - [STDERR_REDIRECT] [Fatal Error] :1:1: Premature end of file.
2026-05-04 12:42:04,403 [ERROR] LogOutputStream:75 - [STDERR_REDIRECT] 
2026-05-04 12:42:05,400 [ERROR] LogOutputStream:75 - [STDERR_REDIRECT] [Fatal Error] :1:1: Premature end of file.
2026-05-04 12:42:05,402 [ERROR] LogOutputStream:75 - [STDERR_REDIRECT] 
2026-05-04 12:42:06,408 [ERROR] LogOutputStream:75 - [STDERR_REDIRECT] [Fatal Error] :1:1: Premature end of file.
2026-05-04 12:42:06,408 [ERROR] LogOutputStream:75 - [STDERR_REDIRECT] 
2026-05-04 12:42:07,399 [ERROR] LogOutputStream:75 - [STDERR_REDIRECT] [Fatal Error] :1:1: Premature end of file.
2026-05-04 12:42:07,399 [ERROR] LogOutputStream:75 - [STDERR_REDIRECT] 
2026-05-04 12:42:08,402 [ERROR] LogOutputStream:75 - [STDERR_REDIRECT] [Fatal Error] :1:1: Premature end of file.
2026-05-04 12:42:08,402 [ERROR] LogOutputStream:75 - [STDERR_REDIRECT] 
2026-05-04 12:42:09,404 [ERROR] LogOutputStream:75 - [STDERR_REDIRECT] [Fatal Error] :1:1: Premature end of file.
2026-05-04 12:42:09,404 [ERROR] LogOutputStream:75 - [STDERR_REDIRECT] 
2026-05-04 12:42:10,420 [ERROR] LogOutputStream:75 - [STDERR_REDIRECT] [Fatal Error] :1:1: Premature end of file.
2026-05-04 12:42:10,420 [ERROR] LogOutputStream:75 - [STDERR_REDIRECT] 
2026-05-04 12:42:11,408 [ERROR] LogOutputStream:75 - [STDERR_REDIRECT] [Fatal Error] :1:1: Premature end of file.
2026-05-04 12:42:11,408 [ERROR] LogOutputStream:75 - [STDERR_REDIRECT] 
2026-05-04 12:42:12,405 [ERROR] LogOutputStream:75 - [STDERR_REDIRECT] [Fatal Error] :1:1: Premature end of file.
2026-05-04 12:42:12,405 [ERROR] LogOutputStream:75 - [STDERR_REDIRECT] 
2026-05-04 12:42:13,404 [ERROR] LogOutputStream:75 - [STDERR_REDIRECT] [Fatal Error] :1:1: Premature end of file.
2026-05-04 12:42:13,405 [ERROR] LogOutputStream:75 - [STDERR_REDIRECT] 
2026-05-04 12:42:14,398 [ERROR] LogOutputStream:75 - [STDERR_REDIRECT] [Fatal Error] :1:1: Premature end of file.
2026-05-04 12:42:14,399 [ERROR] LogOutputStream:75 - [STDERR_REDIRECT] 
2026-05-04 12:42:15,401 [ERROR] LogOutputStream:75 - [STDERR_REDIRECT] [Fatal Error] :1:1: Premature end of file.
2026-05-04 12:42:15,401 [ERROR] LogOutputStream:75 - [STDERR_REDIRECT] 
2026-05-04 12:42:16,402 [ERROR] LogOutputStream:75 - [STDERR_REDIRECT] [Fatal Error] :1:1: Premature end of file.
2026-05-04 12:42:16,402 [ERROR] LogOutputStream:75 - [STDERR_REDIRECT] 
2026-05-04 12:42:17,405 [ERROR] LogOutputStream:75 - [STDERR_REDIRECT] [Fatal Error] :1:1: Premature end of file.
2026-05-04 12:42:17,405 [ERROR] LogOutputStream:75 - [STDERR_REDIRECT] 
2026-05-04 12:42:18,403 [ERROR] LogOutputStream:75 - [STDERR_REDIRECT] [Fatal Error] :1:1: Premature end of file.
2026-05-04 12:42:18,403 [ERROR] LogOutputStream:75 - [STDERR_REDIRECT] 
2026-05-04 12:42:19,401 [ERROR] LogOutputStream:75 - [STDERR_REDIRECT] [Fatal Error] :1:1: Premature end of file.
2026-05-04 12:42:19,402 [ERROR] LogOutputStream:75 - [STDERR_REDIRECT] 
2026-05-04 12:42:20,398 [ERROR] LogOutputStream:75 - [STDERR_REDIRECT] [Fatal Error] :1:1: Premature end of file.
2026-05-04 12:42:20,398 [ERROR] LogOutputStream:75 - [STDERR_REDIRECT] 
2026-05-04 12:42:21,405 [ERROR] LogOutputStream:75 - [STDERR_REDIRECT] [Fatal Error] :1:1: Premature end of file.
2026-05-04 12:42:21,406 [ERROR] LogOutputStream:75 - [STDERR_REDIRECT] 
2026-05-04 12:42:22,399 [ERROR] LogOutputStream:75 - [STDERR_REDIRECT] [Fatal Error] :1:1: Premature end of file.
2026-05-04 12:42:22,399 [ERROR] LogOutputStream:75 - [STDERR_REDIRECT] 
2026-05-04 12:42:23,404 [ERROR] LogOutputStream:75 - [STDERR_REDIRECT] [Fatal Error] :1:1: Premature end of file.
2026-05-04 12:42:23,404 [ERROR] LogOutputStream:75 - [STDERR_REDIRECT] 
2026-05-04 12:42:24,406 [ERROR] LogOutputStream:75 - [STDERR_REDIRECT] [Fatal Error] :1:1: Premature end of file.
2026-05-04 12:42:24,406 [ERROR] LogOutputStream:75 - [STDERR_REDIRECT] 
2026-05-04 12:42:25,462 [ERROR] LogOutputStream:75 - [STDERR_REDIRECT] [Fatal Error] :1:1: Premature end of file.
2026-05-04 12:42:25,463 [ERROR] LogOutputStream:75 - [STDERR_REDIRECT] 
2026-05-04 12:42:26,408 [ERROR] LogOutputStream:75 - [STDERR_REDIRECT] [Fatal Error] :1:1: Premature end of file.
2026-05-04 12:42:26,408 [ERROR] LogOutputStream:75 - [STDERR_REDIRECT] 
2026-05-04 12:42:27,415 [ERROR] LogOutputStream:75 - [STDERR_REDIRECT] [Fatal Error] :1:1: Premature end of file.
2026-05-04 12:42:27,415 [ERROR] LogOutputStream:75 - [STDERR_REDIRECT] 
2026-05-04 12:42:28,537 [ERROR] LogOutputStream:75 - [STDERR_REDIRECT] [Fatal Error] :1:1: Premature end of file.
2026-05-04 12:42:28,537 [ERROR] LogOutputStream:75 - [STDERR_REDIRECT] 
2026-05-04 12:42:29,632 [ERROR] LogOutputStream:75 - [STDERR_REDIRECT] [Fatal Error] :1:1: Premature end of file.
2026-05-04 12:42:29,632 [ERROR] LogOutputStream:75 - [STDERR_REDIRECT] 
2026-05-04 12:42:30,445 [ERROR] LogOutputStream:75 - [STDERR_REDIRECT] [Fatal Error] :1:1: Premature end of file.
2026-05-04 12:42:30,445 [ERROR] LogOutputStream:75 - [STDERR_REDIRECT] 
2026-05-04 12:42:31,455 [ERROR] LogOutputStream:75 - [STDERR_REDIRECT] [Fatal Error] :1:1: Premature end of file.
2026-05-04 12:42:31,455 [ERROR] LogOutputStream:75 - [STDERR_REDIRECT] 
2026-05-04 12:42:32,422 [ERROR] LogOutputStream:75 - [STDERR_REDIRECT] [Fatal Error] :1:1: Premature end of file.
2026-05-04 12:42:32,422 [ERROR] LogOutputStream:75 - [STDERR_REDIRECT] 
2026-05-04 12:42:33,425 [ERROR] LogOutputStream:75 - [STDERR_REDIRECT] [Fatal Error] :1:1: Premature end of file.
2026-05-04 12:42:33,425 [ERROR] LogOutputStream:75 - [STDERR_REDIRECT] 
2026-05-04 12:42:34,420 [ERROR] LogOutputStream:75 - [STDERR_REDIRECT] [Fatal Error] :1:1: Premature end of file.
2026-05-04 12:42:34,421 [ERROR] LogOutputStream:75 - [STDERR_REDIRECT] 
2026-05-04 12:42:35,422 [ERROR] LogOutputStream:75 - [STDERR_REDIRECT] [Fatal Error] :1:1: Premature end of file.
2026-05-04 12:42:35,422 [ERROR] LogOutputStream:75 - [STDERR_REDIRECT] 
2026-05-04 12:42:36,401 [ERROR] LogOutputStream:75 - [STDERR_REDIRECT] [Fatal Error] :1:1: Premature end of file.
2026-05-04 12:42:36,401 [ERROR] LogOutputStream:75 - [STDERR_REDIRECT] 
2026-05-04 12:42:37,419 [ERROR] LogOutputStream:75 - [STDERR_REDIRECT] [Fatal Error] :1:1: Premature end of file.
2026-05-04 12:42:37,419 [ERROR] LogOutputStream:75 - [STDERR_REDIRECT] 
2026-05-04 12:42:38,408 [ERROR] LogOutputStream:75 - [STDERR_REDIRECT] [Fatal Error] :1:1: Premature end of file.
2026-05-04 12:42:38,410 [ERROR] LogOutputStream:75 - [STDERR_REDIRECT] 
2026-05-04 12:42:39,408 [ERROR] LogOutputStream:75 - [STDERR_REDIRECT] [Fatal Error] :1:1: Premature end of file.
2026-05-04 12:42:39,408 [ERROR] LogOutputStream:75 - [STDERR_REDIRECT] 
2026-05-04 12:42:40,408 [ERROR] LogOutputStream:75 - [STDERR_REDIRECT] [Fatal Error] :1:1: Premature end of file.
2026-05-04 12:42:40,408 [ERROR] LogOutputStream:75 - [STDERR_REDIRECT] 
2026-05-04 12:42:41,442 [ERROR] LogOutputStream:75 - [STDERR_REDIRECT] [Fatal Error] :1:1: Premature end of file.
2026-05-04 12:42:41,443 [ERROR] LogOutputStream:75 - [STDERR_REDIRECT] 
2026-05-04 12:42:42,451 [ERROR] LogOutputStream:75 - [STDERR_REDIRECT] [Fatal Error] :1:1: Premature end of file.
2026-05-04 12:42:42,451 [ERROR] LogOutputStream:75 - [STDERR_REDIRECT] 
2026-05-04 12:42:43,436 [ERROR] LogOutputStream:75 - [STDERR_REDIRECT] [Fatal Error] :1:1: Premature end of file.
2026-05-04 12:42:43,436 [ERROR] LogOutputStream:75 - [STDERR_REDIRECT] 
2026-05-04 12:42:44,416 [ERROR] LogOutputStream:75 - [STDERR_REDIRECT] [Fatal Error] :1:1: Premature end of file.
2026-05-04 12:42:44,416 [ERROR] LogOutputStream:75 - [STDERR_REDIRECT] 
2026-05-04 12:42:45,413 [ERROR] LogOutputStream:75 - [STDERR_REDIRECT] [Fatal Error] :1:1: Premature end of file.
2026-05-04 12:42:45,415 [ERROR] LogOutputStream:75 - [STDERR_REDIRECT] 
2026-05-04 12:42:46,398 [ERROR] LogOutputStream:75 - [STDERR_REDIRECT] [Fatal Error] :1:1: Premature end of file.
2026-05-04 12:42:46,398 [ERROR] LogOutputStream:75 - [STDERR_REDIRECT] 
2026-05-04 12:42:47,410 [ERROR] LogOutputStream:75 - [STDERR_REDIRECT] [Fatal Error] :1:1: Premature end of file.
2026-05-04 12:42:47,410 [ERROR] LogOutputStream:75 - [STDERR_REDIRECT] 
2026-05-04 12:42:48,410 [ERROR] LogOutputStream:75 - [STDERR_REDIRECT] [Fatal Error] :1:1: Premature end of file.
2026-05-04 12:42:48,410 [ERROR] LogOutputStream:75 - [STDERR_REDIRECT] 
2026-05-04 12:42:49,424 [ERROR] LogOutputStream:75 - [STDERR_REDIRECT] [Fatal Error] :1:1: Premature end of file.
2026-05-04 12:42:49,425 [ERROR] LogOutputStream:75 - [STDERR_REDIRECT] 
2026-05-04 12:42:50,424 [ERROR] LogOutputStream:75 - [STDERR_REDIRECT] [Fatal Error] :1:1: Premature end of file.
2026-05-04 12:42:50,426 [ERROR] LogOutputStream:75 - [STDERR_REDIRECT] 
2026-05-04 12:42:51,445 [ERROR] LogOutputStream:75 - [STDERR_REDIRECT] [Fatal Error] :1:1: Premature end of file.
2026-05-04 12:42:51,445 [ERROR] LogOutputStream:75 - [STDERR_REDIRECT] 
2026-05-04 12:42:52,411 [ERROR] LogOutputStream:75 - [STDERR_REDIRECT] [Fatal Error] :1:1: Premature end of file.
2026-05-04 12:42:52,411 [ERROR] LogOutputStream:75 - [STDERR_REDIRECT] 
2026-05-04 12:42:53,415 [ERROR] LogOutputStream:75 - [STDERR_REDIRECT] [Fatal Error] :1:1: Premature end of file.
2026-05-04 12:42:53,415 [ERROR] LogOutputStream:75 - [STDERR_REDIRECT] 
2026-05-04 12:42:54,410 [ERROR] LogOutputStream:75 - [STDERR_REDIRECT] [Fatal Error] :1:1: Premature end of file.
2026-05-04 12:42:54,410 [ERROR] LogOutputStream:75 - [STDERR_REDIRECT] 
2026-05-04 12:42:55,417 [ERROR] LogOutputStream:75 - [STDERR_REDIRECT] [Fatal Error] :1:1: Premature end of file.
2026-05-04 12:42:55,417 [ERROR] LogOutputStream:75 - [STDERR_REDIRECT] 
2026-05-04 12:42:56,409 [ERROR] LogOutputStream:75 - [STDERR_REDIRECT] [Fatal Error] :1:1: Premature end of file.
2026-05-04 12:42:56,409 [ERROR] LogOutputStream:75 - [STDERR_REDIRECT] 
2026-05-04 12:42:57,396 [ERROR] LogOutputStream:75 - [STDERR_REDIRECT] [Fatal Error] :1:1: Premature end of file.
2026-05-04 12:42:57,396 [ERROR] LogOutputStream:75 - [STDERR_REDIRECT] 
2026-05-04 12:42:58,414 [ERROR] LogOutputStream:75 - [STDERR_REDIRECT] [Fatal Error] :1:1: Premature end of file.
2026-05-04 12:42:58,415 [ERROR] LogOutputStream:75 - [STDERR_REDIRECT] 
2026-05-04 12:42:59,445 [ERROR] LogOutputStream:75 - [STDERR_REDIRECT] [Fatal Error] :1:1: Premature end of file.
2026-05-04 12:42:59,445 [ERROR] LogOutputStream:75 - [STDERR_REDIRECT] 
2026-05-04 12:43:00,400 [ERROR] LogOutputStream:75 - [STDERR_REDIRECT] [Fatal Error] :1:1: Premature end of file.
2026-05-04 12:43:00,401 [ERROR] LogOutputStream:75 - [STDERR_REDIRECT] 
2026-05-04 12:43:01,401 [ERROR] LogOutputStream:75 - [STDERR_REDIRECT] [Fatal Error] :1:1: Premature end of file.
2026-05-04 12:43:01,401 [ERROR] LogOutputStream:75 - [STDERR_REDIRECT] 
2026-05-04 12:43:02,393 [ERROR] LogOutputStream:75 - [STDERR_REDIRECT] [Fatal Error] :1:1: Premature end of file.
2026-05-04 12:43:02,394 [ERROR] LogOutputStream:75 - [STDERR_REDIRECT] 
2026-05-04 12:43:03,402 [ERROR] LogOutputStream:75 - [STDERR_REDIRECT] [Fatal Error] :1:1: Premature end of file.
2026-05-04 12:43:03,403 [ERROR] LogOutputStream:75 - [STDERR_REDIRECT] 
2026-05-04 12:43:04,398 [ERROR] LogOutputStream:75 - [STDERR_REDIRECT] [Fatal Error] :1:1: Premature end of file.
2026-05-04 12:43:04,398 [ERROR] LogOutputStream:75 - [STDERR_REDIRECT] 
2026-05-04 12:43:05,397 [ERROR] LogOutputStream:75 - [STDERR_REDIRECT] [Fatal Error] :1:1: Premature end of file.
2026-05-04 12:43:05,397 [ERROR] LogOutputStream:75 - [STDERR_REDIRECT] 
2026-05-04 12:43:06,400 [ERROR] LogOutputStream:75 - [STDERR_REDIRECT] [Fatal Error] :1:1: Premature end of file.
2026-05-04 12:43:06,400 [ERROR] LogOutputStream:75 - [STDERR_REDIRECT] 
2026-05-04 12:43:07,399 [ERROR] LogOutputStream:75 - [STDERR_REDIRECT] [Fatal Error] :1:1: Premature end of file.
2026-05-04 12:43:07,399 [ERROR] LogOutputStream:75 - [STDERR_REDIRECT] 
2026-05-04 12:43:08,401 [ERROR] LogOutputStream:75 - [STDERR_REDIRECT] [Fatal Error] :1:1: Premature end of file.
2026-05-04 12:43:08,402 [ERROR] LogOutputStream:75 - [STDERR_REDIRECT] 
2026-05-04 12:43:09,399 [ERROR] LogOutputStream:75 - [STDERR_REDIRECT] [Fatal Error] :1:1: Premature end of file.
2026-05-04 12:43:09,399 [ERROR] LogOutputStream:75 - [STDERR_REDIRECT] 
2026-05-04 12:43:10,393 [ERROR] LogOutputStream:75 - [STDERR_REDIRECT] [Fatal Error] :1:1: Premature end of file.
2026-05-04 12:43:10,393 [ERROR] LogOutputStream:75 - [STDERR_REDIRECT] 
2026-05-04 12:43:11,401 [ERROR] LogOutputStream:75 - [STDERR_REDIRECT] [Fatal Error] :1:1: Premature end of file.
2026-05-04 12:43:11,401 [ERROR] LogOutputStream:75 - [STDERR_REDIRECT] 
2026-05-04 12:43:12,398 [ERROR] LogOutputStream:75 - [STDERR_REDIRECT] [Fatal Error] :1:1: Premature end of file.
2026-05-04 12:43:12,398 [ERROR] LogOutputStream:75 - [STDERR_REDIRECT] 
2026-05-04 12:43:13,402 [ERROR] LogOutputStream:75 - [STDERR_REDIRECT] [Fatal Error] :1:1: Premature end of file.
2026-05-04 12:43:13,402 [ERROR] LogOutputStream:75 - [STDERR_REDIRECT] 
2026-05-04 12:43:14,397 [ERROR] LogOutputStream:75 - [STDERR_REDIRECT] [Fatal Error] :1:1: Premature end of file.
2026-05-04 12:43:14,397 [ERROR] LogOutputStream:75 - [STDERR_REDIRECT] 
2026-05-04 12:43:15,409 [ERROR] LogOutputStream:75 - [STDERR_REDIRECT] [Fatal Error] :1:1: Premature end of file.
2026-05-04 12:43:15,409 [ERROR] LogOutputStream:75 - [STDERR_REDIRECT] 
2026-05-04 12:43:16,402 [ERROR] LogOutputStream:75 - [STDERR_REDIRECT] [Fatal Error] :1:1: Premature end of file.
2026-05-04 12:43:16,403 [ERROR] LogOutputStream:75 - [STDERR_REDIRECT] 
2026-05-04 12:43:17,399 [ERROR] LogOutputStream:75 - [STDERR_REDIRECT] [Fatal Error] :1:1: Premature end of file.
2026-05-04 12:43:17,399 [ERROR] LogOutputStream:75 - [STDERR_REDIRECT] 
2026-05-04 12:43:18,401 [ERROR] LogOutputStream:75 - [STDERR_REDIRECT] [Fatal Error] :1:1: Premature end of file.
2026-05-04 12:43:18,401 [ERROR] LogOutputStream:75 - [STDERR_REDIRECT] 
2026-05-04 12:43:19,394 [ERROR] LogOutputStream:75 - [STDERR_REDIRECT] [Fatal Error] :1:1: Premature end of file.
2026-05-04 12:43:19,394 [ERROR] LogOutputStream:75 - [STDERR_REDIRECT] 
2026-05-04 12:43:20,403 [ERROR] LogOutputStream:75 - [STDERR_REDIRECT] [Fatal Error] :1:1: Premature end of file.
2026-05-04 12:43:20,403 [ERROR] LogOutputStream:75 - [STDERR_REDIRECT] 
2026-05-04 12:43:21,401 [ERROR] LogOutputStream:75 - [STDERR_REDIRECT] [Fatal Error] :1:1: Premature end of file.
2026-05-04 12:43:21,401 [ERROR] LogOutputStream:75 - [STDERR_REDIRECT] 
2026-05-04 12:43:22,394 [ERROR] LogOutputStream:75 - [STDERR_REDIRECT] [Fatal Error] :1:1: Premature end of file.
2026-05-04 12:43:22,394 [ERROR] LogOutputStream:75 - [STDERR_REDIRECT] 
2026-05-04 12:43:23,403 [ERROR] LogOutputStream:75 - [STDERR_REDIRECT] [Fatal Error] :1:1: Premature end of file.
2026-05-04 12:43:23,403 [ERROR] LogOutputStream:75 - [STDERR_REDIRECT] 
2026-05-04 12:43:24,394 [ERROR] LogOutputStream:75 - [STDERR_REDIRECT] [Fatal Error] :1:1: Premature end of file.
2026-05-04 12:43:24,394 [ERROR] LogOutputStream:75 - [STDERR_REDIRECT] 
2026-05-04 12:43:25,396 [ERROR] LogOutputStream:75 - [STDERR_REDIRECT] [Fatal Error] :1:1: Premature end of file.
2026-05-04 12:43:25,396 [ERROR] LogOutputStream:75 - [STDERR_REDIRECT] 
2026-05-04 12:43:26,399 [ERROR] LogOutputStream:75 - [STDERR_REDIRECT] [Fatal Error] :1:1: Premature end of file.
2026-05-04 12:43:26,400 [ERROR] LogOutputStream:75 - [STDERR_REDIRECT] 
2026-05-04 12:43:27,394 [ERROR] LogOutputStream:75 - [STDERR_REDIRECT] [Fatal Error] :1:1: Premature end of file.
2026-05-04 12:43:27,394 [ERROR] LogOutputStream:75 - [STDERR_REDIRECT] 
2026-05-04 12:43:28,407 [ERROR] LogOutputStream:75 - [STDERR_REDIRECT] [Fatal Error] :1:1: Premature end of file.
2026-05-04 12:43:28,407 [ERROR] LogOutputStream:75 - [STDERR_REDIRECT] 
2026-05-04 12:43:29,396 [ERROR] LogOutputStream:75 - [STDERR_REDIRECT] [Fatal Error] :1:1: Premature end of file.
2026-05-04 12:43:29,396 [ERROR] LogOutputStream:75 - [STDERR_REDIRECT] 
2026-05-04 12:43:30,401 [ERROR] LogOutputStream:75 - [STDERR_REDIRECT] [Fatal Error] :1:1: Premature end of file.
2026-05-04 12:43:30,403 [ERROR] LogOutputStream:75 - [STDERR_REDIRECT] 
2026-05-04 12:43:31,413 [ERROR] LogOutputStream:75 - [STDERR_REDIRECT] [Fatal Error] :1:1: Premature end of file.
2026-05-04 12:43:31,413 [ERROR] LogOutputStream:75 - [STDERR_REDIRECT] 
2026-05-04 12:43:32,411 [ERROR] LogOutputStream:75 - [STDERR_REDIRECT] [Fatal Error] :1:1: Premature end of file.
2026-05-04 12:43:32,411 [ERROR] LogOutputStream:75 - [STDERR_REDIRECT] 
2026-05-04 12:43:33,400 [ERROR] LogOutputStream:75 - [STDERR_REDIRECT] [Fatal Error] :1:1: Premature end of file.
2026-05-04 12:43:33,400 [ERROR] LogOutputStream:75 - [STDERR_REDIRECT] 
2026-05-04 12:43:34,425 [ERROR] LogOutputStream:75 - [STDERR_REDIRECT] [Fatal Error] :1:1: Premature end of file.
2026-05-04 12:43:34,425 [ERROR] LogOutputStream:75 - [STDERR_REDIRECT] 
2026-05-04 12:43:35,406 [ERROR] LogOutputStream:75 - [STDERR_REDIRECT] [Fatal Error] :1:1: Premature end of file.
2026-05-04 12:43:35,406 [ERROR] LogOutputStream:75 - [STDERR_REDIRECT] 
2026-05-04 12:43:36,414 [ERROR] LogOutputStream:75 - [STDERR_REDIRECT] [Fatal Error] :1:1: Premature end of file.
2026-05-04 12:43:36,414 [ERROR] LogOutputStream:75 - [STDERR_REDIRECT] 
2026-05-04 12:43:37,402 [ERROR] LogOutputStream:75 - [STDERR_REDIRECT] [Fatal Error] :1:1: Premature end of file.
2026-05-04 12:43:37,403 [ERROR] LogOutputStream:75 - [STDERR_REDIRECT] 
2026-05-04 12:43:38,412 [ERROR] LogOutputStream:75 - [STDERR_REDIRECT] [Fatal Error] :1:1: Premature end of file.
2026-05-04 12:43:38,414 [ERROR] LogOutputStream:75 - [STDERR_REDIRECT] 
2026-05-04 12:43:39,409 [ERROR] LogOutputStream:75 - [STDERR_REDIRECT] [Fatal Error] :1:1: Premature end of file.
2026-05-04 12:43:39,409 [ERROR] LogOutputStream:75 - [STDERR_REDIRECT] 
2026-05-04 12:43:40,411 [ERROR] LogOutputStream:75 - [STDERR_REDIRECT] [Fatal Error] :1:1: Premature end of file.
2026-05-04 12:43:40,412 [ERROR] LogOutputStream:75 - [STDERR_REDIRECT] 
2026-05-04 12:43:41,414 [ERROR] LogOutputStream:75 - [STDERR_REDIRECT] [Fatal Error] :1:1: Premature end of file.
2026-05-04 12:43:41,414 [ERROR] LogOutputStream:75 - [STDERR_REDIRECT] 
2026-05-04 12:43:42,415 [ERROR] LogOutputStream:75 - [STDERR_REDIRECT] [Fatal Error] :1:1: Premature end of file.
2026-05-04 12:43:42,416 [ERROR] LogOutputStream:75 - [STDERR_REDIRECT] 
2026-05-04 12:43:43,419 [ERROR] LogOutputStream:75 - [STDERR_REDIRECT] [Fatal Error] :1:1: Premature end of file.
2026-05-04 12:43:43,421 [ERROR] LogOutputStream:75 - [STDERR_REDIRECT] 
2026-05-04 12:43:44,411 [ERROR] LogOutputStream:75 - [STDERR_REDIRECT] [Fatal Error] :1:1: Premature end of file.
2026-05-04 12:43:44,411 [ERROR] LogOutputStream:75 - [STDERR_REDIRECT] 
2026-05-04 12:43:45,423 [ERROR] LogOutputStream:75 - [STDERR_REDIRECT] [Fatal Error] :1:1: Premature end of file.
2026-05-04 12:43:45,423 [ERROR] LogOutputStream:75 - [STDERR_REDIRECT] 
2026-05-04 12:43:46,410 [ERROR] LogOutputStream:75 - [STDERR_REDIRECT] [Fatal Error] :1:1: Premature end of file.
2026-05-04 12:43:46,411 [ERROR] LogOutputStream:75 - [STDERR_REDIRECT] 
2026-05-04 12:43:47,402 [ERROR] LogOutputStream:75 - [STDERR_REDIRECT] [Fatal Error] :1:1: Premature end of file.
2026-05-04 12:43:47,402 [ERROR] LogOutputStream:75 - [STDERR_REDIRECT] 
2026-05-04 12:43:48,405 [ERROR] LogOutputStream:75 - [STDERR_REDIRECT] [Fatal Error] :1:1: Premature end of file.
2026-05-04 12:43:48,405 [ERROR] LogOutputStream:75 - [STDERR_REDIRECT] 
2026-05-04 12:43:49,417 [ERROR] LogOutputStream:75 - [STDERR_REDIRECT] [Fatal Error] :1:1: Premature end of file.
2026-05-04 12:43:49,419 [ERROR] LogOutputStream:75 - [STDERR_REDIRECT] 
2026-05-04 12:43:50,416 [ERROR] LogOutputStream:75 - [STDERR_REDIRECT] [Fatal Error] :1:1: Premature end of file.
2026-05-04 12:43:50,419 [ERROR] LogOutputStream:75 - [STDERR_REDIRECT] 
2026-05-04 12:43:51,514 [ERROR] LogOutputStream:75 - [STDERR_REDIRECT] [Fatal Error] :1:1: Premature end of file.
2026-05-04 12:43:51,514 [ERROR] LogOutputStream:75 - [STDERR_REDIRECT] 
2026-05-04 12:43:52,423 [ERROR] LogOutputStream:75 - [STDERR_REDIRECT] [Fatal Error] :1:1: Premature end of file.
2026-05-04 12:43:52,424 [ERROR] LogOutputStream:75 - [STDERR_REDIRECT] 
2026-05-04 12:43:53,432 [ERROR] LogOutputStream:75 - [STDERR_REDIRECT] [Fatal Error] :1:1: Premature end of file.
2026-05-04 12:43:53,433 [ERROR] LogOutputStream:75 - [STDERR_REDIRECT] 
2026-05-04 12:43:54,490 [ERROR] LogOutputStream:75 - [STDERR_REDIRECT] [Fatal Error] :1:1: Premature end of file.
2026-05-04 12:43:54,490 [ERROR] LogOutputStream:75 - [STDERR_REDIRECT] 
2026-05-04 12:43:55,418 [ERROR] LogOutputStream:75 - [STDERR_REDIRECT] [Fatal Error] :1:1: Premature end of file.
2026-05-04 12:43:55,418 [ERROR] LogOutputStream:75 - [STDERR_REDIRECT] 
2026-05-04 12:43:56,463 [ERROR] LogOutputStream:75 - [STDERR_REDIRECT] [Fatal Error] :1:1: Premature end of file.
2026-05-04 12:43:56,467 [ERROR] LogOutputStream:75 - [STDERR_REDIRECT] 
2026-05-04 12:43:57,422 [ERROR] LogOutputStream:75 - [STDERR_REDIRECT] [Fatal Error] :1:1: Premature end of file.
2026-05-04 12:43:57,424 [ERROR] LogOutputStream:75 - [STDERR_REDIRECT] 
2026-05-04 12:43:58,430 [ERROR] LogOutputStream:75 - [STDERR_REDIRECT] [Fatal Error] :1:1: Premature end of file.
2026-05-04 12:43:58,430 [ERROR] LogOutputStream:75 - [STDERR_REDIRECT] 
2026-05-04 12:43:59,420 [ERROR] LogOutputStream:75 - [STDERR_REDIRECT] [Fatal Error] :1:1: Premature end of file.
2026-05-04 12:43:59,420 [ERROR] LogOutputStream:75 - [STDERR_REDIRECT] 
2026-05-04 12:44:00,419 [ERROR] LogOutputStream:75 - [STDERR_REDIRECT] [Fatal Error] :1:1: Premature end of file.
2026-05-04 12:44:00,420 [ERROR] LogOutputStream:75 - [STDERR_REDIRECT] 
2026-05-04 12:44:01,418 [ERROR] LogOutputStream:75 - [STDERR_REDIRECT] [Fatal Error] :1:1: Premature end of file.
2026-05-04 12:44:01,418 [ERROR] LogOutputStream:75 - [STDERR_REDIRECT] 
2026-05-04 12:44:02,428 [ERROR] LogOutputStream:75 - [STDERR_REDIRECT] [Fatal Error] :1:1: Premature end of file.
2026-05-04 12:44:02,428 [ERROR] LogOutputStream:75 - [STDERR_REDIRECT] 
2026-05-04 12:44:03,608 [ERROR] LogOutputStream:75 - [STDERR_REDIRECT] [Fatal Error] :1:1: Premature end of file.
2026-05-04 12:44:03,609 [ERROR] LogOutputStream:75 - [STDERR_REDIRECT] 
2026-05-04 12:44:04,448 [ERROR] LogOutputStream:75 - [STDERR_REDIRECT] [Fatal Error] :1:1: Premature end of file.
2026-05-04 12:44:04,450 [ERROR] LogOutputStream:75 - [STDERR_REDIRECT] 
2026-05-04 12:44:05,432 [ERROR] LogOutputStream:75 - [STDERR_REDIRECT] [Fatal Error] :1:1: Premature end of file.
2026-05-04 12:44:05,432 [ERROR] LogOutputStream:75 - [STDERR_REDIRECT] 
2026-05-04 12:44:06,414 [ERROR] LogOutputStream:75 - [STDERR_REDIRECT] [Fatal Error] :1:1: Premature end of file.
2026-05-04 12:44:06,414 [ERROR] LogOutputStream:75 - [STDERR_REDIRECT] 
2026-05-04 12:44:07,425 [ERROR] LogOutputStream:75 - [STDERR_REDIRECT] [Fatal Error] :1:1: Premature end of file.
2026-05-04 12:44:07,427 [ERROR] LogOutputStream:75 - [STDERR_REDIRECT] 
2026-05-04 12:44:08,437 [ERROR] LogOutputStream:75 - [STDERR_REDIRECT] [Fatal Error] :1:1: Premature end of file.
2026-05-04 12:44:08,439 [ERROR] LogOutputStream:75 - [STDERR_REDIRECT] 
2026-05-04 12:44:09,418 [ERROR] LogOutputStream:75 - [STDERR_REDIRECT] [Fatal Error] :1:1: Premature end of file.
2026-05-04 12:44:09,418 [ERROR] LogOutputStream:75 - [STDERR_REDIRECT] 
2026-05-04 12:44:10,409 [ERROR] LogOutputStream:75 - [STDERR_REDIRECT] [Fatal Error] :1:1: Premature end of file.
2026-05-04 12:44:10,409 [ERROR] LogOutputStream:75 - [STDERR_REDIRECT] 
2026-05-04 12:44:11,410 [ERROR] LogOutputStream:75 - [STDERR_REDIRECT] [Fatal Error] :1:1: Premature end of file.
2026-05-04 12:44:11,410 [ERROR] LogOutputStream:75 - [STDERR_REDIRECT] 
2026-05-04 12:44:12,415 [ERROR] LogOutputStream:75 - [STDERR_REDIRECT] [Fatal Error] :1:1: Premature end of file.
2026-05-04 12:44:12,415 [ERROR] LogOutputStream:75 - [STDERR_REDIRECT] 
2026-05-04 12:44:13,411 [ERROR] LogOutputStream:75 - [STDERR_REDIRECT] [Fatal Error] :1:1: Premature end of file.
2026-05-04 12:44:13,411 [ERROR] LogOutputStream:75 - [STDERR_REDIRECT] 
2026-05-04 12:44:14,412 [ERROR] LogOutputStream:75 - [STDERR_REDIRECT] [Fatal Error] :1:1: Premature end of file.
2026-05-04 12:44:14,414 [ERROR] LogOutputStream:75 - [STDERR_REDIRECT] 
2026-05-04 12:44:15,444 [ERROR] LogOutputStream:75 - [STDERR_REDIRECT] [Fatal Error] :1:1: Premature end of file.
2026-05-04 12:44:15,446 [ERROR] LogOutputStream:75 - [STDERR_REDIRECT] 
2026-05-04 12:44:16,409 [ERROR] LogOutputStream:75 - [STDERR_REDIRECT] [Fatal Error] :1:1: Premature end of file.
2026-05-04 12:44:16,409 [ERROR] LogOutputStream:75 - [STDERR_REDIRECT] 
2026-05-04 12:44:17,419 [ERROR] LogOutputStream:75 - [STDERR_REDIRECT] [Fatal Error] :1:1: Premature end of file.
2026-05-04 12:44:17,419 [ERROR] LogOutputStream:75 - [STDERR_REDIRECT] 
2026-05-04 12:44:18,410 [ERROR] LogOutputStream:75 - [STDERR_REDIRECT] [Fatal Error] :1:1: Premature end of file.
2026-05-04 12:44:18,410 [ERROR] LogOutputStream:75 - [STDERR_REDIRECT] 
2026-05-04 12:44:19,422 [ERROR] LogOutputStream:75 - [STDERR_REDIRECT] [Fatal Error] :1:1: Premature end of file.
2026-05-04 12:44:19,422 [ERROR] LogOutputStream:75 - [STDERR_REDIRECT] 
2026-05-04 12:44:20,423 [ERROR] LogOutputStream:75 - [STDERR_REDIRECT] [Fatal Error] :1:1: Premature end of file.
2026-05-04 12:44:20,425 [ERROR] LogOutputStream:75 - [STDERR_REDIRECT] 
2026-05-04 12:44:21,440 [ERROR] LogOutputStream:75 - [STDERR_REDIRECT] [Fatal Error] :1:1: Premature end of file.
2026-05-04 12:44:21,440 [ERROR] LogOutputStream:75 - [STDERR_REDIRECT] 
2026-05-04 12:44:22,419 [ERROR] LogOutputStream:75 - [STDERR_REDIRECT] [Fatal Error] :1:1: Premature end of file.
2026-05-04 12:44:22,419 [ERROR] LogOutputStream:75 - [STDERR_REDIRECT] 
2026-05-04 12:44:23,414 [ERROR] LogOutputStream:75 - [STDERR_REDIRECT] [Fatal Error] :1:1: Premature end of file.
2026-05-04 12:44:23,414 [ERROR] LogOutputStream:75 - [STDERR_REDIRECT] 
2026-05-04 12:44:24,421 [ERROR] LogOutputStream:75 - [STDERR_REDIRECT] [Fatal Error] :1:1: Premature end of file.
2026-05-04 12:44:24,422 [ERROR] LogOutputStream:75 - [STDERR_REDIRECT] 
2026-05-04 12:44:25,424 [ERROR] LogOutputStream:75 - [STDERR_REDIRECT] [Fatal Error] :1:1: Premature end of file.
2026-05-04 12:44:25,425 [ERROR] LogOutputStream:75 - [STDERR_REDIRECT] 
2026-05-04 12:44:26,402 [ERROR] LogOutputStream:75 - [STDERR_REDIRECT] [Fatal Error] :1:1: Premature end of file.
2026-05-04 12:44:26,402 [ERROR] LogOutputStream:75 - [STDERR_REDIRECT] 
2026-05-04 12:44:27,408 [ERROR] LogOutputStream:75 - [STDERR_REDIRECT] [Fatal Error] :1:1: Premature end of file.
2026-05-04 12:44:27,408 [ERROR] LogOutputStream:75 - [STDERR_REDIRECT] 
2026-05-04 12:44:28,404 [ERROR] LogOutputStream:75 - [STDERR_REDIRECT] [Fatal Error] :1:1: Premature end of file.
2026-05-04 12:44:28,404 [ERROR] LogOutputStream:75 - [STDERR_REDIRECT] 
2026-05-04 12:44:29,404 [ERROR] LogOutputStream:75 - [STDERR_REDIRECT] [Fatal Error] :1:1: Premature end of file.
2026-05-04 12:44:29,404 [ERROR] LogOutputStream:75 - [STDERR_REDIRECT] 
2026-05-04 12:44:30,405 [ERROR] LogOutputStream:75 - [STDERR_REDIRECT] [Fatal Error] :1:1: Premature end of file.
2026-05-04 12:44:30,406 [ERROR] LogOutputStream:75 - [STDERR_REDIRECT] 
2026-05-04 12:44:31,409 [ERROR] LogOutputStream:75 - [STDERR_REDIRECT] [Fatal Error] :1:1: Premature end of file.
2026-05-04 12:44:31,409 [ERROR] LogOutputStream:75 - [STDERR_REDIRECT] 
2026-05-04 12:44:32,401 [ERROR] LogOutputStream:75 - [STDERR_REDIRECT] [Fatal Error] :1:1: Premature end of file.
2026-05-04 12:44:32,401 [ERROR] LogOutputStream:75 - [STDERR_REDIRECT] 
2026-05-04 12:44:33,398 [ERROR] LogOutputStream:75 - [STDERR_REDIRECT] [Fatal Error] :1:1: Premature end of file.
2026-05-04 12:44:33,398 [ERROR] LogOutputStream:75 - [STDERR_REDIRECT] 
2026-05-04 12:44:34,404 [ERROR] LogOutputStream:75 - [STDERR_REDIRECT] [Fatal Error] :1:1: Premature end of file.
2026-05-04 12:44:34,404 [ERROR] LogOutputStream:75 - [STDERR_REDIRECT] 
2026-05-04 12:44:35,399 [ERROR] LogOutputStream:75 - [STDERR_REDIRECT] [Fatal Error] :1:1: Premature end of file.
2026-05-04 12:44:35,399 [ERROR] LogOutputStream:75 - [STDERR_REDIRECT] 
2026-05-04 12:44:36,403 [ERROR] LogOutputStream:75 - [STDERR_REDIRECT] [Fatal Error] :1:1: Premature end of file.
2026-05-04 12:44:36,404 [ERROR] LogOutputStream:75 - [STDERR_REDIRECT] 
2026-05-04 12:44:37,399 [ERROR] LogOutputStream:75 - [STDERR_REDIRECT] [Fatal Error] :1:1: Premature end of file.
2026-05-04 12:44:37,399 [ERROR] LogOutputStream:75 - [STDERR_REDIRECT] 
2026-05-04 12:44:38,416 [ERROR] LogOutputStream:75 - [STDERR_REDIRECT] [Fatal Error] :1:1: Premature end of file.
2026-05-04 12:44:38,417 [ERROR] LogOutputStream:75 - [STDERR_REDIRECT] 
2026-05-04 12:44:39,414 [ERROR] LogOutputStream:75 - [STDERR_REDIRECT] [Fatal Error] :1:1: Premature end of file.
2026-05-04 12:44:39,414 [ERROR] LogOutputStream:75 - [STDERR_REDIRECT] 
2026-05-04 12:44:40,401 [ERROR] LogOutputStream:75 - [STDERR_REDIRECT] [Fatal Error] :1:1: Premature end of file.
2026-05-04 12:44:40,401 [ERROR] LogOutputStream:75 - [STDERR_REDIRECT] 
2026-05-04 12:44:41,401 [ERROR] LogOutputStream:75 - [STDERR_REDIRECT] [Fatal Error] :1:1: Premature end of file.
2026-05-04 12:44:41,402 [ERROR] LogOutputStream:75 - [STDERR_REDIRECT] 
2026-05-04 12:44:42,415 [ERROR] LogOutputStream:75 - [STDERR_REDIRECT] [Fatal Error] :1:1: Premature end of file.
2026-05-04 12:44:42,415 [ERROR] LogOutputStream:75 - [STDERR_REDIRECT] 
2026-05-04 12:44:43,401 [ERROR] LogOutputStream:75 - [STDERR_REDIRECT] [Fatal Error] :1:1: Premature end of file.
2026-05-04 12:44:43,401 [ERROR] LogOutputStream:75 - [STDERR_REDIRECT] 
2026-05-04 12:44:44,401 [ERROR] LogOutputStream:75 - [STDERR_REDIRECT] [Fatal Error] :1:1: Premature end of file.
2026-05-04 12:44:44,401 [ERROR] LogOutputStream:75 - [STDERR_REDIRECT] 
2026-05-04 12:44:45,398 [ERROR] LogOutputStream:75 - [STDERR_REDIRECT] [Fatal Error] :1:1: Premature end of file.
2026-05-04 12:44:45,398 [ERROR] LogOutputStream:75 - [STDERR_REDIRECT] 
2026-05-04 12:44:46,398 [ERROR] LogOutputStream:75 - [STDERR_REDIRECT] [Fatal Error] :1:1: Premature end of file.
2026-05-04 12:44:46,399 [ERROR] LogOutputStream:75 - [STDERR_REDIRECT] 
2026-05-04 12:44:47,402 [ERROR] LogOutputStream:75 - [STDERR_REDIRECT] [Fatal Error] :1:1: Premature end of file.
2026-05-04 12:44:47,402 [ERROR] LogOutputStream:75 - [STDERR_REDIRECT] 
2026-05-04 12:44:48,402 [ERROR] LogOutputStream:75 - [STDERR_REDIRECT] [Fatal Error] :1:1: Premature end of file.
2026-05-04 12:44:48,402 [ERROR] LogOutputStream:75 - [STDERR_REDIRECT] 
2026-05-04 12:44:49,413 [ERROR] LogOutputStream:75 - [STDERR_REDIRECT] [Fatal Error] :1:1: Premature end of file.
2026-05-04 12:44:49,413 [ERROR] LogOutputStream:75 - [STDERR_REDIRECT] 
2026-05-04 12:44:50,420 [ERROR] LogOutputStream:75 - [STDERR_REDIRECT] [Fatal Error] :1:1: Premature end of file.
2026-05-04 12:44:50,420 [ERROR] LogOutputStream:75 - [STDERR_REDIRECT] 
2026-05-04 12:44:51,400 [ERROR] LogOutputStream:75 - [STDERR_REDIRECT] [Fatal Error] :1:1: Premature end of file.
2026-05-04 12:44:51,400 [ERROR] LogOutputStream:75 - [STDERR_REDIRECT] 
2026-05-04 12:44:52,414 [ERROR] LogOutputStream:75 - [STDERR_REDIRECT] [Fatal Error] :1:1: Premature end of file.
2026-05-04 12:44:52,414 [ERROR] LogOutputStream:75 - [STDERR_REDIRECT] 
2026-05-04 12:44:53,413 [ERROR] LogOutputStream:75 - [STDERR_REDIRECT] [Fatal Error] :1:1: Premature end of file.
2026-05-04 12:44:53,413 [ERROR] LogOutputStream:75 - [STDERR_REDIRECT] 
2026-05-04 12:44:54,400 [ERROR] LogOutputStream:75 - [STDERR_REDIRECT] [Fatal Error] :1:1: Premature end of file.
2026-05-04 12:44:54,400 [ERROR] LogOutputStream:75 - [STDERR_REDIRECT] 
2026-05-04 12:44:55,407 [ERROR] LogOutputStream:75 - [STDERR_REDIRECT] [Fatal Error] :1:1: Premature end of file.
2026-05-04 12:44:55,408 [ERROR] LogOutputStream:75 - [STDERR_REDIRECT] 
2026-05-04 12:44:56,411 [ERROR] LogOutputStream:75 - [STDERR_REDIRECT] [Fatal Error] :1:1: Premature end of file.
2026-05-04 12:44:56,411 [ERROR] LogOutputStream:75 - [STDERR_REDIRECT] 
2026-05-04 12:44:57,413 [ERROR] LogOutputStream:75 - [STDERR_REDIRECT] [Fatal Error] :1:1: Premature end of file.
2026-05-04 12:44:57,413 [ERROR] LogOutputStream:75 - [STDERR_REDIRECT] 
2026-05-04 12:44:58,396 [ERROR] LogOutputStream:75 - [STDERR_REDIRECT] [Fatal Error] :1:1: Premature end of file.
2026-05-04 12:44:58,396 [ERROR] LogOutputStream:75 - [STDERR_REDIRECT] 
2026-05-04 12:44:59,407 [ERROR] LogOutputStream:75 - [STDERR_REDIRECT] [Fatal Error] :1:1: Premature end of file.
2026-05-04 12:44:59,407 [ERROR] LogOutputStream:75 - [STDERR_REDIRECT] 
2026-05-04 12:45:00,424 [ERROR] LogOutputStream:75 - [STDERR_REDIRECT] [Fatal Error] :1:1: Premature end of file.
2026-05-04 12:45:00,424 [ERROR] LogOutputStream:75 - [STDERR_REDIRECT] 
2026-05-04 12:45:01,410 [ERROR] LogOutputStream:75 - [STDERR_REDIRECT] [Fatal Error] :1:1: Premature end of file.
2026-05-04 12:45:01,410 [ERROR] LogOutputStream:75 - [STDERR_REDIRECT] 
2026-05-04 12:45:02,413 [ERROR] LogOutputStream:75 - [STDERR_REDIRECT] [Fatal Error] :1:1: Premature end of file.
2026-05-04 12:45:02,414 [ERROR] LogOutputStream:75 - [STDERR_REDIRECT] 
2026-05-04 12:45:03,417 [ERROR] LogOutputStream:75 - [STDERR_REDIRECT] [Fatal Error] :1:1: Premature end of file.
2026-05-04 12:45:03,417 [ERROR] LogOutputStream:75 - [STDERR_REDIRECT] 
2026-05-04 12:45:04,398 [ERROR] LogOutputStream:75 - [STDERR_REDIRECT] [Fatal Error] :1:1: Premature end of file.
2026-05-04 12:45:04,402 [ERROR] LogOutputStream:75 - [STDERR_REDIRECT] 
2026-05-04 12:45:05,413 [ERROR] LogOutputStream:75 - [STDERR_REDIRECT] [Fatal Error] :1:1: Premature end of file.
2026-05-04 12:45:05,413 [ERROR] LogOutputStream:75 - [STDERR_REDIRECT] 
2026-05-04 12:45:06,396 [ERROR] LogOutputStream:75 - [STDERR_REDIRECT] [Fatal Error] :1:1: Premature end of file.
2026-05-04 12:45:06,398 [ERROR] LogOutputStream:75 - [STDERR_REDIRECT] 
2026-05-04 12:45:07,412 [ERROR] LogOutputStream:75 - [STDERR_REDIRECT] [Fatal Error] :1:1: Premature end of file.
2026-05-04 12:45:07,412 [ERROR] LogOutputStream:75 - [STDERR_REDIRECT] 
2026-05-04 12:45:08,412 [ERROR] LogOutputStream:75 - [STDERR_REDIRECT] [Fatal Error] :1:1: Premature end of file.
2026-05-04 12:45:08,414 [ERROR] LogOutputStream:75 - [STDERR_REDIRECT] 
2026-05-04 12:45:09,402 [ERROR] LogOutputStream:75 - [STDERR_REDIRECT] [Fatal Error] :1:1: Premature end of file.
2026-05-04 12:45:09,402 [ERROR] LogOutputStream:75 - [STDERR_REDIRECT] 
2026-05-04 12:45:10,400 [ERROR] LogOutputStream:75 - [STDERR_REDIRECT] [Fatal Error] :1:1: Premature end of file.
2026-05-04 12:45:10,403 [ERROR] LogOutputStream:75 - [STDERR_REDIRECT] 
2026-05-04 12:45:11,417 [ERROR] LogOutputStream:75 - [STDERR_REDIRECT] [Fatal Error] :1:1: Premature end of file.
2026-05-04 12:45:11,417 [ERROR] LogOutputStream:75 - [STDERR_REDIRECT] 
2026-05-04 12:45:12,406 [ERROR] LogOutputStream:75 - [STDERR_REDIRECT] [Fatal Error] :1:1: Premature end of file.
2026-05-04 12:45:12,406 [ERROR] LogOutputStream:75 - [STDERR_REDIRECT] 
2026-05-04 12:45:13,410 [ERROR] LogOutputStream:75 - [STDERR_REDIRECT] [Fatal Error] :1:1: Premature end of file.
2026-05-04 12:45:13,410 [ERROR] LogOutputStream:75 - [STDERR_REDIRECT] 
2026-05-04 12:45:14,405 [ERROR] LogOutputStream:75 - [STDERR_REDIRECT] [Fatal Error] :1:1: Premature end of file.
2026-05-04 12:45:14,407 [ERROR] LogOutputStream:75 - [STDERR_REDIRECT] 
2026-05-04 12:45:15,405 [ERROR] LogOutputStream:75 - [STDERR_REDIRECT] [Fatal Error] :1:1: Premature end of file.
2026-05-04 12:45:15,405 [ERROR] LogOutputStream:75 - [STDERR_REDIRECT] 
2026-05-04 12:45:16,413 [ERROR] LogOutputStream:75 - [STDERR_REDIRECT] [Fatal Error] :1:1: Premature end of file.
2026-05-04 12:45:16,414 [ERROR] LogOutputStream:75 - [STDERR_REDIRECT] 
2026-05-04 12:45:17,413 [ERROR] LogOutputStream:75 - [STDERR_REDIRECT] [Fatal Error] :1:1: Premature end of file.
2026-05-04 12:45:17,413 [ERROR] LogOutputStream:75 - [STDERR_REDIRECT] 
2026-05-04 12:45:18,395 [ERROR] LogOutputStream:75 - [STDERR_REDIRECT] [Fatal Error] :1:1: Premature end of file.
2026-05-04 12:45:18,395 [ERROR] LogOutputStream:75 - [STDERR_REDIRECT] 
2026-05-04 12:45:19,400 [ERROR] LogOutputStream:75 - [STDERR_REDIRECT] [Fatal Error] :1:1: Premature end of file.
2026-05-04 12:45:19,400 [ERROR] LogOutputStream:75 - [STDERR_REDIRECT] 
2026-05-04 12:45:20,402 [ERROR] LogOutputStream:75 - [STDERR_REDIRECT] [Fatal Error] :1:1: Premature end of file.
2026-05-04 12:45:20,402 [ERROR] LogOutputStream:75 - [STDERR_REDIRECT] 
2026-05-04 12:45:21,396 [ERROR] LogOutputStream:75 - [STDERR_REDIRECT] [Fatal Error] :1:1: Premature end of file.
2026-05-04 12:45:21,396 [ERROR] LogOutputStream:75 - [STDERR_REDIRECT] 
2026-05-04 12:45:22,415 [ERROR] LogOutputStream:75 - [STDERR_REDIRECT] [Fatal Error] :1:1: Premature end of file.
2026-05-04 12:45:22,415 [ERROR] LogOutputStream:75 - [STDERR_REDIRECT] 
2026-05-04 12:45:23,399 [ERROR] LogOutputStream:75 - [STDERR_REDIRECT] [Fatal Error] :1:1: Premature end of file.
2026-05-04 12:45:23,400 [ERROR] LogOutputStream:75 - [STDERR_REDIRECT] 
2026-05-04 12:45:24,397 [ERROR] LogOutputStream:75 - [STDERR_REDIRECT] [Fatal Error] :1:1: Premature end of file.
2026-05-04 12:45:24,397 [ERROR] LogOutputStream:75 - [STDERR_REDIRECT] 
2026-05-04 12:45:25,408 [ERROR] LogOutputStream:75 - [STDERR_REDIRECT] [Fatal Error] :1:1: Premature end of file.
2026-05-04 12:45:25,408 [ERROR] LogOutputStream:75 - [STDERR_REDIRECT] 
2026-05-04 12:45:26,402 [ERROR] LogOutputStream:75 - [STDERR_REDIRECT] [Fatal Error] :1:1: Premature end of file.
2026-05-04 12:45:26,402 [ERROR] LogOutputStream:75 - [STDERR_REDIRECT] 
2026-05-04 12:45:27,402 [ERROR] LogOutputStream:75 - [STDERR_REDIRECT] [Fatal Error] :1:1: Premature end of file.
2026-05-04 12:45:27,402 [ERROR] LogOutputStream:75 - [STDERR_REDIRECT] 
2026-05-04 12:45:28,401 [ERROR] LogOutputStream:75 - [STDERR_REDIRECT] [Fatal Error] :1:1: Premature end of file.
2026-05-04 12:45:28,401 [ERROR] LogOutputStream:75 - [STDERR_REDIRECT] 
2026-05-04 12:45:29,407 [ERROR] LogOutputStream:75 - [STDERR_REDIRECT] [Fatal Error] :1:1: Premature end of file.
2026-05-04 12:45:29,407 [ERROR] LogOutputStream:75 - [STDERR_REDIRECT] 
2026-05-04 12:45:30,402 [ERROR] LogOutputStream:75 - [STDERR_REDIRECT] [Fatal Error] :1:1: Premature end of file.
2026-05-04 12:45:30,402 [ERROR] LogOutputStream:75 - [STDERR_REDIRECT] 
2026-05-04 12:45:31,399 [ERROR] LogOutputStream:75 - [STDERR_REDIRECT] [Fatal Error] :1:1: Premature end of file.
2026-05-04 12:45:31,399 [ERROR] LogOutputStream:75 - [STDERR_REDIRECT] 
2026-05-04 12:45:32,398 [ERROR] LogOutputStream:75 - [STDERR_REDIRECT] [Fatal Error] :1:1: Premature end of file.
2026-05-04 12:45:32,398 [ERROR] LogOutputStream:75 - [STDERR_REDIRECT] 
2026-05-04 12:45:33,397 [ERROR] LogOutputStream:75 - [STDERR_REDIRECT] [Fatal Error] :1:1: Premature end of file.
2026-05-04 12:45:33,397 [ERROR] LogOutputStream:75 - [STDERR_REDIRECT] 
2026-05-04 12:45:34,400 [ERROR] LogOutputStream:75 - [STDERR_REDIRECT] [Fatal Error] :1:1: Premature end of file.
2026-05-04 12:45:34,400 [ERROR] LogOutputStream:75 - [STDERR_REDIRECT] 
2026-05-04 12:45:35,400 [ERROR] LogOutputStream:75 - [STDERR_REDIRECT] [Fatal Error] :1:1: Premature end of file.
2026-05-04 12:45:35,401 [ERROR] LogOutputStream:75 - [STDERR_REDIRECT] 
2026-05-04 12:45:36,402 [ERROR] LogOutputStream:75 - [STDERR_REDIRECT] [Fatal Error] :1:1: Premature end of file.
2026-05-04 12:45:36,404 [ERROR] LogOutputStream:75 - [STDERR_REDIRECT] 
2026-05-04 12:45:37,399 [ERROR] LogOutputStream:75 - [STDERR_REDIRECT] [Fatal Error] :1:1: Premature end of file.
2026-05-04 12:45:37,399 [ERROR] LogOutputStream:75 - [STDERR_REDIRECT] 
2026-05-04 12:45:38,400 [ERROR] LogOutputStream:75 - [STDERR_REDIRECT] [Fatal Error] :1:1: Premature end of file.
2026-05-04 12:45:38,400 [ERROR] LogOutputStream:75 - [STDERR_REDIRECT] 
2026-05-04 12:45:39,398 [ERROR] LogOutputStream:75 - [STDERR_REDIRECT] [Fatal Error] :1:1: Premature end of file.
2026-05-04 12:45:39,398 [ERROR] LogOutputStream:75 - [STDERR_REDIRECT] 
2026-05-04 12:45:40,397 [ERROR] LogOutputStream:75 - [STDERR_REDIRECT] [Fatal Error] :1:1: Premature end of file.
2026-05-04 12:45:40,397 [ERROR] LogOutputStream:75 - [STDERR_REDIRECT] 
2026-05-04 12:45:41,400 [ERROR] LogOutputStream:75 - [STDERR_REDIRECT] [Fatal Error] :1:1: Premature end of file.
2026-05-04 12:45:41,400 [ERROR] LogOutputStream:75 - [STDERR_REDIRECT] 
2026-05-04 12:45:42,407 [ERROR] LogOutputStream:75 - [STDERR_REDIRECT] [Fatal Error] :1:1: Premature end of file.
2026-05-04 12:45:42,407 [ERROR] LogOutputStream:75 - [STDERR_REDIRECT] 
2026-05-04 12:45:43,400 [ERROR] LogOutputStream:75 - [STDERR_REDIRECT] [Fatal Error] :1:1: Premature end of file.
2026-05-04 12:45:43,402 [ERROR] LogOutputStream:75 - [STDERR_REDIRECT] 
2026-05-04 12:45:44,408 [ERROR] LogOutputStream:75 - [STDERR_REDIRECT] [Fatal Error] :1:1: Premature end of file.
2026-05-04 12:45:44,408 [ERROR] LogOutputStream:75 - [STDERR_REDIRECT] 
2026-05-04 12:45:45,403 [ERROR] LogOutputStream:75 - [STDERR_REDIRECT] [Fatal Error] :1:1: Premature end of file.
2026-05-04 12:45:45,403 [ERROR] LogOutputStream:75 - [STDERR_REDIRECT] 
2026-05-04 12:45:46,410 [ERROR] LogOutputStream:75 - [STDERR_REDIRECT] [Fatal Error] :1:1: Premature end of file.
2026-05-04 12:45:46,410 [ERROR] LogOutputStream:75 - [STDERR_REDIRECT] 
2026-05-04 12:45:47,403 [ERROR] LogOutputStream:75 - [STDERR_REDIRECT] [Fatal Error] :1:1: Premature end of file.
2026-05-04 12:45:47,405 [ERROR] LogOutputStream:75 - [STDERR_REDIRECT] 
2026-05-04 12:45:48,400 [ERROR] LogOutputStream:75 - [STDERR_REDIRECT] [Fatal Error] :1:1: Premature end of file.
2026-05-04 12:45:48,401 [ERROR] LogOutputStream:75 - [STDERR_REDIRECT] 
2026-05-04 12:45:49,410 [ERROR] LogOutputStream:75 - [STDERR_REDIRECT] [Fatal Error] :1:1: Premature end of file.
2026-05-04 12:45:49,410 [ERROR] LogOutputStream:75 - [STDERR_REDIRECT] 
2026-05-04 12:45:50,405 [ERROR] LogOutputStream:75 - [STDERR_REDIRECT] [Fatal Error] :1:1: Premature end of file.
2026-05-04 12:45:50,405 [ERROR] LogOutputStream:75 - [STDERR_REDIRECT] 
2026-05-04 12:45:51,418 [ERROR] LogOutputStream:75 - [STDERR_REDIRECT] [Fatal Error] :1:1: Premature end of file.
2026-05-04 12:45:51,419 [ERROR] LogOutputStream:75 - [STDERR_REDIRECT] 
2026-05-04 12:45:52,405 [ERROR] LogOutputStream:75 - [STDERR_REDIRECT] [Fatal Error] :1:1: Premature end of file.
2026-05-04 12:45:52,405 [ERROR] LogOutputStream:75 - [STDERR_REDIRECT] 
2026-05-04 12:45:53,413 [ERROR] LogOutputStream:75 - [STDERR_REDIRECT] [Fatal Error] :1:1: Premature end of file.
2026-05-04 12:45:53,413 [ERROR] LogOutputStream:75 - [STDERR_REDIRECT] 
2026-05-04 12:45:54,400 [ERROR] LogOutputStream:75 - [STDERR_REDIRECT] [Fatal Error] :1:1: Premature end of file.
2026-05-04 12:45:54,400 [ERROR] LogOutputStream:75 - [STDERR_REDIRECT] 
2026-05-04 12:45:55,418 [ERROR] LogOutputStream:75 - [STDERR_REDIRECT] [Fatal Error] :1:1: Premature end of file.
2026-05-04 12:45:55,418 [ERROR] LogOutputStream:75 - [STDERR_REDIRECT] 
2026-05-04 12:45:56,403 [ERROR] LogOutputStream:75 - [STDERR_REDIRECT] [Fatal Error] :1:1: Premature end of file.
2026-05-04 12:45:56,403 [ERROR] LogOutputStream:75 - [STDERR_REDIRECT] 
2026-05-04 12:45:57,408 [ERROR] LogOutputStream:75 - [STDERR_REDIRECT] [Fatal Error] :1:1: Premature end of file.
2026-05-04 12:45:57,408 [ERROR] LogOutputStream:75 - [STDERR_REDIRECT] 
2026-05-04 12:45:58,409 [ERROR] LogOutputStream:75 - [STDERR_REDIRECT] [Fatal Error] :1:1: Premature end of file.
2026-05-04 12:45:58,410 [ERROR] LogOutputStream:75 - [STDERR_REDIRECT] 
2026-05-04 12:45:59,407 [ERROR] LogOutputStream:75 - [STDERR_REDIRECT] [Fatal Error] :1:1: Premature end of file.
2026-05-04 12:45:59,407 [ERROR] LogOutputStream:75 - [STDERR_REDIRECT] 
2026-05-04 12:46:00,407 [ERROR] LogOutputStream:75 - [STDERR_REDIRECT] [Fatal Error] :1:1: Premature end of file.
2026-05-04 12:46:00,407 [ERROR] LogOutputStream:75 - [STDERR_REDIRECT] 
2026-05-04 12:46:01,413 [ERROR] LogOutputStream:75 - [STDERR_REDIRECT] [Fatal Error] :1:1: Premature end of file.
2026-05-04 12:46:01,413 [ERROR] LogOutputStream:75 - [STDERR_REDIRECT] 
2026-05-04 12:46:02,402 [ERROR] LogOutputStream:75 - [STDERR_REDIRECT] [Fatal Error] :1:1: Premature end of file.
2026-05-04 12:46:02,403 [ERROR] LogOutputStream:75 - [STDERR_REDIRECT] 
2026-05-04 12:46:03,405 [ERROR] LogOutputStream:75 - [STDERR_REDIRECT] [Fatal Error] :1:1: Premature end of file.
2026-05-04 12:46:03,405 [ERROR] LogOutputStream:75 - [STDERR_REDIRECT] 
2026-05-04 12:46:04,401 [ERROR] LogOutputStream:75 - [STDERR_REDIRECT] [Fatal Error] :1:1: Premature end of file.
2026-05-04 12:46:04,402 [ERROR] LogOutputStream:75 - [STDERR_REDIRECT] 
2026-05-04 12:46:05,405 [ERROR] LogOutputStream:75 - [STDERR_REDIRECT] [Fatal Error] :1:1: Premature end of file.
2026-05-04 12:46:05,405 [ERROR] LogOutputStream:75 - [STDERR_REDIRECT] 
2026-05-04 12:46:06,402 [ERROR] LogOutputStream:75 - [STDERR_REDIRECT] [Fatal Error] :1:1: Premature end of file.
2026-05-04 12:46:06,402 [ERROR] LogOutputStream:75 - [STDERR_REDIRECT] 
2026-05-04 12:46:07,401 [ERROR] LogOutputStream:75 - [STDERR_REDIRECT] [Fatal Error] :1:1: Premature end of file.
2026-05-04 12:46:07,401 [ERROR] LogOutputStream:75 - [STDERR_REDIRECT] 
2026-05-04 12:46:08,403 [ERROR] LogOutputStream:75 - [STDERR_REDIRECT] [Fatal Error] :1:1: Premature end of file.
2026-05-04 12:46:08,403 [ERROR] LogOutputStream:75 - [STDERR_REDIRECT] 
2026-05-04 12:46:09,403 [ERROR] LogOutputStream:75 - [STDERR_REDIRECT] [Fatal Error] :1:1: Premature end of file.
2026-05-04 12:46:09,403 [ERROR] LogOutputStream:75 - [STDERR_REDIRECT] 
2026-05-04 12:46:10,411 [ERROR] LogOutputStream:75 - [STDERR_REDIRECT] [Fatal Error] :1:1: Premature end of file.
2026-05-04 12:46:10,411 [ERROR] LogOutputStream:75 - [STDERR_REDIRECT] 
2026-05-04 12:46:11,422 [ERROR] LogOutputStream:75 - [STDERR_REDIRECT] [Fatal Error] :1:1: Premature end of file.
2026-05-04 12:46:11,423 [ERROR] LogOutputStream:75 - [STDERR_REDIRECT] 
2026-05-04 12:46:12,401 [ERROR] LogOutputStream:75 - [STDERR_REDIRECT] [Fatal Error] :1:1: Premature end of file.
2026-05-04 12:46:12,401 [ERROR] LogOutputStream:75 - [STDERR_REDIRECT] 
2026-05-04 12:46:13,407 [ERROR] LogOutputStream:75 - [STDERR_REDIRECT] [Fatal Error] :1:1: Premature end of file.
2026-05-04 12:46:13,407 [ERROR] LogOutputStream:75 - [STDERR_REDIRECT] 
2026-05-04 12:46:14,412 [ERROR] LogOutputStream:75 - [STDERR_REDIRECT] [Fatal Error] :1:1: Premature end of file.
2026-05-04 12:46:14,414 [ERROR] LogOutputStream:75 - [STDERR_REDIRECT] 
2026-05-04 12:46:15,395 [ERROR] LogOutputStream:75 - [STDERR_REDIRECT] [Fatal Error] :1:1: Premature end of file.
2026-05-04 12:46:15,395 [ERROR] LogOutputStream:75 - [STDERR_REDIRECT] 
2026-05-04 12:46:16,404 [ERROR] LogOutputStream:75 - [STDERR_REDIRECT] [Fatal Error] :1:1: Premature end of file.
2026-05-04 12:46:16,404 [ERROR] LogOutputStream:75 - [STDERR_REDIRECT] 
2026-05-04 12:46:17,420 [ERROR] LogOutputStream:75 - [STDERR_REDIRECT] [Fatal Error] :1:1: Premature end of file.
2026-05-04 12:46:17,420 [ERROR] LogOutputStream:75 - [STDERR_REDIRECT] 
2026-05-04 12:46:18,407 [ERROR] LogOutputStream:75 - [STDERR_REDIRECT] [Fatal Error] :1:1: Premature end of file.
2026-05-04 12:46:18,407 [ERROR] LogOutputStream:75 - [STDERR_REDIRECT] 
2026-05-04 12:46:19,406 [ERROR] LogOutputStream:75 - [STDERR_REDIRECT] [Fatal Error] :1:1: Premature end of file.
2026-05-04 12:46:19,406 [ERROR] LogOutputStream:75 - [STDERR_REDIRECT] 
2026-05-04 12:46:20,407 [ERROR] LogOutputStream:75 - [STDERR_REDIRECT] [Fatal Error] :1:1: Premature end of file.
2026-05-04 12:46:20,407 [ERROR] LogOutputStream:75 - [STDERR_REDIRECT] 
2026-05-04 12:46:21,406 [ERROR] LogOutputStream:75 - [STDERR_REDIRECT] [Fatal Error] :1:1: Premature end of file.
2026-05-04 12:46:21,408 [ERROR] LogOutputStream:75 - [STDERR_REDIRECT] 
2026-05-04 12:46:22,410 [ERROR] LogOutputStream:75 - [STDERR_REDIRECT] [Fatal Error] :1:1: Premature end of file.
2026-05-04 12:46:22,410 [ERROR] LogOutputStream:75 - [STDERR_REDIRECT] 
2026-05-04 12:46:23,408 [ERROR] LogOutputStream:75 - [STDERR_REDIRECT] [Fatal Error] :1:1: Premature end of file.
2026-05-04 12:46:23,408 [ERROR] LogOutputStream:75 - [STDERR_REDIRECT] 
2026-05-04 12:46:24,405 [ERROR] LogOutputStream:75 - [STDERR_REDIRECT] [Fatal Error] :1:1: Premature end of file.
2026-05-04 12:46:24,405 [ERROR] LogOutputStream:75 - [STDERR_REDIRECT] 
2026-05-04 12:46:25,405 [ERROR] LogOutputStream:75 - [STDERR_REDIRECT] [Fatal Error] :1:1: Premature end of file.
2026-05-04 12:46:25,408 [ERROR] LogOutputStream:75 - [STDERR_REDIRECT] 
2026-05-04 12:46:26,418 [ERROR] LogOutputStream:75 - [STDERR_REDIRECT] [Fatal Error] :1:1: Premature end of file.
2026-05-04 12:46:26,418 [ERROR] LogOutputStream:75 - [STDERR_REDIRECT] 
2026-05-04 12:46:27,410 [ERROR] LogOutputStream:75 - [STDERR_REDIRECT] [Fatal Error] :1:1: Premature end of file.
2026-05-04 12:46:27,410 [ERROR] LogOutputStream:75 - [STDERR_REDIRECT] 
2026-05-04 12:46:28,407 [ERROR] LogOutputStream:75 - [STDERR_REDIRECT] [Fatal Error] :1:1: Premature end of file.
2026-05-04 12:46:28,407 [ERROR] LogOutputStream:75 - [STDERR_REDIRECT] 
2026-05-04 12:46:29,403 [ERROR] LogOutputStream:75 - [STDERR_REDIRECT] [Fatal Error] :1:1: Premature end of file.
2026-05-04 12:46:29,404 [ERROR] LogOutputStream:75 - [STDERR_REDIRECT] 
2026-05-04 12:46:30,400 [ERROR] LogOutputStream:75 - [STDERR_REDIRECT] [Fatal Error] :1:1: Premature end of file.
2026-05-04 12:46:30,400 [ERROR] LogOutputStream:75 - [STDERR_REDIRECT] 
2026-05-04 12:46:31,412 [ERROR] LogOutputStream:75 - [STDERR_REDIRECT] [Fatal Error] :1:1: Premature end of file.
2026-05-04 12:46:31,413 [ERROR] LogOutputStream:75 - [STDERR_REDIRECT] 
2026-05-04 12:46:32,402 [ERROR] LogOutputStream:75 - [STDERR_REDIRECT] [Fatal Error] :1:1: Premature end of file.
2026-05-04 12:46:32,402 [ERROR] LogOutputStream:75 - [STDERR_REDIRECT] 
2026-05-04 12:46:33,408 [ERROR] LogOutputStream:75 - [STDERR_REDIRECT] [Fatal Error] :1:1: Premature end of file.
2026-05-04 12:46:33,408 [ERROR] LogOutputStream:75 - [STDERR_REDIRECT] 
2026-05-04 12:46:34,402 [ERROR] LogOutputStream:75 - [STDERR_REDIRECT] [Fatal Error] :1:1: Premature end of file.
2026-05-04 12:46:34,403 [ERROR] LogOutputStream:75 - [STDERR_REDIRECT] 
2026-05-04 12:46:35,403 [ERROR] LogOutputStream:75 - [STDERR_REDIRECT] [Fatal Error] :1:1: Premature end of file.
2026-05-04 12:46:35,403 [ERROR] LogOutputStream:75 - [STDERR_REDIRECT] 
2026-05-04 12:46:36,405 [ERROR] LogOutputStream:75 - [STDERR_REDIRECT] [Fatal Error] :1:1: Premature end of file.
2026-05-04 12:46:36,405 [ERROR] LogOutputStream:75 - [STDERR_REDIRECT] 
2026-05-04 12:46:37,399 [ERROR] LogOutputStream:75 - [STDERR_REDIRECT] [Fatal Error] :1:1: Premature end of file.
2026-05-04 12:46:37,401 [ERROR] LogOutputStream:75 - [STDERR_REDIRECT] 
2026-05-04 12:46:38,403 [ERROR] LogOutputStream:75 - [STDERR_REDIRECT] [Fatal Error] :1:1: Premature end of file.
2026-05-04 12:46:38,403 [ERROR] LogOutputStream:75 - [STDERR_REDIRECT] 
2026-05-04 12:46:39,403 [ERROR] LogOutputStream:75 - [STDERR_REDIRECT] [Fatal Error] :1:1: Premature end of file.
2026-05-04 12:46:39,404 [ERROR] LogOutputStream:75 - [STDERR_REDIRECT] 
2026-05-04 12:46:40,402 [ERROR] LogOutputStream:75 - [STDERR_REDIRECT] [Fatal Error] :1:1: Premature end of file.
2026-05-04 12:46:40,402 [ERROR] LogOutputStream:75 - [STDERR_REDIRECT] 
2026-05-04 12:46:41,412 [ERROR] LogOutputStream:75 - [STDERR_REDIRECT] [Fatal Error] :1:1: Premature end of file.
2026-05-04 12:46:41,412 [ERROR] LogOutputStream:75 - [STDERR_REDIRECT] 
2026-05-04 12:46:42,400 [ERROR] LogOutputStream:75 - [STDERR_REDIRECT] [Fatal Error] :1:1: Premature end of file.
2026-05-04 12:46:42,400 [ERROR] LogOutputStream:75 - [STDERR_REDIRECT] 
2026-05-04 12:46:43,402 [ERROR] LogOutputStream:75 - [STDERR_REDIRECT] [Fatal Error] :1:1: Premature end of file.
2026-05-04 12:46:43,402 [ERROR] LogOutputStream:75 - [STDERR_REDIRECT] 
2026-05-04 12:46:44,403 [ERROR] LogOutputStream:75 - [STDERR_REDIRECT] [Fatal Error] :1:1: Premature end of file.
2026-05-04 12:46:44,403 [ERROR] LogOutputStream:75 - [STDERR_REDIRECT] 
2026-05-04 12:46:45,411 [ERROR] LogOutputStream:75 - [STDERR_REDIRECT] [Fatal Error] :1:1: Premature end of file.
2026-05-04 12:46:45,411 [ERROR] LogOutputStream:75 - [STDERR_REDIRECT] 
2026-05-04 12:46:46,416 [ERROR] LogOutputStream:75 - [STDERR_REDIRECT] [Fatal Error] :1:1: Premature end of file.
2026-05-04 12:46:46,416 [ERROR] LogOutputStream:75 - [STDERR_REDIRECT] 
2026-05-04 12:46:47,400 [ERROR] LogOutputStream:75 - [STDERR_REDIRECT] [Fatal Error] :1:1: Premature end of file.
2026-05-04 12:46:47,400 [ERROR] LogOutputStream:75 - [STDERR_REDIRECT] 
2026-05-04 12:46:48,411 [ERROR] LogOutputStream:75 - [STDERR_REDIRECT] [Fatal Error] :1:1: Premature end of file.
2026-05-04 12:46:48,411 [ERROR] LogOutputStream:75 - [STDERR_REDIRECT] 
2026-05-04 12:46:49,405 [ERROR] LogOutputStream:75 - [STDERR_REDIRECT] [Fatal Error] :1:1: Premature end of file.
2026-05-04 12:46:49,405 [ERROR] LogOutputStream:75 - [STDERR_REDIRECT] 
2026-05-04 12:46:50,406 [ERROR] LogOutputStream:75 - [STDERR_REDIRECT] [Fatal Error] :1:1: Premature end of file.
2026-05-04 12:46:50,406 [ERROR] LogOutputStream:75 - [STDERR_REDIRECT] 
2026-05-04 12:46:51,415 [ERROR] LogOutputStream:75 - [STDERR_REDIRECT] [Fatal Error] :1:1: Premature end of file.
2026-05-04 12:46:51,415 [ERROR] LogOutputStream:75 - [STDERR_REDIRECT] 
2026-05-04 12:46:52,402 [ERROR] LogOutputStream:75 - [STDERR_REDIRECT] [Fatal Error] :1:1: Premature end of file.
2026-05-04 12:46:52,402 [ERROR] LogOutputStream:75 - [STDERR_REDIRECT] 
2026-05-04 12:46:53,402 [ERROR] LogOutputStream:75 - [STDERR_REDIRECT] [Fatal Error] :1:1: Premature end of file.
2026-05-04 12:46:53,402 [ERROR] LogOutputStream:75 - [STDERR_REDIRECT] 
2026-05-04 12:46:54,401 [ERROR] LogOutputStream:75 - [STDERR_REDIRECT] [Fatal Error] :1:1: Premature end of file.
2026-05-04 12:46:54,401 [ERROR] LogOutputStream:75 - [STDERR_REDIRECT] 
2026-05-04 12:46:55,412 [ERROR] LogOutputStream:75 - [STDERR_REDIRECT] [Fatal Error] :1:1: Premature end of file.
2026-05-04 12:46:55,412 [ERROR] LogOutputStream:75 - [STDERR_REDIRECT] 
2026-05-04 12:46:56,406 [ERROR] LogOutputStream:75 - [STDERR_REDIRECT] [Fatal Error] :1:1: Premature end of file.
2026-05-04 12:46:56,406 [ERROR] LogOutputStream:75 - [STDERR_REDIRECT] 
2026-05-04 12:46:57,400 [ERROR] LogOutputStream:75 - [STDERR_REDIRECT] [Fatal Error] :1:1: Premature end of file.
2026-05-04 12:46:57,400 [ERROR] LogOutputStream:75 - [STDERR_REDIRECT] 
2026-05-04 12:46:58,400 [ERROR] LogOutputStream:75 - [STDERR_REDIRECT] [Fatal Error] :1:1: Premature end of file.
2026-05-04 12:46:58,400 [ERROR] LogOutputStream:75 - [STDERR_REDIRECT] 
2026-05-04 12:46:59,401 [ERROR] LogOutputStream:75 - [STDERR_REDIRECT] [Fatal Error] :1:1: Premature end of file.
2026-05-04 12:46:59,401 [ERROR] LogOutputStream:75 - [STDERR_REDIRECT] 
2026-05-04 12:47:00,404 [ERROR] LogOutputStream:75 - [STDERR_REDIRECT] [Fatal Error] :1:1: Premature end of file.
2026-05-04 12:47:00,404 [ERROR] LogOutputStream:75 - [STDERR_REDIRECT] 
2026-05-04 12:47:01,400 [ERROR] LogOutputStream:75 - [STDERR_REDIRECT] [Fatal Error] :1:1: Premature end of file.
2026-05-04 12:47:01,400 [ERROR] LogOutputStream:75 - [STDERR_REDIRECT] 
2026-05-04 12:47:02,401 [ERROR] LogOutputStream:75 - [STDERR_REDIRECT] [Fatal Error] :1:1: Premature end of file.
2026-05-04 12:47:02,401 [ERROR] LogOutputStream:75 - [STDERR_REDIRECT] 
2026-05-04 12:47:03,400 [ERROR] LogOutputStream:75 - [STDERR_REDIRECT] [Fatal Error] :1:1: Premature end of file.
2026-05-04 12:47:03,400 [ERROR] LogOutputStream:75 - [STDERR_REDIRECT] 
2026-05-04 12:47:04,403 [ERROR] LogOutputStream:75 - [STDERR_REDIRECT] [Fatal Error] :1:1: Premature end of file.
2026-05-04 12:47:04,403 [ERROR] LogOutputStream:75 - [STDERR_REDIRECT] 
2026-05-04 12:47:05,401 [ERROR] LogOutputStream:75 - [STDERR_REDIRECT] [Fatal Error] :1:1: Premature end of file.
2026-05-04 12:47:05,401 [ERROR] LogOutputStream:75 - [STDERR_REDIRECT] 
2026-05-04 12:47:06,417 [ERROR] LogOutputStream:75 - [STDERR_REDIRECT] [Fatal Error] :1:1: Premature end of file.
2026-05-04 12:47:06,417 [ERROR] LogOutputStream:75 - [STDERR_REDIRECT] 
2026-05-04 12:47:07,402 [ERROR] LogOutputStream:75 - [STDERR_REDIRECT] [Fatal Error] :1:1: Premature end of file.
2026-05-04 12:47:07,402 [ERROR] LogOutputStream:75 - [STDERR_REDIRECT] 
2026-05-04 12:47:08,403 [ERROR] LogOutputStream:75 - [STDERR_REDIRECT] [Fatal Error] :1:1: Premature end of file.
2026-05-04 12:47:08,403 [ERROR] LogOutputStream:75 - [STDERR_REDIRECT] 
2026-05-04 12:47:09,399 [ERROR] LogOutputStream:75 - [STDERR_REDIRECT] [Fatal Error] :1:1: Premature end of file.
2026-05-04 12:47:09,399 [ERROR] LogOutputStream:75 - [STDERR_REDIRECT] 
2026-05-04 12:47:10,413 [ERROR] LogOutputStream:75 - [STDERR_REDIRECT] [Fatal Error] :1:1: Premature end of file.
2026-05-04 12:47:10,413 [ERROR] LogOutputStream:75 - [STDERR_REDIRECT] 
2026-05-04 12:47:11,411 [ERROR] LogOutputStream:75 - [STDERR_REDIRECT] [Fatal Error] :1:1: Premature end of file.
2026-05-04 12:47:11,411 [ERROR] LogOutputStream:75 - [STDERR_REDIRECT] 
2026-05-04 12:47:12,402 [ERROR] LogOutputStream:75 - [STDERR_REDIRECT] [Fatal Error] :1:1: Premature end of file.
2026-05-04 12:47:12,402 [ERROR] LogOutputStream:75 - [STDERR_REDIRECT] 
2026-05-04 12:47:13,399 [ERROR] LogOutputStream:75 - [STDERR_REDIRECT] [Fatal Error] :1:1: Premature end of file.
2026-05-04 12:47:13,399 [ERROR] LogOutputStream:75 - [STDERR_REDIRECT] 
2026-05-04 12:47:14,399 [ERROR] LogOutputStream:75 - [STDERR_REDIRECT] [Fatal Error] :1:1: Premature end of file.
2026-05-04 12:47:14,400 [ERROR] LogOutputStream:75 - [STDERR_REDIRECT] 
2026-05-04 12:47:15,401 [ERROR] LogOutputStream:75 - [STDERR_REDIRECT] [Fatal Error] :1:1: Premature end of file.
2026-05-04 12:47:15,401 [ERROR] LogOutputStream:75 - [STDERR_REDIRECT] 
2026-05-04 12:47:16,400 [ERROR] LogOutputStream:75 - [STDERR_REDIRECT] [Fatal Error] :1:1: Premature end of file.
2026-05-04 12:47:16,400 [ERROR] LogOutputStream:75 - [STDERR_REDIRECT] 
2026-05-04 12:47:17,396 [ERROR] LogOutputStream:75 - [STDERR_REDIRECT] [Fatal Error] :1:1: Premature end of file.
2026-05-04 12:47:17,396 [ERROR] LogOutputStream:75 - [STDERR_REDIRECT] 
2026-05-04 12:47:18,402 [ERROR] LogOutputStream:75 - [STDERR_REDIRECT] [Fatal Error] :1:1: Premature end of file.
2026-05-04 12:47:18,402 [ERROR] LogOutputStream:75 - [STDERR_REDIRECT] 
2026-05-04 12:47:19,413 [ERROR] LogOutputStream:75 - [STDERR_REDIRECT] [Fatal Error] :1:1: Premature end of file.
2026-05-04 12:47:19,416 [ERROR] LogOutputStream:75 - [STDERR_REDIRECT] 
2026-05-04 12:47:20,411 [ERROR] LogOutputStream:75 - [STDERR_REDIRECT] [Fatal Error] :1:1: Premature end of file.
2026-05-04 12:47:20,411 [ERROR] LogOutputStream:75 - [STDERR_REDIRECT] 
2026-05-04 12:47:21,401 [ERROR] LogOutputStream:75 - [STDERR_REDIRECT] [Fatal Error] :1:1: Premature end of file.
2026-05-04 12:47:21,401 [ERROR] LogOutputStream:75 - [STDERR_REDIRECT] 
2026-05-04 12:47:22,400 [ERROR] LogOutputStream:75 - [STDERR_REDIRECT] [Fatal Error] :1:1: Premature end of file.
2026-05-04 12:47:22,401 [ERROR] LogOutputStream:75 - [STDERR_REDIRECT] 
2026-05-04 12:47:23,411 [ERROR] LogOutputStream:75 - [STDERR_REDIRECT] [Fatal Error] :1:1: Premature end of file.
2026-05-04 12:47:23,413 [ERROR] LogOutputStream:75 - [STDERR_REDIRECT] 
2026-05-04 12:47:24,405 [ERROR] LogOutputStream:75 - [STDERR_REDIRECT] [Fatal Error] :1:1: Premature end of file.
2026-05-04 12:47:24,413 [ERROR] LogOutputStream:75 - [STDERR_REDIRECT] 
2026-05-04 12:47:25,401 [ERROR] LogOutputStream:75 - [STDERR_REDIRECT] [Fatal Error] :1:1: Premature end of file.
2026-05-04 12:47:25,401 [ERROR] LogOutputStream:75 - [STDERR_REDIRECT] 
2026-05-04 12:47:26,395 [ERROR] LogOutputStream:75 - [STDERR_REDIRECT] [Fatal Error] :1:1: Premature end of file.
2026-05-04 12:47:26,395 [ERROR] LogOutputStream:75 - [STDERR_REDIRECT] 
2026-05-04 12:47:27,394 [ERROR] LogOutputStream:75 - [STDERR_REDIRECT] [Fatal Error] :1:1: Premature end of file.
2026-05-04 12:47:27,394 [ERROR] LogOutputStream:75 - [STDERR_REDIRECT] 
2026-05-04 12:47:28,403 [ERROR] LogOutputStream:75 - [STDERR_REDIRECT] [Fatal Error] :1:1: Premature end of file.
2026-05-04 12:47:28,403 [ERROR] LogOutputStream:75 - [STDERR_REDIRECT] 
2026-05-04 12:47:29,399 [ERROR] LogOutputStream:75 - [STDERR_REDIRECT] [Fatal Error] :1:1: Premature end of file.
2026-05-04 12:47:29,400 [ERROR] LogOutputStream:75 - [STDERR_REDIRECT] 
2026-05-04 12:47:30,408 [ERROR] LogOutputStream:75 - [STDERR_REDIRECT] [Fatal Error] :1:1: Premature end of file.
2026-05-04 12:47:30,408 [ERROR] LogOutputStream:75 - [STDERR_REDIRECT] 
2026-05-04 12:47:31,406 [ERROR] LogOutputStream:75 - [STDERR_REDIRECT] [Fatal Error] :1:1: Premature end of file.
2026-05-04 12:47:31,406 [ERROR] LogOutputStream:75 - [STDERR_REDIRECT] 
2026-05-04 12:47:32,404 [ERROR] LogOutputStream:75 - [STDERR_REDIRECT] [Fatal Error] :1:1: Premature end of file.
2026-05-04 12:47:32,404 [ERROR] LogOutputStream:75 - [STDERR_REDIRECT] 
2026-05-04 12:47:33,414 [ERROR] LogOutputStream:75 - [STDERR_REDIRECT] [Fatal Error] :1:1: Premature end of file.
2026-05-04 12:47:33,414 [ERROR] LogOutputStream:75 - [STDERR_REDIRECT] 
2026-05-04 12:47:34,406 [ERROR] LogOutputStream:75 - [STDERR_REDIRECT] [Fatal Error] :1:1: Premature end of file.
2026-05-04 12:47:34,406 [ERROR] LogOutputStream:75 - [STDERR_REDIRECT] 
2026-05-04 12:47:35,413 [ERROR] LogOutputStream:75 - [STDERR_REDIRECT] [Fatal Error] :1:1: Premature end of file.
2026-05-04 12:47:35,413 [ERROR] LogOutputStream:75 - [STDERR_REDIRECT] 
2026-05-04 12:47:36,413 [ERROR] LogOutputStream:75 - [STDERR_REDIRECT] [Fatal Error] :1:1: Premature end of file.
2026-05-04 12:47:36,413 [ERROR] LogOutputStream:75 - [STDERR_REDIRECT] 
2026-05-04 12:47:37,407 [ERROR] LogOutputStream:75 - [STDERR_REDIRECT] [Fatal Error] :1:1: Premature end of file.
2026-05-04 12:47:37,407 [ERROR] LogOutputStream:75 - [STDERR_REDIRECT] 
2026-05-04 12:47:38,408 [ERROR] LogOutputStream:75 - [STDERR_REDIRECT] [Fatal Error] :1:1: Premature end of file.
2026-05-04 12:47:38,408 [ERROR] LogOutputStream:75 - [STDERR_REDIRECT] 
2026-05-04 12:47:39,406 [ERROR] LogOutputStream:75 - [STDERR_REDIRECT] [Fatal Error] :1:1: Premature end of file.
2026-05-04 12:47:39,406 [ERROR] LogOutputStream:75 - [STDERR_REDIRECT] 
2026-05-04 12:47:40,405 [ERROR] LogOutputStream:75 - [STDERR_REDIRECT] [Fatal Error] :1:1: Premature end of file.
2026-05-04 12:47:40,405 [ERROR] LogOutputStream:75 - [STDERR_REDIRECT] 
2026-05-04 12:47:41,414 [ERROR] LogOutputStream:75 - [STDERR_REDIRECT] [Fatal Error] :1:1: Premature end of file.
2026-05-04 12:47:41,414 [ERROR] LogOutputStream:75 - [STDERR_REDIRECT] 
2026-05-04 12:47:42,410 [ERROR] LogOutputStream:75 - [STDERR_REDIRECT] [Fatal Error] :1:1: Premature end of file.
2026-05-04 12:47:42,410 [ERROR] LogOutputStream:75 - [STDERR_REDIRECT] 
2026-05-04 12:47:43,408 [ERROR] LogOutputStream:75 - [STDERR_REDIRECT] [Fatal Error] :1:1: Premature end of file.
2026-05-04 12:47:43,408 [ERROR] LogOutputStream:75 - [STDERR_REDIRECT] 
2026-05-04 12:47:44,412 [ERROR] LogOutputStream:75 - [STDERR_REDIRECT] [Fatal Error] :1:1: Premature end of file.
2026-05-04 12:47:44,412 [ERROR] LogOutputStream:75 - [STDERR_REDIRECT] 
2026-05-04 12:47:45,405 [ERROR] LogOutputStream:75 - [STDERR_REDIRECT] [Fatal Error] :1:1: Premature end of file.
2026-05-04 12:47:45,405 [ERROR] LogOutputStream:75 - [STDERR_REDIRECT] 
2026-05-04 12:47:46,407 [ERROR] LogOutputStream:75 - [STDERR_REDIRECT] [Fatal Error] :1:1: Premature end of file.
2026-05-04 12:47:46,407 [ERROR] LogOutputStream:75 - [STDERR_REDIRECT] 
2026-05-04 12:47:47,399 [ERROR] LogOutputStream:75 - [STDERR_REDIRECT] [Fatal Error] :1:1: Premature end of file.
2026-05-04 12:47:47,402 [ERROR] LogOutputStream:75 - [STDERR_REDIRECT] 
2026-05-04 12:47:48,404 [ERROR] LogOutputStream:75 - [STDERR_REDIRECT] [Fatal Error] :1:1: Premature end of file.
2026-05-04 12:47:48,404 [ERROR] LogOutputStream:75 - [STDERR_REDIRECT] 
2026-05-04 12:47:49,411 [ERROR] LogOutputStream:75 - [STDERR_REDIRECT] [Fatal Error] :1:1: Premature end of file.
2026-05-04 12:47:49,412 [ERROR] LogOutputStream:75 - [STDERR_REDIRECT] 
2026-05-04 12:47:50,411 [ERROR] LogOutputStream:75 - [STDERR_REDIRECT] [Fatal Error] :1:1: Premature end of file.
2026-05-04 12:47:50,413 [ERROR] LogOutputStream:75 - [STDERR_REDIRECT] 
2026-05-04 12:47:51,415 [ERROR] LogOutputStream:75 - [STDERR_REDIRECT] [Fatal Error] :1:1: Premature end of file.
2026-05-04 12:47:51,415 [ERROR] LogOutputStream:75 - [STDERR_REDIRECT] 
2026-05-04 12:47:52,416 [ERROR] LogOutputStream:75 - [STDERR_REDIRECT] [Fatal Error] :1:1: Premature end of file.
2026-05-04 12:47:52,418 [ERROR] LogOutputStream:75 - [STDERR_REDIRECT] 
2026-05-04 12:47:53,407 [ERROR] LogOutputStream:75 - [STDERR_REDIRECT] [Fatal Error] :1:1: Premature end of file.
2026-05-04 12:47:53,407 [ERROR] LogOutputStream:75 - [STDERR_REDIRECT] 
2026-05-04 12:47:54,400 [ERROR] LogOutputStream:75 - [STDERR_REDIRECT] [Fatal Error] :1:1: Premature end of file.
2026-05-04 12:47:54,401 [ERROR] LogOutputStream:75 - [STDERR_REDIRECT] 
2026-05-04 12:47:55,400 [ERROR] LogOutputStream:75 - [STDERR_REDIRECT] [Fatal Error] :1:1: Premature end of file.
2026-05-04 12:47:55,400 [ERROR] LogOutputStream:75 - [STDERR_REDIRECT] 
2026-05-04 12:47:56,404 [ERROR] LogOutputStream:75 - [STDERR_REDIRECT] [Fatal Error] :1:1: Premature end of file.
2026-05-04 12:47:56,404 [ERROR] LogOutputStream:75 - [STDERR_REDIRECT] 
2026-05-04 12:47:57,400 [ERROR] LogOutputStream:75 - [STDERR_REDIRECT] [Fatal Error] :1:1: Premature end of file.
2026-05-04 12:47:57,401 [ERROR] LogOutputStream:75 - [STDERR_REDIRECT] 
2026-05-04 12:47:58,408 [ERROR] LogOutputStream:75 - [STDERR_REDIRECT] [Fatal Error] :1:1: Premature end of file.
2026-05-04 12:47:58,408 [ERROR] LogOutputStream:75 - [STDERR_REDIRECT] 
2026-05-04 12:47:59,400 [ERROR] LogOutputStream:75 - [STDERR_REDIRECT] [Fatal Error] :1:1: Premature end of file.
2026-05-04 12:47:59,401 [ERROR] LogOutputStream:75 - [STDERR_REDIRECT] 
2026-05-04 12:48:00,430 [ERROR] LogOutputStream:75 - [STDERR_REDIRECT] [Fatal Error] :1:1: Premature end of file.
2026-05-04 12:48:00,430 [ERROR] LogOutputStream:75 - [STDERR_REDIRECT] 
2026-05-04 12:48:01,404 [ERROR] LogOutputStream:75 - [STDERR_REDIRECT] [Fatal Error] :1:1: Premature end of file.
2026-05-04 12:48:01,404 [ERROR] LogOutputStream:75 - [STDERR_REDIRECT] 
2026-05-04 12:48:02,403 [ERROR] LogOutputStream:75 - [STDERR_REDIRECT] [Fatal Error] :1:1: Premature end of file.
2026-05-04 12:48:02,403 [ERROR] LogOutputStream:75 - [STDERR_REDIRECT] 
2026-05-04 12:48:03,407 [ERROR] LogOutputStream:75 - [STDERR_REDIRECT] [Fatal Error] :1:1: Premature end of file.
2026-05-04 12:48:03,407 [ERROR] LogOutputStream:75 - [STDERR_REDIRECT] 
2026-05-04 12:48:04,406 [ERROR] LogOutputStream:75 - [STDERR_REDIRECT] [Fatal Error] :1:1: Premature end of file.
2026-05-04 12:48:04,406 [ERROR] LogOutputStream:75 - [STDERR_REDIRECT] 
2026-05-04 12:48:05,404 [ERROR] LogOutputStream:75 - [STDERR_REDIRECT] [Fatal Error] :1:1: Premature end of file.
2026-05-04 12:48:05,404 [ERROR] LogOutputStream:75 - [STDERR_REDIRECT] 
2026-05-04 12:48:06,406 [ERROR] LogOutputStream:75 - [STDERR_REDIRECT] [Fatal Error] :1:1: Premature end of file.
2026-05-04 12:48:06,406 [ERROR] LogOutputStream:75 - [STDERR_REDIRECT] 
2026-05-04 12:48:07,406 [ERROR] LogOutputStream:75 - [STDERR_REDIRECT] [Fatal Error] :1:1: Premature end of file.
2026-05-04 12:48:07,406 [ERROR] LogOutputStream:75 - [STDERR_REDIRECT] 
2026-05-04 12:48:08,408 [ERROR] LogOutputStream:75 - [STDERR_REDIRECT] [Fatal Error] :1:1: Premature end of file.
2026-05-04 12:48:08,408 [ERROR] LogOutputStream:75 - [STDERR_REDIRECT] 
2026-05-04 12:48:09,407 [ERROR] LogOutputStream:75 - [STDERR_REDIRECT] [Fatal Error] :1:1: Premature end of file.
2026-05-04 12:48:09,407 [ERROR] LogOutputStream:75 - [STDERR_REDIRECT] 
2026-05-04 12:48:10,405 [ERROR] LogOutputStream:75 - [STDERR_REDIRECT] [Fatal Error] :1:1: Premature end of file.
2026-05-04 12:48:10,405 [ERROR] LogOutputStream:75 - [STDERR_REDIRECT] 
2026-05-04 12:48:11,403 [ERROR] LogOutputStream:75 - [STDERR_REDIRECT] [Fatal Error] :1:1: Premature end of file.
2026-05-04 12:48:11,403 [ERROR] LogOutputStream:75 - [STDERR_REDIRECT] 
2026-05-04 12:48:12,400 [ERROR] LogOutputStream:75 - [STDERR_REDIRECT] [Fatal Error] :1:1: Premature end of file.
2026-05-04 12:48:12,400 [ERROR] LogOutputStream:75 - [STDERR_REDIRECT] 
2026-05-04 12:48:13,420 [ERROR] LogOutputStream:75 - [STDERR_REDIRECT] [Fatal Error] :1:1: Premature end of file.
2026-05-04 12:48:13,420 [ERROR] LogOutputStream:75 - [STDERR_REDIRECT] 
2026-05-04 12:48:14,403 [ERROR] LogOutputStream:75 - [STDERR_REDIRECT] [Fatal Error] :1:1: Premature end of file.
2026-05-04 12:48:14,405 [ERROR] LogOutputStream:75 - [STDERR_REDIRECT] 
2026-05-04 12:48:15,409 [ERROR] LogOutputStream:75 - [STDERR_REDIRECT] [Fatal Error] :1:1: Premature end of file.
2026-05-04 12:48:15,409 [ERROR] LogOutputStream:75 - [STDERR_REDIRECT] 
2026-05-04 12:48:16,405 [ERROR] LogOutputStream:75 - [STDERR_REDIRECT] [Fatal Error] :1:1: Premature end of file.
2026-05-04 12:48:16,405 [ERROR] LogOutputStream:75 - [STDERR_REDIRECT] 
2026-05-04 12:48:17,412 [ERROR] LogOutputStream:75 - [STDERR_REDIRECT] [Fatal Error] :1:1: Premature end of file.
2026-05-04 12:48:17,412 [ERROR] LogOutputStream:75 - [STDERR_REDIRECT] 
2026-05-04 12:48:18,406 [ERROR] LogOutputStream:75 - [STDERR_REDIRECT] [Fatal Error] :1:1: Premature end of file.
2026-05-04 12:48:18,406 [ERROR] LogOutputStream:75 - [STDERR_REDIRECT] 
2026-05-04 12:48:19,406 [ERROR] LogOutputStream:75 - [STDERR_REDIRECT] [Fatal Error] :1:1: Premature end of file.
2026-05-04 12:48:19,406 [ERROR] LogOutputStream:75 - [STDERR_REDIRECT] 
2026-05-04 12:48:20,418 [ERROR] LogOutputStream:75 - [STDERR_REDIRECT] [Fatal Error] :1:1: Premature end of file.
2026-05-04 12:48:20,418 [ERROR] LogOutputStream:75 - [STDERR_REDIRECT] 
2026-05-04 12:48:21,409 [ERROR] LogOutputStream:75 - [STDERR_REDIRECT] [Fatal Error] :1:1: Premature end of file.
2026-05-04 12:48:21,409 [ERROR] LogOutputStream:75 - [STDERR_REDIRECT] 
2026-05-04 12:48:22,402 [ERROR] LogOutputStream:75 - [STDERR_REDIRECT] [Fatal Error] :1:1: Premature end of file.
2026-05-04 12:48:22,402 [ERROR] LogOutputStream:75 - [STDERR_REDIRECT] 
2026-05-04 12:48:23,402 [ERROR] LogOutputStream:75 - [STDERR_REDIRECT] [Fatal Error] :1:1: Premature end of file.
2026-05-04 12:48:23,405 [ERROR] LogOutputStream:75 - [STDERR_REDIRECT] 
2026-05-04 12:48:24,405 [ERROR] LogOutputStream:75 - [STDERR_REDIRECT] [Fatal Error] :1:1: Premature end of file.
2026-05-04 12:48:24,405 [ERROR] LogOutputStream:75 - [STDERR_REDIRECT] 
2026-05-04 12:48:25,404 [ERROR] LogOutputStream:75 - [STDERR_REDIRECT] [Fatal Error] :1:1: Premature end of file.
2026-05-04 12:48:25,404 [ERROR] LogOutputStream:75 - [STDERR_REDIRECT] 
2026-05-04 12:48:26,404 [ERROR] LogOutputStream:75 - [STDERR_REDIRECT] [Fatal Error] :1:1: Premature end of file.
2026-05-04 12:48:26,404 [ERROR] LogOutputStream:75 - [STDERR_REDIRECT] 
2026-05-04 12:48:27,407 [ERROR] LogOutputStream:75 - [STDERR_REDIRECT] [Fatal Error] :1:1: Premature end of file.
2026-05-04 12:48:27,407 [ERROR] LogOutputStream:75 - [STDERR_REDIRECT] 
2026-05-04 12:48:28,409 [ERROR] LogOutputStream:75 - [STDERR_REDIRECT] [Fatal Error] :1:1: Premature end of file.
2026-05-04 12:48:28,409 [ERROR] LogOutputStream:75 - [STDERR_REDIRECT] 
2026-05-04 12:48:29,404 [ERROR] LogOutputStream:75 - [STDERR_REDIRECT] [Fatal Error] :1:1: Premature end of file.
2026-05-04 12:48:29,406 [ERROR] LogOutputStream:75 - [STDERR_REDIRECT] 
2026-05-04 12:48:30,402 [ERROR] LogOutputStream:75 - [STDERR_REDIRECT] [Fatal Error] :1:1: Premature end of file.
2026-05-04 12:48:30,402 [ERROR] LogOutputStream:75 - [STDERR_REDIRECT] 
2026-05-04 12:48:31,403 [ERROR] LogOutputStream:75 - [STDERR_REDIRECT] [Fatal Error] :1:1: Premature end of file.
2026-05-04 12:48:31,403 [ERROR] LogOutputStream:75 - [STDERR_REDIRECT] 
2026-05-04 12:48:32,400 [ERROR] LogOutputStream:75 - [STDERR_REDIRECT] [Fatal Error] :1:1: Premature end of file.
2026-05-04 12:48:32,402 [ERROR] LogOutputStream:75 - [STDERR_REDIRECT] 
2026-05-04 12:48:33,405 [ERROR] LogOutputStream:75 - [STDERR_REDIRECT] [Fatal Error] :1:1: Premature end of file.
2026-05-04 12:48:33,405 [ERROR] LogOutputStream:75 - [STDERR_REDIRECT] 
2026-05-04 12:48:34,402 [ERROR] LogOutputStream:75 - [STDERR_REDIRECT] [Fatal Error] :1:1: Premature end of file.
2026-05-04 12:48:34,402 [ERROR] LogOutputStream:75 - [STDERR_REDIRECT] 
2026-05-04 12:48:35,404 [ERROR] LogOutputStream:75 - [STDERR_REDIRECT] [Fatal Error] :1:1: Premature end of file.
2026-05-04 12:48:35,407 [ERROR] LogOutputStream:75 - [STDERR_REDIRECT] 
2026-05-04 12:48:36,403 [ERROR] LogOutputStream:75 - [STDERR_REDIRECT] [Fatal Error] :1:1: Premature end of file.
2026-05-04 12:48:36,403 [ERROR] LogOutputStream:75 - [STDERR_REDIRECT] 
2026-05-04 12:48:37,400 [ERROR] LogOutputStream:75 - [STDERR_REDIRECT] [Fatal Error] :1:1: Premature end of file.
2026-05-04 12:48:37,400 [ERROR] LogOutputStream:75 - [STDERR_REDIRECT] 
2026-05-04 12:48:39,497 [ERROR] LogOutputStream:75 - [STDERR_REDIRECT] [Fatal Error] :1:1: Premature end of file.
2026-05-04 12:48:39,499 [ERROR] LogOutputStream:75 - [STDERR_REDIRECT] 
2026-05-04 12:48:39,565 [ERROR] LogOutputStream:75 - [STDERR_REDIRECT] [Fatal Error] :1:1: Premature end of file.
2026-05-04 12:48:39,565 [ERROR] LogOutputStream:75 - [STDERR_REDIRECT] 
2026-05-04 12:48:40,402 [ERROR] LogOutputStream:75 - [STDERR_REDIRECT] [Fatal Error] :1:1: Premature end of file.
2026-05-04 12:48:40,402 [ERROR] LogOutputStream:75 - [STDERR_REDIRECT] 
2026-05-04 12:49:35,680 [INFO] WebApp:194 - Connection lost
2026-05-04 12:49:36,187 [INFO] WebApp:191 - Connection restablished
2026-05-04 12:49:37,947 [ERROR] LogOutputStream:75 - [STDERR_REDIRECT] [Fatal Error] :1:1: Premature end of file.
2026-05-04 12:49:37,949 [ERROR] LogOutputStream:75 - [STDERR_REDIRECT] 
2026-05-04 12:49:38,242 [ERROR] LogOutputStream:75 - [STDERR_REDIRECT] [Fatal Error] :1:1: Premature end of file.
2026-05-04 12:49:38,244 [ERROR] LogOutputStream:75 - [STDERR_REDIRECT] 
2026-05-04 12:49:38,280 [INFO] WebApp:194 - Connection lost
2026-05-04 12:49:38,331 [ERROR] LogOutputStream:75 - [STDERR_REDIRECT] [Fatal Error] :1:1: Premature end of file.
2026-05-04 12:49:38,333 [ERROR] LogOutputStream:75 - [STDERR_REDIRECT] 
2026-05-04 12:49:38,420 [ERROR] LogOutputStream:75 - [STDERR_REDIRECT] [Fatal Error] :1:1: Premature end of file.
2026-05-04 12:49:38,420 [ERROR] LogOutputStream:75 - [STDERR_REDIRECT] 
2026-05-04 12:49:38,471 [INFO] WebApp:191 - Connection restablished
2026-05-04 12:49:38,524 [ERROR] LogOutputStream:75 - [STDERR_REDIRECT] [Fatal Error] :1:1: Premature end of file.
2026-05-04 12:49:38,526 [ERROR] LogOutputStream:75 - [STDERR_REDIRECT] 
2026-05-04 12:49:38,593 [ERROR] LogOutputStream:75 - [STDERR_REDIRECT] [Fatal Error] :1:1: Premature end of file.
2026-05-04 12:49:38,593 [ERROR] LogOutputStream:75 - [STDERR_REDIRECT] 
2026-05-04 12:49:38,691 [ERROR] LogOutputStream:75 - [STDERR_REDIRECT] [Fatal Error] :1:1: Premature end of file.
2026-05-04 12:49:38,691 [ERROR] LogOutputStream:75 - [STDERR_REDIRECT] 
2026-05-04 12:49:38,762 [ERROR] LogOutputStream:75 - [STDERR_REDIRECT] [Fatal Error] :1:1: Premature end of file.
2026-05-04 12:49:38,764 [ERROR] LogOutputStream:75 - [STDERR_REDIRECT] 
2026-05-04 12:49:38,867 [ERROR] LogOutputStream:75 - [STDERR_REDIRECT] [Fatal Error] :1:1: Premature end of file.
2026-05-04 12:49:38,867 [ERROR] LogOutputStream:75 - [STDERR_REDIRECT] 
2026-05-04 12:49:38,951 [ERROR] LogOutputStream:75 - [STDERR_REDIRECT] [Fatal Error] :1:1: Premature end of file.
2026-05-04 12:49:38,951 [ERROR] LogOutputStream:75 - [STDERR_REDIRECT] 
2026-05-04 12:49:39,040 [ERROR] LogOutputStream:75 - [STDERR_REDIRECT] [Fatal Error] :1:1: Premature end of file.
2026-05-04 12:49:39,042 [ERROR] LogOutputStream:75 - [STDERR_REDIRECT] 
2026-05-04 12:49:39,251 [ERROR] LogOutputStream:75 - [STDERR_REDIRECT] [Fatal Error] :1:1: Premature end of file.
2026-05-04 12:49:39,251 [ERROR] LogOutputStream:75 - [STDERR_REDIRECT] 
2026-05-04 12:49:39,457 [ERROR] LogOutputStream:75 - [STDERR_REDIRECT] [Fatal Error] :1:1: Premature end of file.
2026-05-04 12:49:39,457 [ERROR] LogOutputStream:75 - [STDERR_REDIRECT] 
2026-05-04 12:49:39,519 [ERROR] LogOutputStream:75 - [STDERR_REDIRECT] [Fatal Error] :1:1: Premature end of file.
2026-05-04 12:49:39,519 [ERROR] LogOutputStream:75 - [STDERR_REDIRECT] 
2026-05-04 12:49:39,589 [ERROR] LogOutputStream:75 - [STDERR_REDIRECT] [Fatal Error] :1:1: Premature end of file.
2026-05-04 12:49:39,589 [ERROR] LogOutputStream:75 - [STDERR_REDIRECT] 
2026-05-04 12:49:39,655 [ERROR] LogOutputStream:75 - [STDERR_REDIRECT] [Fatal Error] :1:1: Premature end of file.
2026-05-04 12:49:39,657 [ERROR] LogOutputStream:75 - [STDERR_REDIRECT] 
2026-05-04 12:49:39,729 [ERROR] LogOutputStream:75 - [STDERR_REDIRECT] [Fatal Error] :1:1: Premature end of file.
2026-05-04 12:49:39,729 [ERROR] LogOutputStream:75 - [STDERR_REDIRECT] 
2026-05-04 12:49:39,817 [ERROR] LogOutputStream:75 - [STDERR_REDIRECT] [Fatal Error] :1:1: Premature end of file.
2026-05-04 12:49:39,817 [ERROR] LogOutputStream:75 - [STDERR_REDIRECT] 
2026-05-04 12:49:39,892 [ERROR] LogOutputStream:75 - [STDERR_REDIRECT] [Fatal Error] :1:1: Premature end of file.
2026-05-04 12:49:39,892 [ERROR] LogOutputStream:75 - [STDERR_REDIRECT] 
2026-05-04 12:49:40,019 [ERROR] LogOutputStream:75 - [STDERR_REDIRECT] [Fatal Error] :1:1: Premature end of file.
2026-05-04 12:49:40,019 [ERROR] LogOutputStream:75 - [STDERR_REDIRECT] 
2026-05-04 12:49:40,146 [ERROR] LogOutputStream:75 - [STDERR_REDIRECT] [Fatal Error] :1:1: Premature end of file.
2026-05-04 12:49:40,146 [ERROR] LogOutputStream:75 - [STDERR_REDIRECT] 
2026-05-04 12:49:40,263 [ERROR] LogOutputStream:75 - [STDERR_REDIRECT] [Fatal Error] :1:1: Premature end of file.
2026-05-04 12:49:40,265 [ERROR] LogOutputStream:75 - [STDERR_REDIRECT] 
2026-05-04 12:49:40,374 [ERROR] LogOutputStream:75 - [STDERR_REDIRECT] [Fatal Error] :1:1: Premature end of file.
2026-05-04 12:49:40,376 [ERROR] LogOutputStream:75 - [STDERR_REDIRECT] 
2026-05-04 12:49:40,487 [ERROR] LogOutputStream:75 - [STDERR_REDIRECT] [Fatal Error] :1:1: Premature end of file.
2026-05-04 12:49:40,487 [ERROR] LogOutputStream:75 - [STDERR_REDIRECT] 
2026-05-04 12:49:40,577 [ERROR] LogOutputStream:75 - [STDERR_REDIRECT] [Fatal Error] :1:1: Premature end of file.
2026-05-04 12:49:40,577 [ERROR] LogOutputStream:75 - [STDERR_REDIRECT] 
2026-05-04 12:49:40,644 [ERROR] LogOutputStream:75 - [STDERR_REDIRECT] [Fatal Error] :1:1: Premature end of file.
2026-05-04 12:49:40,644 [ERROR] LogOutputStream:75 - [STDERR_REDIRECT] 
2026-05-04 12:49:40,679 [INFO] WebApp:194 - Connection lost
2026-05-04 12:49:40,750 [ERROR] LogOutputStream:75 - [STDERR_REDIRECT] [Fatal Error] :1:1: Premature end of file.
2026-05-04 12:49:40,750 [ERROR] LogOutputStream:75 - [STDERR_REDIRECT] 
2026-05-04 12:49:40,823 [ERROR] LogOutputStream:75 - [STDERR_REDIRECT] [Fatal Error] :1:1: Premature end of file.
2026-05-04 12:49:40,823 [ERROR] LogOutputStream:75 - [STDERR_REDIRECT] 
2026-05-04 12:49:40,847 [INFO] WebApp:191 - Connection restablished
2026-05-04 12:49:40,937 [ERROR] LogOutputStream:75 - [STDERR_REDIRECT] [Fatal Error] :1:1: Premature end of file.
2026-05-04 12:49:40,937 [ERROR] LogOutputStream:75 - [STDERR_REDIRECT] 
2026-05-04 12:49:41,015 [ERROR] LogOutputStream:75 - [STDERR_REDIRECT] [Fatal Error] :1:1: Premature end of file.
2026-05-04 12:49:41,015 [ERROR] LogOutputStream:75 - [STDERR_REDIRECT] 
2026-05-04 12:49:41,080 [ERROR] LogOutputStream:75 - [STDERR_REDIRECT] [Fatal Error] :1:1: Premature end of file.
2026-05-04 12:49:41,080 [ERROR] LogOutputStream:75 - [STDERR_REDIRECT] 
2026-05-04 12:49:41,140 [ERROR] LogOutputStream:75 - [STDERR_REDIRECT] [Fatal Error] :1:1: Premature end of file.
2026-05-04 12:49:41,140 [ERROR] LogOutputStream:75 - [STDERR_REDIRECT] 
2026-05-04 12:49:41,223 [ERROR] LogOutputStream:75 - [STDERR_REDIRECT] [Fatal Error] :1:1: Premature end of file.
2026-05-04 12:49:41,223 [ERROR] LogOutputStream:75 - [STDERR_REDIRECT] 
2026-05-04 12:49:41,284 [ERROR] LogOutputStream:75 - [STDERR_REDIRECT] [Fatal Error] :1:1: Premature end of file.
2026-05-04 12:49:41,284 [ERROR] LogOutputStream:75 - [STDERR_REDIRECT] 
2026-05-04 12:49:41,347 [ERROR] LogOutputStream:75 - [STDERR_REDIRECT] [Fatal Error] :1:1: Premature end of file.
2026-05-04 12:49:41,347 [ERROR] LogOutputStream:75 - [STDERR_REDIRECT] 
2026-05-04 12:49:41,414 [ERROR] LogOutputStream:75 - [STDERR_REDIRECT] [Fatal Error] :1:1: Premature end of file.
2026-05-04 12:49:41,414 [ERROR] LogOutputStream:75 - [STDERR_REDIRECT] 
2026-05-04 12:49:41,472 [ERROR] LogOutputStream:75 - [STDERR_REDIRECT] [Fatal Error] :1:1: Premature end of file.
2026-05-04 12:49:41,474 [ERROR] LogOutputStream:75 - [STDERR_REDIRECT] 
2026-05-04 12:49:41,525 [ERROR] LogOutputStream:75 - [STDERR_REDIRECT] [Fatal Error] :1:1: Premature end of file.
2026-05-04 12:49:41,525 [ERROR] LogOutputStream:75 - [STDERR_REDIRECT] 
2026-05-04 12:49:41,584 [ERROR] LogOutputStream:75 - [STDERR_REDIRECT] [Fatal Error] :1:1: Premature end of file.
2026-05-04 12:49:41,584 [ERROR] LogOutputStream:75 - [STDERR_REDIRECT] 
2026-05-04 12:49:41,638 [ERROR] LogOutputStream:75 - [STDERR_REDIRECT] [Fatal Error] :1:1: Premature end of file.
2026-05-04 12:49:41,638 [ERROR] LogOutputStream:75 - [STDERR_REDIRECT] 
2026-05-04 12:49:41,699 [ERROR] LogOutputStream:75 - [STDERR_REDIRECT] [Fatal Error] :1:1: Premature end of file.
2026-05-04 12:49:41,699 [ERROR] LogOutputStream:75 - [STDERR_REDIRECT] 
2026-05-04 12:49:41,764 [ERROR] LogOutputStream:75 - [STDERR_REDIRECT] [Fatal Error] :1:1: Premature end of file.
2026-05-04 12:49:41,764 [ERROR] LogOutputStream:75 - [STDERR_REDIRECT] 
2026-05-04 12:49:41,856 [ERROR] LogOutputStream:75 - [STDERR_REDIRECT] [Fatal Error] :1:1: Premature end of file.
2026-05-04 12:49:41,857 [ERROR] LogOutputStream:75 - [STDERR_REDIRECT] 
2026-05-04 12:49:41,937 [ERROR] LogOutputStream:75 - [STDERR_REDIRECT] [Fatal Error] :1:1: Premature end of file.
2026-05-04 12:49:41,937 [ERROR] LogOutputStream:75 - [STDERR_REDIRECT] 
2026-05-04 12:49:41,998 [ERROR] LogOutputStream:75 - [STDERR_REDIRECT] [Fatal Error] :1:1: Premature end of file.
2026-05-04 12:49:41,998 [ERROR] LogOutputStream:75 - [STDERR_REDIRECT] 
2026-05-04 12:49:42,048 [ERROR] LogOutputStream:75 - [STDERR_REDIRECT] [Fatal Error] :1:1: Premature end of file.
2026-05-04 12:49:42,049 [ERROR] LogOutputStream:75 - [STDERR_REDIRECT] 
2026-05-04 12:49:42,090 [ERROR] LogOutputStream:75 - [STDERR_REDIRECT] [Fatal Error] :1:1: Premature end of file.
2026-05-04 12:49:42,090 [ERROR] LogOutputStream:75 - [STDERR_REDIRECT] 
2026-05-04 12:49:42,131 [ERROR] LogOutputStream:75 - [STDERR_REDIRECT] [Fatal Error] :1:1: Premature end of file.
2026-05-04 12:49:42,133 [ERROR] LogOutputStream:75 - [STDERR_REDIRECT] 
2026-05-04 12:49:42,170 [ERROR] LogOutputStream:75 - [STDERR_REDIRECT] [Fatal Error] :1:1: Premature end of file.
2026-05-04 12:49:42,170 [ERROR] LogOutputStream:75 - [STDERR_REDIRECT] 
2026-05-04 12:49:42,212 [ERROR] LogOutputStream:75 - [STDERR_REDIRECT] [Fatal Error] :1:1: Premature end of file.
2026-05-04 12:49:42,212 [ERROR] LogOutputStream:75 - [STDERR_REDIRECT] 
2026-05-04 12:49:42,248 [ERROR] LogOutputStream:75 - [STDERR_REDIRECT] [Fatal Error] :1:1: Premature end of file.
2026-05-04 12:49:42,248 [ERROR] LogOutputStream:75 - [STDERR_REDIRECT] 
2026-05-04 12:49:42,284 [ERROR] LogOutputStream:75 - [STDERR_REDIRECT] [Fatal Error] :1:1: Premature end of file.
2026-05-04 12:49:42,284 [ERROR] LogOutputStream:75 - [STDERR_REDIRECT] 
2026-05-04 12:49:42,335 [ERROR] LogOutputStream:75 - [STDERR_REDIRECT] [Fatal Error] :1:1: Premature end of file.
2026-05-04 12:49:42,494 [ERROR] LogOutputStream:75 - [STDERR_REDIRECT] 
2026-05-04 12:49:42,563 [ERROR] LogOutputStream:75 - [STDERR_REDIRECT] [Fatal Error] :1:1: Premature end of file.
2026-05-04 12:49:42,563 [ERROR] LogOutputStream:75 - [STDERR_REDIRECT] 
2026-05-04 12:49:42,606 [ERROR] LogOutputStream:75 - [STDERR_REDIRECT] [Fatal Error] :1:1: Premature end of file.
2026-05-04 12:49:42,606 [ERROR] LogOutputStream:75 - [STDERR_REDIRECT] 
2026-05-04 12:49:42,646 [ERROR] LogOutputStream:75 - [STDERR_REDIRECT] [Fatal Error] :1:1: Premature end of file.
2026-05-04 12:49:42,646 [ERROR] LogOutputStream:75 - [STDERR_REDIRECT] 
2026-05-04 12:49:42,693 [ERROR] LogOutputStream:75 - [STDERR_REDIRECT] [Fatal Error] :1:1: Premature end of file.
2026-05-04 12:49:42,693 [ERROR] LogOutputStream:75 - [STDERR_REDIRECT] 
2026-05-04 12:49:42,736 [ERROR] LogOutputStream:75 - [STDERR_REDIRECT] [Fatal Error] :1:1: Premature end of file.
2026-05-04 12:49:42,736 [ERROR] LogOutputStream:75 - [STDERR_REDIRECT] 
2026-05-04 12:49:42,778 [ERROR] LogOutputStream:75 - [STDERR_REDIRECT] [Fatal Error] :1:1: Premature end of file.
2026-05-04 12:49:42,778 [ERROR] LogOutputStream:75 - [STDERR_REDIRECT] 
2026-05-04 12:49:42,815 [ERROR] LogOutputStream:75 - [STDERR_REDIRECT] [Fatal Error] :1:1: Premature end of file.
2026-05-04 12:49:42,815 [ERROR] LogOutputStream:75 - [STDERR_REDIRECT] 
2026-05-04 12:49:42,860 [ERROR] LogOutputStream:75 - [STDERR_REDIRECT] [Fatal Error] :1:1: Premature end of file.
2026-05-04 12:49:42,860 [ERROR] LogOutputStream:75 - [STDERR_REDIRECT] 
2026-05-04 12:49:42,905 [ERROR] LogOutputStream:75 - [STDERR_REDIRECT] [Fatal Error] :1:1: Premature end of file.
2026-05-04 12:49:42,905 [ERROR] LogOutputStream:75 - [STDERR_REDIRECT] 
2026-05-04 12:49:43,405 [ERROR] LogOutputStream:75 - [STDERR_REDIRECT] [Fatal Error] :1:1: Premature end of file.
2026-05-04 12:49:43,405 [ERROR] LogOutputStream:75 - [STDERR_REDIRECT] 
2026-05-04 12:49:44,019 [INFO] WebApp:194 - Connection lost
2026-05-04 12:49:44,196 [INFO] WebApp:191 - Connection restablished
2026-05-04 12:49:44,405 [ERROR] LogOutputStream:75 - [STDERR_REDIRECT] [Fatal Error] :1:1: Premature end of file.
2026-05-04 12:49:44,405 [ERROR] LogOutputStream:75 - [STDERR_REDIRECT] 
2026-05-04 12:49:45,398 [ERROR] LogOutputStream:75 - [STDERR_REDIRECT] [Fatal Error] :1:1: Premature end of file.
2026-05-04 12:49:45,398 [ERROR] LogOutputStream:75 - [STDERR_REDIRECT] 
2026-05-04 12:49:46,403 [ERROR] LogOutputStream:75 - [STDERR_REDIRECT] [Fatal Error] :1:1: Premature end of file.
2026-05-04 12:49:46,403 [ERROR] LogOutputStream:75 - [STDERR_REDIRECT] 
2026-05-04 12:49:47,399 [ERROR] LogOutputStream:75 - [STDERR_REDIRECT] [Fatal Error] :1:1: Premature end of file.
2026-05-04 12:49:47,399 [ERROR] LogOutputStream:75 - [STDERR_REDIRECT] 
2026-05-04 12:49:48,404 [ERROR] LogOutputStream:75 - [STDERR_REDIRECT] [Fatal Error] :1:1: Premature end of file.
2026-05-04 12:49:48,404 [ERROR] LogOutputStream:75 - [STDERR_REDIRECT] 
2026-05-04 12:49:49,401 [ERROR] LogOutputStream:75 - [STDERR_REDIRECT] [Fatal Error] :1:1: Premature end of file.
2026-05-04 12:49:49,401 [ERROR] LogOutputStream:75 - [STDERR_REDIRECT] 
2026-05-04 12:49:50,401 [ERROR] LogOutputStream:75 - [STDERR_REDIRECT] [Fatal Error] :1:1: Premature end of file.
2026-05-04 12:49:50,401 [ERROR] LogOutputStream:75 - [STDERR_REDIRECT] 
2026-05-04 12:49:51,396 [ERROR] LogOutputStream:75 - [STDERR_REDIRECT] [Fatal Error] :1:1: Premature end of file.
2026-05-04 12:49:51,396 [ERROR] LogOutputStream:75 - [STDERR_REDIRECT] 
2026-05-04 12:49:52,404 [ERROR] LogOutputStream:75 - [STDERR_REDIRECT] [Fatal Error] :1:1: Premature end of file.
2026-05-04 12:49:52,404 [ERROR] LogOutputStream:75 - [STDERR_REDIRECT] 
2026-05-04 12:49:53,402 [ERROR] LogOutputStream:75 - [STDERR_REDIRECT] [Fatal Error] :1:1: Premature end of file.
2026-05-04 12:49:53,402 [ERROR] LogOutputStream:75 - [STDERR_REDIRECT] 
2026-05-04 12:49:54,397 [ERROR] LogOutputStream:75 - [STDERR_REDIRECT] [Fatal Error] :1:1: Premature end of file.
2026-05-04 12:49:54,397 [ERROR] LogOutputStream:75 - [STDERR_REDIRECT] 
2026-05-04 12:49:55,398 [ERROR] LogOutputStream:75 - [STDERR_REDIRECT] [Fatal Error] :1:1: Premature end of file.
2026-05-04 12:49:55,398 [ERROR] LogOutputStream:75 - [STDERR_REDIRECT] 
2026-05-04 12:49:56,401 [ERROR] LogOutputStream:75 - [STDERR_REDIRECT] [Fatal Error] :1:1: Premature end of file.
2026-05-04 12:49:56,401 [ERROR] LogOutputStream:75 - [STDERR_REDIRECT] 
2026-05-04 12:49:57,404 [ERROR] LogOutputStream:75 - [STDERR_REDIRECT] [Fatal Error] :1:1: Premature end of file.
2026-05-04 12:49:57,404 [ERROR] LogOutputStream:75 - [STDERR_REDIRECT] 
2026-05-04 12:49:58,401 [ERROR] LogOutputStream:75 - [STDERR_REDIRECT] [Fatal Error] :1:1: Premature end of file.
2026-05-04 12:49:58,401 [ERROR] LogOutputStream:75 - [STDERR_REDIRECT] 
2026-05-04 12:49:59,397 [ERROR] LogOutputStream:75 - [STDERR_REDIRECT] [Fatal Error] :1:1: Premature end of file.
2026-05-04 12:49:59,397 [ERROR] LogOutputStream:75 - [STDERR_REDIRECT] 
2026-05-04 12:50:00,401 [ERROR] LogOutputStream:75 - [STDERR_REDIRECT] [Fatal Error] :1:1: Premature end of file.
2026-05-04 12:50:00,401 [ERROR] LogOutputStream:75 - [STDERR_REDIRECT] 
2026-05-04 12:50:01,402 [ERROR] LogOutputStream:75 - [STDERR_REDIRECT] [Fatal Error] :1:1: Premature end of file.
2026-05-04 12:50:01,402 [ERROR] LogOutputStream:75 - [STDERR_REDIRECT] 
2026-05-04 12:50:02,402 [ERROR] LogOutputStream:75 - [STDERR_REDIRECT] [Fatal Error] :1:1: Premature end of file.
2026-05-04 12:50:02,402 [ERROR] LogOutputStream:75 - [STDERR_REDIRECT] 
2026-05-04 12:50:03,403 [ERROR] LogOutputStream:75 - [STDERR_REDIRECT] [Fatal Error] :1:1: Premature end of file.
2026-05-04 12:50:03,403 [ERROR] LogOutputStream:75 - [STDERR_REDIRECT] 
2026-05-04 12:50:04,403 [ERROR] LogOutputStream:75 - [STDERR_REDIRECT] [Fatal Error] :1:1: Premature end of file.
2026-05-04 12:50:04,403 [ERROR] LogOutputStream:75 - [STDERR_REDIRECT] 
2026-05-04 12:50:05,401 [ERROR] LogOutputStream:75 - [STDERR_REDIRECT] [Fatal Error] :1:1: Premature end of file.
2026-05-04 12:50:05,401 [ERROR] LogOutputStream:75 - [STDERR_REDIRECT] 
2026-05-04 12:50:06,401 [ERROR] LogOutputStream:75 - [STDERR_REDIRECT] [Fatal Error] :1:1: Premature end of file.
2026-05-04 12:50:06,403 [ERROR] LogOutputStream:75 - [STDERR_REDIRECT] 
2026-05-04 12:50:07,405 [ERROR] LogOutputStream:75 - [STDERR_REDIRECT] [Fatal Error] :1:1: Premature end of file.
2026-05-04 12:50:07,405 [ERROR] LogOutputStream:75 - [STDERR_REDIRECT] 
2026-05-04 12:50:08,404 [ERROR] LogOutputStream:75 - [STDERR_REDIRECT] [Fatal Error] :1:1: Premature end of file.
2026-05-04 12:50:08,404 [ERROR] LogOutputStream:75 - [STDERR_REDIRECT] 
2026-05-04 12:50:09,403 [ERROR] LogOutputStream:75 - [STDERR_REDIRECT] [Fatal Error] :1:1: Premature end of file.
2026-05-04 12:50:09,403 [ERROR] LogOutputStream:75 - [STDERR_REDIRECT] 
2026-05-04 12:50:10,403 [ERROR] LogOutputStream:75 - [STDERR_REDIRECT] [Fatal Error] :1:1: Premature end of file.
2026-05-04 12:50:10,403 [ERROR] LogOutputStream:75 - [STDERR_REDIRECT] 
2026-05-04 12:50:11,407 [ERROR] LogOutputStream:75 - [STDERR_REDIRECT] [Fatal Error] :1:1: Premature end of file.
2026-05-04 12:50:11,407 [ERROR] LogOutputStream:75 - [STDERR_REDIRECT] 
2026-05-04 12:50:12,402 [ERROR] LogOutputStream:75 - [STDERR_REDIRECT] [Fatal Error] :1:1: Premature end of file.
2026-05-04 12:50:12,402 [ERROR] LogOutputStream:75 - [STDERR_REDIRECT] 
2026-05-04 12:50:13,406 [ERROR] LogOutputStream:75 - [STDERR_REDIRECT] [Fatal Error] :1:1: Premature end of file.
2026-05-04 12:50:13,406 [ERROR] LogOutputStream:75 - [STDERR_REDIRECT] 
2026-05-04 12:50:14,402 [ERROR] LogOutputStream:75 - [STDERR_REDIRECT] [Fatal Error] :1:1: Premature end of file.
2026-05-04 12:50:14,405 [ERROR] LogOutputStream:75 - [STDERR_REDIRECT] 
2026-05-04 12:50:15,403 [ERROR] LogOutputStream:75 - [STDERR_REDIRECT] [Fatal Error] :1:1: Premature end of file.
2026-05-04 12:50:15,403 [ERROR] LogOutputStream:75 - [STDERR_REDIRECT] 
2026-05-04 12:50:16,402 [ERROR] LogOutputStream:75 - [STDERR_REDIRECT] [Fatal Error] :1:1: Premature end of file.
2026-05-04 12:50:16,402 [ERROR] LogOutputStream:75 - [STDERR_REDIRECT] 
2026-05-04 12:50:17,395 [ERROR] LogOutputStream:75 - [STDERR_REDIRECT] [Fatal Error] :1:1: Premature end of file.
2026-05-04 12:50:17,395 [ERROR] LogOutputStream:75 - [STDERR_REDIRECT] 
2026-05-04 12:50:18,400 [ERROR] LogOutputStream:75 - [STDERR_REDIRECT] [Fatal Error] :1:1: Premature end of file.
2026-05-04 12:50:18,400 [ERROR] LogOutputStream:75 - [STDERR_REDIRECT] 
2026-05-04 12:50:19,401 [ERROR] LogOutputStream:75 - [STDERR_REDIRECT] [Fatal Error] :1:1: Premature end of file.
2026-05-04 12:50:19,401 [ERROR] LogOutputStream:75 - [STDERR_REDIRECT] 
2026-05-04 12:50:20,399 [ERROR] LogOutputStream:75 - [STDERR_REDIRECT] [Fatal Error] :1:1: Premature end of file.
2026-05-04 12:50:20,399 [ERROR] LogOutputStream:75 - [STDERR_REDIRECT] 
2026-05-04 12:50:21,404 [ERROR] LogOutputStream:75 - [STDERR_REDIRECT] [Fatal Error] :1:1: Premature end of file.
2026-05-04 12:50:21,404 [ERROR] LogOutputStream:75 - [STDERR_REDIRECT] 
2026-05-04 12:50:22,403 [ERROR] LogOutputStream:75 - [STDERR_REDIRECT] [Fatal Error] :1:1: Premature end of file.
2026-05-04 12:50:22,403 [ERROR] LogOutputStream:75 - [STDERR_REDIRECT] 
2026-05-04 12:50:23,394 [ERROR] LogOutputStream:75 - [STDERR_REDIRECT] [Fatal Error] :1:1: Premature end of file.
2026-05-04 12:50:23,394 [ERROR] LogOutputStream:75 - [STDERR_REDIRECT] 
2026-05-04 12:50:24,401 [ERROR] LogOutputStream:75 - [STDERR_REDIRECT] [Fatal Error] :1:1: Premature end of file.
2026-05-04 12:50:24,401 [ERROR] LogOutputStream:75 - [STDERR_REDIRECT] 
2026-05-04 12:50:25,403 [ERROR] LogOutputStream:75 - [STDERR_REDIRECT] [Fatal Error] :1:1: Premature end of file.
2026-05-04 12:50:25,403 [ERROR] LogOutputStream:75 - [STDERR_REDIRECT] 
2026-05-04 12:50:26,409 [ERROR] LogOutputStream:75 - [STDERR_REDIRECT] [Fatal Error] :1:1: Premature end of file.
2026-05-04 12:50:26,409 [ERROR] LogOutputStream:75 - [STDERR_REDIRECT] 
2026-05-04 12:50:27,410 [ERROR] LogOutputStream:75 - [STDERR_REDIRECT] [Fatal Error] :1:1: Premature end of file.
2026-05-04 12:50:27,411 [ERROR] LogOutputStream:75 - [STDERR_REDIRECT] 
2026-05-04 12:50:28,408 [ERROR] LogOutputStream:75 - [STDERR_REDIRECT] [Fatal Error] :1:1: Premature end of file.
2026-05-04 12:50:28,408 [ERROR] LogOutputStream:75 - [STDERR_REDIRECT] 
2026-05-04 12:50:29,411 [ERROR] LogOutputStream:75 - [STDERR_REDIRECT] [Fatal Error] :1:1: Premature end of file.
2026-05-04 12:50:29,411 [ERROR] LogOutputStream:75 - [STDERR_REDIRECT] 
2026-05-04 12:50:30,408 [ERROR] LogOutputStream:75 - [STDERR_REDIRECT] [Fatal Error] :1:1: Premature end of file.
2026-05-04 12:50:30,408 [ERROR] LogOutputStream:75 - [STDERR_REDIRECT] 
2026-05-04 12:50:31,404 [ERROR] LogOutputStream:75 - [STDERR_REDIRECT] [Fatal Error] :1:1: Premature end of file.
2026-05-04 12:50:31,404 [ERROR] LogOutputStream:75 - [STDERR_REDIRECT] 
2026-05-04 12:50:32,389 [ERROR] LogOutputStream:75 - [STDERR_REDIRECT] [Fatal Error] :1:1: Premature end of file.
2026-05-04 12:50:32,389 [ERROR] LogOutputStream:75 - [STDERR_REDIRECT] 
2026-05-04 12:50:33,386 [ERROR] LogOutputStream:75 - [STDERR_REDIRECT] [Fatal Error] :1:1: Premature end of file.
2026-05-04 12:50:33,386 [ERROR] LogOutputStream:75 - [STDERR_REDIRECT] 
2026-05-04 12:50:34,388 [ERROR] LogOutputStream:75 - [STDERR_REDIRECT] [Fatal Error] :1:1: Premature end of file.
2026-05-04 12:50:34,388 [ERROR] LogOutputStream:75 - [STDERR_REDIRECT] 
2026-05-04 12:50:35,388 [ERROR] LogOutputStream:75 - [STDERR_REDIRECT] [Fatal Error] :1:1: Premature end of file.
2026-05-04 12:50:35,388 [ERROR] LogOutputStream:75 - [STDERR_REDIRECT] 
2026-05-04 12:50:36,381 [ERROR] LogOutputStream:75 - [STDERR_REDIRECT] [Fatal Error] :1:1: Premature end of file.
2026-05-04 12:50:36,381 [ERROR] LogOutputStream:75 - [STDERR_REDIRECT] 
2026-05-04 12:50:37,387 [ERROR] LogOutputStream:75 - [STDERR_REDIRECT] [Fatal Error] :1:1: Premature end of file.
2026-05-04 12:50:37,387 [ERROR] LogOutputStream:75 - [STDERR_REDIRECT] 
2026-05-04 12:50:38,387 [ERROR] LogOutputStream:75 - [STDERR_REDIRECT] [Fatal Error] :1:1: Premature end of file.
2026-05-04 12:50:38,387 [ERROR] LogOutputStream:75 - [STDERR_REDIRECT] 
2026-05-04 12:50:39,391 [ERROR] LogOutputStream:75 - [STDERR_REDIRECT] [Fatal Error] :1:1: Premature end of file.
2026-05-04 12:50:39,391 [ERROR] LogOutputStream:75 - [STDERR_REDIRECT] 
2026-05-04 12:50:40,389 [ERROR] LogOutputStream:75 - [STDERR_REDIRECT] [Fatal Error] :1:1: Premature end of file.
2026-05-04 12:50:40,389 [ERROR] LogOutputStream:75 - [STDERR_REDIRECT] 
2026-05-04 12:50:41,389 [ERROR] LogOutputStream:75 - [STDERR_REDIRECT] [Fatal Error] :1:1: Premature end of file.
2026-05-04 12:50:41,389 [ERROR] LogOutputStream:75 - [STDERR_REDIRECT] 
2026-05-04 12:50:42,387 [ERROR] LogOutputStream:75 - [STDERR_REDIRECT] [Fatal Error] :1:1: Premature end of file.
2026-05-04 12:50:42,387 [ERROR] LogOutputStream:75 - [STDERR_REDIRECT] 
2026-05-04 12:50:43,388 [ERROR] LogOutputStream:75 - [STDERR_REDIRECT] [Fatal Error] :1:1: Premature end of file.
2026-05-04 12:50:43,388 [ERROR] LogOutputStream:75 - [STDERR_REDIRECT] 
2026-05-04 12:50:44,388 [ERROR] LogOutputStream:75 - [STDERR_REDIRECT] [Fatal Error] :1:1: Premature end of file.
2026-05-04 12:50:44,388 [ERROR] LogOutputStream:75 - [STDERR_REDIRECT] 
2026-05-04 12:50:45,390 [ERROR] LogOutputStream:75 - [STDERR_REDIRECT] [Fatal Error] :1:1: Premature end of file.
2026-05-04 12:50:45,390 [ERROR] LogOutputStream:75 - [STDERR_REDIRECT] 
2026-05-04 12:50:46,387 [ERROR] LogOutputStream:75 - [STDERR_REDIRECT] [Fatal Error] :1:1: Premature end of file.
2026-05-04 12:50:46,387 [ERROR] LogOutputStream:75 - [STDERR_REDIRECT] 
2026-05-04 12:50:47,387 [ERROR] LogOutputStream:75 - [STDERR_REDIRECT] [Fatal Error] :1:1: Premature end of file.
2026-05-04 12:50:47,387 [ERROR] LogOutputStream:75 - [STDERR_REDIRECT] 
2026-05-04 12:50:48,387 [ERROR] LogOutputStream:75 - [STDERR_REDIRECT] [Fatal Error] :1:1: Premature end of file.
2026-05-04 12:50:48,387 [ERROR] LogOutputStream:75 - [STDERR_REDIRECT] 
2026-05-04 12:50:49,388 [ERROR] LogOutputStream:75 - [STDERR_REDIRECT] [Fatal Error] :1:1: Premature end of file.
2026-05-04 12:50:49,388 [ERROR] LogOutputStream:75 - [STDERR_REDIRECT] 
2026-05-04 12:50:50,387 [ERROR] LogOutputStream:75 - [STDERR_REDIRECT] [Fatal Error] :1:1: Premature end of file.
2026-05-04 12:50:50,387 [ERROR] LogOutputStream:75 - [STDERR_REDIRECT] 
2026-05-04 12:50:51,388 [ERROR] LogOutputStream:75 - [STDERR_REDIRECT] [Fatal Error] :1:1: Premature end of file.
2026-05-04 12:50:51,388 [ERROR] LogOutputStream:75 - [STDERR_REDIRECT] 
2026-05-04 12:50:52,388 [ERROR] LogOutputStream:75 - [STDERR_REDIRECT] [Fatal Error] :1:1: Premature end of file.
2026-05-04 12:50:52,388 [ERROR] LogOutputStream:75 - [STDERR_REDIRECT] 
2026-05-04 12:50:53,388 [ERROR] LogOutputStream:75 - [STDERR_REDIRECT] [Fatal Error] :1:1: Premature end of file.
2026-05-04 12:50:53,388 [ERROR] LogOutputStream:75 - [STDERR_REDIRECT] 
2026-05-04 12:50:54,388 [ERROR] LogOutputStream:75 - [STDERR_REDIRECT] [Fatal Error] :1:1: Premature end of file.
2026-05-04 12:50:54,388 [ERROR] LogOutputStream:75 - [STDERR_REDIRECT] 
2026-05-04 12:50:55,415 [ERROR] LogOutputStream:75 - [STDERR_REDIRECT] [Fatal Error] :1:1: Premature end of file.
2026-05-04 12:50:55,415 [ERROR] LogOutputStream:75 - [STDERR_REDIRECT] 
2026-05-04 12:50:56,393 [ERROR] LogOutputStream:75 - [STDERR_REDIRECT] [Fatal Error] :1:1: Premature end of file.
2026-05-04 12:50:56,393 [ERROR] LogOutputStream:75 - [STDERR_REDIRECT] 
2026-05-04 12:50:57,387 [ERROR] LogOutputStream:75 - [STDERR_REDIRECT] [Fatal Error] :1:1: Premature end of file.
2026-05-04 12:50:57,387 [ERROR] LogOutputStream:75 - [STDERR_REDIRECT] 
2026-05-04 12:50:58,385 [ERROR] LogOutputStream:75 - [STDERR_REDIRECT] [Fatal Error] :1:1: Premature end of file.
2026-05-04 12:50:58,385 [ERROR] LogOutputStream:75 - [STDERR_REDIRECT] 
2026-05-04 12:50:59,384 [ERROR] LogOutputStream:75 - [STDERR_REDIRECT] [Fatal Error] :1:1: Premature end of file.
2026-05-04 12:50:59,384 [ERROR] LogOutputStream:75 - [STDERR_REDIRECT] 
2026-05-04 12:51:00,386 [ERROR] LogOutputStream:75 - [STDERR_REDIRECT] [Fatal Error] :1:1: Premature end of file.
2026-05-04 12:51:00,386 [ERROR] LogOutputStream:75 - [STDERR_REDIRECT] 
2026-05-04 12:51:01,384 [ERROR] LogOutputStream:75 - [STDERR_REDIRECT] [Fatal Error] :1:1: Premature end of file.
2026-05-04 12:51:01,384 [ERROR] LogOutputStream:75 - [STDERR_REDIRECT] 
2026-05-04 12:51:02,388 [ERROR] LogOutputStream:75 - [STDERR_REDIRECT] [Fatal Error] :1:1: Premature end of file.
2026-05-04 12:51:02,388 [ERROR] LogOutputStream:75 - [STDERR_REDIRECT] 
2026-05-04 12:51:03,386 [ERROR] LogOutputStream:75 - [STDERR_REDIRECT] [Fatal Error] :1:1: Premature end of file.
2026-05-04 12:51:03,386 [ERROR] LogOutputStream:75 - [STDERR_REDIRECT] 
2026-05-04 12:51:04,384 [ERROR] LogOutputStream:75 - [STDERR_REDIRECT] [Fatal Error] :1:1: Premature end of file.
2026-05-04 12:51:04,384 [ERROR] LogOutputStream:75 - [STDERR_REDIRECT] 
2026-05-04 12:51:05,395 [ERROR] LogOutputStream:75 - [STDERR_REDIRECT] [Fatal Error] :1:1: Premature end of file.
2026-05-04 12:51:05,395 [ERROR] LogOutputStream:75 - [STDERR_REDIRECT] 
2026-05-04 12:51:06,391 [ERROR] LogOutputStream:75 - [STDERR_REDIRECT] [Fatal Error] :1:1: Premature end of file.
2026-05-04 12:51:06,392 [ERROR] LogOutputStream:75 - [STDERR_REDIRECT] 
2026-05-04 12:51:07,383 [ERROR] LogOutputStream:75 - [STDERR_REDIRECT] [Fatal Error] :1:1: Premature end of file.
2026-05-04 12:51:07,383 [ERROR] LogOutputStream:75 - [STDERR_REDIRECT] 
2026-05-04 12:51:08,406 [ERROR] LogOutputStream:75 - [STDERR_REDIRECT] [Fatal Error] :1:1: Premature end of file.
2026-05-04 12:51:08,406 [ERROR] LogOutputStream:75 - [STDERR_REDIRECT] 
2026-05-04 12:51:09,414 [ERROR] LogOutputStream:75 - [STDERR_REDIRECT] [Fatal Error] :1:1: Premature end of file.
2026-05-04 12:51:09,414 [ERROR] LogOutputStream:75 - [STDERR_REDIRECT] 
2026-05-04 12:51:10,405 [ERROR] LogOutputStream:75 - [STDERR_REDIRECT] [Fatal Error] :1:1: Premature end of file.
2026-05-04 12:51:10,405 [ERROR] LogOutputStream:75 - [STDERR_REDIRECT] 
2026-05-04 12:51:11,386 [ERROR] LogOutputStream:75 - [STDERR_REDIRECT] [Fatal Error] :1:1: Premature end of file.
2026-05-04 12:51:11,386 [ERROR] LogOutputStream:75 - [STDERR_REDIRECT] 
2026-05-04 12:51:12,418 [ERROR] LogOutputStream:75 - [STDERR_REDIRECT] [Fatal Error] :1:1: Premature end of file.
2026-05-04 12:51:12,418 [ERROR] LogOutputStream:75 - [STDERR_REDIRECT] 
2026-05-04 12:51:13,409 [ERROR] LogOutputStream:75 - [STDERR_REDIRECT] [Fatal Error] :1:1: Premature end of file.
2026-05-04 12:51:13,409 [ERROR] LogOutputStream:75 - [STDERR_REDIRECT] 
2026-05-04 12:51:14,415 [ERROR] LogOutputStream:75 - [STDERR_REDIRECT] [Fatal Error] :1:1: Premature end of file.
2026-05-04 12:51:14,415 [ERROR] LogOutputStream:75 - [STDERR_REDIRECT] 
2026-05-04 12:51:15,402 [ERROR] LogOutputStream:75 - [STDERR_REDIRECT] [Fatal Error] :1:1: Premature end of file.
2026-05-04 12:51:15,402 [ERROR] LogOutputStream:75 - [STDERR_REDIRECT] 
2026-05-04 12:51:16,412 [ERROR] LogOutputStream:75 - [STDERR_REDIRECT] [Fatal Error] :1:1: Premature end of file.
2026-05-04 12:51:16,412 [ERROR] LogOutputStream:75 - [STDERR_REDIRECT] 
2026-05-04 12:51:17,417 [ERROR] LogOutputStream:75 - [STDERR_REDIRECT] [Fatal Error] :1:1: Premature end of file.
2026-05-04 12:51:17,417 [ERROR] LogOutputStream:75 - [STDERR_REDIRECT] 
2026-05-04 12:51:18,416 [ERROR] LogOutputStream:75 - [STDERR_REDIRECT] [Fatal Error] :1:1: Premature end of file.
2026-05-04 12:51:18,416 [ERROR] LogOutputStream:75 - [STDERR_REDIRECT] 
2026-05-04 12:51:19,416 [ERROR] LogOutputStream:75 - [STDERR_REDIRECT] [Fatal Error] :1:1: Premature end of file.
2026-05-04 12:51:19,416 [ERROR] LogOutputStream:75 - [STDERR_REDIRECT] 
2026-05-04 12:51:20,414 [ERROR] LogOutputStream:75 - [STDERR_REDIRECT] [Fatal Error] :1:1: Premature end of file.
2026-05-04 12:51:20,415 [ERROR] LogOutputStream:75 - [STDERR_REDIRECT] 
2026-05-04 12:51:21,416 [ERROR] LogOutputStream:75 - [STDERR_REDIRECT] [Fatal Error] :1:1: Premature end of file.
2026-05-04 12:51:21,417 [ERROR] LogOutputStream:75 - [STDERR_REDIRECT] 
2026-05-04 12:51:22,400 [ERROR] LogOutputStream:75 - [STDERR_REDIRECT] [Fatal Error] :1:1: Premature end of file.
2026-05-04 12:51:22,400 [ERROR] LogOutputStream:75 - [STDERR_REDIRECT] 
2026-05-04 12:51:23,417 [ERROR] LogOutputStream:75 - [STDERR_REDIRECT] [Fatal Error] :1:1: Premature end of file.
2026-05-04 12:51:23,417 [ERROR] LogOutputStream:75 - [STDERR_REDIRECT] 
2026-05-04 12:51:24,408 [ERROR] LogOutputStream:75 - [STDERR_REDIRECT] [Fatal Error] :1:1: Premature end of file.
2026-05-04 12:51:24,409 [ERROR] LogOutputStream:75 - [STDERR_REDIRECT] 
2026-05-04 12:51:25,404 [ERROR] LogOutputStream:75 - [STDERR_REDIRECT] [Fatal Error] :1:1: Premature end of file.
2026-05-04 12:51:25,404 [ERROR] LogOutputStream:75 - [STDERR_REDIRECT] 
2026-05-04 12:51:26,414 [ERROR] LogOutputStream:75 - [STDERR_REDIRECT] [Fatal Error] :1:1: Premature end of file.
2026-05-04 12:51:26,414 [ERROR] LogOutputStream:75 - [STDERR_REDIRECT] 
2026-05-04 12:51:27,416 [ERROR] LogOutputStream:75 - [STDERR_REDIRECT] [Fatal Error] :1:1: Premature end of file.
2026-05-04 12:51:27,416 [ERROR] LogOutputStream:75 - [STDERR_REDIRECT] 
2026-05-04 12:51:28,393 [ERROR] LogOutputStream:75 - [STDERR_REDIRECT] [Fatal Error] :1:1: Premature end of file.
2026-05-04 12:51:28,395 [ERROR] LogOutputStream:75 - [STDERR_REDIRECT] 
2026-05-04 12:51:29,418 [ERROR] LogOutputStream:75 - [STDERR_REDIRECT] [Fatal Error] :1:1: Premature end of file.
2026-05-04 12:51:29,418 [ERROR] LogOutputStream:75 - [STDERR_REDIRECT] 
2026-05-04 12:51:30,416 [ERROR] LogOutputStream:75 - [STDERR_REDIRECT] [Fatal Error] :1:1: Premature end of file.
2026-05-04 12:51:30,416 [ERROR] LogOutputStream:75 - [STDERR_REDIRECT] 
2026-05-04 12:51:30,671 [INFO] WebApp:194 - Connection lost
2026-05-04 12:51:30,933 [INFO] WebApp:191 - Connection restablished
2026-05-04 12:51:31,393 [ERROR] LogOutputStream:75 - [STDERR_REDIRECT] [Fatal Error] :1:1: Premature end of file.
2026-05-04 12:51:31,393 [ERROR] LogOutputStream:75 - [STDERR_REDIRECT] 
2026-05-04 12:51:32,407 [ERROR] LogOutputStream:75 - [STDERR_REDIRECT] [Fatal Error] :1:1: Premature end of file.
2026-05-04 12:51:32,407 [ERROR] LogOutputStream:75 - [STDERR_REDIRECT] 
2026-05-04 12:51:33,410 [ERROR] LogOutputStream:75 - [STDERR_REDIRECT] [Fatal Error] :1:1: Premature end of file.
2026-05-04 12:51:33,411 [ERROR] LogOutputStream:75 - [STDERR_REDIRECT] 
2026-05-04 12:51:34,416 [ERROR] LogOutputStream:75 - [STDERR_REDIRECT] [Fatal Error] :1:1: Premature end of file.
2026-05-04 12:51:34,416 [ERROR] LogOutputStream:75 - [STDERR_REDIRECT] 
2026-05-04 12:51:35,413 [ERROR] LogOutputStream:75 - [STDERR_REDIRECT] [Fatal Error] :1:1: Premature end of file.
2026-05-04 12:51:35,413 [ERROR] LogOutputStream:75 - [STDERR_REDIRECT] 
2026-05-04 12:51:36,416 [ERROR] LogOutputStream:75 - [STDERR_REDIRECT] [Fatal Error] :1:1: Premature end of file.
2026-05-04 12:51:36,416 [ERROR] LogOutputStream:75 - [STDERR_REDIRECT] 
2026-05-04 12:51:37,409 [ERROR] LogOutputStream:75 - [STDERR_REDIRECT] [Fatal Error] :1:1: Premature end of file.
2026-05-04 12:51:37,409 [ERROR] LogOutputStream:75 - [STDERR_REDIRECT] 
2026-05-04 12:51:38,388 [ERROR] LogOutputStream:75 - [STDERR_REDIRECT] [Fatal Error] :1:1: Premature end of file.
2026-05-04 12:51:38,388 [ERROR] LogOutputStream:75 - [STDERR_REDIRECT] 
2026-05-04 12:51:39,409 [ERROR] LogOutputStream:75 - [STDERR_REDIRECT] [Fatal Error] :1:1: Premature end of file.
2026-05-04 12:51:39,409 [ERROR] LogOutputStream:75 - [STDERR_REDIRECT] 
2026-05-04 12:51:40,391 [ERROR] LogOutputStream:75 - [STDERR_REDIRECT] [Fatal Error] :1:1: Premature end of file.
2026-05-04 12:51:40,391 [ERROR] LogOutputStream:75 - [STDERR_REDIRECT] 
2026-05-04 12:51:41,407 [ERROR] LogOutputStream:75 - [STDERR_REDIRECT] [Fatal Error] :1:1: Premature end of file.
2026-05-04 12:51:41,407 [ERROR] LogOutputStream:75 - [STDERR_REDIRECT] 
2026-05-04 12:51:42,400 [ERROR] LogOutputStream:75 - [STDERR_REDIRECT] [Fatal Error] :1:1: Premature end of file.
2026-05-04 12:51:42,400 [ERROR] LogOutputStream:75 - [STDERR_REDIRECT] 
2026-05-04 12:51:43,406 [ERROR] LogOutputStream:75 - [STDERR_REDIRECT] [Fatal Error] :1:1: Premature end of file.
2026-05-04 12:51:43,406 [ERROR] LogOutputStream:75 - [STDERR_REDIRECT] 
2026-05-04 12:51:44,414 [ERROR] LogOutputStream:75 - [STDERR_REDIRECT] [Fatal Error] :1:1: Premature end of file.
2026-05-04 12:51:44,414 [ERROR] LogOutputStream:75 - [STDERR_REDIRECT] 
2026-05-04 12:51:45,416 [ERROR] LogOutputStream:75 - [STDERR_REDIRECT] [Fatal Error] :1:1: Premature end of file.
2026-05-04 12:51:45,416 [ERROR] LogOutputStream:75 - [STDERR_REDIRECT] 
2026-05-04 12:51:46,420 [ERROR] LogOutputStream:75 - [STDERR_REDIRECT] [Fatal Error] :1:1: Premature end of file.
2026-05-04 12:51:46,420 [ERROR] LogOutputStream:75 - [STDERR_REDIRECT] 
2026-05-04 12:51:47,413 [ERROR] LogOutputStream:75 - [STDERR_REDIRECT] [Fatal Error] :1:1: Premature end of file.
2026-05-04 12:51:47,413 [ERROR] LogOutputStream:75 - [STDERR_REDIRECT] 
2026-05-04 12:51:48,397 [ERROR] LogOutputStream:75 - [STDERR_REDIRECT] [Fatal Error] :1:1: Premature end of file.
2026-05-04 12:51:48,397 [ERROR] LogOutputStream:75 - [STDERR_REDIRECT] 
2026-05-04 12:51:49,420 [ERROR] LogOutputStream:75 - [STDERR_REDIRECT] [Fatal Error] :1:1: Premature end of file.
2026-05-04 12:51:49,420 [ERROR] LogOutputStream:75 - [STDERR_REDIRECT] 
2026-05-04 12:51:50,417 [ERROR] LogOutputStream:75 - [STDERR_REDIRECT] [Fatal Error] :1:1: Premature end of file.
2026-05-04 12:51:50,417 [ERROR] LogOutputStream:75 - [STDERR_REDIRECT] 
2026-05-04 12:51:51,413 [ERROR] LogOutputStream:75 - [STDERR_REDIRECT] [Fatal Error] :1:1: Premature end of file.
2026-05-04 12:51:51,414 [ERROR] LogOutputStream:75 - [STDERR_REDIRECT] 
2026-05-04 12:51:52,415 [ERROR] LogOutputStream:75 - [STDERR_REDIRECT] [Fatal Error] :1:1: Premature end of file.
2026-05-04 12:51:52,416 [ERROR] LogOutputStream:75 - [STDERR_REDIRECT] 
2026-05-04 12:51:53,407 [ERROR] LogOutputStream:75 - [STDERR_REDIRECT] [Fatal Error] :1:1: Premature end of file.
2026-05-04 12:51:53,407 [ERROR] LogOutputStream:75 - [STDERR_REDIRECT] 
2026-05-04 12:51:54,415 [ERROR] LogOutputStream:75 - [STDERR_REDIRECT] [Fatal Error] :1:1: Premature end of file.
2026-05-04 12:51:54,415 [ERROR] LogOutputStream:75 - [STDERR_REDIRECT] 
2026-05-04 12:51:55,414 [ERROR] LogOutputStream:75 - [STDERR_REDIRECT] [Fatal Error] :1:1: Premature end of file.
2026-05-04 12:51:55,414 [ERROR] LogOutputStream:75 - [STDERR_REDIRECT] 
2026-05-04 12:51:56,404 [ERROR] LogOutputStream:75 - [STDERR_REDIRECT] [Fatal Error] :1:1: Premature end of file.
2026-05-04 12:51:56,404 [ERROR] LogOutputStream:75 - [STDERR_REDIRECT] 
2026-05-04 12:51:57,414 [ERROR] LogOutputStream:75 - [STDERR_REDIRECT] [Fatal Error] :1:1: Premature end of file.
2026-05-04 12:51:57,414 [ERROR] LogOutputStream:75 - [STDERR_REDIRECT] 
2026-05-04 12:51:58,415 [ERROR] LogOutputStream:75 - [STDERR_REDIRECT] [Fatal Error] :1:1: Premature end of file.
2026-05-04 12:51:58,415 [ERROR] LogOutputStream:75 - [STDERR_REDIRECT] 
2026-05-04 12:51:59,403 [ERROR] LogOutputStream:75 - [STDERR_REDIRECT] [Fatal Error] :1:1: Premature end of file.
2026-05-04 12:51:59,403 [ERROR] LogOutputStream:75 - [STDERR_REDIRECT] 
2026-05-04 12:52:00,400 [ERROR] LogOutputStream:75 - [STDERR_REDIRECT] [Fatal Error] :1:1: Premature end of file.
2026-05-04 12:52:00,400 [ERROR] LogOutputStream:75 - [STDERR_REDIRECT] 
2026-05-04 12:52:01,416 [ERROR] LogOutputStream:75 - [STDERR_REDIRECT] [Fatal Error] :1:1: Premature end of file.
2026-05-04 12:52:01,416 [ERROR] LogOutputStream:75 - [STDERR_REDIRECT] 
2026-05-04 12:52:02,395 [ERROR] LogOutputStream:75 - [STDERR_REDIRECT] [Fatal Error] :1:1: Premature end of file.
2026-05-04 12:52:02,395 [ERROR] LogOutputStream:75 - [STDERR_REDIRECT] 
2026-05-04 12:52:03,413 [ERROR] LogOutputStream:75 - [STDERR_REDIRECT] [Fatal Error] :1:1: Premature end of file.
2026-05-04 12:52:03,413 [ERROR] LogOutputStream:75 - [STDERR_REDIRECT] 
2026-05-04 12:52:04,417 [ERROR] LogOutputStream:75 - [STDERR_REDIRECT] [Fatal Error] :1:1: Premature end of file.
2026-05-04 12:52:04,417 [ERROR] LogOutputStream:75 - [STDERR_REDIRECT] 
2026-05-04 12:52:05,399 [ERROR] LogOutputStream:75 - [STDERR_REDIRECT] [Fatal Error] :1:1: Premature end of file.
2026-05-04 12:52:05,399 [ERROR] LogOutputStream:75 - [STDERR_REDIRECT] 
2026-05-04 12:52:06,417 [ERROR] LogOutputStream:75 - [STDERR_REDIRECT] [Fatal Error] :1:1: Premature end of file.
2026-05-04 12:52:06,418 [ERROR] LogOutputStream:75 - [STDERR_REDIRECT] 
2026-05-04 12:52:07,412 [ERROR] LogOutputStream:75 - [STDERR_REDIRECT] [Fatal Error] :1:1: Premature end of file.
2026-05-04 12:52:07,412 [ERROR] LogOutputStream:75 - [STDERR_REDIRECT] 
2026-05-04 12:52:08,385 [ERROR] LogOutputStream:75 - [STDERR_REDIRECT] [Fatal Error] :1:1: Premature end of file.
2026-05-04 12:52:08,385 [ERROR] LogOutputStream:75 - [STDERR_REDIRECT] 
2026-05-04 12:52:09,392 [ERROR] LogOutputStream:75 - [STDERR_REDIRECT] [Fatal Error] :1:1: Premature end of file.
2026-05-04 12:52:09,392 [ERROR] LogOutputStream:75 - [STDERR_REDIRECT] 
2026-05-04 12:52:10,414 [ERROR] LogOutputStream:75 - [STDERR_REDIRECT] [Fatal Error] :1:1: Premature end of file.
2026-05-04 12:52:10,414 [ERROR] LogOutputStream:75 - [STDERR_REDIRECT] 
2026-05-04 12:52:11,410 [ERROR] LogOutputStream:75 - [STDERR_REDIRECT] [Fatal Error] :1:1: Premature end of file.
2026-05-04 12:52:11,410 [ERROR] LogOutputStream:75 - [STDERR_REDIRECT] 
2026-05-04 12:52:12,419 [ERROR] LogOutputStream:75 - [STDERR_REDIRECT] [Fatal Error] :1:1: Premature end of file.
2026-05-04 12:52:12,419 [ERROR] LogOutputStream:75 - [STDERR_REDIRECT] 
2026-05-04 12:52:13,411 [ERROR] LogOutputStream:75 - [STDERR_REDIRECT] [Fatal Error] :1:1: Premature end of file.
2026-05-04 12:52:13,411 [ERROR] LogOutputStream:75 - [STDERR_REDIRECT] 
2026-05-04 12:52:14,405 [ERROR] LogOutputStream:75 - [STDERR_REDIRECT] [Fatal Error] :1:1: Premature end of file.
2026-05-04 12:52:14,405 [ERROR] LogOutputStream:75 - [STDERR_REDIRECT] 
2026-05-04 12:52:15,413 [ERROR] LogOutputStream:75 - [STDERR_REDIRECT] [Fatal Error] :1:1: Premature end of file.
2026-05-04 12:52:15,413 [ERROR] LogOutputStream:75 - [STDERR_REDIRECT] 
2026-05-04 12:52:16,398 [ERROR] LogOutputStream:75 - [STDERR_REDIRECT] [Fatal Error] :1:1: Premature end of file.
2026-05-04 12:52:16,398 [ERROR] LogOutputStream:75 - [STDERR_REDIRECT] 
2026-05-04 12:52:17,418 [ERROR] LogOutputStream:75 - [STDERR_REDIRECT] [Fatal Error] :1:1: Premature end of file.
2026-05-04 12:52:17,418 [ERROR] LogOutputStream:75 - [STDERR_REDIRECT] 
2026-05-04 12:52:18,416 [ERROR] LogOutputStream:75 - [STDERR_REDIRECT] [Fatal Error] :1:1: Premature end of file.
2026-05-04 12:52:18,417 [ERROR] LogOutputStream:75 - [STDERR_REDIRECT] 
2026-05-04 12:52:19,411 [ERROR] LogOutputStream:75 - [STDERR_REDIRECT] [Fatal Error] :1:1: Premature end of file.
2026-05-04 12:52:19,411 [ERROR] LogOutputStream:75 - [STDERR_REDIRECT] 
2026-05-04 12:52:20,417 [ERROR] LogOutputStream:75 - [STDERR_REDIRECT] [Fatal Error] :1:1: Premature end of file.
2026-05-04 12:52:20,417 [ERROR] LogOutputStream:75 - [STDERR_REDIRECT] 
2026-05-04 12:52:21,413 [ERROR] LogOutputStream:75 - [STDERR_REDIRECT] [Fatal Error] :1:1: Premature end of file.
2026-05-04 12:52:21,414 [ERROR] LogOutputStream:75 - [STDERR_REDIRECT] 
2026-05-04 12:52:22,400 [ERROR] LogOutputStream:75 - [STDERR_REDIRECT] [Fatal Error] :1:1: Premature end of file.
2026-05-04 12:52:22,400 [ERROR] LogOutputStream:75 - [STDERR_REDIRECT] 
2026-05-04 12:52:23,418 [ERROR] LogOutputStream:75 - [STDERR_REDIRECT] [Fatal Error] :1:1: Premature end of file.
2026-05-04 12:52:23,418 [ERROR] LogOutputStream:75 - [STDERR_REDIRECT] 
2026-05-04 12:52:24,418 [ERROR] LogOutputStream:75 - [STDERR_REDIRECT] [Fatal Error] :1:1: Premature end of file.
2026-05-04 12:52:24,418 [ERROR] LogOutputStream:75 - [STDERR_REDIRECT] 
2026-05-04 12:52:25,401 [ERROR] LogOutputStream:75 - [STDERR_REDIRECT] [Fatal Error] :1:1: Premature end of file.
2026-05-04 12:52:25,401 [ERROR] LogOutputStream:75 - [STDERR_REDIRECT] 
2026-05-04 12:52:26,412 [ERROR] LogOutputStream:75 - [STDERR_REDIRECT] [Fatal Error] :1:1: Premature end of file.
2026-05-04 12:52:26,412 [ERROR] LogOutputStream:75 - [STDERR_REDIRECT] 
2026-05-04 12:52:27,413 [ERROR] LogOutputStream:75 - [STDERR_REDIRECT] [Fatal Error] :1:1: Premature end of file.
2026-05-04 12:52:27,413 [ERROR] LogOutputStream:75 - [STDERR_REDIRECT] 
2026-05-04 12:52:28,387 [ERROR] LogOutputStream:75 - [STDERR_REDIRECT] [Fatal Error] :1:1: Premature end of file.
2026-05-04 12:52:28,387 [ERROR] LogOutputStream:75 - [STDERR_REDIRECT] 
2026-05-04 12:52:29,414 [ERROR] LogOutputStream:75 - [STDERR_REDIRECT] [Fatal Error] :1:1: Premature end of file.
2026-05-04 12:52:29,414 [ERROR] LogOutputStream:75 - [STDERR_REDIRECT] 
2026-05-04 12:52:30,412 [ERROR] LogOutputStream:75 - [STDERR_REDIRECT] [Fatal Error] :1:1: Premature end of file.
2026-05-04 12:52:30,412 [ERROR] LogOutputStream:75 - [STDERR_REDIRECT] 
2026-05-04 12:52:31,415 [ERROR] LogOutputStream:75 - [STDERR_REDIRECT] [Fatal Error] :1:1: Premature end of file.
2026-05-04 12:52:31,415 [ERROR] LogOutputStream:75 - [STDERR_REDIRECT] 
2026-05-04 12:52:32,417 [ERROR] LogOutputStream:75 - [STDERR_REDIRECT] [Fatal Error] :1:1: Premature end of file.
2026-05-04 12:52:32,417 [ERROR] LogOutputStream:75 - [STDERR_REDIRECT] 
2026-05-04 12:52:33,413 [ERROR] LogOutputStream:75 - [STDERR_REDIRECT] [Fatal Error] :1:1: Premature end of file.
2026-05-04 12:52:33,413 [ERROR] LogOutputStream:75 - [STDERR_REDIRECT] 
2026-05-04 12:52:34,413 [ERROR] LogOutputStream:75 - [STDERR_REDIRECT] [Fatal Error] :1:1: Premature end of file.
2026-05-04 12:52:34,413 [ERROR] LogOutputStream:75 - [STDERR_REDIRECT] 
2026-05-04 12:52:35,416 [ERROR] LogOutputStream:75 - [STDERR_REDIRECT] [Fatal Error] :1:1: Premature end of file.
2026-05-04 12:52:35,416 [ERROR] LogOutputStream:75 - [STDERR_REDIRECT] 
2026-05-04 12:52:36,407 [ERROR] LogOutputStream:75 - [STDERR_REDIRECT] [Fatal Error] :1:1: Premature end of file.
2026-05-04 12:52:36,407 [ERROR] LogOutputStream:75 - [STDERR_REDIRECT] 
2026-05-04 12:52:37,417 [ERROR] LogOutputStream:75 - [STDERR_REDIRECT] [Fatal Error] :1:1: Premature end of file.
2026-05-04 12:52:37,417 [ERROR] LogOutputStream:75 - [STDERR_REDIRECT] 
2026-05-04 12:52:38,390 [ERROR] LogOutputStream:75 - [STDERR_REDIRECT] [Fatal Error] :1:1: Premature end of file.
2026-05-04 12:52:38,390 [ERROR] LogOutputStream:75 - [STDERR_REDIRECT] 
2026-05-04 12:52:39,401 [ERROR] LogOutputStream:75 - [STDERR_REDIRECT] [Fatal Error] :1:1: Premature end of file.
2026-05-04 12:52:39,401 [ERROR] LogOutputStream:75 - [STDERR_REDIRECT] 
2026-05-04 12:52:40,417 [ERROR] LogOutputStream:75 - [STDERR_REDIRECT] [Fatal Error] :1:1: Premature end of file.
2026-05-04 12:52:40,417 [ERROR] LogOutputStream:75 - [STDERR_REDIRECT] 
2026-05-04 12:52:41,408 [ERROR] LogOutputStream:75 - [STDERR_REDIRECT] [Fatal Error] :1:1: Premature end of file.
2026-05-04 12:52:41,408 [ERROR] LogOutputStream:75 - [STDERR_REDIRECT] 
2026-05-04 12:52:42,404 [ERROR] LogOutputStream:75 - [STDERR_REDIRECT] [Fatal Error] :1:1: Premature end of file.
2026-05-04 12:52:42,404 [ERROR] LogOutputStream:75 - [STDERR_REDIRECT] 
2026-05-04 12:52:43,411 [ERROR] LogOutputStream:75 - [STDERR_REDIRECT] [Fatal Error] :1:1: Premature end of file.
2026-05-04 12:52:43,411 [ERROR] LogOutputStream:75 - [STDERR_REDIRECT] 
2026-05-04 12:52:44,406 [ERROR] LogOutputStream:75 - [STDERR_REDIRECT] [Fatal Error] :1:1: Premature end of file.
2026-05-04 12:52:44,406 [ERROR] LogOutputStream:75 - [STDERR_REDIRECT] 
2026-05-04 12:52:45,384 [ERROR] LogOutputStream:75 - [STDERR_REDIRECT] [Fatal Error] :1:1: Premature end of file.
2026-05-04 12:52:45,385 [ERROR] LogOutputStream:75 - [STDERR_REDIRECT] 
2026-05-04 12:52:46,413 [ERROR] LogOutputStream:75 - [STDERR_REDIRECT] [Fatal Error] :1:1: Premature end of file.
2026-05-04 12:52:46,413 [ERROR] LogOutputStream:75 - [STDERR_REDIRECT] 
2026-05-04 12:52:47,408 [ERROR] LogOutputStream:75 - [STDERR_REDIRECT] [Fatal Error] :1:1: Premature end of file.
2026-05-04 12:52:47,408 [ERROR] LogOutputStream:75 - [STDERR_REDIRECT] 
2026-05-04 12:52:48,391 [ERROR] LogOutputStream:75 - [STDERR_REDIRECT] [Fatal Error] :1:1: Premature end of file.
2026-05-04 12:52:48,392 [ERROR] LogOutputStream:75 - [STDERR_REDIRECT] 
2026-05-04 12:52:49,413 [ERROR] LogOutputStream:75 - [STDERR_REDIRECT] [Fatal Error] :1:1: Premature end of file.
2026-05-04 12:52:49,413 [ERROR] LogOutputStream:75 - [STDERR_REDIRECT] 
2026-05-04 12:52:50,395 [ERROR] LogOutputStream:75 - [STDERR_REDIRECT] [Fatal Error] :1:1: Premature end of file.
2026-05-04 12:52:50,395 [ERROR] LogOutputStream:75 - [STDERR_REDIRECT] 
2026-05-04 12:52:51,402 [ERROR] LogOutputStream:75 - [STDERR_REDIRECT] [Fatal Error] :1:1: Premature end of file.
2026-05-04 12:52:51,402 [ERROR] LogOutputStream:75 - [STDERR_REDIRECT] 
2026-05-04 12:52:52,383 [ERROR] LogOutputStream:75 - [STDERR_REDIRECT] [Fatal Error] :1:1: Premature end of file.
2026-05-04 12:52:52,383 [ERROR] LogOutputStream:75 - [STDERR_REDIRECT] 
2026-05-04 12:52:53,387 [ERROR] LogOutputStream:75 - [STDERR_REDIRECT] [Fatal Error] :1:1: Premature end of file.
2026-05-04 12:52:53,388 [ERROR] LogOutputStream:75 - [STDERR_REDIRECT] 
2026-05-04 12:52:54,390 [ERROR] LogOutputStream:75 - [STDERR_REDIRECT] [Fatal Error] :1:1: Premature end of file.
2026-05-04 12:52:54,390 [ERROR] LogOutputStream:75 - [STDERR_REDIRECT] 
2026-05-04 12:52:55,403 [ERROR] LogOutputStream:75 - [STDERR_REDIRECT] [Fatal Error] :1:1: Premature end of file.
2026-05-04 12:52:55,403 [ERROR] LogOutputStream:75 - [STDERR_REDIRECT] 
2026-05-04 12:52:56,392 [ERROR] LogOutputStream:75 - [STDERR_REDIRECT] [Fatal Error] :1:1: Premature end of file.
2026-05-04 12:52:56,392 [ERROR] LogOutputStream:75 - [STDERR_REDIRECT] 
2026-05-04 12:52:57,405 [ERROR] LogOutputStream:75 - [STDERR_REDIRECT] [Fatal Error] :1:1: Premature end of file.
2026-05-04 12:52:57,405 [ERROR] LogOutputStream:75 - [STDERR_REDIRECT] 
2026-05-04 12:52:58,392 [ERROR] LogOutputStream:75 - [STDERR_REDIRECT] [Fatal Error] :1:1: Premature end of file.
2026-05-04 12:52:58,392 [ERROR] LogOutputStream:75 - [STDERR_REDIRECT] 
2026-05-04 12:52:59,387 [ERROR] LogOutputStream:75 - [STDERR_REDIRECT] [Fatal Error] :1:1: Premature end of file.
2026-05-04 12:52:59,387 [ERROR] LogOutputStream:75 - [STDERR_REDIRECT] 
2026-05-04 12:53:00,391 [ERROR] LogOutputStream:75 - [STDERR_REDIRECT] [Fatal Error] :1:1: Premature end of file.
2026-05-04 12:53:00,391 [ERROR] LogOutputStream:75 - [STDERR_REDIRECT] 
2026-05-04 12:53:01,386 [ERROR] LogOutputStream:75 - [STDERR_REDIRECT] [Fatal Error] :1:1: Premature end of file.
2026-05-04 12:53:01,386 [ERROR] LogOutputStream:75 - [STDERR_REDIRECT] 
2026-05-04 12:53:02,393 [ERROR] LogOutputStream:75 - [STDERR_REDIRECT] [Fatal Error] :1:1: Premature end of file.
2026-05-04 12:53:02,393 [ERROR] LogOutputStream:75 - [STDERR_REDIRECT] 
2026-05-04 12:53:03,411 [ERROR] LogOutputStream:75 - [STDERR_REDIRECT] [Fatal Error] :1:1: Premature end of file.
2026-05-04 12:53:03,412 [ERROR] LogOutputStream:75 - [STDERR_REDIRECT] 
2026-05-04 12:53:04,413 [ERROR] LogOutputStream:75 - [STDERR_REDIRECT] [Fatal Error] :1:1: Premature end of file.
2026-05-04 12:53:04,413 [ERROR] LogOutputStream:75 - [STDERR_REDIRECT] 
2026-05-04 12:53:05,395 [ERROR] LogOutputStream:75 - [STDERR_REDIRECT] [Fatal Error] :1:1: Premature end of file.
2026-05-04 12:53:05,395 [ERROR] LogOutputStream:75 - [STDERR_REDIRECT] 
2026-05-04 12:53:06,417 [ERROR] LogOutputStream:75 - [STDERR_REDIRECT] [Fatal Error] :1:1: Premature end of file.
2026-05-04 12:53:06,417 [ERROR] LogOutputStream:75 - [STDERR_REDIRECT] 
2026-05-04 12:53:07,415 [ERROR] LogOutputStream:75 - [STDERR_REDIRECT] [Fatal Error] :1:1: Premature end of file.
2026-05-04 12:53:07,415 [ERROR] LogOutputStream:75 - [STDERR_REDIRECT] 
2026-05-04 12:53:08,387 [ERROR] LogOutputStream:75 - [STDERR_REDIRECT] [Fatal Error] :1:1: Premature end of file.
2026-05-04 12:53:08,387 [ERROR] LogOutputStream:75 - [STDERR_REDIRECT] 
2026-05-04 12:53:09,414 [ERROR] LogOutputStream:75 - [STDERR_REDIRECT] [Fatal Error] :1:1: Premature end of file.
2026-05-04 12:53:09,414 [ERROR] LogOutputStream:75 - [STDERR_REDIRECT] 
2026-05-04 12:53:10,395 [ERROR] LogOutputStream:75 - [STDERR_REDIRECT] [Fatal Error] :1:1: Premature end of file.
2026-05-04 12:53:10,395 [ERROR] LogOutputStream:75 - [STDERR_REDIRECT] 
2026-05-04 12:53:11,413 [ERROR] LogOutputStream:75 - [STDERR_REDIRECT] [Fatal Error] :1:1: Premature end of file.
2026-05-04 12:53:11,413 [ERROR] LogOutputStream:75 - [STDERR_REDIRECT] 
2026-05-04 12:53:12,417 [ERROR] LogOutputStream:75 - [STDERR_REDIRECT] [Fatal Error] :1:1: Premature end of file.
2026-05-04 12:53:12,417 [ERROR] LogOutputStream:75 - [STDERR_REDIRECT] 
2026-05-04 12:53:13,410 [ERROR] LogOutputStream:75 - [STDERR_REDIRECT] [Fatal Error] :1:1: Premature end of file.
2026-05-04 12:53:13,411 [ERROR] LogOutputStream:75 - [STDERR_REDIRECT] 
2026-05-04 12:53:14,393 [ERROR] LogOutputStream:75 - [STDERR_REDIRECT] [Fatal Error] :1:1: Premature end of file.
2026-05-04 12:53:14,395 [ERROR] LogOutputStream:75 - [STDERR_REDIRECT] 
2026-05-04 12:53:15,416 [ERROR] LogOutputStream:75 - [STDERR_REDIRECT] [Fatal Error] :1:1: Premature end of file.
2026-05-04 12:53:15,416 [ERROR] LogOutputStream:75 - [STDERR_REDIRECT] 
2026-05-04 12:53:16,406 [ERROR] LogOutputStream:75 - [STDERR_REDIRECT] [Fatal Error] :1:1: Premature end of file.
2026-05-04 12:53:16,406 [ERROR] LogOutputStream:75 - [STDERR_REDIRECT] 
2026-05-04 12:53:17,415 [ERROR] LogOutputStream:75 - [STDERR_REDIRECT] [Fatal Error] :1:1: Premature end of file.
2026-05-04 12:53:17,415 [ERROR] LogOutputStream:75 - [STDERR_REDIRECT] 
2026-05-04 12:53:18,415 [ERROR] LogOutputStream:75 - [STDERR_REDIRECT] [Fatal Error] :1:1: Premature end of file.
2026-05-04 12:53:18,415 [ERROR] LogOutputStream:75 - [STDERR_REDIRECT] 
2026-05-04 12:53:19,404 [ERROR] LogOutputStream:75 - [STDERR_REDIRECT] [Fatal Error] :1:1: Premature end of file.
2026-05-04 12:53:19,405 [ERROR] LogOutputStream:75 - [STDERR_REDIRECT] 
2026-05-04 12:53:20,418 [ERROR] LogOutputStream:75 - [STDERR_REDIRECT] [Fatal Error] :1:1: Premature end of file.
2026-05-04 12:53:20,418 [ERROR] LogOutputStream:75 - [STDERR_REDIRECT] 
2026-05-04 12:53:21,414 [ERROR] LogOutputStream:75 - [STDERR_REDIRECT] [Fatal Error] :1:1: Premature end of file.
2026-05-04 12:53:21,414 [ERROR] LogOutputStream:75 - [STDERR_REDIRECT] 
2026-05-04 12:53:22,401 [ERROR] LogOutputStream:75 - [STDERR_REDIRECT] [Fatal Error] :1:1: Premature end of file.
2026-05-04 12:53:22,401 [ERROR] LogOutputStream:75 - [STDERR_REDIRECT] 
2026-05-04 12:53:23,418 [ERROR] LogOutputStream:75 - [STDERR_REDIRECT] [Fatal Error] :1:1: Premature end of file.
2026-05-04 12:53:23,418 [ERROR] LogOutputStream:75 - [STDERR_REDIRECT] 
2026-05-04 12:53:24,415 [ERROR] LogOutputStream:75 - [STDERR_REDIRECT] [Fatal Error] :1:1: Premature end of file.
2026-05-04 12:53:24,415 [ERROR] LogOutputStream:75 - [STDERR_REDIRECT] 
2026-05-04 12:53:25,400 [ERROR] LogOutputStream:75 - [STDERR_REDIRECT] [Fatal Error] :1:1: Premature end of file.
2026-05-04 12:53:25,400 [ERROR] LogOutputStream:75 - [STDERR_REDIRECT] 
2026-05-04 12:53:26,416 [ERROR] LogOutputStream:75 - [STDERR_REDIRECT] [Fatal Error] :1:1: Premature end of file.
2026-05-04 12:53:26,416 [ERROR] LogOutputStream:75 - [STDERR_REDIRECT] 
2026-05-04 12:53:27,415 [ERROR] LogOutputStream:75 - [STDERR_REDIRECT] [Fatal Error] :1:1: Premature end of file.
2026-05-04 12:53:27,415 [ERROR] LogOutputStream:75 - [STDERR_REDIRECT] 
2026-05-04 12:53:28,415 [ERROR] LogOutputStream:75 - [STDERR_REDIRECT] [Fatal Error] :1:1: Premature end of file.
2026-05-04 12:53:28,415 [ERROR] LogOutputStream:75 - [STDERR_REDIRECT] 
2026-05-04 12:53:29,416 [ERROR] LogOutputStream:75 - [STDERR_REDIRECT] [Fatal Error] :1:1: Premature end of file.
2026-05-04 12:53:29,416 [ERROR] LogOutputStream:75 - [STDERR_REDIRECT] 
2026-05-04 12:53:30,406 [ERROR] LogOutputStream:75 - [STDERR_REDIRECT] [Fatal Error] :1:1: Premature end of file.
2026-05-04 12:53:30,406 [ERROR] LogOutputStream:75 - [STDERR_REDIRECT] 
2026-05-04 12:53:31,419 [ERROR] LogOutputStream:75 - [STDERR_REDIRECT] [Fatal Error] :1:1: Premature end of file.
2026-05-04 12:53:31,419 [ERROR] LogOutputStream:75 - [STDERR_REDIRECT] 
2026-05-04 12:53:32,413 [ERROR] LogOutputStream:75 - [STDERR_REDIRECT] [Fatal Error] :1:1: Premature end of file.
2026-05-04 12:53:32,413 [ERROR] LogOutputStream:75 - [STDERR_REDIRECT] 
2026-05-04 12:53:33,409 [ERROR] LogOutputStream:75 - [STDERR_REDIRECT] [Fatal Error] :1:1: Premature end of file.
2026-05-04 12:53:33,409 [ERROR] LogOutputStream:75 - [STDERR_REDIRECT] 
2026-05-04 12:53:34,417 [ERROR] LogOutputStream:75 - [STDERR_REDIRECT] [Fatal Error] :1:1: Premature end of file.
2026-05-04 12:53:34,417 [ERROR] LogOutputStream:75 - [STDERR_REDIRECT] 
2026-05-04 12:53:35,414 [ERROR] LogOutputStream:75 - [STDERR_REDIRECT] [Fatal Error] :1:1: Premature end of file.
2026-05-04 12:53:35,414 [ERROR] LogOutputStream:75 - [STDERR_REDIRECT] 
2026-05-04 12:53:36,400 [ERROR] LogOutputStream:75 - [STDERR_REDIRECT] [Fatal Error] :1:1: Premature end of file.
2026-05-04 12:53:36,400 [ERROR] LogOutputStream:75 - [STDERR_REDIRECT] 
2026-05-04 12:53:37,419 [ERROR] LogOutputStream:75 - [STDERR_REDIRECT] [Fatal Error] :1:1: Premature end of file.
2026-05-04 12:53:37,419 [ERROR] LogOutputStream:75 - [STDERR_REDIRECT] 
2026-05-04 12:53:38,414 [ERROR] LogOutputStream:75 - [STDERR_REDIRECT] [Fatal Error] :1:1: Premature end of file.
2026-05-04 12:53:38,414 [ERROR] LogOutputStream:75 - [STDERR_REDIRECT] 
2026-05-04 12:53:39,399 [ERROR] LogOutputStream:75 - [STDERR_REDIRECT] [Fatal Error] :1:1: Premature end of file.
2026-05-04 12:53:39,399 [ERROR] LogOutputStream:75 - [STDERR_REDIRECT] 
2026-05-04 12:53:40,414 [ERROR] LogOutputStream:75 - [STDERR_REDIRECT] [Fatal Error] :1:1: Premature end of file.
2026-05-04 12:53:40,415 [ERROR] LogOutputStream:75 - [STDERR_REDIRECT] 
2026-05-04 12:53:41,413 [ERROR] LogOutputStream:75 - [STDERR_REDIRECT] [Fatal Error] :1:1: Premature end of file.
2026-05-04 12:53:41,414 [ERROR] LogOutputStream:75 - [STDERR_REDIRECT] 
2026-05-04 12:53:42,391 [ERROR] LogOutputStream:75 - [STDERR_REDIRECT] [Fatal Error] :1:1: Premature end of file.
2026-05-04 12:53:42,392 [ERROR] LogOutputStream:75 - [STDERR_REDIRECT] 
2026-05-04 12:53:43,386 [ERROR] LogOutputStream:75 - [STDERR_REDIRECT] [Fatal Error] :1:1: Premature end of file.
2026-05-04 12:53:43,386 [ERROR] LogOutputStream:75 - [STDERR_REDIRECT] 
2026-05-04 12:53:44,392 [ERROR] LogOutputStream:75 - [STDERR_REDIRECT] [Fatal Error] :1:1: Premature end of file.
2026-05-04 12:53:44,392 [ERROR] LogOutputStream:75 - [STDERR_REDIRECT] 
2026-05-04 12:53:45,391 [ERROR] LogOutputStream:75 - [STDERR_REDIRECT] [Fatal Error] :1:1: Premature end of file.
2026-05-04 12:53:45,391 [ERROR] LogOutputStream:75 - [STDERR_REDIRECT] 
2026-05-04 12:53:46,421 [ERROR] LogOutputStream:75 - [STDERR_REDIRECT] [Fatal Error] :1:1: Premature end of file.
2026-05-04 12:53:46,421 [ERROR] LogOutputStream:75 - [STDERR_REDIRECT] 
2026-05-04 12:53:47,413 [ERROR] LogOutputStream:75 - [STDERR_REDIRECT] [Fatal Error] :1:1: Premature end of file.
2026-05-04 12:53:47,413 [ERROR] LogOutputStream:75 - [STDERR_REDIRECT] 
2026-05-04 12:53:48,408 [ERROR] LogOutputStream:75 - [STDERR_REDIRECT] [Fatal Error] :1:1: Premature end of file.
2026-05-04 12:53:48,409 [ERROR] LogOutputStream:75 - [STDERR_REDIRECT] 
2026-05-04 12:53:49,414 [ERROR] LogOutputStream:75 - [STDERR_REDIRECT] [Fatal Error] :1:1: Premature end of file.
2026-05-04 12:53:49,415 [ERROR] LogOutputStream:75 - [STDERR_REDIRECT] 
2026-05-04 12:53:50,416 [ERROR] LogOutputStream:75 - [STDERR_REDIRECT] [Fatal Error] :1:1: Premature end of file.
2026-05-04 12:53:50,416 [ERROR] LogOutputStream:75 - [STDERR_REDIRECT] 
2026-05-04 12:53:51,416 [ERROR] LogOutputStream:75 - [STDERR_REDIRECT] [Fatal Error] :1:1: Premature end of file.
2026-05-04 12:53:51,416 [ERROR] LogOutputStream:75 - [STDERR_REDIRECT] 
2026-05-04 12:53:52,414 [ERROR] LogOutputStream:75 - [STDERR_REDIRECT] [Fatal Error] :1:1: Premature end of file.
2026-05-04 12:53:52,414 [ERROR] LogOutputStream:75 - [STDERR_REDIRECT] 
2026-05-04 12:53:53,411 [ERROR] LogOutputStream:75 - [STDERR_REDIRECT] [Fatal Error] :1:1: Premature end of file.
2026-05-04 12:53:53,411 [ERROR] LogOutputStream:75 - [STDERR_REDIRECT] 
2026-05-04 12:53:54,408 [ERROR] LogOutputStream:75 - [STDERR_REDIRECT] [Fatal Error] :1:1: Premature end of file.
2026-05-04 12:53:54,408 [ERROR] LogOutputStream:75 - [STDERR_REDIRECT] 
2026-05-04 12:53:55,412 [ERROR] LogOutputStream:75 - [STDERR_REDIRECT] [Fatal Error] :1:1: Premature end of file.
2026-05-04 12:53:55,412 [ERROR] LogOutputStream:75 - [STDERR_REDIRECT] 
2026-05-04 12:53:56,398 [ERROR] LogOutputStream:75 - [STDERR_REDIRECT] [Fatal Error] :1:1: Premature end of file.
2026-05-04 12:53:56,398 [ERROR] LogOutputStream:75 - [STDERR_REDIRECT] 
2026-05-04 12:53:57,407 [ERROR] LogOutputStream:75 - [STDERR_REDIRECT] [Fatal Error] :1:1: Premature end of file.
2026-05-04 12:53:57,407 [ERROR] LogOutputStream:75 - [STDERR_REDIRECT] 
2026-05-04 12:53:58,412 [ERROR] LogOutputStream:75 - [STDERR_REDIRECT] [Fatal Error] :1:1: Premature end of file.
2026-05-04 12:53:58,412 [ERROR] LogOutputStream:75 - [STDERR_REDIRECT] 
2026-05-04 12:53:59,402 [ERROR] LogOutputStream:75 - [STDERR_REDIRECT] [Fatal Error] :1:1: Premature end of file.
2026-05-04 12:53:59,402 [ERROR] LogOutputStream:75 - [STDERR_REDIRECT] 
2026-05-04 12:54:00,410 [ERROR] LogOutputStream:75 - [STDERR_REDIRECT] [Fatal Error] :1:1: Premature end of file.
2026-05-04 12:54:00,411 [ERROR] LogOutputStream:75 - [STDERR_REDIRECT] 
2026-05-04 12:54:01,412 [ERROR] LogOutputStream:75 - [STDERR_REDIRECT] [Fatal Error] :1:1: Premature end of file.
2026-05-04 12:54:01,412 [ERROR] LogOutputStream:75 - [STDERR_REDIRECT] 
2026-05-04 12:54:02,401 [ERROR] LogOutputStream:75 - [STDERR_REDIRECT] [Fatal Error] :1:1: Premature end of file.
2026-05-04 12:54:02,401 [ERROR] LogOutputStream:75 - [STDERR_REDIRECT] 
2026-05-04 12:54:03,408 [ERROR] LogOutputStream:75 - [STDERR_REDIRECT] [Fatal Error] :1:1: Premature end of file.
2026-05-04 12:54:03,408 [ERROR] LogOutputStream:75 - [STDERR_REDIRECT] 
2026-05-04 12:54:04,415 [ERROR] LogOutputStream:75 - [STDERR_REDIRECT] [Fatal Error] :1:1: Premature end of file.
2026-05-04 12:54:04,415 [ERROR] LogOutputStream:75 - [STDERR_REDIRECT] 
2026-05-04 12:54:05,389 [ERROR] LogOutputStream:75 - [STDERR_REDIRECT] [Fatal Error] :1:1: Premature end of file.
2026-05-04 12:54:05,389 [ERROR] LogOutputStream:75 - [STDERR_REDIRECT] 
2026-05-04 12:54:06,417 [ERROR] LogOutputStream:75 - [STDERR_REDIRECT] [Fatal Error] :1:1: Premature end of file.
2026-05-04 12:54:06,417 [ERROR] LogOutputStream:75 - [STDERR_REDIRECT] 
2026-05-04 12:54:07,401 [ERROR] LogOutputStream:75 - [STDERR_REDIRECT] [Fatal Error] :1:1: Premature end of file.
2026-05-04 12:54:07,401 [ERROR] LogOutputStream:75 - [STDERR_REDIRECT] 
2026-05-04 12:54:08,405 [ERROR] LogOutputStream:75 - [STDERR_REDIRECT] [Fatal Error] :1:1: Premature end of file.
2026-05-04 12:54:08,405 [ERROR] LogOutputStream:75 - [STDERR_REDIRECT] 
2026-05-04 12:54:09,433 [ERROR] LogOutputStream:75 - [STDERR_REDIRECT] [Fatal Error] :1:1: Premature end of file.
2026-05-04 12:54:09,433 [ERROR] LogOutputStream:75 - [STDERR_REDIRECT] 
2026-05-04 12:54:10,398 [ERROR] LogOutputStream:75 - [STDERR_REDIRECT] [Fatal Error] :1:1: Premature end of file.
2026-05-04 12:54:10,398 [ERROR] LogOutputStream:75 - [STDERR_REDIRECT] 
2026-05-04 12:54:11,389 [ERROR] LogOutputStream:75 - [STDERR_REDIRECT] [Fatal Error] :1:1: Premature end of file.
2026-05-04 12:54:11,390 [ERROR] LogOutputStream:75 - [STDERR_REDIRECT] 
2026-05-04 12:54:12,406 [ERROR] LogOutputStream:75 - [STDERR_REDIRECT] [Fatal Error] :1:1: Premature end of file.
2026-05-04 12:54:12,406 [ERROR] LogOutputStream:75 - [STDERR_REDIRECT] 
2026-05-04 12:54:13,397 [ERROR] LogOutputStream:75 - [STDERR_REDIRECT] [Fatal Error] :1:1: Premature end of file.
2026-05-04 12:54:13,397 [ERROR] LogOutputStream:75 - [STDERR_REDIRECT] 
2026-05-04 12:54:14,387 [ERROR] LogOutputStream:75 - [STDERR_REDIRECT] [Fatal Error] :1:1: Premature end of file.
2026-05-04 12:54:14,387 [ERROR] LogOutputStream:75 - [STDERR_REDIRECT] 
2026-05-04 12:54:15,399 [ERROR] LogOutputStream:75 - [STDERR_REDIRECT] [Fatal Error] :1:1: Premature end of file.
2026-05-04 12:54:15,399 [ERROR] LogOutputStream:75 - [STDERR_REDIRECT] 
2026-05-04 12:54:16,404 [ERROR] LogOutputStream:75 - [STDERR_REDIRECT] [Fatal Error] :1:1: Premature end of file.
2026-05-04 12:54:16,404 [ERROR] LogOutputStream:75 - [STDERR_REDIRECT] 
2026-05-04 12:54:17,393 [ERROR] LogOutputStream:75 - [STDERR_REDIRECT] [Fatal Error] :1:1: Premature end of file.
2026-05-04 12:54:17,393 [ERROR] LogOutputStream:75 - [STDERR_REDIRECT] 
2026-05-04 12:54:18,396 [ERROR] LogOutputStream:75 - [STDERR_REDIRECT] [Fatal Error] :1:1: Premature end of file.
2026-05-04 12:54:18,396 [ERROR] LogOutputStream:75 - [STDERR_REDIRECT] 
2026-05-04 12:54:19,409 [ERROR] LogOutputStream:75 - [STDERR_REDIRECT] [Fatal Error] :1:1: Premature end of file.
2026-05-04 12:54:19,409 [ERROR] LogOutputStream:75 - [STDERR_REDIRECT] 
2026-05-04 12:54:20,394 [ERROR] LogOutputStream:75 - [STDERR_REDIRECT] [Fatal Error] :1:1: Premature end of file.
2026-05-04 12:54:20,394 [ERROR] LogOutputStream:75 - [STDERR_REDIRECT] 
2026-05-04 12:54:21,403 [ERROR] LogOutputStream:75 - [STDERR_REDIRECT] [Fatal Error] :1:1: Premature end of file.
2026-05-04 12:54:21,403 [ERROR] LogOutputStream:75 - [STDERR_REDIRECT] 
2026-05-04 12:54:22,488 [ERROR] LogOutputStream:75 - [STDERR_REDIRECT] [Fatal Error] :1:1: Premature end of file.
2026-05-04 12:54:22,493 [ERROR] LogOutputStream:75 - [STDERR_REDIRECT] 
2026-05-04 12:54:23,399 [ERROR] LogOutputStream:75 - [STDERR_REDIRECT] [Fatal Error] :1:1: Premature end of file.
2026-05-04 12:54:23,399 [ERROR] LogOutputStream:75 - [STDERR_REDIRECT] 
2026-05-04 12:54:24,407 [ERROR] LogOutputStream:75 - [STDERR_REDIRECT] [Fatal Error] :1:1: Premature end of file.
2026-05-04 12:54:24,408 [ERROR] LogOutputStream:75 - [STDERR_REDIRECT] 
2026-05-04 12:54:25,400 [ERROR] LogOutputStream:75 - [STDERR_REDIRECT] [Fatal Error] :1:1: Premature end of file.
2026-05-04 12:54:25,400 [ERROR] LogOutputStream:75 - [STDERR_REDIRECT] 
2026-05-04 12:54:26,410 [ERROR] LogOutputStream:75 - [STDERR_REDIRECT] [Fatal Error] :1:1: Premature end of file.
2026-05-04 12:54:26,410 [ERROR] LogOutputStream:75 - [STDERR_REDIRECT] 
2026-05-04 12:54:27,389 [ERROR] LogOutputStream:75 - [STDERR_REDIRECT] [Fatal Error] :1:1: Premature end of file.
2026-05-04 12:54:27,389 [ERROR] LogOutputStream:75 - [STDERR_REDIRECT] 
2026-05-04 12:54:28,387 [ERROR] LogOutputStream:75 - [STDERR_REDIRECT] [Fatal Error] :1:1: Premature end of file.
2026-05-04 12:54:28,387 [ERROR] LogOutputStream:75 - [STDERR_REDIRECT] 
2026-05-04 12:54:29,397 [ERROR] LogOutputStream:75 - [STDERR_REDIRECT] [Fatal Error] :1:1: Premature end of file.
2026-05-04 12:54:29,397 [ERROR] LogOutputStream:75 - [STDERR_REDIRECT] 
2026-05-04 12:54:30,395 [ERROR] LogOutputStream:75 - [STDERR_REDIRECT] [Fatal Error] :1:1: Premature end of file.
2026-05-04 12:54:30,395 [ERROR] LogOutputStream:75 - [STDERR_REDIRECT] 
2026-05-04 12:54:31,392 [ERROR] LogOutputStream:75 - [STDERR_REDIRECT] [Fatal Error] :1:1: Premature end of file.
2026-05-04 12:54:31,392 [ERROR] LogOutputStream:75 - [STDERR_REDIRECT] 
2026-05-04 12:54:32,406 [ERROR] LogOutputStream:75 - [STDERR_REDIRECT] [Fatal Error] :1:1: Premature end of file.
2026-05-04 12:54:32,406 [ERROR] LogOutputStream:75 - [STDERR_REDIRECT] 
2026-05-04 12:54:33,406 [ERROR] LogOutputStream:75 - [STDERR_REDIRECT] [Fatal Error] :1:1: Premature end of file.
2026-05-04 12:54:33,406 [ERROR] LogOutputStream:75 - [STDERR_REDIRECT] 
2026-05-04 12:54:34,404 [ERROR] LogOutputStream:75 - [STDERR_REDIRECT] [Fatal Error] :1:1: Premature end of file.
2026-05-04 12:54:34,404 [ERROR] LogOutputStream:75 - [STDERR_REDIRECT] 
2026-05-04 12:54:35,390 [ERROR] LogOutputStream:75 - [STDERR_REDIRECT] [Fatal Error] :1:1: Premature end of file.
2026-05-04 12:54:35,390 [ERROR] LogOutputStream:75 - [STDERR_REDIRECT] 
2026-05-04 12:54:36,377 [ERROR] LogOutputStream:75 - [STDERR_REDIRECT] [Fatal Error] :1:1: Premature end of file.
2026-05-04 12:54:36,377 [ERROR] LogOutputStream:75 - [STDERR_REDIRECT] 
2026-05-04 12:54:37,390 [ERROR] LogOutputStream:75 - [STDERR_REDIRECT] [Fatal Error] :1:1: Premature end of file.
2026-05-04 12:54:37,390 [ERROR] LogOutputStream:75 - [STDERR_REDIRECT] 
2026-05-04 12:54:38,392 [ERROR] LogOutputStream:75 - [STDERR_REDIRECT] [Fatal Error] :1:1: Premature end of file.
2026-05-04 12:54:38,392 [ERROR] LogOutputStream:75 - [STDERR_REDIRECT] 
2026-05-04 12:54:39,386 [ERROR] LogOutputStream:75 - [STDERR_REDIRECT] [Fatal Error] :1:1: Premature end of file.
2026-05-04 12:54:39,386 [ERROR] LogOutputStream:75 - [STDERR_REDIRECT] 
2026-05-04 12:54:40,399 [ERROR] LogOutputStream:75 - [STDERR_REDIRECT] [Fatal Error] :1:1: Premature end of file.
2026-05-04 12:54:40,399 [ERROR] LogOutputStream:75 - [STDERR_REDIRECT] 
2026-05-04 12:54:41,423 [ERROR] LogOutputStream:75 - [STDERR_REDIRECT] [Fatal Error] :1:1: Premature end of file.
2026-05-04 12:54:41,423 [ERROR] LogOutputStream:75 - [STDERR_REDIRECT] 
2026-05-04 12:54:42,400 [ERROR] LogOutputStream:75 - [STDERR_REDIRECT] [Fatal Error] :1:1: Premature end of file.
2026-05-04 12:54:42,400 [ERROR] LogOutputStream:75 - [STDERR_REDIRECT] 
2026-05-04 12:54:43,405 [ERROR] LogOutputStream:75 - [STDERR_REDIRECT] [Fatal Error] :1:1: Premature end of file.
2026-05-04 12:54:43,405 [ERROR] LogOutputStream:75 - [STDERR_REDIRECT] 
2026-05-04 12:54:44,399 [ERROR] LogOutputStream:75 - [STDERR_REDIRECT] [Fatal Error] :1:1: Premature end of file.
2026-05-04 12:54:44,399 [ERROR] LogOutputStream:75 - [STDERR_REDIRECT] 
2026-05-04 12:54:45,393 [ERROR] LogOutputStream:75 - [STDERR_REDIRECT] [Fatal Error] :1:1: Premature end of file.
2026-05-04 12:54:45,393 [ERROR] LogOutputStream:75 - [STDERR_REDIRECT] 
2026-05-04 12:54:46,405 [ERROR] LogOutputStream:75 - [STDERR_REDIRECT] [Fatal Error] :1:1: Premature end of file.
2026-05-04 12:54:46,405 [ERROR] LogOutputStream:75 - [STDERR_REDIRECT] 
2026-05-04 12:54:47,414 [ERROR] LogOutputStream:75 - [STDERR_REDIRECT] [Fatal Error] :1:1: Premature end of file.
2026-05-04 12:54:47,414 [ERROR] LogOutputStream:75 - [STDERR_REDIRECT] 
2026-05-04 12:54:48,399 [ERROR] LogOutputStream:75 - [STDERR_REDIRECT] [Fatal Error] :1:1: Premature end of file.
2026-05-04 12:54:48,399 [ERROR] LogOutputStream:75 - [STDERR_REDIRECT] 
2026-05-04 12:54:49,414 [ERROR] LogOutputStream:75 - [STDERR_REDIRECT] [Fatal Error] :1:1: Premature end of file.
2026-05-04 12:54:49,414 [ERROR] LogOutputStream:75 - [STDERR_REDIRECT] 
2026-05-04 12:54:50,417 [ERROR] LogOutputStream:75 - [STDERR_REDIRECT] [Fatal Error] :1:1: Premature end of file.
2026-05-04 12:54:50,417 [ERROR] LogOutputStream:75 - [STDERR_REDIRECT] 
2026-05-04 12:54:51,415 [ERROR] LogOutputStream:75 - [STDERR_REDIRECT] [Fatal Error] :1:1: Premature end of file.
2026-05-04 12:54:51,415 [ERROR] LogOutputStream:75 - [STDERR_REDIRECT] 
2026-05-04 12:54:52,404 [ERROR] LogOutputStream:75 - [STDERR_REDIRECT] [Fatal Error] :1:1: Premature end of file.
2026-05-04 12:54:52,404 [ERROR] LogOutputStream:75 - [STDERR_REDIRECT] 
2026-05-04 12:54:53,397 [ERROR] LogOutputStream:75 - [STDERR_REDIRECT] [Fatal Error] :1:1: Premature end of file.
2026-05-04 12:54:53,397 [ERROR] LogOutputStream:75 - [STDERR_REDIRECT] 
2026-05-04 12:54:54,405 [ERROR] LogOutputStream:75 - [STDERR_REDIRECT] [Fatal Error] :1:1: Premature end of file.
2026-05-04 12:54:54,405 [ERROR] LogOutputStream:75 - [STDERR_REDIRECT] 
2026-05-04 12:54:55,414 [ERROR] LogOutputStream:75 - [STDERR_REDIRECT] [Fatal Error] :1:1: Premature end of file.
2026-05-04 12:54:55,414 [ERROR] LogOutputStream:75 - [STDERR_REDIRECT] 
2026-05-04 12:54:56,429 [ERROR] LogOutputStream:75 - [STDERR_REDIRECT] [Fatal Error] :1:1: Premature end of file.
2026-05-04 12:54:56,429 [ERROR] LogOutputStream:75 - [STDERR_REDIRECT] 
2026-05-04 12:54:57,397 [ERROR] LogOutputStream:75 - [STDERR_REDIRECT] [Fatal Error] :1:1: Premature end of file.
2026-05-04 12:54:57,398 [ERROR] LogOutputStream:75 - [STDERR_REDIRECT] 
2026-05-04 12:54:58,389 [ERROR] LogOutputStream:75 - [STDERR_REDIRECT] [Fatal Error] :1:1: Premature end of file.
2026-05-04 12:54:58,389 [ERROR] LogOutputStream:75 - [STDERR_REDIRECT] 
2026-05-04 12:54:59,395 [ERROR] LogOutputStream:75 - [STDERR_REDIRECT] [Fatal Error] :1:1: Premature end of file.
2026-05-04 12:54:59,395 [ERROR] LogOutputStream:75 - [STDERR_REDIRECT] 
2026-05-04 12:55:00,387 [ERROR] LogOutputStream:75 - [STDERR_REDIRECT] [Fatal Error] :1:1: Premature end of file.
2026-05-04 12:55:00,387 [ERROR] LogOutputStream:75 - [STDERR_REDIRECT] 
2026-05-04 12:55:01,400 [ERROR] LogOutputStream:75 - [STDERR_REDIRECT] [Fatal Error] :1:1: Premature end of file.
2026-05-04 12:55:01,400 [ERROR] LogOutputStream:75 - [STDERR_REDIRECT] 
2026-05-04 12:55:02,399 [ERROR] LogOutputStream:75 - [STDERR_REDIRECT] [Fatal Error] :1:1: Premature end of file.
2026-05-04 12:55:02,399 [ERROR] LogOutputStream:75 - [STDERR_REDIRECT] 
2026-05-04 12:55:03,394 [ERROR] LogOutputStream:75 - [STDERR_REDIRECT] [Fatal Error] :1:1: Premature end of file.
2026-05-04 12:55:03,394 [ERROR] LogOutputStream:75 - [STDERR_REDIRECT] 
2026-05-04 12:55:04,409 [ERROR] LogOutputStream:75 - [STDERR_REDIRECT] [Fatal Error] :1:1: Premature end of file.
2026-05-04 12:55:04,409 [ERROR] LogOutputStream:75 - [STDERR_REDIRECT] 
2026-05-04 12:55:05,412 [ERROR] LogOutputStream:75 - [STDERR_REDIRECT] [Fatal Error] :1:1: Premature end of file.
2026-05-04 12:55:05,412 [ERROR] LogOutputStream:75 - [STDERR_REDIRECT] 
2026-05-04 12:55:06,395 [ERROR] LogOutputStream:75 - [STDERR_REDIRECT] [Fatal Error] :1:1: Premature end of file.
2026-05-04 12:55:06,395 [ERROR] LogOutputStream:75 - [STDERR_REDIRECT] 
2026-05-04 12:55:07,439 [ERROR] LogOutputStream:75 - [STDERR_REDIRECT] [Fatal Error] :1:1: Premature end of file.
2026-05-04 12:55:07,439 [ERROR] LogOutputStream:75 - [STDERR_REDIRECT] 
2026-05-04 12:55:08,404 [ERROR] LogOutputStream:75 - [STDERR_REDIRECT] [Fatal Error] :1:1: Premature end of file.
2026-05-04 12:55:08,404 [ERROR] LogOutputStream:75 - [STDERR_REDIRECT] 
2026-05-04 12:55:09,385 [ERROR] LogOutputStream:75 - [STDERR_REDIRECT] [Fatal Error] :1:1: Premature end of file.
2026-05-04 12:55:09,385 [ERROR] LogOutputStream:75 - [STDERR_REDIRECT] 
2026-05-04 12:55:10,399 [ERROR] LogOutputStream:75 - [STDERR_REDIRECT] [Fatal Error] :1:1: Premature end of file.
2026-05-04 12:55:10,400 [ERROR] LogOutputStream:75 - [STDERR_REDIRECT] 
2026-05-04 12:55:11,391 [ERROR] LogOutputStream:75 - [STDERR_REDIRECT] [Fatal Error] :1:1: Premature end of file.
2026-05-04 12:55:11,391 [ERROR] LogOutputStream:75 - [STDERR_REDIRECT] 
2026-05-04 12:55:12,412 [ERROR] LogOutputStream:75 - [STDERR_REDIRECT] [Fatal Error] :1:1: Premature end of file.
2026-05-04 12:55:12,412 [ERROR] LogOutputStream:75 - [STDERR_REDIRECT] 
2026-05-04 12:55:13,403 [ERROR] LogOutputStream:75 - [STDERR_REDIRECT] [Fatal Error] :1:1: Premature end of file.
2026-05-04 12:55:13,403 [ERROR] LogOutputStream:75 - [STDERR_REDIRECT] 
2026-05-04 12:55:14,402 [ERROR] LogOutputStream:75 - [STDERR_REDIRECT] [Fatal Error] :1:1: Premature end of file.
2026-05-04 12:55:14,402 [ERROR] LogOutputStream:75 - [STDERR_REDIRECT] 
2026-05-04 12:55:15,405 [ERROR] LogOutputStream:75 - [STDERR_REDIRECT] [Fatal Error] :1:1: Premature end of file.
2026-05-04 12:55:15,405 [ERROR] LogOutputStream:75 - [STDERR_REDIRECT] 
2026-05-04 12:55:16,402 [ERROR] LogOutputStream:75 - [STDERR_REDIRECT] [Fatal Error] :1:1: Premature end of file.
2026-05-04 12:55:16,402 [ERROR] LogOutputStream:75 - [STDERR_REDIRECT] 
2026-05-04 12:55:17,415 [ERROR] LogOutputStream:75 - [STDERR_REDIRECT] [Fatal Error] :1:1: Premature end of file.
2026-05-04 12:55:17,415 [ERROR] LogOutputStream:75 - [STDERR_REDIRECT] 
2026-05-04 12:55:18,388 [ERROR] LogOutputStream:75 - [STDERR_REDIRECT] [Fatal Error] :1:1: Premature end of file.
2026-05-04 12:55:18,388 [ERROR] LogOutputStream:75 - [STDERR_REDIRECT] 
2026-05-04 12:55:19,394 [ERROR] LogOutputStream:75 - [STDERR_REDIRECT] [Fatal Error] :1:1: Premature end of file.
2026-05-04 12:55:19,394 [ERROR] LogOutputStream:75 - [STDERR_REDIRECT] 
2026-05-04 12:55:20,399 [ERROR] LogOutputStream:75 - [STDERR_REDIRECT] [Fatal Error] :1:1: Premature end of file.
2026-05-04 12:55:20,399 [ERROR] LogOutputStream:75 - [STDERR_REDIRECT] 
2026-05-04 12:55:21,398 [ERROR] LogOutputStream:75 - [STDERR_REDIRECT] [Fatal Error] :1:1: Premature end of file.
2026-05-04 12:55:21,398 [ERROR] LogOutputStream:75 - [STDERR_REDIRECT] 
2026-05-04 12:55:22,404 [ERROR] LogOutputStream:75 - [STDERR_REDIRECT] [Fatal Error] :1:1: Premature end of file.
2026-05-04 12:55:22,404 [ERROR] LogOutputStream:75 - [STDERR_REDIRECT] 
2026-05-04 12:55:23,406 [ERROR] LogOutputStream:75 - [STDERR_REDIRECT] [Fatal Error] :1:1: Premature end of file.
2026-05-04 12:55:23,406 [ERROR] LogOutputStream:75 - [STDERR_REDIRECT] 
2026-05-04 12:55:24,394 [ERROR] LogOutputStream:75 - [STDERR_REDIRECT] [Fatal Error] :1:1: Premature end of file.
2026-05-04 12:55:24,394 [ERROR] LogOutputStream:75 - [STDERR_REDIRECT] 
2026-05-04 12:55:25,400 [ERROR] LogOutputStream:75 - [STDERR_REDIRECT] [Fatal Error] :1:1: Premature end of file.
2026-05-04 12:55:25,400 [ERROR] LogOutputStream:75 - [STDERR_REDIRECT] 
2026-05-04 12:55:26,399 [ERROR] LogOutputStream:75 - [STDERR_REDIRECT] [Fatal Error] :1:1: Premature end of file.
2026-05-04 12:55:26,399 [ERROR] LogOutputStream:75 - [STDERR_REDIRECT] 
2026-05-04 12:55:27,389 [ERROR] LogOutputStream:75 - [STDERR_REDIRECT] [Fatal Error] :1:1: Premature end of file.
2026-05-04 12:55:27,389 [ERROR] LogOutputStream:75 - [STDERR_REDIRECT] 
2026-05-04 12:55:28,399 [ERROR] LogOutputStream:75 - [STDERR_REDIRECT] [Fatal Error] :1:1: Premature end of file.
2026-05-04 12:55:28,399 [ERROR] LogOutputStream:75 - [STDERR_REDIRECT] 
2026-05-04 12:55:29,401 [ERROR] LogOutputStream:75 - [STDERR_REDIRECT] [Fatal Error] :1:1: Premature end of file.
2026-05-04 12:55:29,401 [ERROR] LogOutputStream:75 - [STDERR_REDIRECT] 
2026-05-04 12:55:30,416 [ERROR] LogOutputStream:75 - [STDERR_REDIRECT] [Fatal Error] :1:1: Premature end of file.
2026-05-04 12:55:30,416 [ERROR] LogOutputStream:75 - [STDERR_REDIRECT] 
2026-05-04 12:55:31,404 [ERROR] LogOutputStream:75 - [STDERR_REDIRECT] [Fatal Error] :1:1: Premature end of file.
2026-05-04 12:55:31,404 [ERROR] LogOutputStream:75 - [STDERR_REDIRECT] 
2026-05-04 12:55:32,399 [ERROR] LogOutputStream:75 - [STDERR_REDIRECT] [Fatal Error] :1:1: Premature end of file.
2026-05-04 12:55:32,399 [ERROR] LogOutputStream:75 - [STDERR_REDIRECT] 
2026-05-04 12:55:33,409 [ERROR] LogOutputStream:75 - [STDERR_REDIRECT] [Fatal Error] :1:1: Premature end of file.
2026-05-04 12:55:33,409 [ERROR] LogOutputStream:75 - [STDERR_REDIRECT] 
2026-05-04 12:55:34,382 [ERROR] LogOutputStream:75 - [STDERR_REDIRECT] [Fatal Error] :1:1: Premature end of file.
2026-05-04 12:55:34,382 [ERROR] LogOutputStream:75 - [STDERR_REDIRECT] 
2026-05-04 12:55:35,386 [ERROR] LogOutputStream:75 - [STDERR_REDIRECT] [Fatal Error] :1:1: Premature end of file.
2026-05-04 12:55:35,386 [ERROR] LogOutputStream:75 - [STDERR_REDIRECT] 
2026-05-04 12:55:36,399 [ERROR] LogOutputStream:75 - [STDERR_REDIRECT] [Fatal Error] :1:1: Premature end of file.
2026-05-04 12:55:36,399 [ERROR] LogOutputStream:75 - [STDERR_REDIRECT] 
2026-05-04 12:55:37,403 [ERROR] LogOutputStream:75 - [STDERR_REDIRECT] [Fatal Error] :1:1: Premature end of file.
2026-05-04 12:55:37,403 [ERROR] LogOutputStream:75 - [STDERR_REDIRECT] 
2026-05-04 12:55:38,402 [ERROR] LogOutputStream:75 - [STDERR_REDIRECT] [Fatal Error] :1:1: Premature end of file.
2026-05-04 12:55:38,402 [ERROR] LogOutputStream:75 - [STDERR_REDIRECT] 
2026-05-04 12:55:39,408 [ERROR] LogOutputStream:75 - [STDERR_REDIRECT] [Fatal Error] :1:1: Premature end of file.
2026-05-04 12:55:39,408 [ERROR] LogOutputStream:75 - [STDERR_REDIRECT] 
2026-05-04 12:55:40,397 [ERROR] LogOutputStream:75 - [STDERR_REDIRECT] [Fatal Error] :1:1: Premature end of file.
2026-05-04 12:55:40,397 [ERROR] LogOutputStream:75 - [STDERR_REDIRECT] 
2026-05-04 12:55:41,414 [ERROR] LogOutputStream:75 - [STDERR_REDIRECT] [Fatal Error] :1:1: Premature end of file.
2026-05-04 12:55:41,414 [ERROR] LogOutputStream:75 - [STDERR_REDIRECT] 
2026-05-04 12:55:42,388 [ERROR] LogOutputStream:75 - [STDERR_REDIRECT] [Fatal Error] :1:1: Premature end of file.
2026-05-04 12:55:42,388 [ERROR] LogOutputStream:75 - [STDERR_REDIRECT] 
2026-05-04 12:55:43,409 [ERROR] LogOutputStream:75 - [STDERR_REDIRECT] [Fatal Error] :1:1: Premature end of file.
2026-05-04 12:55:43,409 [ERROR] LogOutputStream:75 - [STDERR_REDIRECT] 
2026-05-04 12:55:44,407 [ERROR] LogOutputStream:75 - [STDERR_REDIRECT] [Fatal Error] :1:1: Premature end of file.
2026-05-04 12:55:44,407 [ERROR] LogOutputStream:75 - [STDERR_REDIRECT] 
2026-05-04 12:55:45,405 [ERROR] LogOutputStream:75 - [STDERR_REDIRECT] [Fatal Error] :1:1: Premature end of file.
2026-05-04 12:55:45,405 [ERROR] LogOutputStream:75 - [STDERR_REDIRECT] 
2026-05-04 12:55:46,396 [ERROR] LogOutputStream:75 - [STDERR_REDIRECT] [Fatal Error] :1:1: Premature end of file.
2026-05-04 12:55:46,396 [ERROR] LogOutputStream:75 - [STDERR_REDIRECT] 
2026-05-04 12:55:47,396 [ERROR] LogOutputStream:75 - [STDERR_REDIRECT] [Fatal Error] :1:1: Premature end of file.
2026-05-04 12:55:47,397 [ERROR] LogOutputStream:75 - [STDERR_REDIRECT] 
2026-05-04 12:55:48,385 [ERROR] LogOutputStream:75 - [STDERR_REDIRECT] [Fatal Error] :1:1: Premature end of file.
2026-05-04 12:55:48,385 [ERROR] LogOutputStream:75 - [STDERR_REDIRECT] 
2026-05-04 12:55:49,396 [ERROR] LogOutputStream:75 - [STDERR_REDIRECT] [Fatal Error] :1:1: Premature end of file.
2026-05-04 12:55:49,396 [ERROR] LogOutputStream:75 - [STDERR_REDIRECT] 
2026-05-04 12:55:50,399 [ERROR] LogOutputStream:75 - [STDERR_REDIRECT] [Fatal Error] :1:1: Premature end of file.
2026-05-04 12:55:50,399 [ERROR] LogOutputStream:75 - [STDERR_REDIRECT] 
2026-05-04 12:55:51,413 [ERROR] LogOutputStream:75 - [STDERR_REDIRECT] [Fatal Error] :1:1: Premature end of file.
2026-05-04 12:55:51,413 [ERROR] LogOutputStream:75 - [STDERR_REDIRECT] 
2026-05-04 12:55:52,384 [ERROR] LogOutputStream:75 - [STDERR_REDIRECT] [Fatal Error] :1:1: Premature end of file.
2026-05-04 12:55:52,384 [ERROR] LogOutputStream:75 - [STDERR_REDIRECT] 
2026-05-04 12:55:53,397 [ERROR] LogOutputStream:75 - [STDERR_REDIRECT] [Fatal Error] :1:1: Premature end of file.
2026-05-04 12:55:53,397 [ERROR] LogOutputStream:75 - [STDERR_REDIRECT] 
2026-05-04 12:55:54,395 [ERROR] LogOutputStream:75 - [STDERR_REDIRECT] [Fatal Error] :1:1: Premature end of file.
2026-05-04 12:55:54,395 [ERROR] LogOutputStream:75 - [STDERR_REDIRECT] 
2026-05-04 12:55:55,394 [ERROR] LogOutputStream:75 - [STDERR_REDIRECT] [Fatal Error] :1:1: Premature end of file.
2026-05-04 12:55:55,394 [ERROR] LogOutputStream:75 - [STDERR_REDIRECT] 
2026-05-04 12:55:56,397 [ERROR] LogOutputStream:75 - [STDERR_REDIRECT] [Fatal Error] :1:1: Premature end of file.
2026-05-04 12:55:56,397 [ERROR] LogOutputStream:75 - [STDERR_REDIRECT] 
2026-05-04 12:55:57,378 [ERROR] LogOutputStream:75 - [STDERR_REDIRECT] [Fatal Error] :1:1: Premature end of file.
2026-05-04 12:55:57,378 [ERROR] LogOutputStream:75 - [STDERR_REDIRECT] 
2026-05-04 12:55:58,412 [ERROR] LogOutputStream:75 - [STDERR_REDIRECT] [Fatal Error] :1:1: Premature end of file.
2026-05-04 12:55:58,412 [ERROR] LogOutputStream:75 - [STDERR_REDIRECT] 
2026-05-04 12:55:59,395 [ERROR] LogOutputStream:75 - [STDERR_REDIRECT] [Fatal Error] :1:1: Premature end of file.
2026-05-04 12:55:59,395 [ERROR] LogOutputStream:75 - [STDERR_REDIRECT] 
2026-05-04 12:56:00,396 [ERROR] LogOutputStream:75 - [STDERR_REDIRECT] [Fatal Error] :1:1: Premature end of file.
2026-05-04 12:56:00,396 [ERROR] LogOutputStream:75 - [STDERR_REDIRECT] 
2026-05-04 12:56:01,412 [ERROR] LogOutputStream:75 - [STDERR_REDIRECT] [Fatal Error] :1:1: Premature end of file.
2026-05-04 12:56:01,412 [ERROR] LogOutputStream:75 - [STDERR_REDIRECT] 
2026-05-04 12:56:02,436 [ERROR] LogOutputStream:75 - [STDERR_REDIRECT] [Fatal Error] :1:1: Premature end of file.
2026-05-04 12:56:02,436 [ERROR] LogOutputStream:75 - [STDERR_REDIRECT] 
2026-05-04 12:56:03,389 [ERROR] LogOutputStream:75 - [STDERR_REDIRECT] [Fatal Error] :1:1: Premature end of file.
2026-05-04 12:56:03,389 [ERROR] LogOutputStream:75 - [STDERR_REDIRECT] 
2026-05-04 12:56:04,395 [ERROR] LogOutputStream:75 - [STDERR_REDIRECT] [Fatal Error] :1:1: Premature end of file.
2026-05-04 12:56:04,395 [ERROR] LogOutputStream:75 - [STDERR_REDIRECT] 
2026-05-04 12:56:05,401 [ERROR] LogOutputStream:75 - [STDERR_REDIRECT] [Fatal Error] :1:1: Premature end of file.
2026-05-04 12:56:05,401 [ERROR] LogOutputStream:75 - [STDERR_REDIRECT] 
2026-05-04 12:56:06,387 [ERROR] LogOutputStream:75 - [STDERR_REDIRECT] [Fatal Error] :1:1: Premature end of file.
2026-05-04 12:56:06,387 [ERROR] LogOutputStream:75 - [STDERR_REDIRECT] 
2026-05-04 12:56:07,402 [ERROR] LogOutputStream:75 - [STDERR_REDIRECT] [Fatal Error] :1:1: Premature end of file.
2026-05-04 12:56:07,402 [ERROR] LogOutputStream:75 - [STDERR_REDIRECT] 
2026-05-04 12:56:08,404 [ERROR] LogOutputStream:75 - [STDERR_REDIRECT] [Fatal Error] :1:1: Premature end of file.
2026-05-04 12:56:08,404 [ERROR] LogOutputStream:75 - [STDERR_REDIRECT] 
2026-05-04 12:56:09,396 [ERROR] LogOutputStream:75 - [STDERR_REDIRECT] [Fatal Error] :1:1: Premature end of file.
2026-05-04 12:56:09,396 [ERROR] LogOutputStream:75 - [STDERR_REDIRECT] 
2026-05-04 12:56:10,393 [ERROR] LogOutputStream:75 - [STDERR_REDIRECT] [Fatal Error] :1:1: Premature end of file.
2026-05-04 12:56:10,394 [ERROR] LogOutputStream:75 - [STDERR_REDIRECT] 
2026-05-04 12:56:11,396 [ERROR] LogOutputStream:75 - [STDERR_REDIRECT] [Fatal Error] :1:1: Premature end of file.
2026-05-04 12:56:11,396 [ERROR] LogOutputStream:75 - [STDERR_REDIRECT] 
2026-05-04 12:56:12,384 [ERROR] LogOutputStream:75 - [STDERR_REDIRECT] [Fatal Error] :1:1: Premature end of file.
2026-05-04 12:56:12,384 [ERROR] LogOutputStream:75 - [STDERR_REDIRECT] 
2026-05-04 12:56:13,409 [ERROR] LogOutputStream:75 - [STDERR_REDIRECT] [Fatal Error] :1:1: Premature end of file.
2026-05-04 12:56:13,409 [ERROR] LogOutputStream:75 - [STDERR_REDIRECT] 
2026-05-04 12:56:14,392 [ERROR] LogOutputStream:75 - [STDERR_REDIRECT] [Fatal Error] :1:1: Premature end of file.
2026-05-04 12:56:14,392 [ERROR] LogOutputStream:75 - [STDERR_REDIRECT] 
2026-05-04 12:56:15,399 [ERROR] LogOutputStream:75 - [STDERR_REDIRECT] [Fatal Error] :1:1: Premature end of file.
2026-05-04 12:56:15,399 [ERROR] LogOutputStream:75 - [STDERR_REDIRECT] 
2026-05-04 12:56:16,409 [ERROR] LogOutputStream:75 - [STDERR_REDIRECT] [Fatal Error] :1:1: Premature end of file.
2026-05-04 12:56:16,410 [ERROR] LogOutputStream:75 - [STDERR_REDIRECT] 
2026-05-04 12:56:17,396 [ERROR] LogOutputStream:75 - [STDERR_REDIRECT] [Fatal Error] :1:1: Premature end of file.
2026-05-04 12:56:17,396 [ERROR] LogOutputStream:75 - [STDERR_REDIRECT] 
2026-05-04 12:56:18,404 [ERROR] LogOutputStream:75 - [STDERR_REDIRECT] [Fatal Error] :1:1: Premature end of file.
2026-05-04 12:56:18,404 [ERROR] LogOutputStream:75 - [STDERR_REDIRECT] 
2026-05-04 12:56:19,394 [ERROR] LogOutputStream:75 - [STDERR_REDIRECT] [Fatal Error] :1:1: Premature end of file.
2026-05-04 12:56:19,394 [ERROR] LogOutputStream:75 - [STDERR_REDIRECT] 
2026-05-04 12:56:20,401 [ERROR] LogOutputStream:75 - [STDERR_REDIRECT] [Fatal Error] :1:1: Premature end of file.
2026-05-04 12:56:20,401 [ERROR] LogOutputStream:75 - [STDERR_REDIRECT] 
2026-05-04 12:56:21,393 [ERROR] LogOutputStream:75 - [STDERR_REDIRECT] [Fatal Error] :1:1: Premature end of file.
2026-05-04 12:56:21,393 [ERROR] LogOutputStream:75 - [STDERR_REDIRECT] 
2026-05-04 12:56:22,388 [ERROR] LogOutputStream:75 - [STDERR_REDIRECT] [Fatal Error] :1:1: Premature end of file.
2026-05-04 12:56:22,388 [ERROR] LogOutputStream:75 - [STDERR_REDIRECT] 
2026-05-04 12:56:23,413 [ERROR] LogOutputStream:75 - [STDERR_REDIRECT] [Fatal Error] :1:1: Premature end of file.
2026-05-04 12:56:23,414 [ERROR] LogOutputStream:75 - [STDERR_REDIRECT] 
2026-05-04 12:56:24,405 [ERROR] LogOutputStream:75 - [STDERR_REDIRECT] [Fatal Error] :1:1: Premature end of file.
2026-05-04 12:56:24,405 [ERROR] LogOutputStream:75 - [STDERR_REDIRECT] 
2026-05-04 12:56:25,407 [ERROR] LogOutputStream:75 - [STDERR_REDIRECT] [Fatal Error] :1:1: Premature end of file.
2026-05-04 12:56:25,407 [ERROR] LogOutputStream:75 - [STDERR_REDIRECT] 
2026-05-04 12:56:26,400 [ERROR] LogOutputStream:75 - [STDERR_REDIRECT] [Fatal Error] :1:1: Premature end of file.
2026-05-04 12:56:26,400 [ERROR] LogOutputStream:75 - [STDERR_REDIRECT] 
2026-05-04 12:56:27,397 [ERROR] LogOutputStream:75 - [STDERR_REDIRECT] [Fatal Error] :1:1: Premature end of file.
2026-05-04 12:56:27,397 [ERROR] LogOutputStream:75 - [STDERR_REDIRECT] 
2026-05-04 12:56:28,399 [ERROR] LogOutputStream:75 - [STDERR_REDIRECT] [Fatal Error] :1:1: Premature end of file.
2026-05-04 12:56:28,399 [ERROR] LogOutputStream:75 - [STDERR_REDIRECT] 
2026-05-04 12:56:29,393 [ERROR] LogOutputStream:75 - [STDERR_REDIRECT] [Fatal Error] :1:1: Premature end of file.
2026-05-04 12:56:29,393 [ERROR] LogOutputStream:75 - [STDERR_REDIRECT] 
2026-05-04 12:56:30,393 [ERROR] LogOutputStream:75 - [STDERR_REDIRECT] [Fatal Error] :1:1: Premature end of file.
2026-05-04 12:56:30,394 [ERROR] LogOutputStream:75 - [STDERR_REDIRECT] 
2026-05-04 12:56:31,396 [ERROR] LogOutputStream:75 - [STDERR_REDIRECT] [Fatal Error] :1:1: Premature end of file.
2026-05-04 12:56:31,396 [ERROR] LogOutputStream:75 - [STDERR_REDIRECT] 
2026-05-04 12:56:32,398 [ERROR] LogOutputStream:75 - [STDERR_REDIRECT] [Fatal Error] :1:1: Premature end of file.
2026-05-04 12:56:32,398 [ERROR] LogOutputStream:75 - [STDERR_REDIRECT] 
2026-05-04 12:56:33,394 [ERROR] LogOutputStream:75 - [STDERR_REDIRECT] [Fatal Error] :1:1: Premature end of file.
2026-05-04 12:56:33,394 [ERROR] LogOutputStream:75 - [STDERR_REDIRECT] 
2026-05-04 12:56:34,398 [ERROR] LogOutputStream:75 - [STDERR_REDIRECT] [Fatal Error] :1:1: Premature end of file.
2026-05-04 12:56:34,398 [ERROR] LogOutputStream:75 - [STDERR_REDIRECT] 
2026-05-04 12:56:35,390 [ERROR] LogOutputStream:75 - [STDERR_REDIRECT] [Fatal Error] :1:1: Premature end of file.
2026-05-04 12:56:35,390 [ERROR] LogOutputStream:75 - [STDERR_REDIRECT] 
2026-05-04 12:56:36,398 [ERROR] LogOutputStream:75 - [STDERR_REDIRECT] [Fatal Error] :1:1: Premature end of file.
2026-05-04 12:56:36,398 [ERROR] LogOutputStream:75 - [STDERR_REDIRECT] 
2026-05-04 12:56:37,385 [ERROR] LogOutputStream:75 - [STDERR_REDIRECT] [Fatal Error] :1:1: Premature end of file.
2026-05-04 12:56:37,385 [ERROR] LogOutputStream:75 - [STDERR_REDIRECT] 
2026-05-04 12:56:38,399 [ERROR] LogOutputStream:75 - [STDERR_REDIRECT] [Fatal Error] :1:1: Premature end of file.
2026-05-04 12:56:38,399 [ERROR] LogOutputStream:75 - [STDERR_REDIRECT] 
2026-05-04 12:56:39,402 [ERROR] LogOutputStream:75 - [STDERR_REDIRECT] [Fatal Error] :1:1: Premature end of file.
2026-05-04 12:56:39,402 [ERROR] LogOutputStream:75 - [STDERR_REDIRECT] 
2026-05-04 12:56:40,396 [ERROR] LogOutputStream:75 - [STDERR_REDIRECT] [Fatal Error] :1:1: Premature end of file.
2026-05-04 12:56:40,396 [ERROR] LogOutputStream:75 - [STDERR_REDIRECT] 
2026-05-04 12:56:41,385 [ERROR] LogOutputStream:75 - [STDERR_REDIRECT] [Fatal Error] :1:1: Premature end of file.
2026-05-04 12:56:41,385 [ERROR] LogOutputStream:75 - [STDERR_REDIRECT] 
2026-05-04 12:56:42,387 [ERROR] LogOutputStream:75 - [STDERR_REDIRECT] [Fatal Error] :1:1: Premature end of file.
2026-05-04 12:56:42,387 [ERROR] LogOutputStream:75 - [STDERR_REDIRECT] 
2026-05-04 12:56:43,386 [ERROR] LogOutputStream:75 - [STDERR_REDIRECT] [Fatal Error] :1:1: Premature end of file.
2026-05-04 12:56:43,386 [ERROR] LogOutputStream:75 - [STDERR_REDIRECT] 
2026-05-04 12:56:44,393 [ERROR] LogOutputStream:75 - [STDERR_REDIRECT] [Fatal Error] :1:1: Premature end of file.
2026-05-04 12:56:44,393 [ERROR] LogOutputStream:75 - [STDERR_REDIRECT] 
2026-05-04 12:56:45,396 [ERROR] LogOutputStream:75 - [STDERR_REDIRECT] [Fatal Error] :1:1: Premature end of file.
2026-05-04 12:56:45,396 [ERROR] LogOutputStream:75 - [STDERR_REDIRECT] 
2026-05-04 12:56:46,403 [ERROR] LogOutputStream:75 - [STDERR_REDIRECT] [Fatal Error] :1:1: Premature end of file.
2026-05-04 12:56:46,403 [ERROR] LogOutputStream:75 - [STDERR_REDIRECT] 
2026-05-04 12:56:47,400 [ERROR] LogOutputStream:75 - [STDERR_REDIRECT] [Fatal Error] :1:1: Premature end of file.
2026-05-04 12:56:47,400 [ERROR] LogOutputStream:75 - [STDERR_REDIRECT] 
2026-05-04 12:56:48,411 [ERROR] LogOutputStream:75 - [STDERR_REDIRECT] [Fatal Error] :1:1: Premature end of file.
2026-05-04 12:56:48,411 [ERROR] LogOutputStream:75 - [STDERR_REDIRECT] 
2026-05-04 12:56:49,413 [ERROR] LogOutputStream:75 - [STDERR_REDIRECT] [Fatal Error] :1:1: Premature end of file.
2026-05-04 12:56:49,413 [ERROR] LogOutputStream:75 - [STDERR_REDIRECT] 
2026-05-04 12:56:50,386 [ERROR] LogOutputStream:75 - [STDERR_REDIRECT] [Fatal Error] :1:1: Premature end of file.
2026-05-04 12:56:50,386 [ERROR] LogOutputStream:75 - [STDERR_REDIRECT] 
2026-05-04 12:56:51,400 [ERROR] LogOutputStream:75 - [STDERR_REDIRECT] [Fatal Error] :1:1: Premature end of file.
2026-05-04 12:56:51,400 [ERROR] LogOutputStream:75 - [STDERR_REDIRECT] 
2026-05-04 12:56:52,395 [ERROR] LogOutputStream:75 - [STDERR_REDIRECT] [Fatal Error] :1:1: Premature end of file.
2026-05-04 12:56:52,395 [ERROR] LogOutputStream:75 - [STDERR_REDIRECT] 
2026-05-04 12:56:53,398 [ERROR] LogOutputStream:75 - [STDERR_REDIRECT] [Fatal Error] :1:1: Premature end of file.
2026-05-04 12:56:53,398 [ERROR] LogOutputStream:75 - [STDERR_REDIRECT] 
2026-05-04 12:56:54,385 [ERROR] LogOutputStream:75 - [STDERR_REDIRECT] [Fatal Error] :1:1: Premature end of file.
2026-05-04 12:56:54,385 [ERROR] LogOutputStream:75 - [STDERR_REDIRECT] 
2026-05-04 12:56:55,396 [ERROR] LogOutputStream:75 - [STDERR_REDIRECT] [Fatal Error] :1:1: Premature end of file.
2026-05-04 12:56:55,396 [ERROR] LogOutputStream:75 - [STDERR_REDIRECT] 
2026-05-04 12:56:56,402 [ERROR] LogOutputStream:75 - [STDERR_REDIRECT] [Fatal Error] :1:1: Premature end of file.
2026-05-04 12:56:56,402 [ERROR] LogOutputStream:75 - [STDERR_REDIRECT] 
2026-05-04 12:56:57,400 [ERROR] LogOutputStream:75 - [STDERR_REDIRECT] [Fatal Error] :1:1: Premature end of file.
2026-05-04 12:56:57,400 [ERROR] LogOutputStream:75 - [STDERR_REDIRECT] 
2026-05-04 12:56:58,406 [ERROR] LogOutputStream:75 - [STDERR_REDIRECT] [Fatal Error] :1:1: Premature end of file.
2026-05-04 12:56:58,406 [ERROR] LogOutputStream:75 - [STDERR_REDIRECT] 
2026-05-04 12:56:59,395 [ERROR] LogOutputStream:75 - [STDERR_REDIRECT] [Fatal Error] :1:1: Premature end of file.
2026-05-04 12:56:59,395 [ERROR] LogOutputStream:75 - [STDERR_REDIRECT] 
2026-05-04 12:57:00,423 [ERROR] LogOutputStream:75 - [STDERR_REDIRECT] [Fatal Error] :1:1: Premature end of file.
2026-05-04 12:57:00,423 [ERROR] LogOutputStream:75 - [STDERR_REDIRECT] 
2026-05-04 12:57:01,386 [ERROR] LogOutputStream:75 - [STDERR_REDIRECT] [Fatal Error] :1:1: Premature end of file.
2026-05-04 12:57:01,386 [ERROR] LogOutputStream:75 - [STDERR_REDIRECT] 
2026-05-04 12:57:02,415 [ERROR] LogOutputStream:75 - [STDERR_REDIRECT] [Fatal Error] :1:1: Premature end of file.
2026-05-04 12:57:02,419 [ERROR] LogOutputStream:75 - [STDERR_REDIRECT] 
2026-05-04 12:57:03,404 [ERROR] LogOutputStream:75 - [STDERR_REDIRECT] [Fatal Error] :1:1: Premature end of file.
2026-05-04 12:57:03,404 [ERROR] LogOutputStream:75 - [STDERR_REDIRECT] 
2026-05-04 12:57:04,397 [ERROR] LogOutputStream:75 - [STDERR_REDIRECT] [Fatal Error] :1:1: Premature end of file.
2026-05-04 12:57:04,397 [ERROR] LogOutputStream:75 - [STDERR_REDIRECT] 
2026-05-04 12:57:05,387 [ERROR] LogOutputStream:75 - [STDERR_REDIRECT] [Fatal Error] :1:1: Premature end of file.
2026-05-04 12:57:05,387 [ERROR] LogOutputStream:75 - [STDERR_REDIRECT] 
2026-05-04 12:57:06,414 [ERROR] LogOutputStream:75 - [STDERR_REDIRECT] [Fatal Error] :1:1: Premature end of file.
2026-05-04 12:57:06,414 [ERROR] LogOutputStream:75 - [STDERR_REDIRECT] 
2026-05-04 12:57:07,404 [ERROR] LogOutputStream:75 - [STDERR_REDIRECT] [Fatal Error] :1:1: Premature end of file.
2026-05-04 12:57:07,404 [ERROR] LogOutputStream:75 - [STDERR_REDIRECT] 
2026-05-04 12:57:08,414 [ERROR] LogOutputStream:75 - [STDERR_REDIRECT] [Fatal Error] :1:1: Premature end of file.
2026-05-04 12:57:08,414 [ERROR] LogOutputStream:75 - [STDERR_REDIRECT] 
2026-05-04 12:57:09,416 [ERROR] LogOutputStream:75 - [STDERR_REDIRECT] [Fatal Error] :1:1: Premature end of file.
2026-05-04 12:57:09,416 [ERROR] LogOutputStream:75 - [STDERR_REDIRECT] 
2026-05-04 12:57:10,398 [ERROR] LogOutputStream:75 - [STDERR_REDIRECT] [Fatal Error] :1:1: Premature end of file.
2026-05-04 12:57:10,398 [ERROR] LogOutputStream:75 - [STDERR_REDIRECT] 
2026-05-04 12:57:11,395 [ERROR] LogOutputStream:75 - [STDERR_REDIRECT] [Fatal Error] :1:1: Premature end of file.
2026-05-04 12:57:11,395 [ERROR] LogOutputStream:75 - [STDERR_REDIRECT] 
2026-05-04 12:57:12,394 [ERROR] LogOutputStream:75 - [STDERR_REDIRECT] [Fatal Error] :1:1: Premature end of file.
2026-05-04 12:57:12,394 [ERROR] LogOutputStream:75 - [STDERR_REDIRECT] 
2026-05-04 12:57:13,391 [ERROR] LogOutputStream:75 - [STDERR_REDIRECT] [Fatal Error] :1:1: Premature end of file.
2026-05-04 12:57:13,391 [ERROR] LogOutputStream:75 - [STDERR_REDIRECT] 
2026-05-04 12:57:14,391 [ERROR] LogOutputStream:75 - [STDERR_REDIRECT] [Fatal Error] :1:1: Premature end of file.
2026-05-04 12:57:14,391 [ERROR] LogOutputStream:75 - [STDERR_REDIRECT] 
2026-05-04 12:57:15,426 [ERROR] LogOutputStream:75 - [STDERR_REDIRECT] [Fatal Error] :1:1: Premature end of file.
2026-05-04 12:57:15,426 [ERROR] LogOutputStream:75 - [STDERR_REDIRECT] 
2026-05-04 12:57:16,393 [ERROR] LogOutputStream:75 - [STDERR_REDIRECT] [Fatal Error] :1:1: Premature end of file.
2026-05-04 12:57:16,393 [ERROR] LogOutputStream:75 - [STDERR_REDIRECT] 
2026-05-04 12:57:17,401 [ERROR] LogOutputStream:75 - [STDERR_REDIRECT] [Fatal Error] :1:1: Premature end of file.
2026-05-04 12:57:17,401 [ERROR] LogOutputStream:75 - [STDERR_REDIRECT] 
2026-05-04 12:57:18,404 [ERROR] LogOutputStream:75 - [STDERR_REDIRECT] [Fatal Error] :1:1: Premature end of file.
2026-05-04 12:57:18,404 [ERROR] LogOutputStream:75 - [STDERR_REDIRECT] 
2026-05-04 12:57:19,399 [ERROR] LogOutputStream:75 - [STDERR_REDIRECT] [Fatal Error] :1:1: Premature end of file.
2026-05-04 12:57:19,400 [ERROR] LogOutputStream:75 - [STDERR_REDIRECT] 
2026-05-04 12:57:20,418 [ERROR] LogOutputStream:75 - [STDERR_REDIRECT] [Fatal Error] :1:1: Premature end of file.
2026-05-04 12:57:20,418 [ERROR] LogOutputStream:75 - [STDERR_REDIRECT] 
2026-05-04 12:57:21,403 [ERROR] LogOutputStream:75 - [STDERR_REDIRECT] [Fatal Error] :1:1: Premature end of file.
2026-05-04 12:57:21,403 [ERROR] LogOutputStream:75 - [STDERR_REDIRECT] 
2026-05-04 12:57:22,390 [ERROR] LogOutputStream:75 - [STDERR_REDIRECT] [Fatal Error] :1:1: Premature end of file.
2026-05-04 12:57:22,390 [ERROR] LogOutputStream:75 - [STDERR_REDIRECT] 
2026-05-04 12:57:23,401 [ERROR] LogOutputStream:75 - [STDERR_REDIRECT] [Fatal Error] :1:1: Premature end of file.
2026-05-04 12:57:23,401 [ERROR] LogOutputStream:75 - [STDERR_REDIRECT] 
2026-05-04 12:57:24,389 [ERROR] LogOutputStream:75 - [STDERR_REDIRECT] [Fatal Error] :1:1: Premature end of file.
2026-05-04 12:57:24,389 [ERROR] LogOutputStream:75 - [STDERR_REDIRECT] 
2026-05-04 12:57:25,401 [ERROR] LogOutputStream:75 - [STDERR_REDIRECT] [Fatal Error] :1:1: Premature end of file.
2026-05-04 12:57:25,401 [ERROR] LogOutputStream:75 - [STDERR_REDIRECT] 
2026-05-04 12:57:26,401 [ERROR] LogOutputStream:75 - [STDERR_REDIRECT] [Fatal Error] :1:1: Premature end of file.
2026-05-04 12:57:26,401 [ERROR] LogOutputStream:75 - [STDERR_REDIRECT] 
2026-05-04 12:57:27,410 [ERROR] LogOutputStream:75 - [STDERR_REDIRECT] [Fatal Error] :1:1: Premature end of file.
2026-05-04 12:57:27,410 [ERROR] LogOutputStream:75 - [STDERR_REDIRECT] 
2026-05-04 12:57:28,394 [ERROR] LogOutputStream:75 - [STDERR_REDIRECT] [Fatal Error] :1:1: Premature end of file.
2026-05-04 12:57:28,394 [ERROR] LogOutputStream:75 - [STDERR_REDIRECT] 
2026-05-04 12:57:29,404 [ERROR] LogOutputStream:75 - [STDERR_REDIRECT] [Fatal Error] :1:1: Premature end of file.
2026-05-04 12:57:29,404 [ERROR] LogOutputStream:75 - [STDERR_REDIRECT] 
2026-05-04 12:57:30,401 [ERROR] LogOutputStream:75 - [STDERR_REDIRECT] [Fatal Error] :1:1: Premature end of file.
2026-05-04 12:57:30,403 [ERROR] LogOutputStream:75 - [STDERR_REDIRECT] 
2026-05-04 12:57:31,411 [ERROR] LogOutputStream:75 - [STDERR_REDIRECT] [Fatal Error] :1:1: Premature end of file.
2026-05-04 12:57:31,411 [ERROR] LogOutputStream:75 - [STDERR_REDIRECT] 
2026-05-04 12:57:32,395 [ERROR] LogOutputStream:75 - [STDERR_REDIRECT] [Fatal Error] :1:1: Premature end of file.
2026-05-04 12:57:32,395 [ERROR] LogOutputStream:75 - [STDERR_REDIRECT] 
2026-05-04 12:57:33,403 [ERROR] LogOutputStream:75 - [STDERR_REDIRECT] [Fatal Error] :1:1: Premature end of file.
2026-05-04 12:57:33,403 [ERROR] LogOutputStream:75 - [STDERR_REDIRECT] 
2026-05-04 12:57:34,423 [ERROR] LogOutputStream:75 - [STDERR_REDIRECT] [Fatal Error] :1:1: Premature end of file.
2026-05-04 12:57:34,423 [ERROR] LogOutputStream:75 - [STDERR_REDIRECT] 
2026-05-04 12:57:35,408 [ERROR] LogOutputStream:75 - [STDERR_REDIRECT] [Fatal Error] :1:1: Premature end of file.
2026-05-04 12:57:35,408 [ERROR] LogOutputStream:75 - [STDERR_REDIRECT] 
2026-05-04 12:57:36,404 [ERROR] LogOutputStream:75 - [STDERR_REDIRECT] [Fatal Error] :1:1: Premature end of file.
2026-05-04 12:57:36,404 [ERROR] LogOutputStream:75 - [STDERR_REDIRECT] 
2026-05-04 12:57:37,403 [ERROR] LogOutputStream:75 - [STDERR_REDIRECT] [Fatal Error] :1:1: Premature end of file.
2026-05-04 12:57:37,403 [ERROR] LogOutputStream:75 - [STDERR_REDIRECT] 
2026-05-04 12:57:38,401 [ERROR] LogOutputStream:75 - [STDERR_REDIRECT] [Fatal Error] :1:1: Premature end of file.
2026-05-04 12:57:38,401 [ERROR] LogOutputStream:75 - [STDERR_REDIRECT] 
2026-05-04 12:57:39,396 [ERROR] LogOutputStream:75 - [STDERR_REDIRECT] [Fatal Error] :1:1: Premature end of file.
2026-05-04 12:57:39,396 [ERROR] LogOutputStream:75 - [STDERR_REDIRECT] 
2026-05-04 12:57:40,420 [ERROR] LogOutputStream:75 - [STDERR_REDIRECT] [Fatal Error] :1:1: Premature end of file.
2026-05-04 12:57:40,420 [ERROR] LogOutputStream:75 - [STDERR_REDIRECT] 
2026-05-04 12:57:41,394 [ERROR] LogOutputStream:75 - [STDERR_REDIRECT] [Fatal Error] :1:1: Premature end of file.
2026-05-04 12:57:41,394 [ERROR] LogOutputStream:75 - [STDERR_REDIRECT] 
2026-05-04 12:57:42,399 [ERROR] LogOutputStream:75 - [STDERR_REDIRECT] [Fatal Error] :1:1: Premature end of file.
2026-05-04 12:57:42,399 [ERROR] LogOutputStream:75 - [STDERR_REDIRECT] 
2026-05-04 12:57:43,398 [ERROR] LogOutputStream:75 - [STDERR_REDIRECT] [Fatal Error] :1:1: Premature end of file.
2026-05-04 12:57:43,398 [ERROR] LogOutputStream:75 - [STDERR_REDIRECT] 
2026-05-04 12:57:44,416 [ERROR] LogOutputStream:75 - [STDERR_REDIRECT] [Fatal Error] :1:1: Premature end of file.
2026-05-04 12:57:44,416 [ERROR] LogOutputStream:75 - [STDERR_REDIRECT] 
2026-05-04 12:57:45,392 [ERROR] LogOutputStream:75 - [STDERR_REDIRECT] [Fatal Error] :1:1: Premature end of file.
2026-05-04 12:57:45,392 [ERROR] LogOutputStream:75 - [STDERR_REDIRECT] 
2026-05-04 12:57:46,406 [ERROR] LogOutputStream:75 - [STDERR_REDIRECT] [Fatal Error] :1:1: Premature end of file.
2026-05-04 12:57:46,406 [ERROR] LogOutputStream:75 - [STDERR_REDIRECT] 
2026-05-04 12:57:47,392 [ERROR] LogOutputStream:75 - [STDERR_REDIRECT] [Fatal Error] :1:1: Premature end of file.
2026-05-04 12:57:47,392 [ERROR] LogOutputStream:75 - [STDERR_REDIRECT] 
2026-05-04 12:57:48,399 [ERROR] LogOutputStream:75 - [STDERR_REDIRECT] [Fatal Error] :1:1: Premature end of file.
2026-05-04 12:57:48,399 [ERROR] LogOutputStream:75 - [STDERR_REDIRECT] 
2026-05-04 12:57:49,391 [ERROR] LogOutputStream:75 - [STDERR_REDIRECT] [Fatal Error] :1:1: Premature end of file.
2026-05-04 12:57:49,391 [ERROR] LogOutputStream:75 - [STDERR_REDIRECT] 
2026-05-04 12:57:50,402 [ERROR] LogOutputStream:75 - [STDERR_REDIRECT] [Fatal Error] :1:1: Premature end of file.
2026-05-04 12:57:50,402 [ERROR] LogOutputStream:75 - [STDERR_REDIRECT] 
2026-05-04 12:57:51,400 [ERROR] LogOutputStream:75 - [STDERR_REDIRECT] [Fatal Error] :1:1: Premature end of file.
2026-05-04 12:57:51,400 [ERROR] LogOutputStream:75 - [STDERR_REDIRECT] 
2026-05-04 12:57:52,394 [ERROR] LogOutputStream:75 - [STDERR_REDIRECT] [Fatal Error] :1:1: Premature end of file.
2026-05-04 12:57:52,394 [ERROR] LogOutputStream:75 - [STDERR_REDIRECT] 
2026-05-04 12:57:53,393 [ERROR] LogOutputStream:75 - [STDERR_REDIRECT] [Fatal Error] :1:1: Premature end of file.
2026-05-04 12:57:53,393 [ERROR] LogOutputStream:75 - [STDERR_REDIRECT] 
2026-05-04 12:57:54,390 [ERROR] LogOutputStream:75 - [STDERR_REDIRECT] [Fatal Error] :1:1: Premature end of file.
2026-05-04 12:57:54,390 [ERROR] LogOutputStream:75 - [STDERR_REDIRECT] 
2026-05-04 12:57:55,391 [ERROR] LogOutputStream:75 - [STDERR_REDIRECT] [Fatal Error] :1:1: Premature end of file.
2026-05-04 12:57:55,391 [ERROR] LogOutputStream:75 - [STDERR_REDIRECT] 
2026-05-04 12:57:56,419 [ERROR] LogOutputStream:75 - [STDERR_REDIRECT] [Fatal Error] :1:1: Premature end of file.
2026-05-04 12:57:56,419 [ERROR] LogOutputStream:75 - [STDERR_REDIRECT] 
2026-05-04 12:57:57,403 [ERROR] LogOutputStream:75 - [STDERR_REDIRECT] [Fatal Error] :1:1: Premature end of file.
2026-05-04 12:57:57,404 [ERROR] LogOutputStream:75 - [STDERR_REDIRECT] 
2026-05-04 12:57:58,402 [ERROR] LogOutputStream:75 - [STDERR_REDIRECT] [Fatal Error] :1:1: Premature end of file.
2026-05-04 12:57:58,402 [ERROR] LogOutputStream:75 - [STDERR_REDIRECT] 
2026-05-04 12:57:59,408 [ERROR] LogOutputStream:75 - [STDERR_REDIRECT] [Fatal Error] :1:1: Premature end of file.
2026-05-04 12:57:59,408 [ERROR] LogOutputStream:75 - [STDERR_REDIRECT] 
2026-05-04 12:58:00,392 [ERROR] LogOutputStream:75 - [STDERR_REDIRECT] [Fatal Error] :1:1: Premature end of file.
2026-05-04 12:58:00,392 [ERROR] LogOutputStream:75 - [STDERR_REDIRECT] 
2026-05-04 12:58:01,390 [ERROR] LogOutputStream:75 - [STDERR_REDIRECT] [Fatal Error] :1:1: Premature end of file.
2026-05-04 12:58:01,390 [ERROR] LogOutputStream:75 - [STDERR_REDIRECT] 
2026-05-04 12:58:02,398 [ERROR] LogOutputStream:75 - [STDERR_REDIRECT] [Fatal Error] :1:1: Premature end of file.
2026-05-04 12:58:02,398 [ERROR] LogOutputStream:75 - [STDERR_REDIRECT] 
2026-05-04 12:58:03,398 [ERROR] LogOutputStream:75 - [STDERR_REDIRECT] [Fatal Error] :1:1: Premature end of file.
2026-05-04 12:58:03,398 [ERROR] LogOutputStream:75 - [STDERR_REDIRECT] 
2026-05-04 12:58:04,391 [ERROR] LogOutputStream:75 - [STDERR_REDIRECT] [Fatal Error] :1:1: Premature end of file.
2026-05-04 12:58:04,391 [ERROR] LogOutputStream:75 - [STDERR_REDIRECT] 
2026-05-04 12:58:05,403 [ERROR] LogOutputStream:75 - [STDERR_REDIRECT] [Fatal Error] :1:1: Premature end of file.
2026-05-04 12:58:05,403 [ERROR] LogOutputStream:75 - [STDERR_REDIRECT] 
2026-05-04 12:58:06,389 [ERROR] LogOutputStream:75 - [STDERR_REDIRECT] [Fatal Error] :1:1: Premature end of file.
2026-05-04 12:58:06,389 [ERROR] LogOutputStream:75 - [STDERR_REDIRECT] 
2026-05-04 12:58:07,397 [ERROR] LogOutputStream:75 - [STDERR_REDIRECT] [Fatal Error] :1:1: Premature end of file.
2026-05-04 12:58:07,397 [ERROR] LogOutputStream:75 - [STDERR_REDIRECT] 
2026-05-04 12:58:08,380 [ERROR] LogOutputStream:75 - [STDERR_REDIRECT] [Fatal Error] :1:1: Premature end of file.
2026-05-04 12:58:08,380 [ERROR] LogOutputStream:75 - [STDERR_REDIRECT] 
2026-05-04 12:58:09,385 [ERROR] LogOutputStream:75 - [STDERR_REDIRECT] [Fatal Error] :1:1: Premature end of file.
2026-05-04 12:58:09,385 [ERROR] LogOutputStream:75 - [STDERR_REDIRECT] 
2026-05-04 12:58:10,384 [ERROR] LogOutputStream:75 - [STDERR_REDIRECT] [Fatal Error] :1:1: Premature end of file.
2026-05-04 12:58:10,384 [ERROR] LogOutputStream:75 - [STDERR_REDIRECT] 
2026-05-04 12:58:11,404 [ERROR] LogOutputStream:75 - [STDERR_REDIRECT] [Fatal Error] :1:1: Premature end of file.
2026-05-04 12:58:11,404 [ERROR] LogOutputStream:75 - [STDERR_REDIRECT] 
2026-05-04 12:58:12,397 [ERROR] LogOutputStream:75 - [STDERR_REDIRECT] [Fatal Error] :1:1: Premature end of file.
2026-05-04 12:58:12,397 [ERROR] LogOutputStream:75 - [STDERR_REDIRECT] 
2026-05-04 12:58:13,385 [ERROR] LogOutputStream:75 - [STDERR_REDIRECT] [Fatal Error] :1:1: Premature end of file.
2026-05-04 12:58:13,385 [ERROR] LogOutputStream:75 - [STDERR_REDIRECT] 
2026-05-04 12:58:14,402 [ERROR] LogOutputStream:75 - [STDERR_REDIRECT] [Fatal Error] :1:1: Premature end of file.
2026-05-04 12:58:14,402 [ERROR] LogOutputStream:75 - [STDERR_REDIRECT] 
2026-05-04 12:58:15,405 [ERROR] LogOutputStream:75 - [STDERR_REDIRECT] [Fatal Error] :1:1: Premature end of file.
2026-05-04 12:58:15,405 [ERROR] LogOutputStream:75 - [STDERR_REDIRECT] 
2026-05-04 12:58:16,405 [ERROR] LogOutputStream:75 - [STDERR_REDIRECT] [Fatal Error] :1:1: Premature end of file.
2026-05-04 12:58:16,405 [ERROR] LogOutputStream:75 - [STDERR_REDIRECT] 
2026-05-04 12:58:17,405 [ERROR] LogOutputStream:75 - [STDERR_REDIRECT] [Fatal Error] :1:1: Premature end of file.
2026-05-04 12:58:17,405 [ERROR] LogOutputStream:75 - [STDERR_REDIRECT] 
2026-05-04 12:58:18,390 [ERROR] LogOutputStream:75 - [STDERR_REDIRECT] [Fatal Error] :1:1: Premature end of file.
2026-05-04 12:58:18,391 [ERROR] LogOutputStream:75 - [STDERR_REDIRECT] 
2026-05-04 12:58:19,404 [ERROR] LogOutputStream:75 - [STDERR_REDIRECT] [Fatal Error] :1:1: Premature end of file.
2026-05-04 12:58:19,404 [ERROR] LogOutputStream:75 - [STDERR_REDIRECT] 
2026-05-04 12:58:20,401 [ERROR] LogOutputStream:75 - [STDERR_REDIRECT] [Fatal Error] :1:1: Premature end of file.
2026-05-04 12:58:20,401 [ERROR] LogOutputStream:75 - [STDERR_REDIRECT] 
2026-05-04 12:58:21,394 [ERROR] LogOutputStream:75 - [STDERR_REDIRECT] [Fatal Error] :1:1: Premature end of file.
2026-05-04 12:58:21,394 [ERROR] LogOutputStream:75 - [STDERR_REDIRECT] 
2026-05-04 12:58:22,385 [ERROR] LogOutputStream:75 - [STDERR_REDIRECT] [Fatal Error] :1:1: Premature end of file.
2026-05-04 12:58:22,385 [ERROR] LogOutputStream:75 - [STDERR_REDIRECT] 
2026-05-04 12:58:23,396 [ERROR] LogOutputStream:75 - [STDERR_REDIRECT] [Fatal Error] :1:1: Premature end of file.
2026-05-04 12:58:23,397 [ERROR] LogOutputStream:75 - [STDERR_REDIRECT] 
2026-05-04 12:58:24,391 [ERROR] LogOutputStream:75 - [STDERR_REDIRECT] [Fatal Error] :1:1: Premature end of file.
2026-05-04 12:58:24,391 [ERROR] LogOutputStream:75 - [STDERR_REDIRECT] 
2026-05-04 12:58:25,394 [ERROR] LogOutputStream:75 - [STDERR_REDIRECT] [Fatal Error] :1:1: Premature end of file.
2026-05-04 12:58:25,394 [ERROR] LogOutputStream:75 - [STDERR_REDIRECT] 
2026-05-04 12:58:26,401 [ERROR] LogOutputStream:75 - [STDERR_REDIRECT] [Fatal Error] :1:1: Premature end of file.
2026-05-04 12:58:26,401 [ERROR] LogOutputStream:75 - [STDERR_REDIRECT] 
2026-05-04 12:58:27,383 [ERROR] LogOutputStream:75 - [STDERR_REDIRECT] [Fatal Error] :1:1: Premature end of file.
2026-05-04 12:58:27,383 [ERROR] LogOutputStream:75 - [STDERR_REDIRECT] 
2026-05-04 12:58:28,384 [ERROR] LogOutputStream:75 - [STDERR_REDIRECT] [Fatal Error] :1:1: Premature end of file.
2026-05-04 12:58:28,385 [ERROR] LogOutputStream:75 - [STDERR_REDIRECT] 
2026-05-04 12:58:29,382 [ERROR] LogOutputStream:75 - [STDERR_REDIRECT] [Fatal Error] :1:1: Premature end of file.
2026-05-04 12:58:29,382 [ERROR] LogOutputStream:75 - [STDERR_REDIRECT] 
2026-05-04 12:58:30,383 [ERROR] LogOutputStream:75 - [STDERR_REDIRECT] [Fatal Error] :1:1: Premature end of file.
2026-05-04 12:58:30,383 [ERROR] LogOutputStream:75 - [STDERR_REDIRECT] 
2026-05-04 12:58:31,389 [ERROR] LogOutputStream:75 - [STDERR_REDIRECT] [Fatal Error] :1:1: Premature end of file.
2026-05-04 12:58:31,389 [ERROR] LogOutputStream:75 - [STDERR_REDIRECT] 
2026-05-04 12:58:32,397 [ERROR] LogOutputStream:75 - [STDERR_REDIRECT] [Fatal Error] :1:1: Premature end of file.
2026-05-04 12:58:32,397 [ERROR] LogOutputStream:75 - [STDERR_REDIRECT] 
2026-05-04 12:58:33,408 [ERROR] LogOutputStream:75 - [STDERR_REDIRECT] [Fatal Error] :1:1: Premature end of file.
2026-05-04 12:58:33,408 [ERROR] LogOutputStream:75 - [STDERR_REDIRECT] 
2026-05-04 12:58:34,381 [ERROR] LogOutputStream:75 - [STDERR_REDIRECT] [Fatal Error] :1:1: Premature end of file.
2026-05-04 12:58:34,381 [ERROR] LogOutputStream:75 - [STDERR_REDIRECT] 
2026-05-04 12:58:35,408 [ERROR] LogOutputStream:75 - [STDERR_REDIRECT] [Fatal Error] :1:1: Premature end of file.
2026-05-04 12:58:35,408 [ERROR] LogOutputStream:75 - [STDERR_REDIRECT] 
2026-05-04 12:58:36,392 [ERROR] LogOutputStream:75 - [STDERR_REDIRECT] [Fatal Error] :1:1: Premature end of file.
2026-05-04 12:58:36,392 [ERROR] LogOutputStream:75 - [STDERR_REDIRECT] 
2026-05-04 12:58:37,395 [ERROR] LogOutputStream:75 - [STDERR_REDIRECT] [Fatal Error] :1:1: Premature end of file.
2026-05-04 12:58:37,395 [ERROR] LogOutputStream:75 - [STDERR_REDIRECT] 
2026-05-04 12:58:38,395 [ERROR] LogOutputStream:75 - [STDERR_REDIRECT] [Fatal Error] :1:1: Premature end of file.
2026-05-04 12:58:38,395 [ERROR] LogOutputStream:75 - [STDERR_REDIRECT] 
2026-05-04 12:58:39,419 [ERROR] LogOutputStream:75 - [STDERR_REDIRECT] [Fatal Error] :1:1: Premature end of file.
2026-05-04 12:58:39,419 [ERROR] LogOutputStream:75 - [STDERR_REDIRECT] 
2026-05-04 12:58:40,405 [ERROR] LogOutputStream:75 - [STDERR_REDIRECT] [Fatal Error] :1:1: Premature end of file.
2026-05-04 12:58:40,405 [ERROR] LogOutputStream:75 - [STDERR_REDIRECT] 
2026-05-04 12:58:41,395 [ERROR] LogOutputStream:75 - [STDERR_REDIRECT] [Fatal Error] :1:1: Premature end of file.
2026-05-04 12:58:41,395 [ERROR] LogOutputStream:75 - [STDERR_REDIRECT] 
2026-05-04 12:58:42,395 [ERROR] LogOutputStream:75 - [STDERR_REDIRECT] [Fatal Error] :1:1: Premature end of file.
2026-05-04 12:58:42,395 [ERROR] LogOutputStream:75 - [STDERR_REDIRECT] 
2026-05-04 12:58:43,392 [ERROR] LogOutputStream:75 - [STDERR_REDIRECT] [Fatal Error] :1:1: Premature end of file.
2026-05-04 12:58:43,392 [ERROR] LogOutputStream:75 - [STDERR_REDIRECT] 
2026-05-04 12:58:44,407 [ERROR] LogOutputStream:75 - [STDERR_REDIRECT] [Fatal Error] :1:1: Premature end of file.
2026-05-04 12:58:44,407 [ERROR] LogOutputStream:75 - [STDERR_REDIRECT] 
2026-05-04 12:58:45,409 [ERROR] LogOutputStream:75 - [STDERR_REDIRECT] [Fatal Error] :1:1: Premature end of file.
2026-05-04 12:58:45,409 [ERROR] LogOutputStream:75 - [STDERR_REDIRECT] 
2026-05-04 12:58:46,423 [ERROR] LogOutputStream:75 - [STDERR_REDIRECT] [Fatal Error] :1:1: Premature end of file.
2026-05-04 12:58:46,423 [ERROR] LogOutputStream:75 - [STDERR_REDIRECT] 
2026-05-04 12:58:47,405 [ERROR] LogOutputStream:75 - [STDERR_REDIRECT] [Fatal Error] :1:1: Premature end of file.
2026-05-04 12:58:47,405 [ERROR] LogOutputStream:75 - [STDERR_REDIRECT] 
2026-05-04 12:58:48,391 [ERROR] LogOutputStream:75 - [STDERR_REDIRECT] [Fatal Error] :1:1: Premature end of file.
2026-05-04 12:58:48,391 [ERROR] LogOutputStream:75 - [STDERR_REDIRECT] 
2026-05-04 12:58:49,393 [ERROR] LogOutputStream:75 - [STDERR_REDIRECT] [Fatal Error] :1:1: Premature end of file.
2026-05-04 12:58:49,393 [ERROR] LogOutputStream:75 - [STDERR_REDIRECT] 
2026-05-04 12:58:50,405 [ERROR] LogOutputStream:75 - [STDERR_REDIRECT] [Fatal Error] :1:1: Premature end of file.
2026-05-04 12:58:50,405 [ERROR] LogOutputStream:75 - [STDERR_REDIRECT] 
2026-05-04 12:58:51,388 [ERROR] LogOutputStream:75 - [STDERR_REDIRECT] [Fatal Error] :1:1: Premature end of file.
2026-05-04 12:58:51,388 [ERROR] LogOutputStream:75 - [STDERR_REDIRECT] 
2026-05-04 12:58:52,407 [ERROR] LogOutputStream:75 - [STDERR_REDIRECT] [Fatal Error] :1:1: Premature end of file.
2026-05-04 12:58:52,408 [ERROR] LogOutputStream:75 - [STDERR_REDIRECT] 
2026-05-04 12:58:53,395 [ERROR] LogOutputStream:75 - [STDERR_REDIRECT] [Fatal Error] :1:1: Premature end of file.
2026-05-04 12:58:53,395 [ERROR] LogOutputStream:75 - [STDERR_REDIRECT] 
2026-05-04 12:58:54,393 [ERROR] LogOutputStream:75 - [STDERR_REDIRECT] [Fatal Error] :1:1: Premature end of file.
2026-05-04 12:58:54,393 [ERROR] LogOutputStream:75 - [STDERR_REDIRECT] 
2026-05-04 12:58:55,395 [ERROR] LogOutputStream:75 - [STDERR_REDIRECT] [Fatal Error] :1:1: Premature end of file.
2026-05-04 12:58:55,395 [ERROR] LogOutputStream:75 - [STDERR_REDIRECT] 
2026-05-04 12:58:56,389 [ERROR] LogOutputStream:75 - [STDERR_REDIRECT] [Fatal Error] :1:1: Premature end of file.
2026-05-04 12:58:56,391 [ERROR] LogOutputStream:75 - [STDERR_REDIRECT] 
2026-05-04 12:58:57,392 [ERROR] LogOutputStream:75 - [STDERR_REDIRECT] [Fatal Error] :1:1: Premature end of file.
2026-05-04 12:58:57,392 [ERROR] LogOutputStream:75 - [STDERR_REDIRECT] 
2026-05-04 12:58:58,392 [ERROR] LogOutputStream:75 - [STDERR_REDIRECT] [Fatal Error] :1:1: Premature end of file.
2026-05-04 12:58:58,392 [ERROR] LogOutputStream:75 - [STDERR_REDIRECT] 
2026-05-04 12:58:59,391 [ERROR] LogOutputStream:75 - [STDERR_REDIRECT] [Fatal Error] :1:1: Premature end of file.
2026-05-04 12:58:59,391 [ERROR] LogOutputStream:75 - [STDERR_REDIRECT] 
2026-05-04 12:59:00,383 [ERROR] LogOutputStream:75 - [STDERR_REDIRECT] [Fatal Error] :1:1: Premature end of file.
2026-05-04 12:59:00,384 [ERROR] LogOutputStream:75 - [STDERR_REDIRECT] 
2026-05-04 12:59:01,386 [ERROR] LogOutputStream:75 - [STDERR_REDIRECT] [Fatal Error] :1:1: Premature end of file.
2026-05-04 12:59:01,388 [ERROR] LogOutputStream:75 - [STDERR_REDIRECT] 
2026-05-04 12:59:02,389 [ERROR] LogOutputStream:75 - [STDERR_REDIRECT] [Fatal Error] :1:1: Premature end of file.
2026-05-04 12:59:02,389 [ERROR] LogOutputStream:75 - [STDERR_REDIRECT] 
2026-05-04 12:59:03,388 [ERROR] LogOutputStream:75 - [STDERR_REDIRECT] [Fatal Error] :1:1: Premature end of file.
2026-05-04 12:59:03,390 [ERROR] LogOutputStream:75 - [STDERR_REDIRECT] 
2026-05-04 12:59:04,414 [ERROR] LogOutputStream:75 - [STDERR_REDIRECT] [Fatal Error] :1:1: Premature end of file.
2026-05-04 12:59:04,419 [ERROR] LogOutputStream:75 - [STDERR_REDIRECT] 
2026-05-04 12:59:05,440 [ERROR] LogOutputStream:75 - [STDERR_REDIRECT] [Fatal Error] :1:1: Premature end of file.
2026-05-04 12:59:05,440 [ERROR] LogOutputStream:75 - [STDERR_REDIRECT] 
2026-05-04 12:59:06,393 [ERROR] LogOutputStream:75 - [STDERR_REDIRECT] [Fatal Error] :1:1: Premature end of file.
2026-05-04 12:59:06,393 [ERROR] LogOutputStream:75 - [STDERR_REDIRECT] 
2026-05-04 12:59:07,394 [ERROR] LogOutputStream:75 - [STDERR_REDIRECT] [Fatal Error] :1:1: Premature end of file.
2026-05-04 12:59:07,394 [ERROR] LogOutputStream:75 - [STDERR_REDIRECT] 
2026-05-04 12:59:08,391 [ERROR] LogOutputStream:75 - [STDERR_REDIRECT] [Fatal Error] :1:1: Premature end of file.
2026-05-04 12:59:08,391 [ERROR] LogOutputStream:75 - [STDERR_REDIRECT] 
2026-05-04 12:59:09,401 [ERROR] LogOutputStream:75 - [STDERR_REDIRECT] [Fatal Error] :1:1: Premature end of file.
2026-05-04 12:59:09,401 [ERROR] LogOutputStream:75 - [STDERR_REDIRECT] 
2026-05-04 12:59:10,400 [ERROR] LogOutputStream:75 - [STDERR_REDIRECT] [Fatal Error] :1:1: Premature end of file.
2026-05-04 12:59:10,400 [ERROR] LogOutputStream:75 - [STDERR_REDIRECT] 
2026-05-04 12:59:11,384 [ERROR] LogOutputStream:75 - [STDERR_REDIRECT] [Fatal Error] :1:1: Premature end of file.
2026-05-04 12:59:11,384 [ERROR] LogOutputStream:75 - [STDERR_REDIRECT] 
2026-05-04 12:59:12,386 [ERROR] LogOutputStream:75 - [STDERR_REDIRECT] [Fatal Error] :1:1: Premature end of file.
2026-05-04 12:59:12,395 [ERROR] LogOutputStream:75 - [STDERR_REDIRECT] 
2026-05-04 12:59:13,402 [ERROR] LogOutputStream:75 - [STDERR_REDIRECT] [Fatal Error] :1:1: Premature end of file.
2026-05-04 12:59:13,402 [ERROR] LogOutputStream:75 - [STDERR_REDIRECT] 
2026-05-04 12:59:14,395 [ERROR] LogOutputStream:75 - [STDERR_REDIRECT] [Fatal Error] :1:1: Premature end of file.
2026-05-04 12:59:14,395 [ERROR] LogOutputStream:75 - [STDERR_REDIRECT] 
2026-05-04 12:59:15,410 [ERROR] LogOutputStream:75 - [STDERR_REDIRECT] [Fatal Error] :1:1: Premature end of file.
2026-05-04 12:59:15,410 [ERROR] LogOutputStream:75 - [STDERR_REDIRECT] 
2026-05-04 12:59:16,416 [ERROR] LogOutputStream:75 - [STDERR_REDIRECT] [Fatal Error] :1:1: Premature end of file.
2026-05-04 12:59:16,416 [ERROR] LogOutputStream:75 - [STDERR_REDIRECT] 
2026-05-04 12:59:17,392 [ERROR] LogOutputStream:75 - [STDERR_REDIRECT] [Fatal Error] :1:1: Premature end of file.
2026-05-04 12:59:17,392 [ERROR] LogOutputStream:75 - [STDERR_REDIRECT] 
2026-05-04 12:59:18,402 [ERROR] LogOutputStream:75 - [STDERR_REDIRECT] [Fatal Error] :1:1: Premature end of file.
2026-05-04 12:59:18,403 [ERROR] LogOutputStream:75 - [STDERR_REDIRECT] 
2026-05-04 12:59:19,393 [ERROR] LogOutputStream:75 - [STDERR_REDIRECT] [Fatal Error] :1:1: Premature end of file.
2026-05-04 12:59:19,393 [ERROR] LogOutputStream:75 - [STDERR_REDIRECT] 
2026-05-04 12:59:20,392 [ERROR] LogOutputStream:75 - [STDERR_REDIRECT] [Fatal Error] :1:1: Premature end of file.
2026-05-04 12:59:20,392 [ERROR] LogOutputStream:75 - [STDERR_REDIRECT] 
2026-05-04 12:59:21,394 [ERROR] LogOutputStream:75 - [STDERR_REDIRECT] [Fatal Error] :1:1: Premature end of file.
2026-05-04 12:59:21,394 [ERROR] LogOutputStream:75 - [STDERR_REDIRECT] 
2026-05-04 12:59:22,395 [ERROR] LogOutputStream:75 - [STDERR_REDIRECT] [Fatal Error] :1:1: Premature end of file.
2026-05-04 12:59:22,395 [ERROR] LogOutputStream:75 - [STDERR_REDIRECT] 
2026-05-04 12:59:23,393 [ERROR] LogOutputStream:75 - [STDERR_REDIRECT] [Fatal Error] :1:1: Premature end of file.
2026-05-04 12:59:23,393 [ERROR] LogOutputStream:75 - [STDERR_REDIRECT] 
2026-05-04 12:59:24,392 [ERROR] LogOutputStream:75 - [STDERR_REDIRECT] [Fatal Error] :1:1: Premature end of file.
2026-05-04 12:59:24,392 [ERROR] LogOutputStream:75 - [STDERR_REDIRECT] 
2026-05-04 12:59:25,394 [ERROR] LogOutputStream:75 - [STDERR_REDIRECT] [Fatal Error] :1:1: Premature end of file.
2026-05-04 12:59:25,394 [ERROR] LogOutputStream:75 - [STDERR_REDIRECT] 
2026-05-04 12:59:26,383 [ERROR] LogOutputStream:75 - [STDERR_REDIRECT] [Fatal Error] :1:1: Premature end of file.
2026-05-04 12:59:26,384 [ERROR] LogOutputStream:75 - [STDERR_REDIRECT] 
2026-05-04 12:59:27,385 [ERROR] LogOutputStream:75 - [STDERR_REDIRECT] [Fatal Error] :1:1: Premature end of file.
2026-05-04 12:59:27,386 [ERROR] LogOutputStream:75 - [STDERR_REDIRECT] 
2026-05-04 12:59:28,406 [ERROR] LogOutputStream:75 - [STDERR_REDIRECT] [Fatal Error] :1:1: Premature end of file.
2026-05-04 12:59:28,406 [ERROR] LogOutputStream:75 - [STDERR_REDIRECT] 
2026-05-04 12:59:29,386 [ERROR] LogOutputStream:75 - [STDERR_REDIRECT] [Fatal Error] :1:1: Premature end of file.
2026-05-04 12:59:29,386 [ERROR] LogOutputStream:75 - [STDERR_REDIRECT] 
2026-05-04 12:59:30,404 [ERROR] LogOutputStream:75 - [STDERR_REDIRECT] [Fatal Error] :1:1: Premature end of file.
2026-05-04 12:59:30,404 [ERROR] LogOutputStream:75 - [STDERR_REDIRECT] 
2026-05-04 12:59:31,391 [ERROR] LogOutputStream:75 - [STDERR_REDIRECT] [Fatal Error] :1:1: Premature end of file.
2026-05-04 12:59:31,391 [ERROR] LogOutputStream:75 - [STDERR_REDIRECT] 
2026-05-04 12:59:32,411 [ERROR] LogOutputStream:75 - [STDERR_REDIRECT] [Fatal Error] :1:1: Premature end of file.
2026-05-04 12:59:32,411 [ERROR] LogOutputStream:75 - [STDERR_REDIRECT] 
2026-05-04 12:59:33,397 [ERROR] LogOutputStream:75 - [STDERR_REDIRECT] [Fatal Error] :1:1: Premature end of file.
2026-05-04 12:59:33,397 [ERROR] LogOutputStream:75 - [STDERR_REDIRECT] 
2026-05-04 12:59:34,392 [ERROR] LogOutputStream:75 - [STDERR_REDIRECT] [Fatal Error] :1:1: Premature end of file.
2026-05-04 12:59:34,392 [ERROR] LogOutputStream:75 - [STDERR_REDIRECT] 
2026-05-04 12:59:35,391 [ERROR] LogOutputStream:75 - [STDERR_REDIRECT] [Fatal Error] :1:1: Premature end of file.
2026-05-04 12:59:35,391 [ERROR] LogOutputStream:75 - [STDERR_REDIRECT] 
2026-05-04 12:59:36,396 [ERROR] LogOutputStream:75 - [STDERR_REDIRECT] [Fatal Error] :1:1: Premature end of file.
2026-05-04 12:59:36,396 [ERROR] LogOutputStream:75 - [STDERR_REDIRECT] 
2026-05-04 12:59:37,395 [ERROR] LogOutputStream:75 - [STDERR_REDIRECT] [Fatal Error] :1:1: Premature end of file.
2026-05-04 12:59:37,395 [ERROR] LogOutputStream:75 - [STDERR_REDIRECT] 
2026-05-04 12:59:38,400 [ERROR] LogOutputStream:75 - [STDERR_REDIRECT] [Fatal Error] :1:1: Premature end of file.
2026-05-04 12:59:38,400 [ERROR] LogOutputStream:75 - [STDERR_REDIRECT] 
2026-05-04 12:59:39,394 [ERROR] LogOutputStream:75 - [STDERR_REDIRECT] [Fatal Error] :1:1: Premature end of file.
2026-05-04 12:59:39,394 [ERROR] LogOutputStream:75 - [STDERR_REDIRECT] 
2026-05-04 12:59:40,406 [ERROR] LogOutputStream:75 - [STDERR_REDIRECT] [Fatal Error] :1:1: Premature end of file.
2026-05-04 12:59:40,406 [ERROR] LogOutputStream:75 - [STDERR_REDIRECT] 
2026-05-04 12:59:41,387 [ERROR] LogOutputStream:75 - [STDERR_REDIRECT] [Fatal Error] :1:1: Premature end of file.
2026-05-04 12:59:41,387 [ERROR] LogOutputStream:75 - [STDERR_REDIRECT] 
2026-05-04 12:59:42,388 [ERROR] LogOutputStream:75 - [STDERR_REDIRECT] [Fatal Error] :1:1: Premature end of file.
2026-05-04 12:59:42,388 [ERROR] LogOutputStream:75 - [STDERR_REDIRECT] 
2026-05-04 12:59:43,392 [ERROR] LogOutputStream:75 - [STDERR_REDIRECT] [Fatal Error] :1:1: Premature end of file.
2026-05-04 12:59:43,392 [ERROR] LogOutputStream:75 - [STDERR_REDIRECT] 
2026-05-04 12:59:44,394 [ERROR] LogOutputStream:75 - [STDERR_REDIRECT] [Fatal Error] :1:1: Premature end of file.
2026-05-04 12:59:44,394 [ERROR] LogOutputStream:75 - [STDERR_REDIRECT] 
2026-05-04 12:59:45,388 [ERROR] LogOutputStream:75 - [STDERR_REDIRECT] [Fatal Error] :1:1: Premature end of file.
2026-05-04 12:59:45,388 [ERROR] LogOutputStream:75 - [STDERR_REDIRECT] 
2026-05-04 12:59:46,393 [ERROR] LogOutputStream:75 - [STDERR_REDIRECT] [Fatal Error] :1:1: Premature end of file.
2026-05-04 12:59:46,393 [ERROR] LogOutputStream:75 - [STDERR_REDIRECT] 
2026-05-04 12:59:47,390 [ERROR] LogOutputStream:75 - [STDERR_REDIRECT] [Fatal Error] :1:1: Premature end of file.
2026-05-04 12:59:47,390 [ERROR] LogOutputStream:75 - [STDERR_REDIRECT] 
2026-05-04 12:59:48,394 [ERROR] LogOutputStream:75 - [STDERR_REDIRECT] [Fatal Error] :1:1: Premature end of file.
2026-05-04 12:59:48,394 [ERROR] LogOutputStream:75 - [STDERR_REDIRECT] 
2026-05-04 12:59:49,391 [ERROR] LogOutputStream:75 - [STDERR_REDIRECT] [Fatal Error] :1:1: Premature end of file.
2026-05-04 12:59:49,391 [ERROR] LogOutputStream:75 - [STDERR_REDIRECT] 
2026-05-04 12:59:50,383 [ERROR] LogOutputStream:75 - [STDERR_REDIRECT] [Fatal Error] :1:1: Premature end of file.
2026-05-04 12:59:50,383 [ERROR] LogOutputStream:75 - [STDERR_REDIRECT] 
2026-05-04 12:59:51,393 [ERROR] LogOutputStream:75 - [STDERR_REDIRECT] [Fatal Error] :1:1: Premature end of file.
2026-05-04 12:59:51,393 [ERROR] LogOutputStream:75 - [STDERR_REDIRECT] 
2026-05-04 12:59:52,392 [ERROR] LogOutputStream:75 - [STDERR_REDIRECT] [Fatal Error] :1:1: Premature end of file.
2026-05-04 12:59:52,392 [ERROR] LogOutputStream:75 - [STDERR_REDIRECT] 
2026-05-04 12:59:53,408 [ERROR] LogOutputStream:75 - [STDERR_REDIRECT] [Fatal Error] :1:1: Premature end of file.
2026-05-04 12:59:53,408 [ERROR] LogOutputStream:75 - [STDERR_REDIRECT] 
2026-05-04 12:59:54,401 [ERROR] LogOutputStream:75 - [STDERR_REDIRECT] [Fatal Error] :1:1: Premature end of file.
2026-05-04 12:59:54,401 [ERROR] LogOutputStream:75 - [STDERR_REDIRECT] 
2026-05-04 12:59:55,398 [ERROR] LogOutputStream:75 - [STDERR_REDIRECT] [Fatal Error] :1:1: Premature end of file.
2026-05-04 12:59:55,398 [ERROR] LogOutputStream:75 - [STDERR_REDIRECT] 
2026-05-04 12:59:56,408 [ERROR] LogOutputStream:75 - [STDERR_REDIRECT] [Fatal Error] :1:1: Premature end of file.
2026-05-04 12:59:56,408 [ERROR] LogOutputStream:75 - [STDERR_REDIRECT] 
2026-05-04 12:59:57,398 [ERROR] LogOutputStream:75 - [STDERR_REDIRECT] [Fatal Error] :1:1: Premature end of file.
2026-05-04 12:59:57,398 [ERROR] LogOutputStream:75 - [STDERR_REDIRECT] 
2026-05-04 12:59:58,381 [ERROR] LogOutputStream:75 - [STDERR_REDIRECT] [Fatal Error] :1:1: Premature end of file.
2026-05-04 12:59:58,381 [ERROR] LogOutputStream:75 - [STDERR_REDIRECT] 
2026-05-04 12:59:59,394 [ERROR] LogOutputStream:75 - [STDERR_REDIRECT] [Fatal Error] :1:1: Premature end of file.
2026-05-04 12:59:59,394 [ERROR] LogOutputStream:75 - [STDERR_REDIRECT] 
2026-05-04 13:00:00,389 [ERROR] LogOutputStream:75 - [STDERR_REDIRECT] [Fatal Error] :1:1: Premature end of file.
2026-05-04 13:00:00,389 [ERROR] LogOutputStream:75 - [STDERR_REDIRECT] 
2026-05-04 13:00:01,401 [ERROR] LogOutputStream:75 - [STDERR_REDIRECT] [Fatal Error] :1:1: Premature end of file.
2026-05-04 13:00:01,401 [ERROR] LogOutputStream:75 - [STDERR_REDIRECT] 
2026-05-04 13:00:02,383 [ERROR] LogOutputStream:75 - [STDERR_REDIRECT] [Fatal Error] :1:1: Premature end of file.
2026-05-04 13:00:02,393 [ERROR] LogOutputStream:75 - [STDERR_REDIRECT] 
2026-05-04 13:00:03,398 [ERROR] LogOutputStream:75 - [STDERR_REDIRECT] [Fatal Error] :1:1: Premature end of file.
2026-05-04 13:00:03,398 [ERROR] LogOutputStream:75 - [STDERR_REDIRECT] 
2026-05-04 13:00:04,398 [ERROR] LogOutputStream:75 - [STDERR_REDIRECT] [Fatal Error] :1:1: Premature end of file.
2026-05-04 13:00:04,398 [ERROR] LogOutputStream:75 - [STDERR_REDIRECT] 
2026-05-04 13:00:05,429 [ERROR] LogOutputStream:75 - [STDERR_REDIRECT] [Fatal Error] :1:1: Premature end of file.
2026-05-04 13:00:05,429 [ERROR] LogOutputStream:75 - [STDERR_REDIRECT] 
2026-05-04 13:00:06,400 [ERROR] LogOutputStream:75 - [STDERR_REDIRECT] [Fatal Error] :1:1: Premature end of file.
2026-05-04 13:00:06,401 [ERROR] LogOutputStream:75 - [STDERR_REDIRECT] 
2026-05-04 13:00:07,387 [ERROR] LogOutputStream:75 - [STDERR_REDIRECT] [Fatal Error] :1:1: Premature end of file.
2026-05-04 13:00:07,387 [ERROR] LogOutputStream:75 - [STDERR_REDIRECT] 
2026-05-04 13:00:08,392 [ERROR] LogOutputStream:75 - [STDERR_REDIRECT] [Fatal Error] :1:1: Premature end of file.
2026-05-04 13:00:08,392 [ERROR] LogOutputStream:75 - [STDERR_REDIRECT] 
2026-05-04 13:00:09,386 [ERROR] LogOutputStream:75 - [STDERR_REDIRECT] [Fatal Error] :1:1: Premature end of file.
2026-05-04 13:00:09,386 [ERROR] LogOutputStream:75 - [STDERR_REDIRECT] 
2026-05-04 13:00:10,392 [ERROR] LogOutputStream:75 - [STDERR_REDIRECT] [Fatal Error] :1:1: Premature end of file.
2026-05-04 13:00:10,392 [ERROR] LogOutputStream:75 - [STDERR_REDIRECT] 
2026-05-04 13:00:11,392 [ERROR] LogOutputStream:75 - [STDERR_REDIRECT] [Fatal Error] :1:1: Premature end of file.
2026-05-04 13:00:11,392 [ERROR] LogOutputStream:75 - [STDERR_REDIRECT] 
2026-05-04 13:00:12,390 [ERROR] LogOutputStream:75 - [STDERR_REDIRECT] [Fatal Error] :1:1: Premature end of file.
2026-05-04 13:00:12,390 [ERROR] LogOutputStream:75 - [STDERR_REDIRECT] 
2026-05-04 13:00:13,394 [ERROR] LogOutputStream:75 - [STDERR_REDIRECT] [Fatal Error] :1:1: Premature end of file.
2026-05-04 13:00:13,394 [ERROR] LogOutputStream:75 - [STDERR_REDIRECT] 
2026-05-04 13:00:14,385 [ERROR] LogOutputStream:75 - [STDERR_REDIRECT] [Fatal Error] :1:1: Premature end of file.
2026-05-04 13:00:14,385 [ERROR] LogOutputStream:75 - [STDERR_REDIRECT] 
2026-05-04 13:00:15,406 [ERROR] LogOutputStream:75 - [STDERR_REDIRECT] [Fatal Error] :1:1: Premature end of file.
2026-05-04 13:00:15,407 [ERROR] LogOutputStream:75 - [STDERR_REDIRECT] 
2026-05-04 13:00:16,402 [ERROR] LogOutputStream:75 - [STDERR_REDIRECT] [Fatal Error] :1:1: Premature end of file.
2026-05-04 13:00:16,402 [ERROR] LogOutputStream:75 - [STDERR_REDIRECT] 
2026-05-04 13:00:17,385 [ERROR] LogOutputStream:75 - [STDERR_REDIRECT] [Fatal Error] :1:1: Premature end of file.
2026-05-04 13:00:17,385 [ERROR] LogOutputStream:75 - [STDERR_REDIRECT] 
2026-05-04 13:00:18,385 [ERROR] LogOutputStream:75 - [STDERR_REDIRECT] [Fatal Error] :1:1: Premature end of file.
2026-05-04 13:00:18,385 [ERROR] LogOutputStream:75 - [STDERR_REDIRECT] 
2026-05-04 13:00:19,385 [ERROR] LogOutputStream:75 - [STDERR_REDIRECT] [Fatal Error] :1:1: Premature end of file.
2026-05-04 13:00:19,385 [ERROR] LogOutputStream:75 - [STDERR_REDIRECT] 
2026-05-04 13:00:20,383 [ERROR] LogOutputStream:75 - [STDERR_REDIRECT] [Fatal Error] :1:1: Premature end of file.
2026-05-04 13:00:20,383 [ERROR] LogOutputStream:75 - [STDERR_REDIRECT] 
2026-05-04 13:00:21,386 [ERROR] LogOutputStream:75 - [STDERR_REDIRECT] [Fatal Error] :1:1: Premature end of file.
2026-05-04 13:00:21,386 [ERROR] LogOutputStream:75 - [STDERR_REDIRECT] 
2026-05-04 13:00:22,387 [ERROR] LogOutputStream:75 - [STDERR_REDIRECT] [Fatal Error] :1:1: Premature end of file.
2026-05-04 13:00:22,387 [ERROR] LogOutputStream:75 - [STDERR_REDIRECT] 
2026-05-04 13:00:23,383 [ERROR] LogOutputStream:75 - [STDERR_REDIRECT] [Fatal Error] :1:1: Premature end of file.
2026-05-04 13:00:23,383 [ERROR] LogOutputStream:75 - [STDERR_REDIRECT] 
2026-05-04 13:00:24,384 [ERROR] LogOutputStream:75 - [STDERR_REDIRECT] [Fatal Error] :1:1: Premature end of file.
2026-05-04 13:00:24,384 [ERROR] LogOutputStream:75 - [STDERR_REDIRECT] 
2026-05-04 13:00:25,385 [ERROR] LogOutputStream:75 - [STDERR_REDIRECT] [Fatal Error] :1:1: Premature end of file.
2026-05-04 13:00:25,386 [ERROR] LogOutputStream:75 - [STDERR_REDIRECT] 
2026-05-04 13:00:26,385 [ERROR] LogOutputStream:75 - [STDERR_REDIRECT] [Fatal Error] :1:1: Premature end of file.
2026-05-04 13:00:26,385 [ERROR] LogOutputStream:75 - [STDERR_REDIRECT] 
2026-05-04 13:00:27,383 [ERROR] LogOutputStream:75 - [STDERR_REDIRECT] [Fatal Error] :1:1: Premature end of file.
2026-05-04 13:00:27,383 [ERROR] LogOutputStream:75 - [STDERR_REDIRECT] 
2026-05-04 13:00:28,377 [ERROR] LogOutputStream:75 - [STDERR_REDIRECT] [Fatal Error] :1:1: Premature end of file.
2026-05-04 13:00:28,377 [ERROR] LogOutputStream:75 - [STDERR_REDIRECT] 
2026-05-04 13:00:29,389 [ERROR] LogOutputStream:75 - [STDERR_REDIRECT] [Fatal Error] :1:1: Premature end of file.
2026-05-04 13:00:29,389 [ERROR] LogOutputStream:75 - [STDERR_REDIRECT] 
2026-05-04 13:00:30,403 [ERROR] LogOutputStream:75 - [STDERR_REDIRECT] [Fatal Error] :1:1: Premature end of file.
2026-05-04 13:00:30,403 [ERROR] LogOutputStream:75 - [STDERR_REDIRECT] 
2026-05-04 13:00:31,383 [ERROR] LogOutputStream:75 - [STDERR_REDIRECT] [Fatal Error] :1:1: Premature end of file.
2026-05-04 13:00:31,383 [ERROR] LogOutputStream:75 - [STDERR_REDIRECT] 
2026-05-04 13:00:32,401 [ERROR] LogOutputStream:75 - [STDERR_REDIRECT] [Fatal Error] :1:1: Premature end of file.
2026-05-04 13:00:32,401 [ERROR] LogOutputStream:75 - [STDERR_REDIRECT] 
2026-05-04 13:00:33,383 [ERROR] LogOutputStream:75 - [STDERR_REDIRECT] [Fatal Error] :1:1: Premature end of file.
2026-05-04 13:00:33,383 [ERROR] LogOutputStream:75 - [STDERR_REDIRECT] 
2026-05-04 13:00:34,383 [ERROR] LogOutputStream:75 - [STDERR_REDIRECT] [Fatal Error] :1:1: Premature end of file.
2026-05-04 13:00:34,383 [ERROR] LogOutputStream:75 - [STDERR_REDIRECT] 
2026-05-04 13:00:35,384 [ERROR] LogOutputStream:75 - [STDERR_REDIRECT] [Fatal Error] :1:1: Premature end of file.
2026-05-04 13:00:35,384 [ERROR] LogOutputStream:75 - [STDERR_REDIRECT] 
2026-05-04 13:00:36,386 [ERROR] LogOutputStream:75 - [STDERR_REDIRECT] [Fatal Error] :1:1: Premature end of file.
2026-05-04 13:00:36,386 [ERROR] LogOutputStream:75 - [STDERR_REDIRECT] 
2026-05-04 13:00:37,383 [ERROR] LogOutputStream:75 - [STDERR_REDIRECT] [Fatal Error] :1:1: Premature end of file.
2026-05-04 13:00:37,383 [ERROR] LogOutputStream:75 - [STDERR_REDIRECT] 
2026-05-04 13:00:38,386 [ERROR] LogOutputStream:75 - [STDERR_REDIRECT] [Fatal Error] :1:1: Premature end of file.
2026-05-04 13:00:38,386 [ERROR] LogOutputStream:75 - [STDERR_REDIRECT] 
2026-05-04 13:00:39,384 [ERROR] LogOutputStream:75 - [STDERR_REDIRECT] [Fatal Error] :1:1: Premature end of file.
2026-05-04 13:00:39,384 [ERROR] LogOutputStream:75 - [STDERR_REDIRECT] 
2026-05-04 13:00:40,395 [ERROR] LogOutputStream:75 - [STDERR_REDIRECT] [Fatal Error] :1:1: Premature end of file.
2026-05-04 13:00:40,395 [ERROR] LogOutputStream:75 - [STDERR_REDIRECT] 
2026-05-04 13:00:41,392 [ERROR] LogOutputStream:75 - [STDERR_REDIRECT] [Fatal Error] :1:1: Premature end of file.
2026-05-04 13:00:41,392 [ERROR] LogOutputStream:75 - [STDERR_REDIRECT] 
2026-05-04 13:00:42,394 [ERROR] LogOutputStream:75 - [STDERR_REDIRECT] [Fatal Error] :1:1: Premature end of file.
2026-05-04 13:00:42,394 [ERROR] LogOutputStream:75 - [STDERR_REDIRECT] 
2026-05-04 13:00:43,393 [ERROR] LogOutputStream:75 - [STDERR_REDIRECT] [Fatal Error] :1:1: Premature end of file.
2026-05-04 13:00:43,393 [ERROR] LogOutputStream:75 - [STDERR_REDIRECT] 
2026-05-04 13:00:44,391 [ERROR] LogOutputStream:75 - [STDERR_REDIRECT] [Fatal Error] :1:1: Premature end of file.
2026-05-04 13:00:44,392 [ERROR] LogOutputStream:75 - [STDERR_REDIRECT] 
2026-05-04 13:00:45,390 [ERROR] LogOutputStream:75 - [STDERR_REDIRECT] [Fatal Error] :1:1: Premature end of file.
2026-05-04 13:00:45,391 [ERROR] LogOutputStream:75 - [STDERR_REDIRECT] 
2026-05-04 13:00:46,393 [ERROR] LogOutputStream:75 - [STDERR_REDIRECT] [Fatal Error] :1:1: Premature end of file.
2026-05-04 13:00:46,393 [ERROR] LogOutputStream:75 - [STDERR_REDIRECT] 
2026-05-04 13:00:47,384 [ERROR] LogOutputStream:75 - [STDERR_REDIRECT] [Fatal Error] :1:1: Premature end of file.
2026-05-04 13:00:47,384 [ERROR] LogOutputStream:75 - [STDERR_REDIRECT] 
2026-05-04 13:00:48,387 [ERROR] LogOutputStream:75 - [STDERR_REDIRECT] [Fatal Error] :1:1: Premature end of file.
2026-05-04 13:00:48,387 [ERROR] LogOutputStream:75 - [STDERR_REDIRECT] 
2026-05-04 13:00:49,392 [ERROR] LogOutputStream:75 - [STDERR_REDIRECT] [Fatal Error] :1:1: Premature end of file.
2026-05-04 13:00:49,392 [ERROR] LogOutputStream:75 - [STDERR_REDIRECT] 
2026-05-04 13:00:50,391 [ERROR] LogOutputStream:75 - [STDERR_REDIRECT] [Fatal Error] :1:1: Premature end of file.
2026-05-04 13:00:50,391 [ERROR] LogOutputStream:75 - [STDERR_REDIRECT] 
2026-05-04 13:00:51,384 [ERROR] LogOutputStream:75 - [STDERR_REDIRECT] [Fatal Error] :1:1: Premature end of file.
2026-05-04 13:00:51,385 [ERROR] LogOutputStream:75 - [STDERR_REDIRECT] 
2026-05-04 13:00:52,391 [ERROR] LogOutputStream:75 - [STDERR_REDIRECT] [Fatal Error] :1:1: Premature end of file.
2026-05-04 13:00:52,391 [ERROR] LogOutputStream:75 - [STDERR_REDIRECT] 
2026-05-04 13:00:53,391 [ERROR] LogOutputStream:75 - [STDERR_REDIRECT] [Fatal Error] :1:1: Premature end of file.
2026-05-04 13:00:53,391 [ERROR] LogOutputStream:75 - [STDERR_REDIRECT] 
2026-05-04 13:00:54,393 [ERROR] LogOutputStream:75 - [STDERR_REDIRECT] [Fatal Error] :1:1: Premature end of file.
2026-05-04 13:00:54,393 [ERROR] LogOutputStream:75 - [STDERR_REDIRECT] 
2026-05-04 13:00:55,391 [ERROR] LogOutputStream:75 - [STDERR_REDIRECT] [Fatal Error] :1:1: Premature end of file.
2026-05-04 13:00:55,391 [ERROR] LogOutputStream:75 - [STDERR_REDIRECT] 
2026-05-04 13:00:56,390 [ERROR] LogOutputStream:75 - [STDERR_REDIRECT] [Fatal Error] :1:1: Premature end of file.
2026-05-04 13:00:56,390 [ERROR] LogOutputStream:75 - [STDERR_REDIRECT] 
2026-05-04 13:00:57,393 [ERROR] LogOutputStream:75 - [STDERR_REDIRECT] [Fatal Error] :1:1: Premature end of file.
2026-05-04 13:00:57,393 [ERROR] LogOutputStream:75 - [STDERR_REDIRECT] 
2026-05-04 13:00:58,391 [ERROR] LogOutputStream:75 - [STDERR_REDIRECT] [Fatal Error] :1:1: Premature end of file.
2026-05-04 13:00:58,392 [ERROR] LogOutputStream:75 - [STDERR_REDIRECT] 
2026-05-04 13:00:59,391 [ERROR] LogOutputStream:75 - [STDERR_REDIRECT] [Fatal Error] :1:1: Premature end of file.
2026-05-04 13:00:59,391 [ERROR] LogOutputStream:75 - [STDERR_REDIRECT] 
2026-05-04 13:01:00,386 [ERROR] LogOutputStream:75 - [STDERR_REDIRECT] [Fatal Error] :1:1: Premature end of file.
2026-05-04 13:01:00,387 [ERROR] LogOutputStream:75 - [STDERR_REDIRECT] 
2026-05-04 13:01:01,385 [ERROR] LogOutputStream:75 - [STDERR_REDIRECT] [Fatal Error] :1:1: Premature end of file.
2026-05-04 13:01:01,385 [ERROR] LogOutputStream:75 - [STDERR_REDIRECT] 
2026-05-04 13:01:02,383 [ERROR] LogOutputStream:75 - [STDERR_REDIRECT] [Fatal Error] :1:1: Premature end of file.
2026-05-04 13:01:02,383 [ERROR] LogOutputStream:75 - [STDERR_REDIRECT] 
2026-05-04 13:01:03,386 [ERROR] LogOutputStream:75 - [STDERR_REDIRECT] [Fatal Error] :1:1: Premature end of file.
2026-05-04 13:01:03,386 [ERROR] LogOutputStream:75 - [STDERR_REDIRECT] 
2026-05-04 13:01:04,388 [ERROR] LogOutputStream:75 - [STDERR_REDIRECT] [Fatal Error] :1:1: Premature end of file.
2026-05-04 13:01:04,388 [ERROR] LogOutputStream:75 - [STDERR_REDIRECT] 
2026-05-04 13:01:05,390 [ERROR] LogOutputStream:75 - [STDERR_REDIRECT] [Fatal Error] :1:1: Premature end of file.
2026-05-04 13:01:05,390 [ERROR] LogOutputStream:75 - [STDERR_REDIRECT] 
2026-05-04 13:01:06,392 [ERROR] LogOutputStream:75 - [STDERR_REDIRECT] [Fatal Error] :1:1: Premature end of file.
2026-05-04 13:01:06,392 [ERROR] LogOutputStream:75 - [STDERR_REDIRECT] 
2026-05-04 13:01:07,393 [ERROR] LogOutputStream:75 - [STDERR_REDIRECT] [Fatal Error] :1:1: Premature end of file.
2026-05-04 13:01:07,393 [ERROR] LogOutputStream:75 - [STDERR_REDIRECT] 
2026-05-04 13:01:08,391 [ERROR] LogOutputStream:75 - [STDERR_REDIRECT] [Fatal Error] :1:1: Premature end of file.
2026-05-04 13:01:08,391 [ERROR] LogOutputStream:75 - [STDERR_REDIRECT] 
2026-05-04 13:01:09,393 [ERROR] LogOutputStream:75 - [STDERR_REDIRECT] [Fatal Error] :1:1: Premature end of file.
2026-05-04 13:01:09,393 [ERROR] LogOutputStream:75 - [STDERR_REDIRECT] 
2026-05-04 13:01:10,383 [ERROR] LogOutputStream:75 - [STDERR_REDIRECT] [Fatal Error] :1:1: Premature end of file.
2026-05-04 13:01:10,383 [ERROR] LogOutputStream:75 - [STDERR_REDIRECT] 
2026-05-04 13:01:11,393 [ERROR] LogOutputStream:75 - [STDERR_REDIRECT] [Fatal Error] :1:1: Premature end of file.
2026-05-04 13:01:11,393 [ERROR] LogOutputStream:75 - [STDERR_REDIRECT] 
2026-05-04 13:01:12,383 [ERROR] LogOutputStream:75 - [STDERR_REDIRECT] [Fatal Error] :1:1: Premature end of file.
2026-05-04 13:01:12,383 [ERROR] LogOutputStream:75 - [STDERR_REDIRECT] 
2026-05-04 13:01:13,383 [ERROR] LogOutputStream:75 - [STDERR_REDIRECT] [Fatal Error] :1:1: Premature end of file.
2026-05-04 13:01:13,383 [ERROR] LogOutputStream:75 - [STDERR_REDIRECT] 
2026-05-04 13:01:14,388 [ERROR] LogOutputStream:75 - [STDERR_REDIRECT] [Fatal Error] :1:1: Premature end of file.
2026-05-04 13:01:14,388 [ERROR] LogOutputStream:75 - [STDERR_REDIRECT] 
2026-05-04 13:01:15,390 [ERROR] LogOutputStream:75 - [STDERR_REDIRECT] [Fatal Error] :1:1: Premature end of file.
2026-05-04 13:01:15,390 [ERROR] LogOutputStream:75 - [STDERR_REDIRECT] 
2026-05-04 13:01:16,392 [ERROR] LogOutputStream:75 - [STDERR_REDIRECT] [Fatal Error] :1:1: Premature end of file.
2026-05-04 13:01:16,392 [ERROR] LogOutputStream:75 - [STDERR_REDIRECT] 
2026-05-04 13:01:17,393 [ERROR] LogOutputStream:75 - [STDERR_REDIRECT] [Fatal Error] :1:1: Premature end of file.
2026-05-04 13:01:17,393 [ERROR] LogOutputStream:75 - [STDERR_REDIRECT] 
2026-05-04 13:01:18,393 [ERROR] LogOutputStream:75 - [STDERR_REDIRECT] [Fatal Error] :1:1: Premature end of file.
2026-05-04 13:01:18,393 [ERROR] LogOutputStream:75 - [STDERR_REDIRECT] 
2026-05-04 13:01:19,388 [ERROR] LogOutputStream:75 - [STDERR_REDIRECT] [Fatal Error] :1:1: Premature end of file.
2026-05-04 13:01:19,388 [ERROR] LogOutputStream:75 - [STDERR_REDIRECT] 
2026-05-04 13:01:20,387 [ERROR] LogOutputStream:75 - [STDERR_REDIRECT] [Fatal Error] :1:1: Premature end of file.
2026-05-04 13:01:20,387 [ERROR] LogOutputStream:75 - [STDERR_REDIRECT] 
2026-05-04 13:01:21,384 [ERROR] LogOutputStream:75 - [STDERR_REDIRECT] [Fatal Error] :1:1: Premature end of file.
2026-05-04 13:01:21,384 [ERROR] LogOutputStream:75 - [STDERR_REDIRECT] 
2026-05-04 13:01:22,387 [ERROR] LogOutputStream:75 - [STDERR_REDIRECT] [Fatal Error] :1:1: Premature end of file.
2026-05-04 13:01:22,387 [ERROR] LogOutputStream:75 - [STDERR_REDIRECT] 
2026-05-04 13:01:23,396 [ERROR] LogOutputStream:75 - [STDERR_REDIRECT] [Fatal Error] :1:1: Premature end of file.
2026-05-04 13:01:23,396 [ERROR] LogOutputStream:75 - [STDERR_REDIRECT] 
2026-05-04 13:01:24,400 [ERROR] LogOutputStream:75 - [STDERR_REDIRECT] [Fatal Error] :1:1: Premature end of file.
2026-05-04 13:01:24,400 [ERROR] LogOutputStream:75 - [STDERR_REDIRECT] 
2026-05-04 13:01:25,394 [ERROR] LogOutputStream:75 - [STDERR_REDIRECT] [Fatal Error] :1:1: Premature end of file.
2026-05-04 13:01:25,395 [ERROR] LogOutputStream:75 - [STDERR_REDIRECT] 
2026-05-04 13:01:26,389 [ERROR] LogOutputStream:75 - [STDERR_REDIRECT] [Fatal Error] :1:1: Premature end of file.
2026-05-04 13:01:26,389 [ERROR] LogOutputStream:75 - [STDERR_REDIRECT] 
2026-05-04 13:01:27,386 [ERROR] LogOutputStream:75 - [STDERR_REDIRECT] [Fatal Error] :1:1: Premature end of file.
2026-05-04 13:01:27,387 [ERROR] LogOutputStream:75 - [STDERR_REDIRECT] 
2026-05-04 13:01:28,397 [ERROR] LogOutputStream:75 - [STDERR_REDIRECT] [Fatal Error] :1:1: Premature end of file.
2026-05-04 13:01:28,397 [ERROR] LogOutputStream:75 - [STDERR_REDIRECT] 
2026-05-04 13:01:29,385 [ERROR] LogOutputStream:75 - [STDERR_REDIRECT] [Fatal Error] :1:1: Premature end of file.
2026-05-04 13:01:29,385 [ERROR] LogOutputStream:75 - [STDERR_REDIRECT] 
2026-05-04 13:01:30,393 [ERROR] LogOutputStream:75 - [STDERR_REDIRECT] [Fatal Error] :1:1: Premature end of file.
2026-05-04 13:01:30,393 [ERROR] LogOutputStream:75 - [STDERR_REDIRECT] 
2026-05-04 13:01:31,384 [ERROR] LogOutputStream:75 - [STDERR_REDIRECT] [Fatal Error] :1:1: Premature end of file.
2026-05-04 13:01:31,384 [ERROR] LogOutputStream:75 - [STDERR_REDIRECT] 
2026-05-04 13:01:32,385 [ERROR] LogOutputStream:75 - [STDERR_REDIRECT] [Fatal Error] :1:1: Premature end of file.
2026-05-04 13:01:32,385 [ERROR] LogOutputStream:75 - [STDERR_REDIRECT] 
2026-05-04 13:01:33,390 [ERROR] LogOutputStream:75 - [STDERR_REDIRECT] [Fatal Error] :1:1: Premature end of file.
2026-05-04 13:01:33,390 [ERROR] LogOutputStream:75 - [STDERR_REDIRECT] 
2026-05-04 13:01:34,392 [ERROR] LogOutputStream:75 - [STDERR_REDIRECT] [Fatal Error] :1:1: Premature end of file.
2026-05-04 13:01:34,392 [ERROR] LogOutputStream:75 - [STDERR_REDIRECT] 
2026-05-04 13:01:35,391 [ERROR] LogOutputStream:75 - [STDERR_REDIRECT] [Fatal Error] :1:1: Premature end of file.
2026-05-04 13:01:35,392 [ERROR] LogOutputStream:75 - [STDERR_REDIRECT] 
2026-05-04 13:01:36,385 [ERROR] LogOutputStream:75 - [STDERR_REDIRECT] [Fatal Error] :1:1: Premature end of file.
2026-05-04 13:01:36,385 [ERROR] LogOutputStream:75 - [STDERR_REDIRECT] 
2026-05-04 13:01:37,418 [ERROR] LogOutputStream:75 - [STDERR_REDIRECT] [Fatal Error] :1:1: Premature end of file.
2026-05-04 13:01:37,418 [ERROR] LogOutputStream:75 - [STDERR_REDIRECT] 
2026-05-04 13:01:38,391 [ERROR] LogOutputStream:75 - [STDERR_REDIRECT] [Fatal Error] :1:1: Premature end of file.
2026-05-04 13:01:38,391 [ERROR] LogOutputStream:75 - [STDERR_REDIRECT] 
2026-05-04 13:01:39,383 [ERROR] LogOutputStream:75 - [STDERR_REDIRECT] [Fatal Error] :1:1: Premature end of file.
2026-05-04 13:01:39,383 [ERROR] LogOutputStream:75 - [STDERR_REDIRECT] 
2026-05-04 13:01:40,398 [ERROR] LogOutputStream:75 - [STDERR_REDIRECT] [Fatal Error] :1:1: Premature end of file.
2026-05-04 13:01:40,398 [ERROR] LogOutputStream:75 - [STDERR_REDIRECT] 
2026-05-04 13:01:41,402 [ERROR] LogOutputStream:75 - [STDERR_REDIRECT] [Fatal Error] :1:1: Premature end of file.
2026-05-04 13:01:41,402 [ERROR] LogOutputStream:75 - [STDERR_REDIRECT] 
2026-05-04 13:01:42,392 [ERROR] LogOutputStream:75 - [STDERR_REDIRECT] [Fatal Error] :1:1: Premature end of file.
2026-05-04 13:01:42,392 [ERROR] LogOutputStream:75 - [STDERR_REDIRECT] 
2026-05-04 13:01:43,390 [ERROR] LogOutputStream:75 - [STDERR_REDIRECT] [Fatal Error] :1:1: Premature end of file.
2026-05-04 13:01:43,390 [ERROR] LogOutputStream:75 - [STDERR_REDIRECT] 
2026-05-04 13:01:44,391 [ERROR] LogOutputStream:75 - [STDERR_REDIRECT] [Fatal Error] :1:1: Premature end of file.
2026-05-04 13:01:44,391 [ERROR] LogOutputStream:75 - [STDERR_REDIRECT] 
2026-05-04 13:01:45,392 [ERROR] LogOutputStream:75 - [STDERR_REDIRECT] [Fatal Error] :1:1: Premature end of file.
2026-05-04 13:01:45,392 [ERROR] LogOutputStream:75 - [STDERR_REDIRECT] 
2026-05-04 13:01:46,394 [ERROR] LogOutputStream:75 - [STDERR_REDIRECT] [Fatal Error] :1:1: Premature end of file.
2026-05-04 13:01:46,394 [ERROR] LogOutputStream:75 - [STDERR_REDIRECT] 
2026-05-04 13:01:47,389 [ERROR] LogOutputStream:75 - [STDERR_REDIRECT] [Fatal Error] :1:1: Premature end of file.
2026-05-04 13:01:47,390 [ERROR] LogOutputStream:75 - [STDERR_REDIRECT] 
2026-05-04 13:01:48,390 [ERROR] LogOutputStream:75 - [STDERR_REDIRECT] [Fatal Error] :1:1: Premature end of file.
2026-05-04 13:01:48,390 [ERROR] LogOutputStream:75 - [STDERR_REDIRECT] 
2026-05-04 13:01:49,391 [ERROR] LogOutputStream:75 - [STDERR_REDIRECT] [Fatal Error] :1:1: Premature end of file.
2026-05-04 13:01:49,391 [ERROR] LogOutputStream:75 - [STDERR_REDIRECT] 
2026-05-04 13:01:50,392 [ERROR] LogOutputStream:75 - [STDERR_REDIRECT] [Fatal Error] :1:1: Premature end of file.
2026-05-04 13:01:50,392 [ERROR] LogOutputStream:75 - [STDERR_REDIRECT] 
2026-05-04 13:01:51,401 [ERROR] LogOutputStream:75 - [STDERR_REDIRECT] [Fatal Error] :1:1: Premature end of file.
2026-05-04 13:01:51,401 [ERROR] LogOutputStream:75 - [STDERR_REDIRECT] 
2026-05-04 13:01:52,394 [ERROR] LogOutputStream:75 - [STDERR_REDIRECT] [Fatal Error] :1:1: Premature end of file.
2026-05-04 13:01:52,394 [ERROR] LogOutputStream:75 - [STDERR_REDIRECT] 
2026-05-04 13:01:53,392 [ERROR] LogOutputStream:75 - [STDERR_REDIRECT] [Fatal Error] :1:1: Premature end of file.
2026-05-04 13:01:53,392 [ERROR] LogOutputStream:75 - [STDERR_REDIRECT] 
2026-05-04 13:01:54,392 [ERROR] LogOutputStream:75 - [STDERR_REDIRECT] [Fatal Error] :1:1: Premature end of file.
2026-05-04 13:01:54,392 [ERROR] LogOutputStream:75 - [STDERR_REDIRECT] 
2026-05-04 13:01:55,394 [ERROR] LogOutputStream:75 - [STDERR_REDIRECT] [Fatal Error] :1:1: Premature end of file.
2026-05-04 13:01:55,394 [ERROR] LogOutputStream:75 - [STDERR_REDIRECT] 
2026-05-04 13:01:56,397 [ERROR] LogOutputStream:75 - [STDERR_REDIRECT] [Fatal Error] :1:1: Premature end of file.
2026-05-04 13:01:56,397 [ERROR] LogOutputStream:75 - [STDERR_REDIRECT] 
2026-05-04 13:01:57,399 [ERROR] LogOutputStream:75 - [STDERR_REDIRECT] [Fatal Error] :1:1: Premature end of file.
2026-05-04 13:01:57,400 [ERROR] LogOutputStream:75 - [STDERR_REDIRECT] 
2026-05-04 13:01:58,395 [ERROR] LogOutputStream:75 - [STDERR_REDIRECT] [Fatal Error] :1:1: Premature end of file.
2026-05-04 13:01:58,395 [ERROR] LogOutputStream:75 - [STDERR_REDIRECT] 
2026-05-04 13:01:59,394 [ERROR] LogOutputStream:75 - [STDERR_REDIRECT] [Fatal Error] :1:1: Premature end of file.
2026-05-04 13:01:59,394 [ERROR] LogOutputStream:75 - [STDERR_REDIRECT] 
2026-05-04 13:02:00,388 [ERROR] LogOutputStream:75 - [STDERR_REDIRECT] [Fatal Error] :1:1: Premature end of file.
2026-05-04 13:02:00,388 [ERROR] LogOutputStream:75 - [STDERR_REDIRECT] 
2026-05-04 13:02:01,534 [ERROR] LogOutputStream:75 - [STDERR_REDIRECT] [Fatal Error] :1:1: Premature end of file.
2026-05-04 13:02:01,534 [ERROR] LogOutputStream:75 - [STDERR_REDIRECT] 
2026-05-04 13:02:02,396 [ERROR] LogOutputStream:75 - [STDERR_REDIRECT] [Fatal Error] :1:1: Premature end of file.
2026-05-04 13:02:02,396 [ERROR] LogOutputStream:75 - [STDERR_REDIRECT] 
2026-05-04 13:02:03,390 [ERROR] LogOutputStream:75 - [STDERR_REDIRECT] [Fatal Error] :1:1: Premature end of file.
2026-05-04 13:02:03,390 [ERROR] LogOutputStream:75 - [STDERR_REDIRECT] 
2026-05-04 13:02:04,394 [ERROR] LogOutputStream:75 - [STDERR_REDIRECT] [Fatal Error] :1:1: Premature end of file.
2026-05-04 13:02:04,394 [ERROR] LogOutputStream:75 - [STDERR_REDIRECT] 
2026-05-04 13:02:05,414 [ERROR] LogOutputStream:75 - [STDERR_REDIRECT] [Fatal Error] :1:1: Premature end of file.
2026-05-04 13:02:05,415 [ERROR] LogOutputStream:75 - [STDERR_REDIRECT] 
2026-05-04 13:02:06,396 [ERROR] LogOutputStream:75 - [STDERR_REDIRECT] [Fatal Error] :1:1: Premature end of file.
2026-05-04 13:02:06,396 [ERROR] LogOutputStream:75 - [STDERR_REDIRECT] 
2026-05-04 13:02:07,388 [ERROR] LogOutputStream:75 - [STDERR_REDIRECT] [Fatal Error] :1:1: Premature end of file.
2026-05-04 13:02:07,388 [ERROR] LogOutputStream:75 - [STDERR_REDIRECT] 
2026-05-04 13:02:08,393 [ERROR] LogOutputStream:75 - [STDERR_REDIRECT] [Fatal Error] :1:1: Premature end of file.
2026-05-04 13:02:08,393 [ERROR] LogOutputStream:75 - [STDERR_REDIRECT] 
2026-05-04 13:02:09,387 [ERROR] LogOutputStream:75 - [STDERR_REDIRECT] [Fatal Error] :1:1: Premature end of file.
2026-05-04 13:02:09,387 [ERROR] LogOutputStream:75 - [STDERR_REDIRECT] 
2026-05-04 13:02:10,390 [ERROR] LogOutputStream:75 - [STDERR_REDIRECT] [Fatal Error] :1:1: Premature end of file.
2026-05-04 13:02:10,390 [ERROR] LogOutputStream:75 - [STDERR_REDIRECT] 
2026-05-04 13:02:11,395 [ERROR] LogOutputStream:75 - [STDERR_REDIRECT] [Fatal Error] :1:1: Premature end of file.
2026-05-04 13:02:11,395 [ERROR] LogOutputStream:75 - [STDERR_REDIRECT] 
2026-05-04 13:02:12,393 [ERROR] LogOutputStream:75 - [STDERR_REDIRECT] [Fatal Error] :1:1: Premature end of file.
2026-05-04 13:02:12,393 [ERROR] LogOutputStream:75 - [STDERR_REDIRECT] 
2026-05-04 13:02:13,393 [ERROR] LogOutputStream:75 - [STDERR_REDIRECT] [Fatal Error] :1:1: Premature end of file.
2026-05-04 13:02:13,393 [ERROR] LogOutputStream:75 - [STDERR_REDIRECT] 
2026-05-04 13:02:14,402 [ERROR] LogOutputStream:75 - [STDERR_REDIRECT] [Fatal Error] :1:1: Premature end of file.
2026-05-04 13:02:14,402 [ERROR] LogOutputStream:75 - [STDERR_REDIRECT] 
2026-05-04 13:02:15,406 [ERROR] LogOutputStream:75 - [STDERR_REDIRECT] [Fatal Error] :1:1: Premature end of file.
2026-05-04 13:02:15,406 [ERROR] LogOutputStream:75 - [STDERR_REDIRECT] 
2026-05-04 13:02:16,391 [ERROR] LogOutputStream:75 - [STDERR_REDIRECT] [Fatal Error] :1:1: Premature end of file.
2026-05-04 13:02:16,391 [ERROR] LogOutputStream:75 - [STDERR_REDIRECT] 
2026-05-04 13:02:17,394 [ERROR] LogOutputStream:75 - [STDERR_REDIRECT] [Fatal Error] :1:1: Premature end of file.
2026-05-04 13:02:17,394 [ERROR] LogOutputStream:75 - [STDERR_REDIRECT] 
2026-05-04 13:02:18,397 [ERROR] LogOutputStream:75 - [STDERR_REDIRECT] [Fatal Error] :1:1: Premature end of file.
2026-05-04 13:02:18,397 [ERROR] LogOutputStream:75 - [STDERR_REDIRECT] 
2026-05-04 13:02:19,392 [ERROR] LogOutputStream:75 - [STDERR_REDIRECT] [Fatal Error] :1:1: Premature end of file.
2026-05-04 13:02:19,392 [ERROR] LogOutputStream:75 - [STDERR_REDIRECT] 
2026-05-04 13:02:20,403 [ERROR] LogOutputStream:75 - [STDERR_REDIRECT] [Fatal Error] :1:1: Premature end of file.
2026-05-04 13:02:20,403 [ERROR] LogOutputStream:75 - [STDERR_REDIRECT] 
2026-05-04 13:02:21,407 [ERROR] LogOutputStream:75 - [STDERR_REDIRECT] [Fatal Error] :1:1: Premature end of file.
2026-05-04 13:02:21,407 [ERROR] LogOutputStream:75 - [STDERR_REDIRECT] 
2026-05-04 13:02:22,391 [ERROR] LogOutputStream:75 - [STDERR_REDIRECT] [Fatal Error] :1:1: Premature end of file.
2026-05-04 13:02:22,391 [ERROR] LogOutputStream:75 - [STDERR_REDIRECT] 
2026-05-04 13:02:23,395 [ERROR] LogOutputStream:75 - [STDERR_REDIRECT] [Fatal Error] :1:1: Premature end of file.
2026-05-04 13:02:23,395 [ERROR] LogOutputStream:75 - [STDERR_REDIRECT] 
2026-05-04 13:02:24,418 [ERROR] LogOutputStream:75 - [STDERR_REDIRECT] [Fatal Error] :1:1: Premature end of file.
2026-05-04 13:02:24,418 [ERROR] LogOutputStream:75 - [STDERR_REDIRECT] 
2026-05-04 13:02:25,402 [ERROR] LogOutputStream:75 - [STDERR_REDIRECT] [Fatal Error] :1:1: Premature end of file.
2026-05-04 13:02:25,402 [ERROR] LogOutputStream:75 - [STDERR_REDIRECT] 
2026-05-04 13:02:26,395 [ERROR] LogOutputStream:75 - [STDERR_REDIRECT] [Fatal Error] :1:1: Premature end of file.
2026-05-04 13:02:26,395 [ERROR] LogOutputStream:75 - [STDERR_REDIRECT] 
2026-05-04 13:02:27,395 [ERROR] LogOutputStream:75 - [STDERR_REDIRECT] [Fatal Error] :1:1: Premature end of file.
2026-05-04 13:02:27,395 [ERROR] LogOutputStream:75 - [STDERR_REDIRECT] 
2026-05-04 13:02:28,381 [ERROR] LogOutputStream:75 - [STDERR_REDIRECT] [Fatal Error] :1:1: Premature end of file.
2026-05-04 13:02:28,381 [ERROR] LogOutputStream:75 - [STDERR_REDIRECT] 
2026-05-04 13:02:29,393 [ERROR] LogOutputStream:75 - [STDERR_REDIRECT] [Fatal Error] :1:1: Premature end of file.
2026-05-04 13:02:29,393 [ERROR] LogOutputStream:75 - [STDERR_REDIRECT] 
2026-05-04 13:02:30,402 [ERROR] LogOutputStream:75 - [STDERR_REDIRECT] [Fatal Error] :1:1: Premature end of file.
2026-05-04 13:02:30,402 [ERROR] LogOutputStream:75 - [STDERR_REDIRECT] 
2026-05-04 13:02:31,380 [ERROR] LogOutputStream:75 - [STDERR_REDIRECT] [Fatal Error] :1:1: Premature end of file.
2026-05-04 13:02:31,380 [ERROR] LogOutputStream:75 - [STDERR_REDIRECT] 
2026-05-04 13:02:32,395 [ERROR] LogOutputStream:75 - [STDERR_REDIRECT] [Fatal Error] :1:1: Premature end of file.
2026-05-04 13:02:32,395 [ERROR] LogOutputStream:75 - [STDERR_REDIRECT] 
2026-05-04 13:02:33,387 [ERROR] LogOutputStream:75 - [STDERR_REDIRECT] [Fatal Error] :1:1: Premature end of file.
2026-05-04 13:02:33,387 [ERROR] LogOutputStream:75 - [STDERR_REDIRECT] 
2026-05-04 13:02:34,406 [ERROR] LogOutputStream:75 - [STDERR_REDIRECT] [Fatal Error] :1:1: Premature end of file.
2026-05-04 13:02:34,406 [ERROR] LogOutputStream:75 - [STDERR_REDIRECT] 
2026-05-04 13:02:35,397 [ERROR] LogOutputStream:75 - [STDERR_REDIRECT] [Fatal Error] :1:1: Premature end of file.
2026-05-04 13:02:35,397 [ERROR] LogOutputStream:75 - [STDERR_REDIRECT] 
2026-05-04 13:02:36,402 [ERROR] LogOutputStream:75 - [STDERR_REDIRECT] [Fatal Error] :1:1: Premature end of file.
2026-05-04 13:02:36,402 [ERROR] LogOutputStream:75 - [STDERR_REDIRECT] 
2026-05-04 13:02:37,395 [ERROR] LogOutputStream:75 - [STDERR_REDIRECT] [Fatal Error] :1:1: Premature end of file.
2026-05-04 13:02:37,395 [ERROR] LogOutputStream:75 - [STDERR_REDIRECT] 
2026-05-04 13:02:38,405 [ERROR] LogOutputStream:75 - [STDERR_REDIRECT] [Fatal Error] :1:1: Premature end of file.
2026-05-04 13:02:38,405 [ERROR] LogOutputStream:75 - [STDERR_REDIRECT] 
2026-05-04 13:02:39,406 [ERROR] LogOutputStream:75 - [STDERR_REDIRECT] [Fatal Error] :1:1: Premature end of file.
2026-05-04 13:02:39,406 [ERROR] LogOutputStream:75 - [STDERR_REDIRECT] 
2026-05-04 13:02:40,399 [ERROR] LogOutputStream:75 - [STDERR_REDIRECT] [Fatal Error] :1:1: Premature end of file.
2026-05-04 13:02:40,399 [ERROR] LogOutputStream:75 - [STDERR_REDIRECT] 
2026-05-04 13:02:41,401 [ERROR] LogOutputStream:75 - [STDERR_REDIRECT] [Fatal Error] :1:1: Premature end of file.
2026-05-04 13:02:41,401 [ERROR] LogOutputStream:75 - [STDERR_REDIRECT] 
2026-05-04 13:02:42,393 [ERROR] LogOutputStream:75 - [STDERR_REDIRECT] [Fatal Error] :1:1: Premature end of file.
2026-05-04 13:02:42,393 [ERROR] LogOutputStream:75 - [STDERR_REDIRECT] 
2026-05-04 13:02:43,385 [ERROR] LogOutputStream:75 - [STDERR_REDIRECT] [Fatal Error] :1:1: Premature end of file.
2026-05-04 13:02:43,385 [ERROR] LogOutputStream:75 - [STDERR_REDIRECT] 
2026-05-04 13:02:44,395 [ERROR] LogOutputStream:75 - [STDERR_REDIRECT] [Fatal Error] :1:1: Premature end of file.
2026-05-04 13:02:44,395 [ERROR] LogOutputStream:75 - [STDERR_REDIRECT] 
2026-05-04 13:02:45,387 [ERROR] LogOutputStream:75 - [STDERR_REDIRECT] [Fatal Error] :1:1: Premature end of file.
2026-05-04 13:02:45,387 [ERROR] LogOutputStream:75 - [STDERR_REDIRECT] 
2026-05-04 13:02:46,403 [ERROR] LogOutputStream:75 - [STDERR_REDIRECT] [Fatal Error] :1:1: Premature end of file.
2026-05-04 13:02:46,403 [ERROR] LogOutputStream:75 - [STDERR_REDIRECT] 
2026-05-04 13:02:47,403 [ERROR] LogOutputStream:75 - [STDERR_REDIRECT] [Fatal Error] :1:1: Premature end of file.
2026-05-04 13:02:47,403 [ERROR] LogOutputStream:75 - [STDERR_REDIRECT] 
2026-05-04 13:02:48,401 [ERROR] LogOutputStream:75 - [STDERR_REDIRECT] [Fatal Error] :1:1: Premature end of file.
2026-05-04 13:02:48,401 [ERROR] LogOutputStream:75 - [STDERR_REDIRECT] 
2026-05-04 13:02:49,388 [ERROR] LogOutputStream:75 - [STDERR_REDIRECT] [Fatal Error] :1:1: Premature end of file.
2026-05-04 13:02:49,388 [ERROR] LogOutputStream:75 - [STDERR_REDIRECT] 
2026-05-04 13:02:50,398 [ERROR] LogOutputStream:75 - [STDERR_REDIRECT] [Fatal Error] :1:1: Premature end of file.
2026-05-04 13:02:50,398 [ERROR] LogOutputStream:75 - [STDERR_REDIRECT] 
2026-05-04 13:02:51,385 [ERROR] LogOutputStream:75 - [STDERR_REDIRECT] [Fatal Error] :1:1: Premature end of file.
2026-05-04 13:02:51,385 [ERROR] LogOutputStream:75 - [STDERR_REDIRECT] 
2026-05-04 13:02:52,413 [ERROR] LogOutputStream:75 - [STDERR_REDIRECT] [Fatal Error] :1:1: Premature end of file.
2026-05-04 13:02:52,413 [ERROR] LogOutputStream:75 - [STDERR_REDIRECT] 
2026-05-04 13:02:53,394 [ERROR] LogOutputStream:75 - [STDERR_REDIRECT] [Fatal Error] :1:1: Premature end of file.
2026-05-04 13:02:53,394 [ERROR] LogOutputStream:75 - [STDERR_REDIRECT] 
2026-05-04 13:02:54,406 [ERROR] LogOutputStream:75 - [STDERR_REDIRECT] [Fatal Error] :1:1: Premature end of file.
2026-05-04 13:02:54,406 [ERROR] LogOutputStream:75 - [STDERR_REDIRECT] 
2026-05-04 13:02:55,424 [ERROR] LogOutputStream:75 - [STDERR_REDIRECT] [Fatal Error] :1:1: Premature end of file.
2026-05-04 13:02:55,424 [ERROR] LogOutputStream:75 - [STDERR_REDIRECT] 
2026-05-04 13:02:56,394 [ERROR] LogOutputStream:75 - [STDERR_REDIRECT] [Fatal Error] :1:1: Premature end of file.
2026-05-04 13:02:56,394 [ERROR] LogOutputStream:75 - [STDERR_REDIRECT] 
2026-05-04 13:02:57,394 [ERROR] LogOutputStream:75 - [STDERR_REDIRECT] [Fatal Error] :1:1: Premature end of file.
2026-05-04 13:02:57,394 [ERROR] LogOutputStream:75 - [STDERR_REDIRECT] 
2026-05-04 13:02:58,397 [ERROR] LogOutputStream:75 - [STDERR_REDIRECT] [Fatal Error] :1:1: Premature end of file.
2026-05-04 13:02:58,397 [ERROR] LogOutputStream:75 - [STDERR_REDIRECT] 
2026-05-04 13:02:59,395 [ERROR] LogOutputStream:75 - [STDERR_REDIRECT] [Fatal Error] :1:1: Premature end of file.
2026-05-04 13:02:59,395 [ERROR] LogOutputStream:75 - [STDERR_REDIRECT] 
2026-05-04 13:03:00,392 [ERROR] LogOutputStream:75 - [STDERR_REDIRECT] [Fatal Error] :1:1: Premature end of file.
2026-05-04 13:03:00,392 [ERROR] LogOutputStream:75 - [STDERR_REDIRECT] 
2026-05-04 13:03:01,399 [ERROR] LogOutputStream:75 - [STDERR_REDIRECT] [Fatal Error] :1:1: Premature end of file.
2026-05-04 13:03:01,399 [ERROR] LogOutputStream:75 - [STDERR_REDIRECT] 
2026-05-04 13:03:02,395 [ERROR] LogOutputStream:75 - [STDERR_REDIRECT] [Fatal Error] :1:1: Premature end of file.
2026-05-04 13:03:02,395 [ERROR] LogOutputStream:75 - [STDERR_REDIRECT] 
2026-05-04 13:03:03,390 [ERROR] LogOutputStream:75 - [STDERR_REDIRECT] [Fatal Error] :1:1: Premature end of file.
2026-05-04 13:03:03,392 [ERROR] LogOutputStream:75 - [STDERR_REDIRECT] 
2026-05-04 13:03:04,395 [ERROR] LogOutputStream:75 - [STDERR_REDIRECT] [Fatal Error] :1:1: Premature end of file.
2026-05-04 13:03:04,395 [ERROR] LogOutputStream:75 - [STDERR_REDIRECT] 
2026-05-04 13:03:05,433 [ERROR] LogOutputStream:75 - [STDERR_REDIRECT] [Fatal Error] :1:1: Premature end of file.
2026-05-04 13:03:05,433 [ERROR] LogOutputStream:75 - [STDERR_REDIRECT] 
2026-05-04 13:03:06,388 [ERROR] LogOutputStream:75 - [STDERR_REDIRECT] [Fatal Error] :1:1: Premature end of file.
2026-05-04 13:03:06,388 [ERROR] LogOutputStream:75 - [STDERR_REDIRECT] 
2026-05-04 13:03:07,390 [ERROR] LogOutputStream:75 - [STDERR_REDIRECT] [Fatal Error] :1:1: Premature end of file.
2026-05-04 13:03:07,390 [ERROR] LogOutputStream:75 - [STDERR_REDIRECT] 
2026-05-04 13:03:08,392 [ERROR] LogOutputStream:75 - [STDERR_REDIRECT] [Fatal Error] :1:1: Premature end of file.
2026-05-04 13:03:08,392 [ERROR] LogOutputStream:75 - [STDERR_REDIRECT] 
2026-05-04 13:03:09,391 [ERROR] LogOutputStream:75 - [STDERR_REDIRECT] [Fatal Error] :1:1: Premature end of file.
2026-05-04 13:03:09,391 [ERROR] LogOutputStream:75 - [STDERR_REDIRECT] 
2026-05-04 13:03:10,390 [ERROR] LogOutputStream:75 - [STDERR_REDIRECT] [Fatal Error] :1:1: Premature end of file.
2026-05-04 13:03:10,390 [ERROR] LogOutputStream:75 - [STDERR_REDIRECT] 
2026-05-04 13:03:11,386 [ERROR] LogOutputStream:75 - [STDERR_REDIRECT] [Fatal Error] :1:1: Premature end of file.
2026-05-04 13:03:11,386 [ERROR] LogOutputStream:75 - [STDERR_REDIRECT] 
2026-05-04 13:03:12,423 [ERROR] LogOutputStream:75 - [STDERR_REDIRECT] [Fatal Error] :1:1: Premature end of file.
2026-05-04 13:03:12,423 [ERROR] LogOutputStream:75 - [STDERR_REDIRECT] 
2026-05-04 13:03:13,385 [ERROR] LogOutputStream:75 - [STDERR_REDIRECT] [Fatal Error] :1:1: Premature end of file.
2026-05-04 13:03:13,385 [ERROR] LogOutputStream:75 - [STDERR_REDIRECT] 
2026-05-04 13:03:14,389 [ERROR] LogOutputStream:75 - [STDERR_REDIRECT] [Fatal Error] :1:1: Premature end of file.
2026-05-04 13:03:14,389 [ERROR] LogOutputStream:75 - [STDERR_REDIRECT] 
2026-05-04 13:03:15,391 [ERROR] LogOutputStream:75 - [STDERR_REDIRECT] [Fatal Error] :1:1: Premature end of file.
2026-05-04 13:03:15,391 [ERROR] LogOutputStream:75 - [STDERR_REDIRECT] 
2026-05-04 13:03:16,391 [ERROR] LogOutputStream:75 - [STDERR_REDIRECT] [Fatal Error] :1:1: Premature end of file.
2026-05-04 13:03:16,391 [ERROR] LogOutputStream:75 - [STDERR_REDIRECT] 
2026-05-04 13:03:17,390 [ERROR] LogOutputStream:75 - [STDERR_REDIRECT] [Fatal Error] :1:1: Premature end of file.
2026-05-04 13:03:17,391 [ERROR] LogOutputStream:75 - [STDERR_REDIRECT] 
2026-05-04 13:03:18,383 [ERROR] LogOutputStream:75 - [STDERR_REDIRECT] [Fatal Error] :1:1: Premature end of file.
2026-05-04 13:03:18,383 [ERROR] LogOutputStream:75 - [STDERR_REDIRECT] 
2026-05-04 13:03:19,382 [ERROR] LogOutputStream:75 - [STDERR_REDIRECT] [Fatal Error] :1:1: Premature end of file.
2026-05-04 13:03:19,382 [ERROR] LogOutputStream:75 - [STDERR_REDIRECT] 
2026-05-04 13:03:20,402 [ERROR] LogOutputStream:75 - [STDERR_REDIRECT] [Fatal Error] :1:1: Premature end of file.
2026-05-04 13:03:20,402 [ERROR] LogOutputStream:75 - [STDERR_REDIRECT] 
2026-05-04 13:03:21,401 [ERROR] LogOutputStream:75 - [STDERR_REDIRECT] [Fatal Error] :1:1: Premature end of file.
2026-05-04 13:03:21,401 [ERROR] LogOutputStream:75 - [STDERR_REDIRECT] 
2026-05-04 13:03:22,396 [ERROR] LogOutputStream:75 - [STDERR_REDIRECT] [Fatal Error] :1:1: Premature end of file.
2026-05-04 13:03:22,396 [ERROR] LogOutputStream:75 - [STDERR_REDIRECT] 
2026-05-04 13:03:23,390 [ERROR] LogOutputStream:75 - [STDERR_REDIRECT] [Fatal Error] :1:1: Premature end of file.
2026-05-04 13:03:23,390 [ERROR] LogOutputStream:75 - [STDERR_REDIRECT] 
2026-05-04 13:03:24,399 [ERROR] LogOutputStream:75 - [STDERR_REDIRECT] [Fatal Error] :1:1: Premature end of file.
2026-05-04 13:03:24,399 [ERROR] LogOutputStream:75 - [STDERR_REDIRECT] 
2026-05-04 13:03:25,403 [ERROR] LogOutputStream:75 - [STDERR_REDIRECT] [Fatal Error] :1:1: Premature end of file.
2026-05-04 13:03:25,404 [ERROR] LogOutputStream:75 - [STDERR_REDIRECT] 
2026-05-04 13:03:26,391 [ERROR] LogOutputStream:75 - [STDERR_REDIRECT] [Fatal Error] :1:1: Premature end of file.
2026-05-04 13:03:26,392 [ERROR] LogOutputStream:75 - [STDERR_REDIRECT] 
2026-05-04 13:03:27,399 [ERROR] LogOutputStream:75 - [STDERR_REDIRECT] [Fatal Error] :1:1: Premature end of file.
2026-05-04 13:03:27,399 [ERROR] LogOutputStream:75 - [STDERR_REDIRECT] 
2026-05-04 13:03:28,386 [ERROR] LogOutputStream:75 - [STDERR_REDIRECT] [Fatal Error] :1:1: Premature end of file.
2026-05-04 13:03:28,386 [ERROR] LogOutputStream:75 - [STDERR_REDIRECT] 
2026-05-04 13:03:29,387 [ERROR] LogOutputStream:75 - [STDERR_REDIRECT] [Fatal Error] :1:1: Premature end of file.
2026-05-04 13:03:29,387 [ERROR] LogOutputStream:75 - [STDERR_REDIRECT] 
2026-05-04 13:03:30,413 [ERROR] LogOutputStream:75 - [STDERR_REDIRECT] [Fatal Error] :1:1: Premature end of file.
2026-05-04 13:03:30,413 [ERROR] LogOutputStream:75 - [STDERR_REDIRECT] 
2026-05-04 13:03:31,413 [ERROR] LogOutputStream:75 - [STDERR_REDIRECT] [Fatal Error] :1:1: Premature end of file.
2026-05-04 13:03:31,413 [ERROR] LogOutputStream:75 - [STDERR_REDIRECT] 
2026-05-04 13:03:32,396 [ERROR] LogOutputStream:75 - [STDERR_REDIRECT] [Fatal Error] :1:1: Premature end of file.
2026-05-04 13:03:32,396 [ERROR] LogOutputStream:75 - [STDERR_REDIRECT] 
2026-05-04 13:03:33,411 [ERROR] LogOutputStream:75 - [STDERR_REDIRECT] [Fatal Error] :1:1: Premature end of file.
2026-05-04 13:03:33,411 [ERROR] LogOutputStream:75 - [STDERR_REDIRECT] 
2026-05-04 13:03:34,406 [ERROR] LogOutputStream:75 - [STDERR_REDIRECT] [Fatal Error] :1:1: Premature end of file.
2026-05-04 13:03:34,406 [ERROR] LogOutputStream:75 - [STDERR_REDIRECT] 
2026-05-04 13:03:35,421 [ERROR] LogOutputStream:75 - [STDERR_REDIRECT] [Fatal Error] :1:1: Premature end of file.
2026-05-04 13:03:35,422 [ERROR] LogOutputStream:75 - [STDERR_REDIRECT] 
2026-05-04 13:03:36,388 [ERROR] LogOutputStream:75 - [STDERR_REDIRECT] [Fatal Error] :1:1: Premature end of file.
2026-05-04 13:03:36,388 [ERROR] LogOutputStream:75 - [STDERR_REDIRECT] 
2026-05-04 13:03:37,387 [ERROR] LogOutputStream:75 - [STDERR_REDIRECT] [Fatal Error] :1:1: Premature end of file.
2026-05-04 13:03:37,387 [ERROR] LogOutputStream:75 - [STDERR_REDIRECT] 
2026-05-04 13:03:38,393 [ERROR] LogOutputStream:75 - [STDERR_REDIRECT] [Fatal Error] :1:1: Premature end of file.
2026-05-04 13:03:38,393 [ERROR] LogOutputStream:75 - [STDERR_REDIRECT] 
2026-05-04 13:03:39,393 [ERROR] LogOutputStream:75 - [STDERR_REDIRECT] [Fatal Error] :1:1: Premature end of file.
2026-05-04 13:03:39,393 [ERROR] LogOutputStream:75 - [STDERR_REDIRECT] 
2026-05-04 13:03:40,388 [ERROR] LogOutputStream:75 - [STDERR_REDIRECT] [Fatal Error] :1:1: Premature end of file.
2026-05-04 13:03:40,388 [ERROR] LogOutputStream:75 - [STDERR_REDIRECT] 
2026-05-04 13:03:41,389 [ERROR] LogOutputStream:75 - [STDERR_REDIRECT] [Fatal Error] :1:1: Premature end of file.
2026-05-04 13:03:41,390 [ERROR] LogOutputStream:75 - [STDERR_REDIRECT] 
2026-05-04 13:03:42,388 [ERROR] LogOutputStream:75 - [STDERR_REDIRECT] [Fatal Error] :1:1: Premature end of file.
2026-05-04 13:03:42,389 [ERROR] LogOutputStream:75 - [STDERR_REDIRECT] 
2026-05-04 13:03:43,392 [ERROR] LogOutputStream:75 - [STDERR_REDIRECT] [Fatal Error] :1:1: Premature end of file.
2026-05-04 13:03:43,392 [ERROR] LogOutputStream:75 - [STDERR_REDIRECT] 
2026-05-04 13:03:44,391 [ERROR] LogOutputStream:75 - [STDERR_REDIRECT] [Fatal Error] :1:1: Premature end of file.
2026-05-04 13:03:44,391 [ERROR] LogOutputStream:75 - [STDERR_REDIRECT] 
2026-05-04 13:03:45,393 [ERROR] LogOutputStream:75 - [STDERR_REDIRECT] [Fatal Error] :1:1: Premature end of file.
2026-05-04 13:03:45,393 [ERROR] LogOutputStream:75 - [STDERR_REDIRECT] 
2026-05-04 13:03:46,391 [ERROR] LogOutputStream:75 - [STDERR_REDIRECT] [Fatal Error] :1:1: Premature end of file.
2026-05-04 13:03:46,391 [ERROR] LogOutputStream:75 - [STDERR_REDIRECT] 
2026-05-04 13:03:47,389 [ERROR] LogOutputStream:75 - [STDERR_REDIRECT] [Fatal Error] :1:1: Premature end of file.
2026-05-04 13:03:47,389 [ERROR] LogOutputStream:75 - [STDERR_REDIRECT] 
2026-05-04 13:03:48,390 [ERROR] LogOutputStream:75 - [STDERR_REDIRECT] [Fatal Error] :1:1: Premature end of file.
2026-05-04 13:03:48,391 [ERROR] LogOutputStream:75 - [STDERR_REDIRECT] 
2026-05-04 13:03:49,390 [ERROR] LogOutputStream:75 - [STDERR_REDIRECT] [Fatal Error] :1:1: Premature end of file.
2026-05-04 13:03:49,390 [ERROR] LogOutputStream:75 - [STDERR_REDIRECT] 
2026-05-04 13:03:50,392 [ERROR] LogOutputStream:75 - [STDERR_REDIRECT] [Fatal Error] :1:1: Premature end of file.
2026-05-04 13:03:50,392 [ERROR] LogOutputStream:75 - [STDERR_REDIRECT] 
2026-05-04 13:03:51,391 [ERROR] LogOutputStream:75 - [STDERR_REDIRECT] [Fatal Error] :1:1: Premature end of file.
2026-05-04 13:03:51,391 [ERROR] LogOutputStream:75 - [STDERR_REDIRECT] 
2026-05-04 13:03:52,388 [ERROR] LogOutputStream:75 - [STDERR_REDIRECT] [Fatal Error] :1:1: Premature end of file.
2026-05-04 13:03:52,388 [ERROR] LogOutputStream:75 - [STDERR_REDIRECT] 
2026-05-04 13:03:53,391 [ERROR] LogOutputStream:75 - [STDERR_REDIRECT] [Fatal Error] :1:1: Premature end of file.
2026-05-04 13:03:53,391 [ERROR] LogOutputStream:75 - [STDERR_REDIRECT] 
2026-05-04 13:03:54,391 [ERROR] LogOutputStream:75 - [STDERR_REDIRECT] [Fatal Error] :1:1: Premature end of file.
2026-05-04 13:03:54,391 [ERROR] LogOutputStream:75 - [STDERR_REDIRECT] 
2026-05-04 13:03:55,383 [ERROR] LogOutputStream:75 - [STDERR_REDIRECT] [Fatal Error] :1:1: Premature end of file.
2026-05-04 13:03:55,384 [ERROR] LogOutputStream:75 - [STDERR_REDIRECT] 
2026-05-04 13:03:56,391 [ERROR] LogOutputStream:75 - [STDERR_REDIRECT] [Fatal Error] :1:1: Premature end of file.
2026-05-04 13:03:56,391 [ERROR] LogOutputStream:75 - [STDERR_REDIRECT] 
2026-05-04 13:03:57,392 [ERROR] LogOutputStream:75 - [STDERR_REDIRECT] [Fatal Error] :1:1: Premature end of file.
2026-05-04 13:03:57,392 [ERROR] LogOutputStream:75 - [STDERR_REDIRECT] 
2026-05-04 13:03:58,384 [ERROR] LogOutputStream:75 - [STDERR_REDIRECT] [Fatal Error] :1:1: Premature end of file.
2026-05-04 13:03:58,384 [ERROR] LogOutputStream:75 - [STDERR_REDIRECT] 
2026-05-04 13:03:59,395 [ERROR] LogOutputStream:75 - [STDERR_REDIRECT] [Fatal Error] :1:1: Premature end of file.
2026-05-04 13:03:59,395 [ERROR] LogOutputStream:75 - [STDERR_REDIRECT] 
2026-05-04 13:04:00,390 [ERROR] LogOutputStream:75 - [STDERR_REDIRECT] [Fatal Error] :1:1: Premature end of file.
2026-05-04 13:04:00,390 [ERROR] LogOutputStream:75 - [STDERR_REDIRECT] 
2026-05-04 13:04:01,389 [ERROR] LogOutputStream:75 - [STDERR_REDIRECT] [Fatal Error] :1:1: Premature end of file.
2026-05-04 13:04:01,389 [ERROR] LogOutputStream:75 - [STDERR_REDIRECT] 
2026-05-04 13:04:02,393 [ERROR] LogOutputStream:75 - [STDERR_REDIRECT] [Fatal Error] :1:1: Premature end of file.
2026-05-04 13:04:02,393 [ERROR] LogOutputStream:75 - [STDERR_REDIRECT] 
2026-05-04 13:04:03,396 [ERROR] LogOutputStream:75 - [STDERR_REDIRECT] [Fatal Error] :1:1: Premature end of file.
2026-05-04 13:04:03,396 [ERROR] LogOutputStream:75 - [STDERR_REDIRECT] 
2026-05-04 13:04:04,391 [ERROR] LogOutputStream:75 - [STDERR_REDIRECT] [Fatal Error] :1:1: Premature end of file.
2026-05-04 13:04:04,391 [ERROR] LogOutputStream:75 - [STDERR_REDIRECT] 
2026-05-04 13:04:05,391 [ERROR] LogOutputStream:75 - [STDERR_REDIRECT] [Fatal Error] :1:1: Premature end of file.
2026-05-04 13:04:05,391 [ERROR] LogOutputStream:75 - [STDERR_REDIRECT] 
2026-05-04 13:04:06,389 [ERROR] LogOutputStream:75 - [STDERR_REDIRECT] [Fatal Error] :1:1: Premature end of file.
2026-05-04 13:04:06,389 [ERROR] LogOutputStream:75 - [STDERR_REDIRECT] 
2026-05-04 13:04:07,389 [ERROR] LogOutputStream:75 - [STDERR_REDIRECT] [Fatal Error] :1:1: Premature end of file.
2026-05-04 13:04:07,389 [ERROR] LogOutputStream:75 - [STDERR_REDIRECT] 
2026-05-04 13:04:08,389 [ERROR] LogOutputStream:75 - [STDERR_REDIRECT] [Fatal Error] :1:1: Premature end of file.
2026-05-04 13:04:08,389 [ERROR] LogOutputStream:75 - [STDERR_REDIRECT] 
2026-05-04 13:04:09,393 [ERROR] LogOutputStream:75 - [STDERR_REDIRECT] [Fatal Error] :1:1: Premature end of file.
2026-05-04 13:04:09,393 [ERROR] LogOutputStream:75 - [STDERR_REDIRECT] 
2026-05-04 13:04:10,388 [ERROR] LogOutputStream:75 - [STDERR_REDIRECT] [Fatal Error] :1:1: Premature end of file.
2026-05-04 13:04:10,388 [ERROR] LogOutputStream:75 - [STDERR_REDIRECT] 
2026-05-04 13:04:11,392 [ERROR] LogOutputStream:75 - [STDERR_REDIRECT] [Fatal Error] :1:1: Premature end of file.
2026-05-04 13:04:11,392 [ERROR] LogOutputStream:75 - [STDERR_REDIRECT] 
2026-05-04 13:04:12,392 [ERROR] LogOutputStream:75 - [STDERR_REDIRECT] [Fatal Error] :1:1: Premature end of file.
2026-05-04 13:04:12,392 [ERROR] LogOutputStream:75 - [STDERR_REDIRECT] 
2026-05-04 13:04:13,391 [ERROR] LogOutputStream:75 - [STDERR_REDIRECT] [Fatal Error] :1:1: Premature end of file.
2026-05-04 13:04:13,391 [ERROR] LogOutputStream:75 - [STDERR_REDIRECT] 
2026-05-04 13:04:14,393 [ERROR] LogOutputStream:75 - [STDERR_REDIRECT] [Fatal Error] :1:1: Premature end of file.
2026-05-04 13:04:14,393 [ERROR] LogOutputStream:75 - [STDERR_REDIRECT] 
2026-05-04 13:04:15,398 [ERROR] LogOutputStream:75 - [STDERR_REDIRECT] [Fatal Error] :1:1: Premature end of file.
2026-05-04 13:04:15,399 [ERROR] LogOutputStream:75 - [STDERR_REDIRECT] 
2026-05-04 13:04:16,392 [ERROR] LogOutputStream:75 - [STDERR_REDIRECT] [Fatal Error] :1:1: Premature end of file.
2026-05-04 13:04:16,392 [ERROR] LogOutputStream:75 - [STDERR_REDIRECT] 
2026-05-04 13:04:17,392 [ERROR] LogOutputStream:75 - [STDERR_REDIRECT] [Fatal Error] :1:1: Premature end of file.
2026-05-04 13:04:17,392 [ERROR] LogOutputStream:75 - [STDERR_REDIRECT] 
2026-05-04 13:04:18,393 [ERROR] LogOutputStream:75 - [STDERR_REDIRECT] [Fatal Error] :1:1: Premature end of file.
2026-05-04 13:04:18,393 [ERROR] LogOutputStream:75 - [STDERR_REDIRECT] 
2026-05-04 13:04:19,389 [ERROR] LogOutputStream:75 - [STDERR_REDIRECT] [Fatal Error] :1:1: Premature end of file.
2026-05-04 13:04:19,389 [ERROR] LogOutputStream:75 - [STDERR_REDIRECT] 
2026-05-04 13:04:20,388 [ERROR] LogOutputStream:75 - [STDERR_REDIRECT] [Fatal Error] :1:1: Premature end of file.
2026-05-04 13:04:20,388 [ERROR] LogOutputStream:75 - [STDERR_REDIRECT] 
2026-05-04 13:04:21,388 [ERROR] LogOutputStream:75 - [STDERR_REDIRECT] [Fatal Error] :1:1: Premature end of file.
2026-05-04 13:04:21,388 [ERROR] LogOutputStream:75 - [STDERR_REDIRECT] 
2026-05-04 13:04:22,397 [ERROR] LogOutputStream:75 - [STDERR_REDIRECT] [Fatal Error] :1:1: Premature end of file.
2026-05-04 13:04:22,397 [ERROR] LogOutputStream:75 - [STDERR_REDIRECT] 
2026-05-04 13:04:23,384 [ERROR] LogOutputStream:75 - [STDERR_REDIRECT] [Fatal Error] :1:1: Premature end of file.
2026-05-04 13:04:23,384 [ERROR] LogOutputStream:75 - [STDERR_REDIRECT] 
2026-05-04 13:04:24,396 [ERROR] LogOutputStream:75 - [STDERR_REDIRECT] [Fatal Error] :1:1: Premature end of file.
2026-05-04 13:04:24,397 [ERROR] LogOutputStream:75 - [STDERR_REDIRECT] 
2026-05-04 13:04:25,389 [ERROR] LogOutputStream:75 - [STDERR_REDIRECT] [Fatal Error] :1:1: Premature end of file.
2026-05-04 13:04:25,389 [ERROR] LogOutputStream:75 - [STDERR_REDIRECT] 
2026-05-04 13:04:26,389 [ERROR] LogOutputStream:75 - [STDERR_REDIRECT] [Fatal Error] :1:1: Premature end of file.
2026-05-04 13:04:26,389 [ERROR] LogOutputStream:75 - [STDERR_REDIRECT] 
2026-05-04 13:04:27,389 [ERROR] LogOutputStream:75 - [STDERR_REDIRECT] [Fatal Error] :1:1: Premature end of file.
2026-05-04 13:04:27,389 [ERROR] LogOutputStream:75 - [STDERR_REDIRECT] 
2026-05-04 13:04:28,391 [ERROR] LogOutputStream:75 - [STDERR_REDIRECT] [Fatal Error] :1:1: Premature end of file.
2026-05-04 13:04:28,391 [ERROR] LogOutputStream:75 - [STDERR_REDIRECT] 
2026-05-04 13:04:29,390 [ERROR] LogOutputStream:75 - [STDERR_REDIRECT] [Fatal Error] :1:1: Premature end of file.
2026-05-04 13:04:29,390 [ERROR] LogOutputStream:75 - [STDERR_REDIRECT] 
2026-05-04 13:04:30,384 [ERROR] LogOutputStream:75 - [STDERR_REDIRECT] [Fatal Error] :1:1: Premature end of file.
2026-05-04 13:04:30,384 [ERROR] LogOutputStream:75 - [STDERR_REDIRECT] 
2026-05-04 13:04:31,394 [ERROR] LogOutputStream:75 - [STDERR_REDIRECT] [Fatal Error] :1:1: Premature end of file.
2026-05-04 13:04:31,394 [ERROR] LogOutputStream:75 - [STDERR_REDIRECT] 
2026-05-04 13:04:32,387 [ERROR] LogOutputStream:75 - [STDERR_REDIRECT] [Fatal Error] :1:1: Premature end of file.
2026-05-04 13:04:32,388 [ERROR] LogOutputStream:75 - [STDERR_REDIRECT] 
2026-05-04 13:04:33,392 [ERROR] LogOutputStream:75 - [STDERR_REDIRECT] [Fatal Error] :1:1: Premature end of file.
2026-05-04 13:04:33,392 [ERROR] LogOutputStream:75 - [STDERR_REDIRECT] 
2026-05-04 13:04:34,405 [ERROR] LogOutputStream:75 - [STDERR_REDIRECT] [Fatal Error] :1:1: Premature end of file.
2026-05-04 13:04:34,405 [ERROR] LogOutputStream:75 - [STDERR_REDIRECT] 
2026-05-04 13:04:35,389 [ERROR] LogOutputStream:75 - [STDERR_REDIRECT] [Fatal Error] :1:1: Premature end of file.
2026-05-04 13:04:35,389 [ERROR] LogOutputStream:75 - [STDERR_REDIRECT] 
2026-05-04 13:04:36,391 [ERROR] LogOutputStream:75 - [STDERR_REDIRECT] [Fatal Error] :1:1: Premature end of file.
2026-05-04 13:04:36,391 [ERROR] LogOutputStream:75 - [STDERR_REDIRECT] 
2026-05-04 13:04:37,396 [ERROR] LogOutputStream:75 - [STDERR_REDIRECT] [Fatal Error] :1:1: Premature end of file.
2026-05-04 13:04:37,396 [ERROR] LogOutputStream:75 - [STDERR_REDIRECT] 
2026-05-04 13:04:38,392 [ERROR] LogOutputStream:75 - [STDERR_REDIRECT] [Fatal Error] :1:1: Premature end of file.
2026-05-04 13:04:38,393 [ERROR] LogOutputStream:75 - [STDERR_REDIRECT] 
2026-05-04 13:04:39,385 [ERROR] LogOutputStream:75 - [STDERR_REDIRECT] [Fatal Error] :1:1: Premature end of file.
2026-05-04 13:04:39,385 [ERROR] LogOutputStream:75 - [STDERR_REDIRECT] 
2026-05-04 13:04:40,387 [ERROR] LogOutputStream:75 - [STDERR_REDIRECT] [Fatal Error] :1:1: Premature end of file.
2026-05-04 13:04:40,387 [ERROR] LogOutputStream:75 - [STDERR_REDIRECT] 
2026-05-04 13:04:41,389 [ERROR] LogOutputStream:75 - [STDERR_REDIRECT] [Fatal Error] :1:1: Premature end of file.
2026-05-04 13:04:41,389 [ERROR] LogOutputStream:75 - [STDERR_REDIRECT] 
2026-05-04 13:04:42,388 [ERROR] LogOutputStream:75 - [STDERR_REDIRECT] [Fatal Error] :1:1: Premature end of file.
2026-05-04 13:04:42,388 [ERROR] LogOutputStream:75 - [STDERR_REDIRECT] 
2026-05-04 13:04:43,388 [ERROR] LogOutputStream:75 - [STDERR_REDIRECT] [Fatal Error] :1:1: Premature end of file.
2026-05-04 13:04:43,388 [ERROR] LogOutputStream:75 - [STDERR_REDIRECT] 
2026-05-04 13:04:44,386 [ERROR] LogOutputStream:75 - [STDERR_REDIRECT] [Fatal Error] :1:1: Premature end of file.
2026-05-04 13:04:44,386 [ERROR] LogOutputStream:75 - [STDERR_REDIRECT] 
2026-05-04 13:04:45,390 [ERROR] LogOutputStream:75 - [STDERR_REDIRECT] [Fatal Error] :1:1: Premature end of file.
2026-05-04 13:04:45,390 [ERROR] LogOutputStream:75 - [STDERR_REDIRECT] 
2026-05-04 13:04:46,393 [ERROR] LogOutputStream:75 - [STDERR_REDIRECT] [Fatal Error] :1:1: Premature end of file.
2026-05-04 13:04:46,393 [ERROR] LogOutputStream:75 - [STDERR_REDIRECT] 
2026-05-04 13:04:47,388 [ERROR] LogOutputStream:75 - [STDERR_REDIRECT] [Fatal Error] :1:1: Premature end of file.
2026-05-04 13:04:47,388 [ERROR] LogOutputStream:75 - [STDERR_REDIRECT] 
2026-05-04 13:04:48,390 [ERROR] LogOutputStream:75 - [STDERR_REDIRECT] [Fatal Error] :1:1: Premature end of file.
2026-05-04 13:04:48,390 [ERROR] LogOutputStream:75 - [STDERR_REDIRECT] 
2026-05-04 13:04:49,389 [ERROR] LogOutputStream:75 - [STDERR_REDIRECT] [Fatal Error] :1:1: Premature end of file.
2026-05-04 13:04:49,389 [ERROR] LogOutputStream:75 - [STDERR_REDIRECT] 
2026-05-04 13:04:50,385 [ERROR] LogOutputStream:75 - [STDERR_REDIRECT] [Fatal Error] :1:1: Premature end of file.
2026-05-04 13:04:50,385 [ERROR] LogOutputStream:75 - [STDERR_REDIRECT] 
2026-05-04 13:04:51,391 [ERROR] LogOutputStream:75 - [STDERR_REDIRECT] [Fatal Error] :1:1: Premature end of file.
2026-05-04 13:04:51,391 [ERROR] LogOutputStream:75 - [STDERR_REDIRECT] 
2026-05-04 13:04:52,394 [ERROR] LogOutputStream:75 - [STDERR_REDIRECT] [Fatal Error] :1:1: Premature end of file.
2026-05-04 13:04:52,394 [ERROR] LogOutputStream:75 - [STDERR_REDIRECT] 
2026-05-04 13:04:53,705 [ERROR] LogOutputStream:75 - [STDERR_REDIRECT] [Fatal Error] :1:1: Premature end of file.
2026-05-04 13:04:53,705 [ERROR] LogOutputStream:75 - [STDERR_REDIRECT] 
2026-05-04 13:04:54,404 [ERROR] LogOutputStream:75 - [STDERR_REDIRECT] [Fatal Error] :1:1: Premature end of file.
2026-05-04 13:04:54,405 [ERROR] LogOutputStream:75 - [STDERR_REDIRECT] 
2026-05-04 13:04:55,393 [ERROR] LogOutputStream:75 - [STDERR_REDIRECT] [Fatal Error] :1:1: Premature end of file.
2026-05-04 13:04:55,393 [ERROR] LogOutputStream:75 - [STDERR_REDIRECT] 
2026-05-04 13:04:56,542 [ERROR] LogOutputStream:75 - [STDERR_REDIRECT] [Fatal Error] :1:1: Premature end of file.
2026-05-04 13:04:56,542 [ERROR] LogOutputStream:75 - [STDERR_REDIRECT] 
2026-05-04 13:04:57,385 [ERROR] LogOutputStream:75 - [STDERR_REDIRECT] [Fatal Error] :1:1: Premature end of file.
2026-05-04 13:04:57,385 [ERROR] LogOutputStream:75 - [STDERR_REDIRECT] 
2026-05-04 13:04:58,394 [ERROR] LogOutputStream:75 - [STDERR_REDIRECT] [Fatal Error] :1:1: Premature end of file.
2026-05-04 13:04:58,394 [ERROR] LogOutputStream:75 - [STDERR_REDIRECT] 
2026-05-04 13:04:59,388 [ERROR] LogOutputStream:75 - [STDERR_REDIRECT] [Fatal Error] :1:1: Premature end of file.
2026-05-04 13:04:59,388 [ERROR] LogOutputStream:75 - [STDERR_REDIRECT] 
2026-05-04 13:05:00,501 [ERROR] LogOutputStream:75 - [STDERR_REDIRECT] [Fatal Error] :1:1: Premature end of file.
2026-05-04 13:05:00,501 [ERROR] LogOutputStream:75 - [STDERR_REDIRECT] 
2026-05-04 13:05:01,393 [ERROR] LogOutputStream:75 - [STDERR_REDIRECT] [Fatal Error] :1:1: Premature end of file.
2026-05-04 13:05:01,393 [ERROR] LogOutputStream:75 - [STDERR_REDIRECT] 
2026-05-04 13:05:02,398 [ERROR] LogOutputStream:75 - [STDERR_REDIRECT] [Fatal Error] :1:1: Premature end of file.
2026-05-04 13:05:02,398 [ERROR] LogOutputStream:75 - [STDERR_REDIRECT] 
2026-05-04 13:05:03,777 [ERROR] LogOutputStream:75 - [STDERR_REDIRECT] [Fatal Error] :1:1: Premature end of file.
2026-05-04 13:05:03,777 [ERROR] LogOutputStream:75 - [STDERR_REDIRECT] 
2026-05-04 13:05:04,393 [ERROR] LogOutputStream:75 - [STDERR_REDIRECT] [Fatal Error] :1:1: Premature end of file.
2026-05-04 13:05:04,393 [ERROR] LogOutputStream:75 - [STDERR_REDIRECT] 
2026-05-04 13:05:05,390 [ERROR] LogOutputStream:75 - [STDERR_REDIRECT] [Fatal Error] :1:1: Premature end of file.
2026-05-04 13:05:05,390 [ERROR] LogOutputStream:75 - [STDERR_REDIRECT] 
2026-05-04 13:05:06,448 [ERROR] LogOutputStream:75 - [STDERR_REDIRECT] [Fatal Error] :1:1: Premature end of file.
2026-05-04 13:05:06,448 [ERROR] LogOutputStream:75 - [STDERR_REDIRECT] 
2026-05-04 13:05:07,395 [ERROR] LogOutputStream:75 - [STDERR_REDIRECT] [Fatal Error] :1:1: Premature end of file.
2026-05-04 13:05:07,395 [ERROR] LogOutputStream:75 - [STDERR_REDIRECT] 
2026-05-04 13:05:08,391 [ERROR] LogOutputStream:75 - [STDERR_REDIRECT] [Fatal Error] :1:1: Premature end of file.
2026-05-04 13:05:08,391 [ERROR] LogOutputStream:75 - [STDERR_REDIRECT] 
2026-05-04 13:05:09,398 [ERROR] LogOutputStream:75 - [STDERR_REDIRECT] [Fatal Error] :1:1: Premature end of file.
2026-05-04 13:05:09,398 [ERROR] LogOutputStream:75 - [STDERR_REDIRECT] 
2026-05-04 13:05:10,384 [ERROR] LogOutputStream:75 - [STDERR_REDIRECT] [Fatal Error] :1:1: Premature end of file.
2026-05-04 13:05:10,384 [ERROR] LogOutputStream:75 - [STDERR_REDIRECT] 
2026-05-04 13:05:11,388 [ERROR] LogOutputStream:75 - [STDERR_REDIRECT] [Fatal Error] :1:1: Premature end of file.
2026-05-04 13:05:11,388 [ERROR] LogOutputStream:75 - [STDERR_REDIRECT] 
2026-05-04 13:05:12,385 [ERROR] LogOutputStream:75 - [STDERR_REDIRECT] [Fatal Error] :1:1: Premature end of file.
2026-05-04 13:05:12,385 [ERROR] LogOutputStream:75 - [STDERR_REDIRECT] 
2026-05-04 13:05:13,388 [ERROR] LogOutputStream:75 - [STDERR_REDIRECT] [Fatal Error] :1:1: Premature end of file.
2026-05-04 13:05:13,388 [ERROR] LogOutputStream:75 - [STDERR_REDIRECT] 
2026-05-04 13:05:14,383 [ERROR] LogOutputStream:75 - [STDERR_REDIRECT] [Fatal Error] :1:1: Premature end of file.
2026-05-04 13:05:14,383 [ERROR] LogOutputStream:75 - [STDERR_REDIRECT] 
2026-05-04 13:05:15,394 [ERROR] LogOutputStream:75 - [STDERR_REDIRECT] [Fatal Error] :1:1: Premature end of file.
2026-05-04 13:05:15,394 [ERROR] LogOutputStream:75 - [STDERR_REDIRECT] 
2026-05-04 13:05:16,395 [ERROR] LogOutputStream:75 - [STDERR_REDIRECT] [Fatal Error] :1:1: Premature end of file.
2026-05-04 13:05:16,396 [ERROR] LogOutputStream:75 - [STDERR_REDIRECT] 
2026-05-04 13:05:17,387 [ERROR] LogOutputStream:75 - [STDERR_REDIRECT] [Fatal Error] :1:1: Premature end of file.
2026-05-04 13:05:17,387 [ERROR] LogOutputStream:75 - [STDERR_REDIRECT] 
2026-05-04 13:05:18,397 [ERROR] LogOutputStream:75 - [STDERR_REDIRECT] [Fatal Error] :1:1: Premature end of file.
2026-05-04 13:05:18,397 [ERROR] LogOutputStream:75 - [STDERR_REDIRECT] 
2026-05-04 13:05:19,382 [ERROR] LogOutputStream:75 - [STDERR_REDIRECT] [Fatal Error] :1:1: Premature end of file.
2026-05-04 13:05:19,382 [ERROR] LogOutputStream:75 - [STDERR_REDIRECT] 
2026-05-04 13:05:20,402 [ERROR] LogOutputStream:75 - [STDERR_REDIRECT] [Fatal Error] :1:1: Premature end of file.
2026-05-04 13:05:20,402 [ERROR] LogOutputStream:75 - [STDERR_REDIRECT] 
2026-05-04 13:05:21,390 [ERROR] LogOutputStream:75 - [STDERR_REDIRECT] [Fatal Error] :1:1: Premature end of file.
2026-05-04 13:05:21,391 [ERROR] LogOutputStream:75 - [STDERR_REDIRECT] 
2026-05-04 13:05:22,392 [ERROR] LogOutputStream:75 - [STDERR_REDIRECT] [Fatal Error] :1:1: Premature end of file.
2026-05-04 13:05:22,392 [ERROR] LogOutputStream:75 - [STDERR_REDIRECT] 
2026-05-04 13:05:23,390 [ERROR] LogOutputStream:75 - [STDERR_REDIRECT] [Fatal Error] :1:1: Premature end of file.
2026-05-04 13:05:23,390 [ERROR] LogOutputStream:75 - [STDERR_REDIRECT] 
2026-05-04 13:05:24,396 [ERROR] LogOutputStream:75 - [STDERR_REDIRECT] [Fatal Error] :1:1: Premature end of file.
2026-05-04 13:05:24,396 [ERROR] LogOutputStream:75 - [STDERR_REDIRECT] 
2026-05-04 13:05:25,391 [ERROR] LogOutputStream:75 - [STDERR_REDIRECT] [Fatal Error] :1:1: Premature end of file.
2026-05-04 13:05:25,391 [ERROR] LogOutputStream:75 - [STDERR_REDIRECT] 
2026-05-04 13:05:26,390 [ERROR] LogOutputStream:75 - [STDERR_REDIRECT] [Fatal Error] :1:1: Premature end of file.
2026-05-04 13:05:26,390 [ERROR] LogOutputStream:75 - [STDERR_REDIRECT] 
2026-05-04 13:05:27,394 [ERROR] LogOutputStream:75 - [STDERR_REDIRECT] [Fatal Error] :1:1: Premature end of file.
2026-05-04 13:05:27,394 [ERROR] LogOutputStream:75 - [STDERR_REDIRECT] 
2026-05-04 13:05:28,390 [ERROR] LogOutputStream:75 - [STDERR_REDIRECT] [Fatal Error] :1:1: Premature end of file.
2026-05-04 13:05:28,390 [ERROR] LogOutputStream:75 - [STDERR_REDIRECT] 
2026-05-04 13:05:29,383 [ERROR] LogOutputStream:75 - [STDERR_REDIRECT] [Fatal Error] :1:1: Premature end of file.
2026-05-04 13:05:29,383 [ERROR] LogOutputStream:75 - [STDERR_REDIRECT] 
2026-05-04 13:05:30,393 [ERROR] LogOutputStream:75 - [STDERR_REDIRECT] [Fatal Error] :1:1: Premature end of file.
2026-05-04 13:05:30,393 [ERROR] LogOutputStream:75 - [STDERR_REDIRECT] 
2026-05-04 13:05:31,402 [ERROR] LogOutputStream:75 - [STDERR_REDIRECT] [Fatal Error] :1:1: Premature end of file.
2026-05-04 13:05:31,402 [ERROR] LogOutputStream:75 - [STDERR_REDIRECT] 
2026-05-04 13:05:32,401 [ERROR] LogOutputStream:75 - [STDERR_REDIRECT] [Fatal Error] :1:1: Premature end of file.
2026-05-04 13:05:32,401 [ERROR] LogOutputStream:75 - [STDERR_REDIRECT] 
2026-05-04 13:05:33,390 [ERROR] LogOutputStream:75 - [STDERR_REDIRECT] [Fatal Error] :1:1: Premature end of file.
2026-05-04 13:05:33,390 [ERROR] LogOutputStream:75 - [STDERR_REDIRECT] 
2026-05-04 13:05:34,392 [ERROR] LogOutputStream:75 - [STDERR_REDIRECT] [Fatal Error] :1:1: Premature end of file.
2026-05-04 13:05:34,392 [ERROR] LogOutputStream:75 - [STDERR_REDIRECT] 
2026-05-04 13:05:35,389 [ERROR] LogOutputStream:75 - [STDERR_REDIRECT] [Fatal Error] :1:1: Premature end of file.
2026-05-04 13:05:35,389 [ERROR] LogOutputStream:75 - [STDERR_REDIRECT] 
2026-05-04 13:05:36,385 [ERROR] LogOutputStream:75 - [STDERR_REDIRECT] [Fatal Error] :1:1: Premature end of file.
2026-05-04 13:05:36,385 [ERROR] LogOutputStream:75 - [STDERR_REDIRECT] 
2026-05-04 13:05:37,389 [ERROR] LogOutputStream:75 - [STDERR_REDIRECT] [Fatal Error] :1:1: Premature end of file.
2026-05-04 13:05:37,389 [ERROR] LogOutputStream:75 - [STDERR_REDIRECT] 
2026-05-04 13:05:38,392 [ERROR] LogOutputStream:75 - [STDERR_REDIRECT] [Fatal Error] :1:1: Premature end of file.
2026-05-04 13:05:38,392 [ERROR] LogOutputStream:75 - [STDERR_REDIRECT] 
2026-05-04 13:05:39,390 [ERROR] LogOutputStream:75 - [STDERR_REDIRECT] [Fatal Error] :1:1: Premature end of file.
2026-05-04 13:05:39,390 [ERROR] LogOutputStream:75 - [STDERR_REDIRECT] 
2026-05-04 13:05:40,398 [ERROR] LogOutputStream:75 - [STDERR_REDIRECT] [Fatal Error] :1:1: Premature end of file.
2026-05-04 13:05:40,398 [ERROR] LogOutputStream:75 - [STDERR_REDIRECT] 
2026-05-04 13:05:41,400 [ERROR] LogOutputStream:75 - [STDERR_REDIRECT] [Fatal Error] :1:1: Premature end of file.
2026-05-04 13:05:41,400 [ERROR] LogOutputStream:75 - [STDERR_REDIRECT] 
2026-05-04 13:05:42,398 [ERROR] LogOutputStream:75 - [STDERR_REDIRECT] [Fatal Error] :1:1: Premature end of file.
2026-05-04 13:05:42,399 [ERROR] LogOutputStream:75 - [STDERR_REDIRECT] 
2026-05-04 13:05:43,397 [ERROR] LogOutputStream:75 - [STDERR_REDIRECT] [Fatal Error] :1:1: Premature end of file.
2026-05-04 13:05:43,397 [ERROR] LogOutputStream:75 - [STDERR_REDIRECT] 
2026-05-04 13:05:44,391 [ERROR] LogOutputStream:75 - [STDERR_REDIRECT] [Fatal Error] :1:1: Premature end of file.
2026-05-04 13:05:44,391 [ERROR] LogOutputStream:75 - [STDERR_REDIRECT] 
2026-05-04 13:05:45,389 [ERROR] LogOutputStream:75 - [STDERR_REDIRECT] [Fatal Error] :1:1: Premature end of file.
2026-05-04 13:05:45,389 [ERROR] LogOutputStream:75 - [STDERR_REDIRECT] 
2026-05-04 13:05:46,391 [ERROR] LogOutputStream:75 - [STDERR_REDIRECT] [Fatal Error] :1:1: Premature end of file.
2026-05-04 13:05:46,391 [ERROR] LogOutputStream:75 - [STDERR_REDIRECT] 
2026-05-04 13:05:47,388 [ERROR] LogOutputStream:75 - [STDERR_REDIRECT] [Fatal Error] :1:1: Premature end of file.
2026-05-04 13:05:47,388 [ERROR] LogOutputStream:75 - [STDERR_REDIRECT] 
2026-05-04 13:05:48,387 [ERROR] LogOutputStream:75 - [STDERR_REDIRECT] [Fatal Error] :1:1: Premature end of file.
2026-05-04 13:05:48,388 [ERROR] LogOutputStream:75 - [STDERR_REDIRECT] 
2026-05-04 13:05:49,395 [ERROR] LogOutputStream:75 - [STDERR_REDIRECT] [Fatal Error] :1:1: Premature end of file.
2026-05-04 13:05:49,395 [ERROR] LogOutputStream:75 - [STDERR_REDIRECT] 
2026-05-04 13:05:50,390 [ERROR] LogOutputStream:75 - [STDERR_REDIRECT] [Fatal Error] :1:1: Premature end of file.
2026-05-04 13:05:50,390 [ERROR] LogOutputStream:75 - [STDERR_REDIRECT] 
2026-05-04 13:05:51,390 [ERROR] LogOutputStream:75 - [STDERR_REDIRECT] [Fatal Error] :1:1: Premature end of file.
2026-05-04 13:05:51,390 [ERROR] LogOutputStream:75 - [STDERR_REDIRECT] 
2026-05-04 13:05:52,386 [ERROR] LogOutputStream:75 - [STDERR_REDIRECT] [Fatal Error] :1:1: Premature end of file.
2026-05-04 13:05:52,386 [ERROR] LogOutputStream:75 - [STDERR_REDIRECT] 
2026-05-04 13:05:53,389 [ERROR] LogOutputStream:75 - [STDERR_REDIRECT] [Fatal Error] :1:1: Premature end of file.
2026-05-04 13:05:53,389 [ERROR] LogOutputStream:75 - [STDERR_REDIRECT] 
2026-05-04 13:05:54,391 [ERROR] LogOutputStream:75 - [STDERR_REDIRECT] [Fatal Error] :1:1: Premature end of file.
2026-05-04 13:05:54,391 [ERROR] LogOutputStream:75 - [STDERR_REDIRECT] 
2026-05-04 13:05:55,394 [ERROR] LogOutputStream:75 - [STDERR_REDIRECT] [Fatal Error] :1:1: Premature end of file.
2026-05-04 13:05:55,394 [ERROR] LogOutputStream:75 - [STDERR_REDIRECT] 
2026-05-04 13:05:56,392 [ERROR] LogOutputStream:75 - [STDERR_REDIRECT] [Fatal Error] :1:1: Premature end of file.
2026-05-04 13:05:56,392 [ERROR] LogOutputStream:75 - [STDERR_REDIRECT] 
2026-05-04 13:05:57,401 [ERROR] LogOutputStream:75 - [STDERR_REDIRECT] [Fatal Error] :1:1: Premature end of file.
2026-05-04 13:05:57,401 [ERROR] LogOutputStream:75 - [STDERR_REDIRECT] 
2026-05-04 13:05:58,388 [ERROR] LogOutputStream:75 - [STDERR_REDIRECT] [Fatal Error] :1:1: Premature end of file.
2026-05-04 13:05:58,388 [ERROR] LogOutputStream:75 - [STDERR_REDIRECT] 
2026-05-04 13:05:59,381 [ERROR] LogOutputStream:75 - [STDERR_REDIRECT] [Fatal Error] :1:1: Premature end of file.
2026-05-04 13:05:59,381 [ERROR] LogOutputStream:75 - [STDERR_REDIRECT] 
2026-05-04 13:06:00,390 [ERROR] LogOutputStream:75 - [STDERR_REDIRECT] [Fatal Error] :1:1: Premature end of file.
2026-05-04 13:06:00,390 [ERROR] LogOutputStream:75 - [STDERR_REDIRECT] 
2026-05-04 13:06:01,392 [ERROR] LogOutputStream:75 - [STDERR_REDIRECT] [Fatal Error] :1:1: Premature end of file.
2026-05-04 13:06:01,392 [ERROR] LogOutputStream:75 - [STDERR_REDIRECT] 
2026-05-04 13:06:02,387 [ERROR] LogOutputStream:75 - [STDERR_REDIRECT] [Fatal Error] :1:1: Premature end of file.
2026-05-04 13:06:02,387 [ERROR] LogOutputStream:75 - [STDERR_REDIRECT] 
2026-05-04 13:06:03,384 [ERROR] LogOutputStream:75 - [STDERR_REDIRECT] [Fatal Error] :1:1: Premature end of file.
2026-05-04 13:06:03,384 [ERROR] LogOutputStream:75 - [STDERR_REDIRECT] 
2026-05-04 13:06:04,393 [ERROR] LogOutputStream:75 - [STDERR_REDIRECT] [Fatal Error] :1:1: Premature end of file.
2026-05-04 13:06:04,393 [ERROR] LogOutputStream:75 - [STDERR_REDIRECT] 
2026-05-04 13:06:05,390 [ERROR] LogOutputStream:75 - [STDERR_REDIRECT] [Fatal Error] :1:1: Premature end of file.
2026-05-04 13:06:05,390 [ERROR] LogOutputStream:75 - [STDERR_REDIRECT] 
2026-05-04 13:06:06,385 [ERROR] LogOutputStream:75 - [STDERR_REDIRECT] [Fatal Error] :1:1: Premature end of file.
2026-05-04 13:06:06,386 [ERROR] LogOutputStream:75 - [STDERR_REDIRECT] 
2026-05-04 13:06:07,384 [ERROR] LogOutputStream:75 - [STDERR_REDIRECT] [Fatal Error] :1:1: Premature end of file.
2026-05-04 13:06:07,384 [ERROR] LogOutputStream:75 - [STDERR_REDIRECT] 
2026-05-04 13:06:08,389 [ERROR] LogOutputStream:75 - [STDERR_REDIRECT] [Fatal Error] :1:1: Premature end of file.
2026-05-04 13:06:08,389 [ERROR] LogOutputStream:75 - [STDERR_REDIRECT] 
2026-05-04 13:06:09,396 [ERROR] LogOutputStream:75 - [STDERR_REDIRECT] [Fatal Error] :1:1: Premature end of file.
2026-05-04 13:06:09,396 [ERROR] LogOutputStream:75 - [STDERR_REDIRECT] 
2026-05-04 13:06:10,392 [ERROR] LogOutputStream:75 - [STDERR_REDIRECT] [Fatal Error] :1:1: Premature end of file.
2026-05-04 13:06:10,392 [ERROR] LogOutputStream:75 - [STDERR_REDIRECT] 
2026-05-04 13:06:11,390 [ERROR] LogOutputStream:75 - [STDERR_REDIRECT] [Fatal Error] :1:1: Premature end of file.
2026-05-04 13:06:11,390 [ERROR] LogOutputStream:75 - [STDERR_REDIRECT] 
2026-05-04 13:06:12,395 [ERROR] LogOutputStream:75 - [STDERR_REDIRECT] [Fatal Error] :1:1: Premature end of file.
2026-05-04 13:06:12,395 [ERROR] LogOutputStream:75 - [STDERR_REDIRECT] 
2026-05-04 13:06:13,390 [ERROR] LogOutputStream:75 - [STDERR_REDIRECT] [Fatal Error] :1:1: Premature end of file.
2026-05-04 13:06:13,390 [ERROR] LogOutputStream:75 - [STDERR_REDIRECT] 
2026-05-04 13:06:14,385 [ERROR] LogOutputStream:75 - [STDERR_REDIRECT] [Fatal Error] :1:1: Premature end of file.
2026-05-04 13:06:14,385 [ERROR] LogOutputStream:75 - [STDERR_REDIRECT] 
2026-05-04 13:06:15,385 [ERROR] LogOutputStream:75 - [STDERR_REDIRECT] [Fatal Error] :1:1: Premature end of file.
2026-05-04 13:06:15,385 [ERROR] LogOutputStream:75 - [STDERR_REDIRECT] 
2026-05-04 13:06:16,385 [ERROR] LogOutputStream:75 - [STDERR_REDIRECT] [Fatal Error] :1:1: Premature end of file.
2026-05-04 13:06:16,385 [ERROR] LogOutputStream:75 - [STDERR_REDIRECT] 
2026-05-04 13:06:17,387 [ERROR] LogOutputStream:75 - [STDERR_REDIRECT] [Fatal Error] :1:1: Premature end of file.
2026-05-04 13:06:17,387 [ERROR] LogOutputStream:75 - [STDERR_REDIRECT] 
2026-05-04 13:06:18,384 [ERROR] LogOutputStream:75 - [STDERR_REDIRECT] [Fatal Error] :1:1: Premature end of file.
2026-05-04 13:06:18,384 [ERROR] LogOutputStream:75 - [STDERR_REDIRECT] 
2026-05-04 13:06:19,386 [ERROR] LogOutputStream:75 - [STDERR_REDIRECT] [Fatal Error] :1:1: Premature end of file.
2026-05-04 13:06:19,386 [ERROR] LogOutputStream:75 - [STDERR_REDIRECT] 
2026-05-04 13:06:20,384 [ERROR] LogOutputStream:75 - [STDERR_REDIRECT] [Fatal Error] :1:1: Premature end of file.
2026-05-04 13:06:20,384 [ERROR] LogOutputStream:75 - [STDERR_REDIRECT] 
2026-05-04 13:06:21,386 [ERROR] LogOutputStream:75 - [STDERR_REDIRECT] [Fatal Error] :1:1: Premature end of file.
2026-05-04 13:06:21,386 [ERROR] LogOutputStream:75 - [STDERR_REDIRECT] 
2026-05-04 13:06:22,387 [ERROR] LogOutputStream:75 - [STDERR_REDIRECT] [Fatal Error] :1:1: Premature end of file.
2026-05-04 13:06:22,387 [ERROR] LogOutputStream:75 - [STDERR_REDIRECT] 
2026-05-04 13:06:23,384 [ERROR] LogOutputStream:75 - [STDERR_REDIRECT] [Fatal Error] :1:1: Premature end of file.
2026-05-04 13:06:23,384 [ERROR] LogOutputStream:75 - [STDERR_REDIRECT] 
2026-05-04 13:06:24,387 [ERROR] LogOutputStream:75 - [STDERR_REDIRECT] [Fatal Error] :1:1: Premature end of file.
2026-05-04 13:06:24,387 [ERROR] LogOutputStream:75 - [STDERR_REDIRECT] 
2026-05-04 13:06:25,392 [ERROR] LogOutputStream:75 - [STDERR_REDIRECT] [Fatal Error] :1:1: Premature end of file.
2026-05-04 13:06:25,392 [ERROR] LogOutputStream:75 - [STDERR_REDIRECT] 
2026-05-04 13:06:26,384 [ERROR] LogOutputStream:75 - [STDERR_REDIRECT] [Fatal Error] :1:1: Premature end of file.
2026-05-04 13:06:26,384 [ERROR] LogOutputStream:75 - [STDERR_REDIRECT] 
2026-05-04 13:06:27,387 [ERROR] LogOutputStream:75 - [STDERR_REDIRECT] [Fatal Error] :1:1: Premature end of file.
2026-05-04 13:06:27,387 [ERROR] LogOutputStream:75 - [STDERR_REDIRECT] 
2026-05-04 13:06:28,384 [ERROR] LogOutputStream:75 - [STDERR_REDIRECT] [Fatal Error] :1:1: Premature end of file.
2026-05-04 13:06:28,384 [ERROR] LogOutputStream:75 - [STDERR_REDIRECT] 
2026-05-04 13:06:29,388 [ERROR] LogOutputStream:75 - [STDERR_REDIRECT] [Fatal Error] :1:1: Premature end of file.
2026-05-04 13:06:29,388 [ERROR] LogOutputStream:75 - [STDERR_REDIRECT] 
2026-05-04 13:06:30,389 [ERROR] LogOutputStream:75 - [STDERR_REDIRECT] [Fatal Error] :1:1: Premature end of file.
2026-05-04 13:06:30,389 [ERROR] LogOutputStream:75 - [STDERR_REDIRECT] 
2026-05-04 13:06:31,385 [ERROR] LogOutputStream:75 - [STDERR_REDIRECT] [Fatal Error] :1:1: Premature end of file.
2026-05-04 13:06:31,386 [ERROR] LogOutputStream:75 - [STDERR_REDIRECT] 
2026-05-04 13:06:32,385 [ERROR] LogOutputStream:75 - [STDERR_REDIRECT] [Fatal Error] :1:1: Premature end of file.
2026-05-04 13:06:32,385 [ERROR] LogOutputStream:75 - [STDERR_REDIRECT] 
2026-05-04 13:06:33,517 [ERROR] LogOutputStream:75 - [STDERR_REDIRECT] [Fatal Error] :1:1: Premature end of file.
2026-05-04 13:06:33,518 [ERROR] LogOutputStream:75 - [STDERR_REDIRECT] 
2026-05-04 13:06:34,384 [ERROR] LogOutputStream:75 - [STDERR_REDIRECT] [Fatal Error] :1:1: Premature end of file.
2026-05-04 13:06:34,384 [ERROR] LogOutputStream:75 - [STDERR_REDIRECT] 
2026-05-04 13:06:35,386 [ERROR] LogOutputStream:75 - [STDERR_REDIRECT] [Fatal Error] :1:1: Premature end of file.
2026-05-04 13:06:35,386 [ERROR] LogOutputStream:75 - [STDERR_REDIRECT] 
2026-05-04 13:06:36,385 [ERROR] LogOutputStream:75 - [STDERR_REDIRECT] [Fatal Error] :1:1: Premature end of file.
2026-05-04 13:06:36,385 [ERROR] LogOutputStream:75 - [STDERR_REDIRECT] 
2026-05-04 13:06:37,386 [ERROR] LogOutputStream:75 - [STDERR_REDIRECT] [Fatal Error] :1:1: Premature end of file.
2026-05-04 13:06:37,386 [ERROR] LogOutputStream:75 - [STDERR_REDIRECT] 
2026-05-04 13:06:38,386 [ERROR] LogOutputStream:75 - [STDERR_REDIRECT] [Fatal Error] :1:1: Premature end of file.
2026-05-04 13:06:38,386 [ERROR] LogOutputStream:75 - [STDERR_REDIRECT] 
2026-05-04 13:06:39,387 [ERROR] LogOutputStream:75 - [STDERR_REDIRECT] [Fatal Error] :1:1: Premature end of file.
2026-05-04 13:06:39,387 [ERROR] LogOutputStream:75 - [STDERR_REDIRECT] 
2026-05-04 13:06:40,388 [ERROR] LogOutputStream:75 - [STDERR_REDIRECT] [Fatal Error] :1:1: Premature end of file.
2026-05-04 13:06:40,389 [ERROR] LogOutputStream:75 - [STDERR_REDIRECT] 
2026-05-04 13:06:41,385 [ERROR] LogOutputStream:75 - [STDERR_REDIRECT] [Fatal Error] :1:1: Premature end of file.
2026-05-04 13:06:41,385 [ERROR] LogOutputStream:75 - [STDERR_REDIRECT] 
2026-05-04 13:06:42,386 [ERROR] LogOutputStream:75 - [STDERR_REDIRECT] [Fatal Error] :1:1: Premature end of file.
2026-05-04 13:06:42,386 [ERROR] LogOutputStream:75 - [STDERR_REDIRECT] 
2026-05-04 13:06:43,387 [ERROR] LogOutputStream:75 - [STDERR_REDIRECT] [Fatal Error] :1:1: Premature end of file.
2026-05-04 13:06:43,387 [ERROR] LogOutputStream:75 - [STDERR_REDIRECT] 
2026-05-04 13:06:44,387 [ERROR] LogOutputStream:75 - [STDERR_REDIRECT] [Fatal Error] :1:1: Premature end of file.
2026-05-04 13:06:44,387 [ERROR] LogOutputStream:75 - [STDERR_REDIRECT] 
2026-05-04 13:06:45,385 [ERROR] LogOutputStream:75 - [STDERR_REDIRECT] [Fatal Error] :1:1: Premature end of file.
2026-05-04 13:06:45,385 [ERROR] LogOutputStream:75 - [STDERR_REDIRECT] 
2026-05-04 13:06:46,384 [ERROR] LogOutputStream:75 - [STDERR_REDIRECT] [Fatal Error] :1:1: Premature end of file.
2026-05-04 13:06:46,384 [ERROR] LogOutputStream:75 - [STDERR_REDIRECT] 
2026-05-04 13:06:47,386 [ERROR] LogOutputStream:75 - [STDERR_REDIRECT] [Fatal Error] :1:1: Premature end of file.
2026-05-04 13:06:47,386 [ERROR] LogOutputStream:75 - [STDERR_REDIRECT] 
2026-05-04 13:06:48,385 [ERROR] LogOutputStream:75 - [STDERR_REDIRECT] [Fatal Error] :1:1: Premature end of file.
2026-05-04 13:06:48,386 [ERROR] LogOutputStream:75 - [STDERR_REDIRECT] 
2026-05-04 13:06:49,401 [ERROR] LogOutputStream:75 - [STDERR_REDIRECT] [Fatal Error] :1:1: Premature end of file.
2026-05-04 13:06:49,401 [ERROR] LogOutputStream:75 - [STDERR_REDIRECT] 
2026-05-04 13:06:50,386 [ERROR] LogOutputStream:75 - [STDERR_REDIRECT] [Fatal Error] :1:1: Premature end of file.
2026-05-04 13:06:50,386 [ERROR] LogOutputStream:75 - [STDERR_REDIRECT] 
2026-05-04 13:06:51,391 [ERROR] LogOutputStream:75 - [STDERR_REDIRECT] [Fatal Error] :1:1: Premature end of file.
2026-05-04 13:06:51,392 [ERROR] LogOutputStream:75 - [STDERR_REDIRECT] 
2026-05-04 13:06:52,388 [ERROR] LogOutputStream:75 - [STDERR_REDIRECT] [Fatal Error] :1:1: Premature end of file.
2026-05-04 13:06:52,388 [ERROR] LogOutputStream:75 - [STDERR_REDIRECT] 
2026-05-04 13:06:53,395 [ERROR] LogOutputStream:75 - [STDERR_REDIRECT] [Fatal Error] :1:1: Premature end of file.
2026-05-04 13:06:53,395 [ERROR] LogOutputStream:75 - [STDERR_REDIRECT] 
2026-05-04 13:06:54,409 [ERROR] LogOutputStream:75 - [STDERR_REDIRECT] [Fatal Error] :1:1: Premature end of file.
2026-05-04 13:06:54,410 [ERROR] LogOutputStream:75 - [STDERR_REDIRECT] 
2026-05-04 13:06:55,435 [ERROR] LogOutputStream:75 - [STDERR_REDIRECT] [Fatal Error] :1:1: Premature end of file.
2026-05-04 13:06:55,436 [ERROR] LogOutputStream:75 - [STDERR_REDIRECT] 
2026-05-04 13:06:56,441 [ERROR] LogOutputStream:75 - [STDERR_REDIRECT] [Fatal Error] :1:1: Premature end of file.
2026-05-04 13:06:56,442 [ERROR] LogOutputStream:75 - [STDERR_REDIRECT] 
2026-05-04 13:06:57,448 [ERROR] LogOutputStream:75 - [STDERR_REDIRECT] [Fatal Error] :1:1: Premature end of file.
2026-05-04 13:06:57,448 [ERROR] LogOutputStream:75 - [STDERR_REDIRECT] 
2026-05-04 13:06:58,428 [ERROR] LogOutputStream:75 - [STDERR_REDIRECT] [Fatal Error] :1:1: Premature end of file.
2026-05-04 13:06:58,428 [ERROR] LogOutputStream:75 - [STDERR_REDIRECT] 
2026-05-04 13:06:59,396 [ERROR] LogOutputStream:75 - [STDERR_REDIRECT] [Fatal Error] :1:1: Premature end of file.
2026-05-04 13:06:59,396 [ERROR] LogOutputStream:75 - [STDERR_REDIRECT] 
2026-05-04 13:07:00,393 [ERROR] LogOutputStream:75 - [STDERR_REDIRECT] [Fatal Error] :1:1: Premature end of file.
2026-05-04 13:07:00,393 [ERROR] LogOutputStream:75 - [STDERR_REDIRECT] 
2026-05-04 13:07:01,421 [ERROR] LogOutputStream:75 - [STDERR_REDIRECT] [Fatal Error] :1:1: Premature end of file.
2026-05-04 13:07:01,421 [ERROR] LogOutputStream:75 - [STDERR_REDIRECT] 
2026-05-04 13:07:02,396 [ERROR] LogOutputStream:75 - [STDERR_REDIRECT] [Fatal Error] :1:1: Premature end of file.
2026-05-04 13:07:02,396 [ERROR] LogOutputStream:75 - [STDERR_REDIRECT] 
2026-05-04 13:07:03,451 [ERROR] LogOutputStream:75 - [STDERR_REDIRECT] [Fatal Error] :1:1: Premature end of file.
2026-05-04 13:07:03,451 [ERROR] LogOutputStream:75 - [STDERR_REDIRECT] 
2026-05-04 13:07:04,443 [ERROR] LogOutputStream:75 - [STDERR_REDIRECT] [Fatal Error] :1:1: Premature end of file.
2026-05-04 13:07:04,443 [ERROR] LogOutputStream:75 - [STDERR_REDIRECT] 
2026-05-04 13:07:05,405 [ERROR] LogOutputStream:75 - [STDERR_REDIRECT] [Fatal Error] :1:1: Premature end of file.
2026-05-04 13:07:05,405 [ERROR] LogOutputStream:75 - [STDERR_REDIRECT] 
2026-05-04 13:07:06,400 [ERROR] LogOutputStream:75 - [STDERR_REDIRECT] [Fatal Error] :1:1: Premature end of file.
2026-05-04 13:07:06,400 [ERROR] LogOutputStream:75 - [STDERR_REDIRECT] 
2026-05-04 13:07:07,401 [ERROR] LogOutputStream:75 - [STDERR_REDIRECT] [Fatal Error] :1:1: Premature end of file.
2026-05-04 13:07:07,401 [ERROR] LogOutputStream:75 - [STDERR_REDIRECT] 
2026-05-04 13:07:08,387 [ERROR] LogOutputStream:75 - [STDERR_REDIRECT] [Fatal Error] :1:1: Premature end of file.
2026-05-04 13:07:08,387 [ERROR] LogOutputStream:75 - [STDERR_REDIRECT] 
2026-05-04 13:07:09,387 [ERROR] LogOutputStream:75 - [STDERR_REDIRECT] [Fatal Error] :1:1: Premature end of file.
2026-05-04 13:07:09,387 [ERROR] LogOutputStream:75 - [STDERR_REDIRECT] 
2026-05-04 13:07:10,393 [ERROR] LogOutputStream:75 - [STDERR_REDIRECT] [Fatal Error] :1:1: Premature end of file.
2026-05-04 13:07:10,393 [ERROR] LogOutputStream:75 - [STDERR_REDIRECT] 
2026-05-04 13:07:11,390 [ERROR] LogOutputStream:75 - [STDERR_REDIRECT] [Fatal Error] :1:1: Premature end of file.
2026-05-04 13:07:11,391 [ERROR] LogOutputStream:75 - [STDERR_REDIRECT] 
2026-05-04 13:07:12,392 [ERROR] LogOutputStream:75 - [STDERR_REDIRECT] [Fatal Error] :1:1: Premature end of file.
2026-05-04 13:07:12,392 [ERROR] LogOutputStream:75 - [STDERR_REDIRECT] 
2026-05-04 13:07:13,394 [ERROR] LogOutputStream:75 - [STDERR_REDIRECT] [Fatal Error] :1:1: Premature end of file.
2026-05-04 13:07:13,394 [ERROR] LogOutputStream:75 - [STDERR_REDIRECT] 
2026-05-04 13:07:14,396 [ERROR] LogOutputStream:75 - [STDERR_REDIRECT] [Fatal Error] :1:1: Premature end of file.
2026-05-04 13:07:14,396 [ERROR] LogOutputStream:75 - [STDERR_REDIRECT] 
2026-05-04 13:07:15,386 [ERROR] LogOutputStream:75 - [STDERR_REDIRECT] [Fatal Error] :1:1: Premature end of file.
2026-05-04 13:07:15,387 [ERROR] LogOutputStream:75 - [STDERR_REDIRECT] 
2026-05-04 13:07:16,385 [ERROR] LogOutputStream:75 - [STDERR_REDIRECT] [Fatal Error] :1:1: Premature end of file.
2026-05-04 13:07:16,385 [ERROR] LogOutputStream:75 - [STDERR_REDIRECT] 
2026-05-04 13:07:17,394 [ERROR] LogOutputStream:75 - [STDERR_REDIRECT] [Fatal Error] :1:1: Premature end of file.
2026-05-04 13:07:17,394 [ERROR] LogOutputStream:75 - [STDERR_REDIRECT] 
2026-05-04 13:07:18,394 [ERROR] LogOutputStream:75 - [STDERR_REDIRECT] [Fatal Error] :1:1: Premature end of file.
2026-05-04 13:07:18,394 [ERROR] LogOutputStream:75 - [STDERR_REDIRECT] 
2026-05-04 13:07:19,395 [ERROR] LogOutputStream:75 - [STDERR_REDIRECT] [Fatal Error] :1:1: Premature end of file.
2026-05-04 13:07:19,395 [ERROR] LogOutputStream:75 - [STDERR_REDIRECT] 
2026-05-04 13:07:20,394 [ERROR] LogOutputStream:75 - [STDERR_REDIRECT] [Fatal Error] :1:1: Premature end of file.
2026-05-04 13:07:20,394 [ERROR] LogOutputStream:75 - [STDERR_REDIRECT] 
2026-05-04 13:07:21,391 [ERROR] LogOutputStream:75 - [STDERR_REDIRECT] [Fatal Error] :1:1: Premature end of file.
2026-05-04 13:07:21,392 [ERROR] LogOutputStream:75 - [STDERR_REDIRECT] 
2026-05-04 13:07:22,388 [ERROR] LogOutputStream:75 - [STDERR_REDIRECT] [Fatal Error] :1:1: Premature end of file.
2026-05-04 13:07:22,388 [ERROR] LogOutputStream:75 - [STDERR_REDIRECT] 
2026-05-04 13:07:23,394 [ERROR] LogOutputStream:75 - [STDERR_REDIRECT] [Fatal Error] :1:1: Premature end of file.
2026-05-04 13:07:23,394 [ERROR] LogOutputStream:75 - [STDERR_REDIRECT] 
2026-05-04 13:07:24,393 [ERROR] LogOutputStream:75 - [STDERR_REDIRECT] [Fatal Error] :1:1: Premature end of file.
2026-05-04 13:07:24,394 [ERROR] LogOutputStream:75 - [STDERR_REDIRECT] 
2026-05-04 13:07:25,398 [ERROR] LogOutputStream:75 - [STDERR_REDIRECT] [Fatal Error] :1:1: Premature end of file.
2026-05-04 13:07:25,398 [ERROR] LogOutputStream:75 - [STDERR_REDIRECT] 
2026-05-04 13:07:26,388 [ERROR] LogOutputStream:75 - [STDERR_REDIRECT] [Fatal Error] :1:1: Premature end of file.
2026-05-04 13:07:26,388 [ERROR] LogOutputStream:75 - [STDERR_REDIRECT] 
2026-05-04 13:07:27,407 [ERROR] LogOutputStream:75 - [STDERR_REDIRECT] [Fatal Error] :1:1: Premature end of file.
2026-05-04 13:07:27,407 [ERROR] LogOutputStream:75 - [STDERR_REDIRECT] 
2026-05-04 13:07:28,393 [ERROR] LogOutputStream:75 - [STDERR_REDIRECT] [Fatal Error] :1:1: Premature end of file.
2026-05-04 13:07:28,393 [ERROR] LogOutputStream:75 - [STDERR_REDIRECT] 
2026-05-04 13:07:29,392 [ERROR] LogOutputStream:75 - [STDERR_REDIRECT] [Fatal Error] :1:1: Premature end of file.
2026-05-04 13:07:29,392 [ERROR] LogOutputStream:75 - [STDERR_REDIRECT] 
2026-05-04 13:07:30,402 [ERROR] LogOutputStream:75 - [STDERR_REDIRECT] [Fatal Error] :1:1: Premature end of file.
2026-05-04 13:07:30,402 [ERROR] LogOutputStream:75 - [STDERR_REDIRECT] 
2026-05-04 13:07:31,383 [ERROR] LogOutputStream:75 - [STDERR_REDIRECT] [Fatal Error] :1:1: Premature end of file.
2026-05-04 13:07:31,383 [ERROR] LogOutputStream:75 - [STDERR_REDIRECT] 
2026-05-04 13:07:32,395 [ERROR] LogOutputStream:75 - [STDERR_REDIRECT] [Fatal Error] :1:1: Premature end of file.
2026-05-04 13:07:32,395 [ERROR] LogOutputStream:75 - [STDERR_REDIRECT] 
2026-05-04 13:07:33,393 [ERROR] LogOutputStream:75 - [STDERR_REDIRECT] [Fatal Error] :1:1: Premature end of file.
2026-05-04 13:07:33,393 [ERROR] LogOutputStream:75 - [STDERR_REDIRECT] 
2026-05-04 13:07:34,395 [ERROR] LogOutputStream:75 - [STDERR_REDIRECT] [Fatal Error] :1:1: Premature end of file.
2026-05-04 13:07:34,395 [ERROR] LogOutputStream:75 - [STDERR_REDIRECT] 
2026-05-04 13:07:35,390 [ERROR] LogOutputStream:75 - [STDERR_REDIRECT] [Fatal Error] :1:1: Premature end of file.
2026-05-04 13:07:35,390 [ERROR] LogOutputStream:75 - [STDERR_REDIRECT] 
2026-05-04 13:07:36,386 [ERROR] LogOutputStream:75 - [STDERR_REDIRECT] [Fatal Error] :1:1: Premature end of file.
2026-05-04 13:07:36,386 [ERROR] LogOutputStream:75 - [STDERR_REDIRECT] 
2026-05-04 13:07:37,389 [ERROR] LogOutputStream:75 - [STDERR_REDIRECT] [Fatal Error] :1:1: Premature end of file.
2026-05-04 13:07:37,390 [ERROR] LogOutputStream:75 - [STDERR_REDIRECT] 
2026-05-04 13:07:38,401 [ERROR] LogOutputStream:75 - [STDERR_REDIRECT] [Fatal Error] :1:1: Premature end of file.
2026-05-04 13:07:38,401 [ERROR] LogOutputStream:75 - [STDERR_REDIRECT] 
2026-05-04 13:07:39,404 [ERROR] LogOutputStream:75 - [STDERR_REDIRECT] [Fatal Error] :1:1: Premature end of file.
2026-05-04 13:07:39,404 [ERROR] LogOutputStream:75 - [STDERR_REDIRECT] 
2026-05-04 13:07:40,390 [ERROR] LogOutputStream:75 - [STDERR_REDIRECT] [Fatal Error] :1:1: Premature end of file.
2026-05-04 13:07:40,390 [ERROR] LogOutputStream:75 - [STDERR_REDIRECT] 
2026-05-04 13:07:41,392 [ERROR] LogOutputStream:75 - [STDERR_REDIRECT] [Fatal Error] :1:1: Premature end of file.
2026-05-04 13:07:41,392 [ERROR] LogOutputStream:75 - [STDERR_REDIRECT] 
2026-05-04 13:07:42,391 [ERROR] LogOutputStream:75 - [STDERR_REDIRECT] [Fatal Error] :1:1: Premature end of file.
2026-05-04 13:07:42,391 [ERROR] LogOutputStream:75 - [STDERR_REDIRECT] 
2026-05-04 13:07:43,390 [ERROR] LogOutputStream:75 - [STDERR_REDIRECT] [Fatal Error] :1:1: Premature end of file.
2026-05-04 13:07:43,390 [ERROR] LogOutputStream:75 - [STDERR_REDIRECT] 
2026-05-04 13:07:44,388 [ERROR] LogOutputStream:75 - [STDERR_REDIRECT] [Fatal Error] :1:1: Premature end of file.
2026-05-04 13:07:44,388 [ERROR] LogOutputStream:75 - [STDERR_REDIRECT] 
2026-05-04 13:07:45,392 [ERROR] LogOutputStream:75 - [STDERR_REDIRECT] [Fatal Error] :1:1: Premature end of file.
2026-05-04 13:07:45,392 [ERROR] LogOutputStream:75 - [STDERR_REDIRECT] 
2026-05-04 13:07:46,390 [ERROR] LogOutputStream:75 - [STDERR_REDIRECT] [Fatal Error] :1:1: Premature end of file.
2026-05-04 13:07:46,390 [ERROR] LogOutputStream:75 - [STDERR_REDIRECT] 
2026-05-04 13:07:47,388 [ERROR] LogOutputStream:75 - [STDERR_REDIRECT] [Fatal Error] :1:1: Premature end of file.
2026-05-04 13:07:47,388 [ERROR] LogOutputStream:75 - [STDERR_REDIRECT] 
2026-05-04 13:07:48,389 [ERROR] LogOutputStream:75 - [STDERR_REDIRECT] [Fatal Error] :1:1: Premature end of file.
2026-05-04 13:07:48,389 [ERROR] LogOutputStream:75 - [STDERR_REDIRECT] 
2026-05-04 13:07:49,390 [ERROR] LogOutputStream:75 - [STDERR_REDIRECT] [Fatal Error] :1:1: Premature end of file.
2026-05-04 13:07:49,390 [ERROR] LogOutputStream:75 - [STDERR_REDIRECT] 
2026-05-04 13:07:50,387 [ERROR] LogOutputStream:75 - [STDERR_REDIRECT] [Fatal Error] :1:1: Premature end of file.
2026-05-04 13:07:50,387 [ERROR] LogOutputStream:75 - [STDERR_REDIRECT] 
2026-05-04 13:07:51,394 [ERROR] LogOutputStream:75 - [STDERR_REDIRECT] [Fatal Error] :1:1: Premature end of file.
2026-05-04 13:07:51,394 [ERROR] LogOutputStream:75 - [STDERR_REDIRECT] 
2026-05-04 13:07:52,390 [ERROR] LogOutputStream:75 - [STDERR_REDIRECT] [Fatal Error] :1:1: Premature end of file.
2026-05-04 13:07:52,390 [ERROR] LogOutputStream:75 - [STDERR_REDIRECT] 
2026-05-04 13:07:53,392 [ERROR] LogOutputStream:75 - [STDERR_REDIRECT] [Fatal Error] :1:1: Premature end of file.
2026-05-04 13:07:53,392 [ERROR] LogOutputStream:75 - [STDERR_REDIRECT] 
2026-05-04 13:07:54,388 [ERROR] LogOutputStream:75 - [STDERR_REDIRECT] [Fatal Error] :1:1: Premature end of file.
2026-05-04 13:07:54,389 [ERROR] LogOutputStream:75 - [STDERR_REDIRECT] 
2026-05-04 13:07:55,392 [ERROR] LogOutputStream:75 - [STDERR_REDIRECT] [Fatal Error] :1:1: Premature end of file.
2026-05-04 13:07:55,392 [ERROR] LogOutputStream:75 - [STDERR_REDIRECT] 
2026-05-04 13:07:56,438 [ERROR] LogOutputStream:75 - [STDERR_REDIRECT] [Fatal Error] :1:1: Premature end of file.
2026-05-04 13:07:56,439 [ERROR] LogOutputStream:75 - [STDERR_REDIRECT] 
2026-05-04 13:07:57,389 [ERROR] LogOutputStream:75 - [STDERR_REDIRECT] [Fatal Error] :1:1: Premature end of file.
2026-05-04 13:07:57,389 [ERROR] LogOutputStream:75 - [STDERR_REDIRECT] 
2026-05-04 13:07:58,385 [ERROR] LogOutputStream:75 - [STDERR_REDIRECT] [Fatal Error] :1:1: Premature end of file.
2026-05-04 13:07:58,386 [ERROR] LogOutputStream:75 - [STDERR_REDIRECT] 
2026-05-04 13:07:59,394 [ERROR] LogOutputStream:75 - [STDERR_REDIRECT] [Fatal Error] :1:1: Premature end of file.
2026-05-04 13:07:59,394 [ERROR] LogOutputStream:75 - [STDERR_REDIRECT] 
2026-05-04 13:08:00,392 [ERROR] LogOutputStream:75 - [STDERR_REDIRECT] [Fatal Error] :1:1: Premature end of file.
2026-05-04 13:08:00,392 [ERROR] LogOutputStream:75 - [STDERR_REDIRECT] 
2026-05-04 13:08:01,392 [ERROR] LogOutputStream:75 - [STDERR_REDIRECT] [Fatal Error] :1:1: Premature end of file.
2026-05-04 13:08:01,392 [ERROR] LogOutputStream:75 - [STDERR_REDIRECT] 
2026-05-04 13:08:02,392 [ERROR] LogOutputStream:75 - [STDERR_REDIRECT] [Fatal Error] :1:1: Premature end of file.
2026-05-04 13:08:02,392 [ERROR] LogOutputStream:75 - [STDERR_REDIRECT] 
2026-05-04 13:08:03,386 [ERROR] LogOutputStream:75 - [STDERR_REDIRECT] [Fatal Error] :1:1: Premature end of file.
2026-05-04 13:08:03,386 [ERROR] LogOutputStream:75 - [STDERR_REDIRECT] 
2026-05-04 13:08:04,386 [ERROR] LogOutputStream:75 - [STDERR_REDIRECT] [Fatal Error] :1:1: Premature end of file.
2026-05-04 13:08:04,386 [ERROR] LogOutputStream:75 - [STDERR_REDIRECT] 
2026-05-04 13:08:05,386 [ERROR] LogOutputStream:75 - [STDERR_REDIRECT] [Fatal Error] :1:1: Premature end of file.
2026-05-04 13:08:05,386 [ERROR] LogOutputStream:75 - [STDERR_REDIRECT] 
2026-05-04 13:08:06,391 [ERROR] LogOutputStream:75 - [STDERR_REDIRECT] [Fatal Error] :1:1: Premature end of file.
2026-05-04 13:08:06,391 [ERROR] LogOutputStream:75 - [STDERR_REDIRECT] 
2026-05-04 13:08:07,386 [ERROR] LogOutputStream:75 - [STDERR_REDIRECT] [Fatal Error] :1:1: Premature end of file.
2026-05-04 13:08:07,386 [ERROR] LogOutputStream:75 - [STDERR_REDIRECT] 
2026-05-04 13:08:08,388 [ERROR] LogOutputStream:75 - [STDERR_REDIRECT] [Fatal Error] :1:1: Premature end of file.
2026-05-04 13:08:08,389 [ERROR] LogOutputStream:75 - [STDERR_REDIRECT] 
2026-05-04 13:08:09,387 [ERROR] LogOutputStream:75 - [STDERR_REDIRECT] [Fatal Error] :1:1: Premature end of file.
2026-05-04 13:08:09,387 [ERROR] LogOutputStream:75 - [STDERR_REDIRECT] 
2026-05-04 13:08:10,388 [ERROR] LogOutputStream:75 - [STDERR_REDIRECT] [Fatal Error] :1:1: Premature end of file.
2026-05-04 13:08:10,389 [ERROR] LogOutputStream:75 - [STDERR_REDIRECT] 
2026-05-04 13:08:11,390 [ERROR] LogOutputStream:75 - [STDERR_REDIRECT] [Fatal Error] :1:1: Premature end of file.
2026-05-04 13:08:11,390 [ERROR] LogOutputStream:75 - [STDERR_REDIRECT] 
2026-05-04 13:08:12,388 [ERROR] LogOutputStream:75 - [STDERR_REDIRECT] [Fatal Error] :1:1: Premature end of file.
2026-05-04 13:08:12,388 [ERROR] LogOutputStream:75 - [STDERR_REDIRECT] 
2026-05-04 13:08:13,390 [ERROR] LogOutputStream:75 - [STDERR_REDIRECT] [Fatal Error] :1:1: Premature end of file.
2026-05-04 13:08:13,390 [ERROR] LogOutputStream:75 - [STDERR_REDIRECT] 
2026-05-04 13:08:14,387 [ERROR] LogOutputStream:75 - [STDERR_REDIRECT] [Fatal Error] :1:1: Premature end of file.
2026-05-04 13:08:14,388 [ERROR] LogOutputStream:75 - [STDERR_REDIRECT] 
2026-05-04 13:08:15,393 [ERROR] LogOutputStream:75 - [STDERR_REDIRECT] [Fatal Error] :1:1: Premature end of file.
2026-05-04 13:08:15,393 [ERROR] LogOutputStream:75 - [STDERR_REDIRECT] 
2026-05-04 13:08:16,385 [ERROR] LogOutputStream:75 - [STDERR_REDIRECT] [Fatal Error] :1:1: Premature end of file.
2026-05-04 13:08:16,385 [ERROR] LogOutputStream:75 - [STDERR_REDIRECT] 
2026-05-04 13:08:17,391 [ERROR] LogOutputStream:75 - [STDERR_REDIRECT] [Fatal Error] :1:1: Premature end of file.
2026-05-04 13:08:17,391 [ERROR] LogOutputStream:75 - [STDERR_REDIRECT] 
2026-05-04 13:08:18,394 [ERROR] LogOutputStream:75 - [STDERR_REDIRECT] [Fatal Error] :1:1: Premature end of file.
2026-05-04 13:08:18,394 [ERROR] LogOutputStream:75 - [STDERR_REDIRECT] 
2026-05-04 13:08:19,398 [ERROR] LogOutputStream:75 - [STDERR_REDIRECT] [Fatal Error] :1:1: Premature end of file.
2026-05-04 13:08:19,399 [ERROR] LogOutputStream:75 - [STDERR_REDIRECT] 
2026-05-04 13:08:20,395 [ERROR] LogOutputStream:75 - [STDERR_REDIRECT] [Fatal Error] :1:1: Premature end of file.
2026-05-04 13:08:20,395 [ERROR] LogOutputStream:75 - [STDERR_REDIRECT] 
2026-05-04 13:08:21,391 [ERROR] LogOutputStream:75 - [STDERR_REDIRECT] [Fatal Error] :1:1: Premature end of file.
2026-05-04 13:08:21,391 [ERROR] LogOutputStream:75 - [STDERR_REDIRECT] 
2026-05-04 13:08:22,392 [ERROR] LogOutputStream:75 - [STDERR_REDIRECT] [Fatal Error] :1:1: Premature end of file.
2026-05-04 13:08:22,392 [ERROR] LogOutputStream:75 - [STDERR_REDIRECT] 
2026-05-04 13:08:23,393 [ERROR] LogOutputStream:75 - [STDERR_REDIRECT] [Fatal Error] :1:1: Premature end of file.
2026-05-04 13:08:23,393 [ERROR] LogOutputStream:75 - [STDERR_REDIRECT] 
2026-05-04 13:08:24,396 [ERROR] LogOutputStream:75 - [STDERR_REDIRECT] [Fatal Error] :1:1: Premature end of file.
2026-05-04 13:08:24,396 [ERROR] LogOutputStream:75 - [STDERR_REDIRECT] 
2026-05-04 13:08:25,396 [ERROR] LogOutputStream:75 - [STDERR_REDIRECT] [Fatal Error] :1:1: Premature end of file.
2026-05-04 13:08:25,396 [ERROR] LogOutputStream:75 - [STDERR_REDIRECT] 
2026-05-04 13:08:26,393 [ERROR] LogOutputStream:75 - [STDERR_REDIRECT] [Fatal Error] :1:1: Premature end of file.
2026-05-04 13:08:26,393 [ERROR] LogOutputStream:75 - [STDERR_REDIRECT] 
2026-05-04 13:08:27,393 [ERROR] LogOutputStream:75 - [STDERR_REDIRECT] [Fatal Error] :1:1: Premature end of file.
2026-05-04 13:08:27,394 [ERROR] LogOutputStream:75 - [STDERR_REDIRECT] 
2026-05-04 13:08:28,394 [ERROR] LogOutputStream:75 - [STDERR_REDIRECT] [Fatal Error] :1:1: Premature end of file.
2026-05-04 13:08:28,394 [ERROR] LogOutputStream:75 - [STDERR_REDIRECT] 
2026-05-04 13:08:29,390 [ERROR] LogOutputStream:75 - [STDERR_REDIRECT] [Fatal Error] :1:1: Premature end of file.
2026-05-04 13:08:29,390 [ERROR] LogOutputStream:75 - [STDERR_REDIRECT] 
2026-05-04 13:08:30,399 [ERROR] LogOutputStream:75 - [STDERR_REDIRECT] [Fatal Error] :1:1: Premature end of file.
2026-05-04 13:08:30,399 [ERROR] LogOutputStream:75 - [STDERR_REDIRECT] 
2026-05-04 13:08:31,387 [ERROR] LogOutputStream:75 - [STDERR_REDIRECT] [Fatal Error] :1:1: Premature end of file.
2026-05-04 13:08:31,387 [ERROR] LogOutputStream:75 - [STDERR_REDIRECT] 
2026-05-04 13:08:32,391 [ERROR] LogOutputStream:75 - [STDERR_REDIRECT] [Fatal Error] :1:1: Premature end of file.
2026-05-04 13:08:32,391 [ERROR] LogOutputStream:75 - [STDERR_REDIRECT] 
2026-05-04 13:08:33,388 [ERROR] LogOutputStream:75 - [STDERR_REDIRECT] [Fatal Error] :1:1: Premature end of file.
2026-05-04 13:08:33,388 [ERROR] LogOutputStream:75 - [STDERR_REDIRECT] 
2026-05-04 13:08:34,399 [ERROR] LogOutputStream:75 - [STDERR_REDIRECT] [Fatal Error] :1:1: Premature end of file.
2026-05-04 13:08:34,399 [ERROR] LogOutputStream:75 - [STDERR_REDIRECT] 
2026-05-04 13:08:35,391 [ERROR] LogOutputStream:75 - [STDERR_REDIRECT] [Fatal Error] :1:1: Premature end of file.
2026-05-04 13:08:35,391 [ERROR] LogOutputStream:75 - [STDERR_REDIRECT] 
2026-05-04 13:08:36,394 [ERROR] LogOutputStream:75 - [STDERR_REDIRECT] [Fatal Error] :1:1: Premature end of file.
2026-05-04 13:08:36,394 [ERROR] LogOutputStream:75 - [STDERR_REDIRECT] 
2026-05-04 13:08:37,392 [ERROR] LogOutputStream:75 - [STDERR_REDIRECT] [Fatal Error] :1:1: Premature end of file.
2026-05-04 13:08:37,392 [ERROR] LogOutputStream:75 - [STDERR_REDIRECT] 
2026-05-04 13:08:38,384 [ERROR] LogOutputStream:75 - [STDERR_REDIRECT] [Fatal Error] :1:1: Premature end of file.
2026-05-04 13:08:38,384 [ERROR] LogOutputStream:75 - [STDERR_REDIRECT] 
2026-05-04 13:08:39,389 [ERROR] LogOutputStream:75 - [STDERR_REDIRECT] [Fatal Error] :1:1: Premature end of file.
2026-05-04 13:08:39,390 [ERROR] LogOutputStream:75 - [STDERR_REDIRECT] 
2026-05-04 13:08:40,387 [ERROR] LogOutputStream:75 - [STDERR_REDIRECT] [Fatal Error] :1:1: Premature end of file.
2026-05-04 13:08:40,387 [ERROR] LogOutputStream:75 - [STDERR_REDIRECT] 
2026-05-04 13:08:41,390 [ERROR] LogOutputStream:75 - [STDERR_REDIRECT] [Fatal Error] :1:1: Premature end of file.
2026-05-04 13:08:41,390 [ERROR] LogOutputStream:75 - [STDERR_REDIRECT] 
2026-05-04 13:08:42,395 [ERROR] LogOutputStream:75 - [STDERR_REDIRECT] [Fatal Error] :1:1: Premature end of file.
2026-05-04 13:08:42,396 [ERROR] LogOutputStream:75 - [STDERR_REDIRECT] 
2026-05-04 13:08:43,388 [ERROR] LogOutputStream:75 - [STDERR_REDIRECT] [Fatal Error] :1:1: Premature end of file.
2026-05-04 13:08:43,389 [ERROR] LogOutputStream:75 - [STDERR_REDIRECT] 
2026-05-04 13:08:44,390 [ERROR] LogOutputStream:75 - [STDERR_REDIRECT] [Fatal Error] :1:1: Premature end of file.
2026-05-04 13:08:44,390 [ERROR] LogOutputStream:75 - [STDERR_REDIRECT] 
2026-05-04 13:08:45,389 [ERROR] LogOutputStream:75 - [STDERR_REDIRECT] [Fatal Error] :1:1: Premature end of file.
2026-05-04 13:08:45,390 [ERROR] LogOutputStream:75 - [STDERR_REDIRECT] 
2026-05-04 13:08:46,391 [ERROR] LogOutputStream:75 - [STDERR_REDIRECT] [Fatal Error] :1:1: Premature end of file.
2026-05-04 13:08:46,391 [ERROR] LogOutputStream:75 - [STDERR_REDIRECT] 
2026-05-04 13:08:47,393 [ERROR] LogOutputStream:75 - [STDERR_REDIRECT] [Fatal Error] :1:1: Premature end of file.
2026-05-04 13:08:47,393 [ERROR] LogOutputStream:75 - [STDERR_REDIRECT] 
2026-05-04 13:08:48,391 [ERROR] LogOutputStream:75 - [STDERR_REDIRECT] [Fatal Error] :1:1: Premature end of file.
2026-05-04 13:08:48,391 [ERROR] LogOutputStream:75 - [STDERR_REDIRECT] 
2026-05-04 13:08:49,392 [ERROR] LogOutputStream:75 - [STDERR_REDIRECT] [Fatal Error] :1:1: Premature end of file.
2026-05-04 13:08:49,392 [ERROR] LogOutputStream:75 - [STDERR_REDIRECT] 
2026-05-04 13:08:50,393 [ERROR] LogOutputStream:75 - [STDERR_REDIRECT] [Fatal Error] :1:1: Premature end of file.
2026-05-04 13:08:50,393 [ERROR] LogOutputStream:75 - [STDERR_REDIRECT] 
2026-05-04 13:08:51,391 [ERROR] LogOutputStream:75 - [STDERR_REDIRECT] [Fatal Error] :1:1: Premature end of file.
2026-05-04 13:08:51,391 [ERROR] LogOutputStream:75 - [STDERR_REDIRECT] 
2026-05-04 13:08:52,391 [ERROR] LogOutputStream:75 - [STDERR_REDIRECT] [Fatal Error] :1:1: Premature end of file.
2026-05-04 13:08:52,391 [ERROR] LogOutputStream:75 - [STDERR_REDIRECT] 
2026-05-04 13:08:53,386 [ERROR] LogOutputStream:75 - [STDERR_REDIRECT] [Fatal Error] :1:1: Premature end of file.
2026-05-04 13:08:53,386 [ERROR] LogOutputStream:75 - [STDERR_REDIRECT] 
2026-05-04 13:08:54,385 [ERROR] LogOutputStream:75 - [STDERR_REDIRECT] [Fatal Error] :1:1: Premature end of file.
2026-05-04 13:08:54,385 [ERROR] LogOutputStream:75 - [STDERR_REDIRECT] 
2026-05-04 13:08:55,393 [ERROR] LogOutputStream:75 - [STDERR_REDIRECT] [Fatal Error] :1:1: Premature end of file.
2026-05-04 13:08:55,393 [ERROR] LogOutputStream:75 - [STDERR_REDIRECT] 
2026-05-04 13:08:56,390 [ERROR] LogOutputStream:75 - [STDERR_REDIRECT] [Fatal Error] :1:1: Premature end of file.
2026-05-04 13:08:56,390 [ERROR] LogOutputStream:75 - [STDERR_REDIRECT] 
2026-05-04 13:08:57,392 [ERROR] LogOutputStream:75 - [STDERR_REDIRECT] [Fatal Error] :1:1: Premature end of file.
2026-05-04 13:08:57,392 [ERROR] LogOutputStream:75 - [STDERR_REDIRECT] 
2026-05-04 13:08:58,383 [ERROR] LogOutputStream:75 - [STDERR_REDIRECT] [Fatal Error] :1:1: Premature end of file.
2026-05-04 13:08:58,383 [ERROR] LogOutputStream:75 - [STDERR_REDIRECT] 
2026-05-04 13:08:59,396 [ERROR] LogOutputStream:75 - [STDERR_REDIRECT] [Fatal Error] :1:1: Premature end of file.
2026-05-04 13:08:59,396 [ERROR] LogOutputStream:75 - [STDERR_REDIRECT] 
2026-05-04 13:09:00,391 [ERROR] LogOutputStream:75 - [STDERR_REDIRECT] [Fatal Error] :1:1: Premature end of file.
2026-05-04 13:09:00,391 [ERROR] LogOutputStream:75 - [STDERR_REDIRECT] 
2026-05-04 13:09:01,396 [ERROR] LogOutputStream:75 - [STDERR_REDIRECT] [Fatal Error] :1:1: Premature end of file.
2026-05-04 13:09:01,396 [ERROR] LogOutputStream:75 - [STDERR_REDIRECT] 
2026-05-04 13:09:02,395 [ERROR] LogOutputStream:75 - [STDERR_REDIRECT] [Fatal Error] :1:1: Premature end of file.
2026-05-04 13:09:02,395 [ERROR] LogOutputStream:75 - [STDERR_REDIRECT] 
2026-05-04 13:09:03,386 [ERROR] LogOutputStream:75 - [STDERR_REDIRECT] [Fatal Error] :1:1: Premature end of file.
2026-05-04 13:09:03,386 [ERROR] LogOutputStream:75 - [STDERR_REDIRECT] 
2026-05-04 13:09:04,394 [ERROR] LogOutputStream:75 - [STDERR_REDIRECT] [Fatal Error] :1:1: Premature end of file.
2026-05-04 13:09:04,394 [ERROR] LogOutputStream:75 - [STDERR_REDIRECT] 
2026-05-04 13:09:05,397 [ERROR] LogOutputStream:75 - [STDERR_REDIRECT] [Fatal Error] :1:1: Premature end of file.
2026-05-04 13:09:05,397 [ERROR] LogOutputStream:75 - [STDERR_REDIRECT] 
2026-05-04 13:09:06,388 [ERROR] LogOutputStream:75 - [STDERR_REDIRECT] [Fatal Error] :1:1: Premature end of file.
2026-05-04 13:09:06,389 [ERROR] LogOutputStream:75 - [STDERR_REDIRECT] 
2026-05-04 13:09:07,392 [ERROR] LogOutputStream:75 - [STDERR_REDIRECT] [Fatal Error] :1:1: Premature end of file.
2026-05-04 13:09:07,393 [ERROR] LogOutputStream:75 - [STDERR_REDIRECT] 
2026-05-04 13:09:08,395 [ERROR] LogOutputStream:75 - [STDERR_REDIRECT] [Fatal Error] :1:1: Premature end of file.
2026-05-04 13:09:08,395 [ERROR] LogOutputStream:75 - [STDERR_REDIRECT] 
2026-05-04 13:09:09,390 [ERROR] LogOutputStream:75 - [STDERR_REDIRECT] [Fatal Error] :1:1: Premature end of file.
2026-05-04 13:09:09,390 [ERROR] LogOutputStream:75 - [STDERR_REDIRECT] 
2026-05-04 13:09:10,396 [ERROR] LogOutputStream:75 - [STDERR_REDIRECT] [Fatal Error] :1:1: Premature end of file.
2026-05-04 13:09:10,396 [ERROR] LogOutputStream:75 - [STDERR_REDIRECT] 
2026-05-04 13:09:11,394 [ERROR] LogOutputStream:75 - [STDERR_REDIRECT] [Fatal Error] :1:1: Premature end of file.
2026-05-04 13:09:11,394 [ERROR] LogOutputStream:75 - [STDERR_REDIRECT] 
2026-05-04 13:09:12,394 [ERROR] LogOutputStream:75 - [STDERR_REDIRECT] [Fatal Error] :1:1: Premature end of file.
2026-05-04 13:09:12,394 [ERROR] LogOutputStream:75 - [STDERR_REDIRECT] 
2026-05-04 13:09:13,390 [ERROR] LogOutputStream:75 - [STDERR_REDIRECT] [Fatal Error] :1:1: Premature end of file.
2026-05-04 13:09:13,390 [ERROR] LogOutputStream:75 - [STDERR_REDIRECT] 
2026-05-04 13:09:14,381 [ERROR] LogOutputStream:75 - [STDERR_REDIRECT] [Fatal Error] :1:1: Premature end of file.
2026-05-04 13:09:14,381 [ERROR] LogOutputStream:75 - [STDERR_REDIRECT] 
2026-05-04 13:09:15,393 [ERROR] LogOutputStream:75 - [STDERR_REDIRECT] [Fatal Error] :1:1: Premature end of file.
2026-05-04 13:09:15,393 [ERROR] LogOutputStream:75 - [STDERR_REDIRECT] 
2026-05-04 13:09:16,388 [ERROR] LogOutputStream:75 - [STDERR_REDIRECT] [Fatal Error] :1:1: Premature end of file.
2026-05-04 13:09:16,388 [ERROR] LogOutputStream:75 - [STDERR_REDIRECT] 
2026-05-04 13:09:17,389 [ERROR] LogOutputStream:75 - [STDERR_REDIRECT] [Fatal Error] :1:1: Premature end of file.
2026-05-04 13:09:17,389 [ERROR] LogOutputStream:75 - [STDERR_REDIRECT] 
2026-05-04 13:09:18,390 [ERROR] LogOutputStream:75 - [STDERR_REDIRECT] [Fatal Error] :1:1: Premature end of file.
2026-05-04 13:09:18,390 [ERROR] LogOutputStream:75 - [STDERR_REDIRECT] 
2026-05-04 13:09:19,393 [ERROR] LogOutputStream:75 - [STDERR_REDIRECT] [Fatal Error] :1:1: Premature end of file.
2026-05-04 13:09:19,393 [ERROR] LogOutputStream:75 - [STDERR_REDIRECT] 
2026-05-04 13:09:20,392 [ERROR] LogOutputStream:75 - [STDERR_REDIRECT] [Fatal Error] :1:1: Premature end of file.
2026-05-04 13:09:20,392 [ERROR] LogOutputStream:75 - [STDERR_REDIRECT] 
2026-05-04 13:09:21,390 [ERROR] LogOutputStream:75 - [STDERR_REDIRECT] [Fatal Error] :1:1: Premature end of file.
2026-05-04 13:09:21,391 [ERROR] LogOutputStream:75 - [STDERR_REDIRECT] 
2026-05-04 13:09:22,392 [ERROR] LogOutputStream:75 - [STDERR_REDIRECT] [Fatal Error] :1:1: Premature end of file.
2026-05-04 13:09:22,392 [ERROR] LogOutputStream:75 - [STDERR_REDIRECT] 
2026-05-04 13:09:23,394 [ERROR] LogOutputStream:75 - [STDERR_REDIRECT] [Fatal Error] :1:1: Premature end of file.
2026-05-04 13:09:23,394 [ERROR] LogOutputStream:75 - [STDERR_REDIRECT] 
2026-05-04 13:09:24,387 [ERROR] LogOutputStream:75 - [STDERR_REDIRECT] [Fatal Error] :1:1: Premature end of file.
2026-05-04 13:09:24,387 [ERROR] LogOutputStream:75 - [STDERR_REDIRECT] 
2026-05-04 13:09:25,394 [ERROR] LogOutputStream:75 - [STDERR_REDIRECT] [Fatal Error] :1:1: Premature end of file.
2026-05-04 13:09:25,394 [ERROR] LogOutputStream:75 - [STDERR_REDIRECT] 
2026-05-04 13:09:26,391 [ERROR] LogOutputStream:75 - [STDERR_REDIRECT] [Fatal Error] :1:1: Premature end of file.
2026-05-04 13:09:26,391 [ERROR] LogOutputStream:75 - [STDERR_REDIRECT] 
2026-05-04 13:09:27,391 [ERROR] LogOutputStream:75 - [STDERR_REDIRECT] [Fatal Error] :1:1: Premature end of file.
2026-05-04 13:09:27,392 [ERROR] LogOutputStream:75 - [STDERR_REDIRECT] 
2026-05-04 13:09:28,393 [ERROR] LogOutputStream:75 - [STDERR_REDIRECT] [Fatal Error] :1:1: Premature end of file.
2026-05-04 13:09:28,393 [ERROR] LogOutputStream:75 - [STDERR_REDIRECT] 
2026-05-04 13:09:29,393 [ERROR] LogOutputStream:75 - [STDERR_REDIRECT] [Fatal Error] :1:1: Premature end of file.
2026-05-04 13:09:29,393 [ERROR] LogOutputStream:75 - [STDERR_REDIRECT] 
2026-05-04 13:09:30,393 [ERROR] LogOutputStream:75 - [STDERR_REDIRECT] [Fatal Error] :1:1: Premature end of file.
2026-05-04 13:09:30,393 [ERROR] LogOutputStream:75 - [STDERR_REDIRECT] 
2026-05-04 13:09:31,387 [ERROR] LogOutputStream:75 - [STDERR_REDIRECT] [Fatal Error] :1:1: Premature end of file.
2026-05-04 13:09:31,387 [ERROR] LogOutputStream:75 - [STDERR_REDIRECT] 
2026-05-04 13:09:32,390 [ERROR] LogOutputStream:75 - [STDERR_REDIRECT] [Fatal Error] :1:1: Premature end of file.
2026-05-04 13:09:32,390 [ERROR] LogOutputStream:75 - [STDERR_REDIRECT] 
2026-05-04 13:09:33,391 [ERROR] LogOutputStream:75 - [STDERR_REDIRECT] [Fatal Error] :1:1: Premature end of file.
2026-05-04 13:09:33,391 [ERROR] LogOutputStream:75 - [STDERR_REDIRECT] 
2026-05-04 13:09:34,382 [ERROR] LogOutputStream:75 - [STDERR_REDIRECT] [Fatal Error] :1:1: Premature end of file.
2026-05-04 13:09:34,383 [ERROR] LogOutputStream:75 - [STDERR_REDIRECT] 
2026-05-04 13:09:35,390 [ERROR] LogOutputStream:75 - [STDERR_REDIRECT] [Fatal Error] :1:1: Premature end of file.
2026-05-04 13:09:35,390 [ERROR] LogOutputStream:75 - [STDERR_REDIRECT] 
2026-05-04 13:09:36,391 [ERROR] LogOutputStream:75 - [STDERR_REDIRECT] [Fatal Error] :1:1: Premature end of file.
2026-05-04 13:09:36,391 [ERROR] LogOutputStream:75 - [STDERR_REDIRECT] 
2026-05-04 13:09:37,392 [ERROR] LogOutputStream:75 - [STDERR_REDIRECT] [Fatal Error] :1:1: Premature end of file.
2026-05-04 13:09:37,392 [ERROR] LogOutputStream:75 - [STDERR_REDIRECT] 
2026-05-04 13:09:38,394 [ERROR] LogOutputStream:75 - [STDERR_REDIRECT] [Fatal Error] :1:1: Premature end of file.
2026-05-04 13:09:38,394 [ERROR] LogOutputStream:75 - [STDERR_REDIRECT] 
2026-05-04 13:09:39,385 [ERROR] LogOutputStream:75 - [STDERR_REDIRECT] [Fatal Error] :1:1: Premature end of file.
2026-05-04 13:09:39,385 [ERROR] LogOutputStream:75 - [STDERR_REDIRECT] 
2026-05-04 13:09:40,391 [ERROR] LogOutputStream:75 - [STDERR_REDIRECT] [Fatal Error] :1:1: Premature end of file.
2026-05-04 13:09:40,391 [ERROR] LogOutputStream:75 - [STDERR_REDIRECT] 
2026-05-04 13:09:41,389 [ERROR] LogOutputStream:75 - [STDERR_REDIRECT] [Fatal Error] :1:1: Premature end of file.
2026-05-04 13:09:41,389 [ERROR] LogOutputStream:75 - [STDERR_REDIRECT] 
2026-05-04 13:09:42,392 [ERROR] LogOutputStream:75 - [STDERR_REDIRECT] [Fatal Error] :1:1: Premature end of file.
2026-05-04 13:09:42,392 [ERROR] LogOutputStream:75 - [STDERR_REDIRECT] 
2026-05-04 13:09:43,392 [ERROR] LogOutputStream:75 - [STDERR_REDIRECT] [Fatal Error] :1:1: Premature end of file.
2026-05-04 13:09:43,392 [ERROR] LogOutputStream:75 - [STDERR_REDIRECT] 
2026-05-04 13:09:44,398 [ERROR] LogOutputStream:75 - [STDERR_REDIRECT] [Fatal Error] :1:1: Premature end of file.
2026-05-04 13:09:44,398 [ERROR] LogOutputStream:75 - [STDERR_REDIRECT] 
2026-05-04 13:09:45,389 [ERROR] LogOutputStream:75 - [STDERR_REDIRECT] [Fatal Error] :1:1: Premature end of file.
2026-05-04 13:09:45,389 [ERROR] LogOutputStream:75 - [STDERR_REDIRECT] 
2026-05-04 13:09:46,393 [ERROR] LogOutputStream:75 - [STDERR_REDIRECT] [Fatal Error] :1:1: Premature end of file.
2026-05-04 13:09:46,393 [ERROR] LogOutputStream:75 - [STDERR_REDIRECT] 
2026-05-04 13:09:47,389 [ERROR] LogOutputStream:75 - [STDERR_REDIRECT] [Fatal Error] :1:1: Premature end of file.
2026-05-04 13:09:47,389 [ERROR] LogOutputStream:75 - [STDERR_REDIRECT] 
2026-05-04 13:09:48,399 [ERROR] LogOutputStream:75 - [STDERR_REDIRECT] [Fatal Error] :1:1: Premature end of file.
2026-05-04 13:09:48,399 [ERROR] LogOutputStream:75 - [STDERR_REDIRECT] 
2026-05-04 13:09:49,394 [ERROR] LogOutputStream:75 - [STDERR_REDIRECT] [Fatal Error] :1:1: Premature end of file.
2026-05-04 13:09:49,394 [ERROR] LogOutputStream:75 - [STDERR_REDIRECT] 
2026-05-04 13:09:50,383 [ERROR] LogOutputStream:75 - [STDERR_REDIRECT] [Fatal Error] :1:1: Premature end of file.
2026-05-04 13:09:50,383 [ERROR] LogOutputStream:75 - [STDERR_REDIRECT] 
2026-05-04 13:09:51,382 [ERROR] LogOutputStream:75 - [STDERR_REDIRECT] [Fatal Error] :1:1: Premature end of file.
2026-05-04 13:09:51,383 [ERROR] LogOutputStream:75 - [STDERR_REDIRECT] 
2026-05-04 13:09:52,392 [ERROR] LogOutputStream:75 - [STDERR_REDIRECT] [Fatal Error] :1:1: Premature end of file.
2026-05-04 13:09:52,392 [ERROR] LogOutputStream:75 - [STDERR_REDIRECT] 
2026-05-04 13:09:53,387 [ERROR] LogOutputStream:75 - [STDERR_REDIRECT] [Fatal Error] :1:1: Premature end of file.
2026-05-04 13:09:53,387 [ERROR] LogOutputStream:75 - [STDERR_REDIRECT] 
2026-05-04 13:09:54,387 [ERROR] LogOutputStream:75 - [STDERR_REDIRECT] [Fatal Error] :1:1: Premature end of file.
2026-05-04 13:09:54,387 [ERROR] LogOutputStream:75 - [STDERR_REDIRECT] 
2026-05-04 13:09:55,391 [ERROR] LogOutputStream:75 - [STDERR_REDIRECT] [Fatal Error] :1:1: Premature end of file.
2026-05-04 13:09:55,391 [ERROR] LogOutputStream:75 - [STDERR_REDIRECT] 
2026-05-04 13:09:56,400 [ERROR] LogOutputStream:75 - [STDERR_REDIRECT] [Fatal Error] :1:1: Premature end of file.
2026-05-04 13:09:56,400 [ERROR] LogOutputStream:75 - [STDERR_REDIRECT] 
2026-05-04 13:09:57,395 [ERROR] LogOutputStream:75 - [STDERR_REDIRECT] [Fatal Error] :1:1: Premature end of file.
2026-05-04 13:09:57,395 [ERROR] LogOutputStream:75 - [STDERR_REDIRECT] 
2026-05-04 13:09:58,396 [ERROR] LogOutputStream:75 - [STDERR_REDIRECT] [Fatal Error] :1:1: Premature end of file.
2026-05-04 13:09:58,396 [ERROR] LogOutputStream:75 - [STDERR_REDIRECT] 
2026-05-04 13:09:59,395 [ERROR] LogOutputStream:75 - [STDERR_REDIRECT] [Fatal Error] :1:1: Premature end of file.
2026-05-04 13:09:59,395 [ERROR] LogOutputStream:75 - [STDERR_REDIRECT] 
2026-05-04 13:10:00,403 [ERROR] LogOutputStream:75 - [STDERR_REDIRECT] [Fatal Error] :1:1: Premature end of file.
2026-05-04 13:10:00,403 [ERROR] LogOutputStream:75 - [STDERR_REDIRECT] 
2026-05-04 13:10:01,398 [ERROR] LogOutputStream:75 - [STDERR_REDIRECT] [Fatal Error] :1:1: Premature end of file.
2026-05-04 13:10:01,398 [ERROR] LogOutputStream:75 - [STDERR_REDIRECT] 
2026-05-04 13:10:02,387 [ERROR] LogOutputStream:75 - [STDERR_REDIRECT] [Fatal Error] :1:1: Premature end of file.
2026-05-04 13:10:02,387 [ERROR] LogOutputStream:75 - [STDERR_REDIRECT] 
2026-05-04 13:10:03,396 [ERROR] LogOutputStream:75 - [STDERR_REDIRECT] [Fatal Error] :1:1: Premature end of file.
2026-05-04 13:10:03,396 [ERROR] LogOutputStream:75 - [STDERR_REDIRECT] 
2026-05-04 13:10:04,391 [ERROR] LogOutputStream:75 - [STDERR_REDIRECT] [Fatal Error] :1:1: Premature end of file.
2026-05-04 13:10:04,391 [ERROR] LogOutputStream:75 - [STDERR_REDIRECT] 
2026-05-04 13:10:05,394 [ERROR] LogOutputStream:75 - [STDERR_REDIRECT] [Fatal Error] :1:1: Premature end of file.
2026-05-04 13:10:05,394 [ERROR] LogOutputStream:75 - [STDERR_REDIRECT] 
2026-05-04 13:10:06,390 [ERROR] LogOutputStream:75 - [STDERR_REDIRECT] [Fatal Error] :1:1: Premature end of file.
2026-05-04 13:10:06,390 [ERROR] LogOutputStream:75 - [STDERR_REDIRECT] 
2026-05-04 13:10:07,395 [ERROR] LogOutputStream:75 - [STDERR_REDIRECT] [Fatal Error] :1:1: Premature end of file.
2026-05-04 13:10:07,395 [ERROR] LogOutputStream:75 - [STDERR_REDIRECT] 
2026-05-04 13:10:08,384 [ERROR] LogOutputStream:75 - [STDERR_REDIRECT] [Fatal Error] :1:1: Premature end of file.
2026-05-04 13:10:08,384 [ERROR] LogOutputStream:75 - [STDERR_REDIRECT] 
2026-05-04 13:10:09,416 [ERROR] LogOutputStream:75 - [STDERR_REDIRECT] [Fatal Error] :1:1: Premature end of file.
2026-05-04 13:10:09,416 [ERROR] LogOutputStream:75 - [STDERR_REDIRECT] 
2026-05-04 13:10:10,394 [ERROR] LogOutputStream:75 - [STDERR_REDIRECT] [Fatal Error] :1:1: Premature end of file.
2026-05-04 13:10:10,394 [ERROR] LogOutputStream:75 - [STDERR_REDIRECT] 
2026-05-04 13:10:11,394 [ERROR] LogOutputStream:75 - [STDERR_REDIRECT] [Fatal Error] :1:1: Premature end of file.
2026-05-04 13:10:11,394 [ERROR] LogOutputStream:75 - [STDERR_REDIRECT] 
2026-05-04 13:10:12,406 [ERROR] LogOutputStream:75 - [STDERR_REDIRECT] [Fatal Error] :1:1: Premature end of file.
2026-05-04 13:10:12,406 [ERROR] LogOutputStream:75 - [STDERR_REDIRECT] 
2026-05-04 13:10:13,395 [ERROR] LogOutputStream:75 - [STDERR_REDIRECT] [Fatal Error] :1:1: Premature end of file.
2026-05-04 13:10:13,395 [ERROR] LogOutputStream:75 - [STDERR_REDIRECT] 
2026-05-04 13:10:14,430 [ERROR] LogOutputStream:75 - [STDERR_REDIRECT] [Fatal Error] :1:1: Premature end of file.
2026-05-04 13:10:14,430 [ERROR] LogOutputStream:75 - [STDERR_REDIRECT] 
2026-05-04 13:10:15,426 [ERROR] LogOutputStream:75 - [STDERR_REDIRECT] [Fatal Error] :1:1: Premature end of file.
2026-05-04 13:10:15,426 [ERROR] LogOutputStream:75 - [STDERR_REDIRECT] 
2026-05-04 13:10:16,385 [ERROR] LogOutputStream:75 - [STDERR_REDIRECT] [Fatal Error] :1:1: Premature end of file.
2026-05-04 13:10:16,385 [ERROR] LogOutputStream:75 - [STDERR_REDIRECT] 
2026-05-04 13:10:17,415 [ERROR] LogOutputStream:75 - [STDERR_REDIRECT] [Fatal Error] :1:1: Premature end of file.
2026-05-04 13:10:17,415 [ERROR] LogOutputStream:75 - [STDERR_REDIRECT] 
2026-05-04 13:10:18,391 [ERROR] LogOutputStream:75 - [STDERR_REDIRECT] [Fatal Error] :1:1: Premature end of file.
2026-05-04 13:10:18,392 [ERROR] LogOutputStream:75 - [STDERR_REDIRECT] 
2026-05-04 13:10:19,394 [ERROR] LogOutputStream:75 - [STDERR_REDIRECT] [Fatal Error] :1:1: Premature end of file.
2026-05-04 13:10:19,394 [ERROR] LogOutputStream:75 - [STDERR_REDIRECT] 
2026-05-04 13:10:20,396 [ERROR] LogOutputStream:75 - [STDERR_REDIRECT] [Fatal Error] :1:1: Premature end of file.
2026-05-04 13:10:20,396 [ERROR] LogOutputStream:75 - [STDERR_REDIRECT] 
2026-05-04 13:10:21,388 [ERROR] LogOutputStream:75 - [STDERR_REDIRECT] [Fatal Error] :1:1: Premature end of file.
2026-05-04 13:10:21,388 [ERROR] LogOutputStream:75 - [STDERR_REDIRECT] 
2026-05-04 13:10:22,387 [ERROR] LogOutputStream:75 - [STDERR_REDIRECT] [Fatal Error] :1:1: Premature end of file.
2026-05-04 13:10:22,387 [ERROR] LogOutputStream:75 - [STDERR_REDIRECT] 
2026-05-04 13:10:23,382 [ERROR] LogOutputStream:75 - [STDERR_REDIRECT] [Fatal Error] :1:1: Premature end of file.
2026-05-04 13:10:23,382 [ERROR] LogOutputStream:75 - [STDERR_REDIRECT] 
2026-05-04 13:10:24,398 [ERROR] LogOutputStream:75 - [STDERR_REDIRECT] [Fatal Error] :1:1: Premature end of file.
2026-05-04 13:10:24,399 [ERROR] LogOutputStream:75 - [STDERR_REDIRECT] 
2026-05-04 13:10:25,388 [ERROR] LogOutputStream:75 - [STDERR_REDIRECT] [Fatal Error] :1:1: Premature end of file.
2026-05-04 13:10:25,388 [ERROR] LogOutputStream:75 - [STDERR_REDIRECT] 
2026-05-04 13:10:26,400 [ERROR] LogOutputStream:75 - [STDERR_REDIRECT] [Fatal Error] :1:1: Premature end of file.
2026-05-04 13:10:26,400 [ERROR] LogOutputStream:75 - [STDERR_REDIRECT] 
2026-05-04 13:10:27,387 [ERROR] LogOutputStream:75 - [STDERR_REDIRECT] [Fatal Error] :1:1: Premature end of file.
2026-05-04 13:10:27,387 [ERROR] LogOutputStream:75 - [STDERR_REDIRECT] 
2026-05-04 13:10:28,388 [ERROR] LogOutputStream:75 - [STDERR_REDIRECT] [Fatal Error] :1:1: Premature end of file.
2026-05-04 13:10:28,388 [ERROR] LogOutputStream:75 - [STDERR_REDIRECT] 
2026-05-04 13:10:29,389 [ERROR] LogOutputStream:75 - [STDERR_REDIRECT] [Fatal Error] :1:1: Premature end of file.
2026-05-04 13:10:29,389 [ERROR] LogOutputStream:75 - [STDERR_REDIRECT] 
2026-05-04 13:10:30,391 [ERROR] LogOutputStream:75 - [STDERR_REDIRECT] [Fatal Error] :1:1: Premature end of file.
2026-05-04 13:10:30,391 [ERROR] LogOutputStream:75 - [STDERR_REDIRECT] 
2026-05-04 13:10:31,402 [ERROR] LogOutputStream:75 - [STDERR_REDIRECT] [Fatal Error] :1:1: Premature end of file.
2026-05-04 13:10:31,402 [ERROR] LogOutputStream:75 - [STDERR_REDIRECT] 
2026-05-04 13:10:32,400 [ERROR] LogOutputStream:75 - [STDERR_REDIRECT] [Fatal Error] :1:1: Premature end of file.
2026-05-04 13:10:32,400 [ERROR] LogOutputStream:75 - [STDERR_REDIRECT] 
2026-05-04 13:10:33,386 [ERROR] LogOutputStream:75 - [STDERR_REDIRECT] [Fatal Error] :1:1: Premature end of file.
2026-05-04 13:10:33,386 [ERROR] LogOutputStream:75 - [STDERR_REDIRECT] 
2026-05-04 13:10:34,404 [ERROR] LogOutputStream:75 - [STDERR_REDIRECT] [Fatal Error] :1:1: Premature end of file.
2026-05-04 13:10:34,404 [ERROR] LogOutputStream:75 - [STDERR_REDIRECT] 
2026-05-04 13:10:35,395 [ERROR] LogOutputStream:75 - [STDERR_REDIRECT] [Fatal Error] :1:1: Premature end of file.
2026-05-04 13:10:35,395 [ERROR] LogOutputStream:75 - [STDERR_REDIRECT] 
2026-05-04 13:10:36,382 [ERROR] LogOutputStream:75 - [STDERR_REDIRECT] [Fatal Error] :1:1: Premature end of file.
2026-05-04 13:10:36,382 [ERROR] LogOutputStream:75 - [STDERR_REDIRECT] 
2026-05-04 13:10:37,396 [ERROR] LogOutputStream:75 - [STDERR_REDIRECT] [Fatal Error] :1:1: Premature end of file.
2026-05-04 13:10:37,396 [ERROR] LogOutputStream:75 - [STDERR_REDIRECT] 
2026-05-04 13:10:38,413 [ERROR] LogOutputStream:75 - [STDERR_REDIRECT] [Fatal Error] :1:1: Premature end of file.
2026-05-04 13:10:38,413 [ERROR] LogOutputStream:75 - [STDERR_REDIRECT] 
2026-05-04 13:10:39,393 [ERROR] LogOutputStream:75 - [STDERR_REDIRECT] [Fatal Error] :1:1: Premature end of file.
2026-05-04 13:10:39,393 [ERROR] LogOutputStream:75 - [STDERR_REDIRECT] 
2026-05-04 13:10:40,413 [ERROR] LogOutputStream:75 - [STDERR_REDIRECT] [Fatal Error] :1:1: Premature end of file.
2026-05-04 13:10:40,413 [ERROR] LogOutputStream:75 - [STDERR_REDIRECT] 
2026-05-04 13:10:41,405 [ERROR] LogOutputStream:75 - [STDERR_REDIRECT] [Fatal Error] :1:1: Premature end of file.
2026-05-04 13:10:41,405 [ERROR] LogOutputStream:75 - [STDERR_REDIRECT] 
2026-05-04 13:10:42,396 [ERROR] LogOutputStream:75 - [STDERR_REDIRECT] [Fatal Error] :1:1: Premature end of file.
2026-05-04 13:10:42,396 [ERROR] LogOutputStream:75 - [STDERR_REDIRECT] 
2026-05-04 13:10:43,398 [ERROR] LogOutputStream:75 - [STDERR_REDIRECT] [Fatal Error] :1:1: Premature end of file.
2026-05-04 13:10:43,398 [ERROR] LogOutputStream:75 - [STDERR_REDIRECT] 
2026-05-04 13:10:44,396 [ERROR] LogOutputStream:75 - [STDERR_REDIRECT] [Fatal Error] :1:1: Premature end of file.
2026-05-04 13:10:44,396 [ERROR] LogOutputStream:75 - [STDERR_REDIRECT] 
2026-05-04 13:10:45,393 [ERROR] LogOutputStream:75 - [STDERR_REDIRECT] [Fatal Error] :1:1: Premature end of file.
2026-05-04 13:10:45,393 [ERROR] LogOutputStream:75 - [STDERR_REDIRECT] 
2026-05-04 13:10:46,432 [ERROR] LogOutputStream:75 - [STDERR_REDIRECT] [Fatal Error] :1:1: Premature end of file.
2026-05-04 13:10:46,432 [ERROR] LogOutputStream:75 - [STDERR_REDIRECT] 
2026-05-04 13:10:47,391 [ERROR] LogOutputStream:75 - [STDERR_REDIRECT] [Fatal Error] :1:1: Premature end of file.
2026-05-04 13:10:47,391 [ERROR] LogOutputStream:75 - [STDERR_REDIRECT] 
2026-05-04 13:10:48,398 [ERROR] LogOutputStream:75 - [STDERR_REDIRECT] [Fatal Error] :1:1: Premature end of file.
2026-05-04 13:10:48,398 [ERROR] LogOutputStream:75 - [STDERR_REDIRECT] 
2026-05-04 13:10:49,394 [ERROR] LogOutputStream:75 - [STDERR_REDIRECT] [Fatal Error] :1:1: Premature end of file.
2026-05-04 13:10:49,395 [ERROR] LogOutputStream:75 - [STDERR_REDIRECT] 
2026-05-04 13:10:50,396 [ERROR] LogOutputStream:75 - [STDERR_REDIRECT] [Fatal Error] :1:1: Premature end of file.
2026-05-04 13:10:50,396 [ERROR] LogOutputStream:75 - [STDERR_REDIRECT] 
2026-05-04 13:10:51,395 [ERROR] LogOutputStream:75 - [STDERR_REDIRECT] [Fatal Error] :1:1: Premature end of file.
2026-05-04 13:10:51,395 [ERROR] LogOutputStream:75 - [STDERR_REDIRECT] 
2026-05-04 13:10:52,395 [ERROR] LogOutputStream:75 - [STDERR_REDIRECT] [Fatal Error] :1:1: Premature end of file.
2026-05-04 13:10:52,395 [ERROR] LogOutputStream:75 - [STDERR_REDIRECT] 
2026-05-04 13:10:53,395 [ERROR] LogOutputStream:75 - [STDERR_REDIRECT] [Fatal Error] :1:1: Premature end of file.
2026-05-04 13:10:53,395 [ERROR] LogOutputStream:75 - [STDERR_REDIRECT] 
2026-05-04 13:10:54,422 [ERROR] LogOutputStream:75 - [STDERR_REDIRECT] [Fatal Error] :1:1: Premature end of file.
2026-05-04 13:10:54,422 [ERROR] LogOutputStream:75 - [STDERR_REDIRECT] 
2026-05-04 13:10:55,421 [ERROR] LogOutputStream:75 - [STDERR_REDIRECT] [Fatal Error] :1:1: Premature end of file.
2026-05-04 13:10:55,421 [ERROR] LogOutputStream:75 - [STDERR_REDIRECT] 
2026-05-04 13:10:56,395 [ERROR] LogOutputStream:75 - [STDERR_REDIRECT] [Fatal Error] :1:1: Premature end of file.
2026-05-04 13:10:56,395 [ERROR] LogOutputStream:75 - [STDERR_REDIRECT] 
2026-05-04 13:10:57,404 [ERROR] LogOutputStream:75 - [STDERR_REDIRECT] [Fatal Error] :1:1: Premature end of file.
2026-05-04 13:10:57,404 [ERROR] LogOutputStream:75 - [STDERR_REDIRECT] 
2026-05-04 13:10:58,389 [ERROR] LogOutputStream:75 - [STDERR_REDIRECT] [Fatal Error] :1:1: Premature end of file.
2026-05-04 13:10:58,389 [ERROR] LogOutputStream:75 - [STDERR_REDIRECT] 
2026-05-04 13:10:59,394 [ERROR] LogOutputStream:75 - [STDERR_REDIRECT] [Fatal Error] :1:1: Premature end of file.
2026-05-04 13:10:59,394 [ERROR] LogOutputStream:75 - [STDERR_REDIRECT] 
2026-05-04 13:11:00,400 [ERROR] LogOutputStream:75 - [STDERR_REDIRECT] [Fatal Error] :1:1: Premature end of file.
2026-05-04 13:11:00,400 [ERROR] LogOutputStream:75 - [STDERR_REDIRECT] 
2026-05-04 13:11:01,383 [ERROR] LogOutputStream:75 - [STDERR_REDIRECT] [Fatal Error] :1:1: Premature end of file.
2026-05-04 13:11:01,383 [ERROR] LogOutputStream:75 - [STDERR_REDIRECT] 
2026-05-04 13:11:02,412 [ERROR] LogOutputStream:75 - [STDERR_REDIRECT] [Fatal Error] :1:1: Premature end of file.
2026-05-04 13:11:02,412 [ERROR] LogOutputStream:75 - [STDERR_REDIRECT] 
2026-05-04 13:11:03,400 [ERROR] LogOutputStream:75 - [STDERR_REDIRECT] [Fatal Error] :1:1: Premature end of file.
2026-05-04 13:11:03,400 [ERROR] LogOutputStream:75 - [STDERR_REDIRECT] 
2026-05-04 13:11:04,388 [ERROR] LogOutputStream:75 - [STDERR_REDIRECT] [Fatal Error] :1:1: Premature end of file.
2026-05-04 13:11:04,388 [ERROR] LogOutputStream:75 - [STDERR_REDIRECT] 
2026-05-04 13:11:05,405 [ERROR] LogOutputStream:75 - [STDERR_REDIRECT] [Fatal Error] :1:1: Premature end of file.
2026-05-04 13:11:05,405 [ERROR] LogOutputStream:75 - [STDERR_REDIRECT] 
2026-05-04 13:11:06,407 [ERROR] LogOutputStream:75 - [STDERR_REDIRECT] [Fatal Error] :1:1: Premature end of file.
2026-05-04 13:11:06,407 [ERROR] LogOutputStream:75 - [STDERR_REDIRECT] 
2026-05-04 13:11:07,413 [ERROR] LogOutputStream:75 - [STDERR_REDIRECT] [Fatal Error] :1:1: Premature end of file.
2026-05-04 13:11:07,413 [ERROR] LogOutputStream:75 - [STDERR_REDIRECT] 
2026-05-04 13:11:08,398 [ERROR] LogOutputStream:75 - [STDERR_REDIRECT] [Fatal Error] :1:1: Premature end of file.
2026-05-04 13:11:08,398 [ERROR] LogOutputStream:75 - [STDERR_REDIRECT] 
2026-05-04 13:11:09,410 [ERROR] LogOutputStream:75 - [STDERR_REDIRECT] [Fatal Error] :1:1: Premature end of file.
2026-05-04 13:11:09,410 [ERROR] LogOutputStream:75 - [STDERR_REDIRECT] 
2026-05-04 13:11:10,405 [ERROR] LogOutputStream:75 - [STDERR_REDIRECT] [Fatal Error] :1:1: Premature end of file.
2026-05-04 13:11:10,405 [ERROR] LogOutputStream:75 - [STDERR_REDIRECT] 
2026-05-04 13:11:11,393 [ERROR] LogOutputStream:75 - [STDERR_REDIRECT] [Fatal Error] :1:1: Premature end of file.
2026-05-04 13:11:11,393 [ERROR] LogOutputStream:75 - [STDERR_REDIRECT] 
2026-05-04 13:11:12,428 [ERROR] LogOutputStream:75 - [STDERR_REDIRECT] [Fatal Error] :1:1: Premature end of file.
2026-05-04 13:11:12,428 [ERROR] LogOutputStream:75 - [STDERR_REDIRECT] 
2026-05-04 13:11:13,399 [ERROR] LogOutputStream:75 - [STDERR_REDIRECT] [Fatal Error] :1:1: Premature end of file.
2026-05-04 13:11:13,399 [ERROR] LogOutputStream:75 - [STDERR_REDIRECT] 
2026-05-04 13:11:14,400 [ERROR] LogOutputStream:75 - [STDERR_REDIRECT] [Fatal Error] :1:1: Premature end of file.
2026-05-04 13:11:14,400 [ERROR] LogOutputStream:75 - [STDERR_REDIRECT] 
2026-05-04 13:11:15,394 [ERROR] LogOutputStream:75 - [STDERR_REDIRECT] [Fatal Error] :1:1: Premature end of file.
2026-05-04 13:11:15,394 [ERROR] LogOutputStream:75 - [STDERR_REDIRECT] 
2026-05-04 13:11:16,409 [ERROR] LogOutputStream:75 - [STDERR_REDIRECT] [Fatal Error] :1:1: Premature end of file.
2026-05-04 13:11:16,409 [ERROR] LogOutputStream:75 - [STDERR_REDIRECT] 
2026-05-04 13:11:17,387 [ERROR] LogOutputStream:75 - [STDERR_REDIRECT] [Fatal Error] :1:1: Premature end of file.
2026-05-04 13:11:17,387 [ERROR] LogOutputStream:75 - [STDERR_REDIRECT] 
2026-05-04 13:11:18,407 [ERROR] LogOutputStream:75 - [STDERR_REDIRECT] [Fatal Error] :1:1: Premature end of file.
2026-05-04 13:11:18,407 [ERROR] LogOutputStream:75 - [STDERR_REDIRECT] 
2026-05-04 13:11:19,408 [ERROR] LogOutputStream:75 - [STDERR_REDIRECT] [Fatal Error] :1:1: Premature end of file.
2026-05-04 13:11:19,447 [ERROR] LogOutputStream:75 - [STDERR_REDIRECT] 
2026-05-04 13:11:20,401 [ERROR] LogOutputStream:75 - [STDERR_REDIRECT] [Fatal Error] :1:1: Premature end of file.
2026-05-04 13:11:20,401 [ERROR] LogOutputStream:75 - [STDERR_REDIRECT] 
2026-05-04 13:11:21,398 [ERROR] LogOutputStream:75 - [STDERR_REDIRECT] [Fatal Error] :1:1: Premature end of file.
2026-05-04 13:11:21,399 [ERROR] LogOutputStream:75 - [STDERR_REDIRECT] 
2026-05-04 13:11:22,403 [ERROR] LogOutputStream:75 - [STDERR_REDIRECT] [Fatal Error] :1:1: Premature end of file.
2026-05-04 13:11:22,403 [ERROR] LogOutputStream:75 - [STDERR_REDIRECT] 
2026-05-04 13:11:23,385 [ERROR] LogOutputStream:75 - [STDERR_REDIRECT] [Fatal Error] :1:1: Premature end of file.
2026-05-04 13:11:23,385 [ERROR] LogOutputStream:75 - [STDERR_REDIRECT] 
2026-05-04 13:11:24,403 [ERROR] LogOutputStream:75 - [STDERR_REDIRECT] [Fatal Error] :1:1: Premature end of file.
2026-05-04 13:11:24,403 [ERROR] LogOutputStream:75 - [STDERR_REDIRECT] 
2026-05-04 13:11:25,403 [ERROR] LogOutputStream:75 - [STDERR_REDIRECT] [Fatal Error] :1:1: Premature end of file.
2026-05-04 13:11:25,403 [ERROR] LogOutputStream:75 - [STDERR_REDIRECT] 
2026-05-04 13:11:26,418 [ERROR] LogOutputStream:75 - [STDERR_REDIRECT] [Fatal Error] :1:1: Premature end of file.
2026-05-04 13:11:26,419 [ERROR] LogOutputStream:75 - [STDERR_REDIRECT] 
2026-05-04 13:11:27,412 [ERROR] LogOutputStream:75 - [STDERR_REDIRECT] [Fatal Error] :1:1: Premature end of file.
2026-05-04 13:11:27,412 [ERROR] LogOutputStream:75 - [STDERR_REDIRECT] 
2026-05-04 13:11:28,402 [ERROR] LogOutputStream:75 - [STDERR_REDIRECT] [Fatal Error] :1:1: Premature end of file.
2026-05-04 13:11:28,403 [ERROR] LogOutputStream:75 - [STDERR_REDIRECT] 
2026-05-04 13:11:29,404 [ERROR] LogOutputStream:75 - [STDERR_REDIRECT] [Fatal Error] :1:1: Premature end of file.
2026-05-04 13:11:29,404 [ERROR] LogOutputStream:75 - [STDERR_REDIRECT] 
2026-05-04 13:11:30,400 [ERROR] LogOutputStream:75 - [STDERR_REDIRECT] [Fatal Error] :1:1: Premature end of file.
2026-05-04 13:11:30,400 [ERROR] LogOutputStream:75 - [STDERR_REDIRECT] 
2026-05-04 13:11:31,409 [ERROR] LogOutputStream:75 - [STDERR_REDIRECT] [Fatal Error] :1:1: Premature end of file.
2026-05-04 13:11:31,409 [ERROR] LogOutputStream:75 - [STDERR_REDIRECT] 
2026-05-04 13:11:32,407 [ERROR] LogOutputStream:75 - [STDERR_REDIRECT] [Fatal Error] :1:1: Premature end of file.
2026-05-04 13:11:32,407 [ERROR] LogOutputStream:75 - [STDERR_REDIRECT] 
2026-05-04 13:11:33,408 [ERROR] LogOutputStream:75 - [STDERR_REDIRECT] [Fatal Error] :1:1: Premature end of file.
2026-05-04 13:11:33,408 [ERROR] LogOutputStream:75 - [STDERR_REDIRECT] 
2026-05-04 13:11:34,401 [ERROR] LogOutputStream:75 - [STDERR_REDIRECT] [Fatal Error] :1:1: Premature end of file.
2026-05-04 13:11:34,401 [ERROR] LogOutputStream:75 - [STDERR_REDIRECT] 
2026-05-04 13:11:35,402 [ERROR] LogOutputStream:75 - [STDERR_REDIRECT] [Fatal Error] :1:1: Premature end of file.
2026-05-04 13:11:35,402 [ERROR] LogOutputStream:75 - [STDERR_REDIRECT] 
2026-05-04 13:11:36,387 [ERROR] LogOutputStream:75 - [STDERR_REDIRECT] [Fatal Error] :1:1: Premature end of file.
2026-05-04 13:11:36,387 [ERROR] LogOutputStream:75 - [STDERR_REDIRECT] 
2026-05-04 13:11:37,396 [ERROR] LogOutputStream:75 - [STDERR_REDIRECT] [Fatal Error] :1:1: Premature end of file.
2026-05-04 13:11:37,396 [ERROR] LogOutputStream:75 - [STDERR_REDIRECT] 
2026-05-04 13:11:38,401 [ERROR] LogOutputStream:75 - [STDERR_REDIRECT] [Fatal Error] :1:1: Premature end of file.
2026-05-04 13:11:38,401 [ERROR] LogOutputStream:75 - [STDERR_REDIRECT] 
2026-05-04 13:11:39,392 [ERROR] LogOutputStream:75 - [STDERR_REDIRECT] [Fatal Error] :1:1: Premature end of file.
2026-05-04 13:11:39,392 [ERROR] LogOutputStream:75 - [STDERR_REDIRECT] 
2026-05-04 13:11:40,390 [ERROR] LogOutputStream:75 - [STDERR_REDIRECT] [Fatal Error] :1:1: Premature end of file.
2026-05-04 13:11:40,390 [ERROR] LogOutputStream:75 - [STDERR_REDIRECT] 
2026-05-04 13:11:41,391 [ERROR] LogOutputStream:75 - [STDERR_REDIRECT] [Fatal Error] :1:1: Premature end of file.
2026-05-04 13:11:41,391 [ERROR] LogOutputStream:75 - [STDERR_REDIRECT] 
2026-05-04 13:11:42,394 [ERROR] LogOutputStream:75 - [STDERR_REDIRECT] [Fatal Error] :1:1: Premature end of file.
2026-05-04 13:11:42,394 [ERROR] LogOutputStream:75 - [STDERR_REDIRECT] 
2026-05-04 13:11:43,394 [ERROR] LogOutputStream:75 - [STDERR_REDIRECT] [Fatal Error] :1:1: Premature end of file.
2026-05-04 13:11:43,394 [ERROR] LogOutputStream:75 - [STDERR_REDIRECT] 
2026-05-04 13:11:44,402 [ERROR] LogOutputStream:75 - [STDERR_REDIRECT] [Fatal Error] :1:1: Premature end of file.
2026-05-04 13:11:44,402 [ERROR] LogOutputStream:75 - [STDERR_REDIRECT] 
2026-05-04 13:11:45,399 [ERROR] LogOutputStream:75 - [STDERR_REDIRECT] [Fatal Error] :1:1: Premature end of file.
2026-05-04 13:11:45,399 [ERROR] LogOutputStream:75 - [STDERR_REDIRECT] 
2026-05-04 13:11:46,402 [ERROR] LogOutputStream:75 - [STDERR_REDIRECT] [Fatal Error] :1:1: Premature end of file.
2026-05-04 13:11:46,402 [ERROR] LogOutputStream:75 - [STDERR_REDIRECT] 
2026-05-04 13:11:47,408 [ERROR] LogOutputStream:75 - [STDERR_REDIRECT] [Fatal Error] :1:1: Premature end of file.
2026-05-04 13:11:47,408 [ERROR] LogOutputStream:75 - [STDERR_REDIRECT] 
2026-05-04 13:11:48,407 [ERROR] LogOutputStream:75 - [STDERR_REDIRECT] [Fatal Error] :1:1: Premature end of file.
2026-05-04 13:11:48,407 [ERROR] LogOutputStream:75 - [STDERR_REDIRECT] 
2026-05-04 13:11:49,408 [ERROR] LogOutputStream:75 - [STDERR_REDIRECT] [Fatal Error] :1:1: Premature end of file.
2026-05-04 13:11:49,408 [ERROR] LogOutputStream:75 - [STDERR_REDIRECT] 
2026-05-04 13:11:50,405 [ERROR] LogOutputStream:75 - [STDERR_REDIRECT] [Fatal Error] :1:1: Premature end of file.
2026-05-04 13:11:50,405 [ERROR] LogOutputStream:75 - [STDERR_REDIRECT] 
2026-05-04 13:11:51,402 [ERROR] LogOutputStream:75 - [STDERR_REDIRECT] [Fatal Error] :1:1: Premature end of file.
2026-05-04 13:11:51,402 [ERROR] LogOutputStream:75 - [STDERR_REDIRECT] 
2026-05-04 13:11:52,403 [ERROR] LogOutputStream:75 - [STDERR_REDIRECT] [Fatal Error] :1:1: Premature end of file.
2026-05-04 13:11:52,403 [ERROR] LogOutputStream:75 - [STDERR_REDIRECT] 
2026-05-04 13:11:53,397 [ERROR] LogOutputStream:75 - [STDERR_REDIRECT] [Fatal Error] :1:1: Premature end of file.
2026-05-04 13:11:53,397 [ERROR] LogOutputStream:75 - [STDERR_REDIRECT] 
2026-05-04 13:11:54,400 [ERROR] LogOutputStream:75 - [STDERR_REDIRECT] [Fatal Error] :1:1: Premature end of file.
2026-05-04 13:11:54,400 [ERROR] LogOutputStream:75 - [STDERR_REDIRECT] 
2026-05-04 13:11:55,417 [ERROR] LogOutputStream:75 - [STDERR_REDIRECT] [Fatal Error] :1:1: Premature end of file.
2026-05-04 13:11:55,417 [ERROR] LogOutputStream:75 - [STDERR_REDIRECT] 
2026-05-04 13:11:56,399 [ERROR] LogOutputStream:75 - [STDERR_REDIRECT] [Fatal Error] :1:1: Premature end of file.
2026-05-04 13:11:56,399 [ERROR] LogOutputStream:75 - [STDERR_REDIRECT] 
2026-05-04 13:11:57,394 [ERROR] LogOutputStream:75 - [STDERR_REDIRECT] [Fatal Error] :1:1: Premature end of file.
2026-05-04 13:11:57,394 [ERROR] LogOutputStream:75 - [STDERR_REDIRECT] 
2026-05-04 13:11:58,397 [ERROR] LogOutputStream:75 - [STDERR_REDIRECT] [Fatal Error] :1:1: Premature end of file.
2026-05-04 13:11:58,397 [ERROR] LogOutputStream:75 - [STDERR_REDIRECT] 
2026-05-04 13:11:59,425 [ERROR] LogOutputStream:75 - [STDERR_REDIRECT] [Fatal Error] :1:1: Premature end of file.
2026-05-04 13:11:59,425 [ERROR] LogOutputStream:75 - [STDERR_REDIRECT] 
2026-05-04 13:12:00,394 [ERROR] LogOutputStream:75 - [STDERR_REDIRECT] [Fatal Error] :1:1: Premature end of file.
2026-05-04 13:12:00,394 [ERROR] LogOutputStream:75 - [STDERR_REDIRECT] 
2026-05-04 13:12:01,396 [ERROR] LogOutputStream:75 - [STDERR_REDIRECT] [Fatal Error] :1:1: Premature end of file.
2026-05-04 13:12:01,396 [ERROR] LogOutputStream:75 - [STDERR_REDIRECT] 
2026-05-04 13:12:02,436 [ERROR] LogOutputStream:75 - [STDERR_REDIRECT] [Fatal Error] :1:1: Premature end of file.
2026-05-04 13:12:02,436 [ERROR] LogOutputStream:75 - [STDERR_REDIRECT] 
2026-05-04 13:12:03,389 [ERROR] LogOutputStream:75 - [STDERR_REDIRECT] [Fatal Error] :1:1: Premature end of file.
2026-05-04 13:12:03,389 [ERROR] LogOutputStream:75 - [STDERR_REDIRECT] 
2026-05-04 13:12:04,396 [ERROR] LogOutputStream:75 - [STDERR_REDIRECT] [Fatal Error] :1:1: Premature end of file.
2026-05-04 13:12:04,396 [ERROR] LogOutputStream:75 - [STDERR_REDIRECT] 
2026-05-04 13:12:05,390 [ERROR] LogOutputStream:75 - [STDERR_REDIRECT] [Fatal Error] :1:1: Premature end of file.
2026-05-04 13:12:05,390 [ERROR] LogOutputStream:75 - [STDERR_REDIRECT] 
2026-05-04 13:12:06,391 [ERROR] LogOutputStream:75 - [STDERR_REDIRECT] [Fatal Error] :1:1: Premature end of file.
2026-05-04 13:12:06,391 [ERROR] LogOutputStream:75 - [STDERR_REDIRECT] 
2026-05-04 13:12:07,395 [ERROR] LogOutputStream:75 - [STDERR_REDIRECT] [Fatal Error] :1:1: Premature end of file.
2026-05-04 13:12:07,395 [ERROR] LogOutputStream:75 - [STDERR_REDIRECT] 
2026-05-04 13:12:08,389 [ERROR] LogOutputStream:75 - [STDERR_REDIRECT] [Fatal Error] :1:1: Premature end of file.
2026-05-04 13:12:08,389 [ERROR] LogOutputStream:75 - [STDERR_REDIRECT] 
2026-05-04 13:12:09,403 [ERROR] LogOutputStream:75 - [STDERR_REDIRECT] [Fatal Error] :1:1: Premature end of file.
2026-05-04 13:12:09,403 [ERROR] LogOutputStream:75 - [STDERR_REDIRECT] 
2026-05-04 13:12:10,396 [ERROR] LogOutputStream:75 - [STDERR_REDIRECT] [Fatal Error] :1:1: Premature end of file.
2026-05-04 13:12:10,396 [ERROR] LogOutputStream:75 - [STDERR_REDIRECT] 
2026-05-04 13:12:11,393 [ERROR] LogOutputStream:75 - [STDERR_REDIRECT] [Fatal Error] :1:1: Premature end of file.
2026-05-04 13:12:11,393 [ERROR] LogOutputStream:75 - [STDERR_REDIRECT] 
2026-05-04 13:12:12,404 [ERROR] LogOutputStream:75 - [STDERR_REDIRECT] [Fatal Error] :1:1: Premature end of file.
2026-05-04 13:12:12,404 [ERROR] LogOutputStream:75 - [STDERR_REDIRECT] 
2026-05-04 13:12:13,388 [ERROR] LogOutputStream:75 - [STDERR_REDIRECT] [Fatal Error] :1:1: Premature end of file.
2026-05-04 13:12:13,388 [ERROR] LogOutputStream:75 - [STDERR_REDIRECT] 
2026-05-04 13:12:14,387 [ERROR] LogOutputStream:75 - [STDERR_REDIRECT] [Fatal Error] :1:1: Premature end of file.
2026-05-04 13:12:14,388 [ERROR] LogOutputStream:75 - [STDERR_REDIRECT] 
2026-05-04 13:12:15,389 [ERROR] LogOutputStream:75 - [STDERR_REDIRECT] [Fatal Error] :1:1: Premature end of file.
2026-05-04 13:12:15,389 [ERROR] LogOutputStream:75 - [STDERR_REDIRECT] 
2026-05-04 13:12:16,391 [ERROR] LogOutputStream:75 - [STDERR_REDIRECT] [Fatal Error] :1:1: Premature end of file.
2026-05-04 13:12:16,391 [ERROR] LogOutputStream:75 - [STDERR_REDIRECT] 
2026-05-04 13:12:17,386 [ERROR] LogOutputStream:75 - [STDERR_REDIRECT] [Fatal Error] :1:1: Premature end of file.
2026-05-04 13:12:17,386 [ERROR] LogOutputStream:75 - [STDERR_REDIRECT] 
2026-05-04 13:12:18,383 [ERROR] LogOutputStream:75 - [STDERR_REDIRECT] [Fatal Error] :1:1: Premature end of file.
2026-05-04 13:12:18,383 [ERROR] LogOutputStream:75 - [STDERR_REDIRECT] 
2026-05-04 13:12:19,389 [ERROR] LogOutputStream:75 - [STDERR_REDIRECT] [Fatal Error] :1:1: Premature end of file.
2026-05-04 13:12:19,389 [ERROR] LogOutputStream:75 - [STDERR_REDIRECT] 
2026-05-04 13:12:20,392 [ERROR] LogOutputStream:75 - [STDERR_REDIRECT] [Fatal Error] :1:1: Premature end of file.
2026-05-04 13:12:20,392 [ERROR] LogOutputStream:75 - [STDERR_REDIRECT] 
2026-05-04 13:12:21,406 [ERROR] LogOutputStream:75 - [STDERR_REDIRECT] [Fatal Error] :1:1: Premature end of file.
2026-05-04 13:12:21,406 [ERROR] LogOutputStream:75 - [STDERR_REDIRECT] 
2026-05-04 13:12:22,394 [ERROR] LogOutputStream:75 - [STDERR_REDIRECT] [Fatal Error] :1:1: Premature end of file.
2026-05-04 13:12:22,394 [ERROR] LogOutputStream:75 - [STDERR_REDIRECT] 
2026-05-04 13:12:23,393 [ERROR] LogOutputStream:75 - [STDERR_REDIRECT] [Fatal Error] :1:1: Premature end of file.
2026-05-04 13:12:23,393 [ERROR] LogOutputStream:75 - [STDERR_REDIRECT] 
2026-05-04 13:12:24,404 [ERROR] LogOutputStream:75 - [STDERR_REDIRECT] [Fatal Error] :1:1: Premature end of file.
2026-05-04 13:12:24,404 [ERROR] LogOutputStream:75 - [STDERR_REDIRECT] 
2026-05-04 13:12:25,391 [ERROR] LogOutputStream:75 - [STDERR_REDIRECT] [Fatal Error] :1:1: Premature end of file.
2026-05-04 13:12:25,391 [ERROR] LogOutputStream:75 - [STDERR_REDIRECT] 
2026-05-04 13:12:26,391 [ERROR] LogOutputStream:75 - [STDERR_REDIRECT] [Fatal Error] :1:1: Premature end of file.
2026-05-04 13:12:26,392 [ERROR] LogOutputStream:75 - [STDERR_REDIRECT] 
2026-05-04 13:12:27,386 [ERROR] LogOutputStream:75 - [STDERR_REDIRECT] [Fatal Error] :1:1: Premature end of file.
2026-05-04 13:12:27,387 [ERROR] LogOutputStream:75 - [STDERR_REDIRECT] 
2026-05-04 13:12:28,389 [ERROR] LogOutputStream:75 - [STDERR_REDIRECT] [Fatal Error] :1:1: Premature end of file.
2026-05-04 13:12:28,389 [ERROR] LogOutputStream:75 - [STDERR_REDIRECT] 
2026-05-04 13:12:29,425 [ERROR] LogOutputStream:75 - [STDERR_REDIRECT] [Fatal Error] :1:1: Premature end of file.
2026-05-04 13:12:29,425 [ERROR] LogOutputStream:75 - [STDERR_REDIRECT] 
2026-05-04 13:12:30,412 [ERROR] LogOutputStream:75 - [STDERR_REDIRECT] [Fatal Error] :1:1: Premature end of file.
2026-05-04 13:12:30,412 [ERROR] LogOutputStream:75 - [STDERR_REDIRECT] 
2026-05-04 13:12:31,394 [ERROR] LogOutputStream:75 - [STDERR_REDIRECT] [Fatal Error] :1:1: Premature end of file.
2026-05-04 13:12:31,394 [ERROR] LogOutputStream:75 - [STDERR_REDIRECT] 
2026-05-04 13:12:32,393 [ERROR] LogOutputStream:75 - [STDERR_REDIRECT] [Fatal Error] :1:1: Premature end of file.
2026-05-04 13:12:32,393 [ERROR] LogOutputStream:75 - [STDERR_REDIRECT] 
2026-05-04 13:12:33,390 [ERROR] LogOutputStream:75 - [STDERR_REDIRECT] [Fatal Error] :1:1: Premature end of file.
2026-05-04 13:12:33,390 [ERROR] LogOutputStream:75 - [STDERR_REDIRECT] 
2026-05-04 13:12:34,391 [ERROR] LogOutputStream:75 - [STDERR_REDIRECT] [Fatal Error] :1:1: Premature end of file.
2026-05-04 13:12:34,391 [ERROR] LogOutputStream:75 - [STDERR_REDIRECT] 
2026-05-04 13:12:35,387 [ERROR] LogOutputStream:75 - [STDERR_REDIRECT] [Fatal Error] :1:1: Premature end of file.
2026-05-04 13:12:35,387 [ERROR] LogOutputStream:75 - [STDERR_REDIRECT] 
2026-05-04 13:12:36,384 [ERROR] LogOutputStream:75 - [STDERR_REDIRECT] [Fatal Error] :1:1: Premature end of file.
2026-05-04 13:12:36,384 [ERROR] LogOutputStream:75 - [STDERR_REDIRECT] 
2026-05-04 13:12:37,387 [ERROR] LogOutputStream:75 - [STDERR_REDIRECT] [Fatal Error] :1:1: Premature end of file.
2026-05-04 13:12:37,387 [ERROR] LogOutputStream:75 - [STDERR_REDIRECT] 
2026-05-04 13:12:38,388 [ERROR] LogOutputStream:75 - [STDERR_REDIRECT] [Fatal Error] :1:1: Premature end of file.
2026-05-04 13:12:38,389 [ERROR] LogOutputStream:75 - [STDERR_REDIRECT] 
2026-05-04 13:12:39,385 [ERROR] LogOutputStream:75 - [STDERR_REDIRECT] [Fatal Error] :1:1: Premature end of file.
2026-05-04 13:12:39,385 [ERROR] LogOutputStream:75 - [STDERR_REDIRECT] 
2026-05-04 13:12:40,395 [ERROR] LogOutputStream:75 - [STDERR_REDIRECT] [Fatal Error] :1:1: Premature end of file.
2026-05-04 13:12:40,395 [ERROR] LogOutputStream:75 - [STDERR_REDIRECT] 
2026-05-04 13:12:41,403 [ERROR] LogOutputStream:75 - [STDERR_REDIRECT] [Fatal Error] :1:1: Premature end of file.
2026-05-04 13:12:41,403 [ERROR] LogOutputStream:75 - [STDERR_REDIRECT] 
2026-05-04 13:12:42,386 [ERROR] LogOutputStream:75 - [STDERR_REDIRECT] [Fatal Error] :1:1: Premature end of file.
2026-05-04 13:12:42,386 [ERROR] LogOutputStream:75 - [STDERR_REDIRECT] 
2026-05-04 13:12:43,382 [ERROR] LogOutputStream:75 - [STDERR_REDIRECT] [Fatal Error] :1:1: Premature end of file.
2026-05-04 13:12:43,382 [ERROR] LogOutputStream:75 - [STDERR_REDIRECT] 
2026-05-04 13:12:44,393 [ERROR] LogOutputStream:75 - [STDERR_REDIRECT] [Fatal Error] :1:1: Premature end of file.
2026-05-04 13:12:44,393 [ERROR] LogOutputStream:75 - [STDERR_REDIRECT] 
2026-05-04 13:12:45,384 [ERROR] LogOutputStream:75 - [STDERR_REDIRECT] [Fatal Error] :1:1: Premature end of file.
2026-05-04 13:12:45,384 [ERROR] LogOutputStream:75 - [STDERR_REDIRECT] 
2026-05-04 13:12:46,391 [ERROR] LogOutputStream:75 - [STDERR_REDIRECT] [Fatal Error] :1:1: Premature end of file.
2026-05-04 13:12:46,391 [ERROR] LogOutputStream:75 - [STDERR_REDIRECT] 
2026-05-04 13:12:47,386 [ERROR] LogOutputStream:75 - [STDERR_REDIRECT] [Fatal Error] :1:1: Premature end of file.
2026-05-04 13:12:47,386 [ERROR] LogOutputStream:75 - [STDERR_REDIRECT] 
2026-05-04 13:12:48,387 [ERROR] LogOutputStream:75 - [STDERR_REDIRECT] [Fatal Error] :1:1: Premature end of file.
2026-05-04 13:12:48,387 [ERROR] LogOutputStream:75 - [STDERR_REDIRECT] 
2026-05-04 13:12:49,386 [ERROR] LogOutputStream:75 - [STDERR_REDIRECT] [Fatal Error] :1:1: Premature end of file.
2026-05-04 13:12:49,386 [ERROR] LogOutputStream:75 - [STDERR_REDIRECT] 
2026-05-04 13:12:50,383 [ERROR] LogOutputStream:75 - [STDERR_REDIRECT] [Fatal Error] :1:1: Premature end of file.
2026-05-04 13:12:50,383 [ERROR] LogOutputStream:75 - [STDERR_REDIRECT] 
2026-05-04 13:12:51,394 [ERROR] LogOutputStream:75 - [STDERR_REDIRECT] [Fatal Error] :1:1: Premature end of file.
2026-05-04 13:12:51,394 [ERROR] LogOutputStream:75 - [STDERR_REDIRECT] 
2026-05-04 13:12:52,388 [ERROR] LogOutputStream:75 - [STDERR_REDIRECT] [Fatal Error] :1:1: Premature end of file.
2026-05-04 13:12:52,388 [ERROR] LogOutputStream:75 - [STDERR_REDIRECT] 
2026-05-04 13:12:53,404 [ERROR] LogOutputStream:75 - [STDERR_REDIRECT] [Fatal Error] :1:1: Premature end of file.
2026-05-04 13:12:53,404 [ERROR] LogOutputStream:75 - [STDERR_REDIRECT] 
2026-05-04 13:12:54,387 [ERROR] LogOutputStream:75 - [STDERR_REDIRECT] [Fatal Error] :1:1: Premature end of file.
2026-05-04 13:12:54,387 [ERROR] LogOutputStream:75 - [STDERR_REDIRECT] 
2026-05-04 13:12:55,390 [ERROR] LogOutputStream:75 - [STDERR_REDIRECT] [Fatal Error] :1:1: Premature end of file.
2026-05-04 13:12:55,390 [ERROR] LogOutputStream:75 - [STDERR_REDIRECT] 
2026-05-04 13:12:56,383 [ERROR] LogOutputStream:75 - [STDERR_REDIRECT] [Fatal Error] :1:1: Premature end of file.
2026-05-04 13:12:56,383 [ERROR] LogOutputStream:75 - [STDERR_REDIRECT] 
2026-05-04 13:12:57,385 [ERROR] LogOutputStream:75 - [STDERR_REDIRECT] [Fatal Error] :1:1: Premature end of file.
2026-05-04 13:12:57,386 [ERROR] LogOutputStream:75 - [STDERR_REDIRECT] 
2026-05-04 13:12:58,386 [ERROR] LogOutputStream:75 - [STDERR_REDIRECT] [Fatal Error] :1:1: Premature end of file.
2026-05-04 13:12:58,386 [ERROR] LogOutputStream:75 - [STDERR_REDIRECT] 
2026-05-04 13:12:59,388 [ERROR] LogOutputStream:75 - [STDERR_REDIRECT] [Fatal Error] :1:1: Premature end of file.
2026-05-04 13:12:59,388 [ERROR] LogOutputStream:75 - [STDERR_REDIRECT] 
2026-05-04 13:13:00,397 [ERROR] LogOutputStream:75 - [STDERR_REDIRECT] [Fatal Error] :1:1: Premature end of file.
2026-05-04 13:13:00,397 [ERROR] LogOutputStream:75 - [STDERR_REDIRECT] 
2026-05-04 13:13:01,399 [ERROR] LogOutputStream:75 - [STDERR_REDIRECT] [Fatal Error] :1:1: Premature end of file.
2026-05-04 13:13:01,399 [ERROR] LogOutputStream:75 - [STDERR_REDIRECT] 
2026-05-04 13:13:02,386 [ERROR] LogOutputStream:75 - [STDERR_REDIRECT] [Fatal Error] :1:1: Premature end of file.
2026-05-04 13:13:02,386 [ERROR] LogOutputStream:75 - [STDERR_REDIRECT] 
2026-05-04 13:13:03,389 [ERROR] LogOutputStream:75 - [STDERR_REDIRECT] [Fatal Error] :1:1: Premature end of file.
2026-05-04 13:13:03,389 [ERROR] LogOutputStream:75 - [STDERR_REDIRECT] 
2026-05-04 13:13:04,404 [ERROR] LogOutputStream:75 - [STDERR_REDIRECT] [Fatal Error] :1:1: Premature end of file.
2026-05-04 13:13:04,404 [ERROR] LogOutputStream:75 - [STDERR_REDIRECT] 
2026-05-04 13:13:05,394 [ERROR] LogOutputStream:75 - [STDERR_REDIRECT] [Fatal Error] :1:1: Premature end of file.
2026-05-04 13:13:05,394 [ERROR] LogOutputStream:75 - [STDERR_REDIRECT] 
2026-05-04 13:13:06,406 [ERROR] LogOutputStream:75 - [STDERR_REDIRECT] [Fatal Error] :1:1: Premature end of file.
2026-05-04 13:13:06,406 [ERROR] LogOutputStream:75 - [STDERR_REDIRECT] 
2026-05-04 13:13:07,415 [ERROR] LogOutputStream:75 - [STDERR_REDIRECT] [Fatal Error] :1:1: Premature end of file.
2026-05-04 13:13:07,415 [ERROR] LogOutputStream:75 - [STDERR_REDIRECT] 
2026-05-04 13:13:08,409 [ERROR] LogOutputStream:75 - [STDERR_REDIRECT] [Fatal Error] :1:1: Premature end of file.
2026-05-04 13:13:08,409 [ERROR] LogOutputStream:75 - [STDERR_REDIRECT] 
2026-05-04 13:13:09,408 [ERROR] LogOutputStream:75 - [STDERR_REDIRECT] [Fatal Error] :1:1: Premature end of file.
2026-05-04 13:13:09,408 [ERROR] LogOutputStream:75 - [STDERR_REDIRECT] 
2026-05-04 13:13:10,391 [ERROR] LogOutputStream:75 - [STDERR_REDIRECT] [Fatal Error] :1:1: Premature end of file.
2026-05-04 13:13:10,391 [ERROR] LogOutputStream:75 - [STDERR_REDIRECT] 
2026-05-04 13:13:11,391 [ERROR] LogOutputStream:75 - [STDERR_REDIRECT] [Fatal Error] :1:1: Premature end of file.
2026-05-04 13:13:11,391 [ERROR] LogOutputStream:75 - [STDERR_REDIRECT] 
2026-05-04 13:13:12,390 [ERROR] LogOutputStream:75 - [STDERR_REDIRECT] [Fatal Error] :1:1: Premature end of file.
2026-05-04 13:13:12,391 [ERROR] LogOutputStream:75 - [STDERR_REDIRECT] 
2026-05-04 13:13:13,402 [ERROR] LogOutputStream:75 - [STDERR_REDIRECT] [Fatal Error] :1:1: Premature end of file.
2026-05-04 13:13:13,402 [ERROR] LogOutputStream:75 - [STDERR_REDIRECT] 
2026-05-04 13:13:14,405 [ERROR] LogOutputStream:75 - [STDERR_REDIRECT] [Fatal Error] :1:1: Premature end of file.
2026-05-04 13:13:14,405 [ERROR] LogOutputStream:75 - [STDERR_REDIRECT] 
2026-05-04 13:13:15,405 [ERROR] LogOutputStream:75 - [STDERR_REDIRECT] [Fatal Error] :1:1: Premature end of file.
2026-05-04 13:13:15,405 [ERROR] LogOutputStream:75 - [STDERR_REDIRECT] 
2026-05-04 13:13:16,404 [ERROR] LogOutputStream:75 - [STDERR_REDIRECT] [Fatal Error] :1:1: Premature end of file.
2026-05-04 13:13:16,404 [ERROR] LogOutputStream:75 - [STDERR_REDIRECT] 
2026-05-04 13:13:17,412 [ERROR] LogOutputStream:75 - [STDERR_REDIRECT] [Fatal Error] :1:1: Premature end of file.
2026-05-04 13:13:17,412 [ERROR] LogOutputStream:75 - [STDERR_REDIRECT] 
2026-05-04 13:13:18,394 [ERROR] LogOutputStream:75 - [STDERR_REDIRECT] [Fatal Error] :1:1: Premature end of file.
2026-05-04 13:13:18,394 [ERROR] LogOutputStream:75 - [STDERR_REDIRECT] 
2026-05-04 13:13:19,401 [ERROR] LogOutputStream:75 - [STDERR_REDIRECT] [Fatal Error] :1:1: Premature end of file.
2026-05-04 13:13:19,401 [ERROR] LogOutputStream:75 - [STDERR_REDIRECT] 
2026-05-04 13:13:20,416 [ERROR] LogOutputStream:75 - [STDERR_REDIRECT] [Fatal Error] :1:1: Premature end of file.
2026-05-04 13:13:20,416 [ERROR] LogOutputStream:75 - [STDERR_REDIRECT] 
2026-05-04 13:13:21,418 [ERROR] LogOutputStream:75 - [STDERR_REDIRECT] [Fatal Error] :1:1: Premature end of file.
2026-05-04 13:13:21,418 [ERROR] LogOutputStream:75 - [STDERR_REDIRECT] 
2026-05-04 13:13:22,391 [ERROR] LogOutputStream:75 - [STDERR_REDIRECT] [Fatal Error] :1:1: Premature end of file.
2026-05-04 13:13:22,391 [ERROR] LogOutputStream:75 - [STDERR_REDIRECT] 
2026-05-04 13:13:23,391 [ERROR] LogOutputStream:75 - [STDERR_REDIRECT] [Fatal Error] :1:1: Premature end of file.
2026-05-04 13:13:23,391 [ERROR] LogOutputStream:75 - [STDERR_REDIRECT] 
2026-05-04 13:13:24,398 [ERROR] LogOutputStream:75 - [STDERR_REDIRECT] [Fatal Error] :1:1: Premature end of file.
2026-05-04 13:13:24,399 [ERROR] LogOutputStream:75 - [STDERR_REDIRECT] 
2026-05-04 13:13:25,395 [ERROR] LogOutputStream:75 - [STDERR_REDIRECT] [Fatal Error] :1:1: Premature end of file.
2026-05-04 13:13:25,395 [ERROR] LogOutputStream:75 - [STDERR_REDIRECT] 
2026-05-04 13:13:26,395 [ERROR] LogOutputStream:75 - [STDERR_REDIRECT] [Fatal Error] :1:1: Premature end of file.
2026-05-04 13:13:26,395 [ERROR] LogOutputStream:75 - [STDERR_REDIRECT] 
2026-05-04 13:13:27,387 [ERROR] LogOutputStream:75 - [STDERR_REDIRECT] [Fatal Error] :1:1: Premature end of file.
2026-05-04 13:13:27,387 [ERROR] LogOutputStream:75 - [STDERR_REDIRECT] 
2026-05-04 13:13:28,411 [ERROR] LogOutputStream:75 - [STDERR_REDIRECT] [Fatal Error] :1:1: Premature end of file.
2026-05-04 13:13:28,412 [ERROR] LogOutputStream:75 - [STDERR_REDIRECT] 
2026-05-04 13:13:29,394 [ERROR] LogOutputStream:75 - [STDERR_REDIRECT] [Fatal Error] :1:1: Premature end of file.
2026-05-04 13:13:29,394 [ERROR] LogOutputStream:75 - [STDERR_REDIRECT] 
2026-05-04 13:13:30,408 [ERROR] LogOutputStream:75 - [STDERR_REDIRECT] [Fatal Error] :1:1: Premature end of file.
2026-05-04 13:13:30,408 [ERROR] LogOutputStream:75 - [STDERR_REDIRECT] 
2026-05-04 13:13:31,408 [ERROR] LogOutputStream:75 - [STDERR_REDIRECT] [Fatal Error] :1:1: Premature end of file.
2026-05-04 13:13:31,408 [ERROR] LogOutputStream:75 - [STDERR_REDIRECT] 
2026-05-04 13:13:32,400 [ERROR] LogOutputStream:75 - [STDERR_REDIRECT] [Fatal Error] :1:1: Premature end of file.
2026-05-04 13:13:32,400 [ERROR] LogOutputStream:75 - [STDERR_REDIRECT] 
2026-05-04 13:13:33,418 [ERROR] LogOutputStream:75 - [STDERR_REDIRECT] [Fatal Error] :1:1: Premature end of file.
2026-05-04 13:13:33,418 [ERROR] LogOutputStream:75 - [STDERR_REDIRECT] 
2026-05-04 13:13:34,409 [ERROR] LogOutputStream:75 - [STDERR_REDIRECT] [Fatal Error] :1:1: Premature end of file.
2026-05-04 13:13:34,409 [ERROR] LogOutputStream:75 - [STDERR_REDIRECT] 
2026-05-04 13:13:35,411 [ERROR] LogOutputStream:75 - [STDERR_REDIRECT] [Fatal Error] :1:1: Premature end of file.
2026-05-04 13:13:35,412 [ERROR] LogOutputStream:75 - [STDERR_REDIRECT] 
2026-05-04 13:13:36,413 [ERROR] LogOutputStream:75 - [STDERR_REDIRECT] [Fatal Error] :1:1: Premature end of file.
2026-05-04 13:13:36,413 [ERROR] LogOutputStream:75 - [STDERR_REDIRECT] 
2026-05-04 13:13:37,400 [ERROR] LogOutputStream:75 - [STDERR_REDIRECT] [Fatal Error] :1:1: Premature end of file.
2026-05-04 13:13:37,400 [ERROR] LogOutputStream:75 - [STDERR_REDIRECT] 
2026-05-04 13:13:38,389 [ERROR] LogOutputStream:75 - [STDERR_REDIRECT] [Fatal Error] :1:1: Premature end of file.
2026-05-04 13:13:38,389 [ERROR] LogOutputStream:75 - [STDERR_REDIRECT] 
2026-05-04 13:13:39,412 [ERROR] LogOutputStream:75 - [STDERR_REDIRECT] [Fatal Error] :1:1: Premature end of file.
2026-05-04 13:13:39,413 [ERROR] LogOutputStream:75 - [STDERR_REDIRECT] 
2026-05-04 13:13:40,414 [ERROR] LogOutputStream:75 - [STDERR_REDIRECT] [Fatal Error] :1:1: Premature end of file.
2026-05-04 13:13:40,415 [ERROR] LogOutputStream:75 - [STDERR_REDIRECT] 
2026-05-04 13:13:41,391 [ERROR] LogOutputStream:75 - [STDERR_REDIRECT] [Fatal Error] :1:1: Premature end of file.
2026-05-04 13:13:41,392 [ERROR] LogOutputStream:75 - [STDERR_REDIRECT] 
2026-05-04 13:13:42,400 [ERROR] LogOutputStream:75 - [STDERR_REDIRECT] [Fatal Error] :1:1: Premature end of file.
2026-05-04 13:13:42,400 [ERROR] LogOutputStream:75 - [STDERR_REDIRECT] 
2026-05-04 13:13:43,418 [ERROR] LogOutputStream:75 - [STDERR_REDIRECT] [Fatal Error] :1:1: Premature end of file.
2026-05-04 13:13:43,418 [ERROR] LogOutputStream:75 - [STDERR_REDIRECT] 
2026-05-04 13:13:44,420 [ERROR] LogOutputStream:75 - [STDERR_REDIRECT] [Fatal Error] :1:1: Premature end of file.
2026-05-04 13:13:44,420 [ERROR] LogOutputStream:75 - [STDERR_REDIRECT] 
2026-05-04 13:13:45,398 [ERROR] LogOutputStream:75 - [STDERR_REDIRECT] [Fatal Error] :1:1: Premature end of file.
2026-05-04 13:13:45,398 [ERROR] LogOutputStream:75 - [STDERR_REDIRECT] 
2026-05-04 13:13:46,390 [ERROR] LogOutputStream:75 - [STDERR_REDIRECT] [Fatal Error] :1:1: Premature end of file.
2026-05-04 13:13:46,390 [ERROR] LogOutputStream:75 - [STDERR_REDIRECT] 
2026-05-04 13:13:47,397 [ERROR] LogOutputStream:75 - [STDERR_REDIRECT] [Fatal Error] :1:1: Premature end of file.
2026-05-04 13:13:47,397 [ERROR] LogOutputStream:75 - [STDERR_REDIRECT] 
2026-05-04 13:13:48,387 [ERROR] LogOutputStream:75 - [STDERR_REDIRECT] [Fatal Error] :1:1: Premature end of file.
2026-05-04 13:13:48,387 [ERROR] LogOutputStream:75 - [STDERR_REDIRECT] 
2026-05-04 13:13:49,394 [ERROR] LogOutputStream:75 - [STDERR_REDIRECT] [Fatal Error] :1:1: Premature end of file.
2026-05-04 13:13:49,394 [ERROR] LogOutputStream:75 - [STDERR_REDIRECT] 
2026-05-04 13:13:50,414 [ERROR] LogOutputStream:75 - [STDERR_REDIRECT] [Fatal Error] :1:1: Premature end of file.
2026-05-04 13:13:50,414 [ERROR] LogOutputStream:75 - [STDERR_REDIRECT] 
2026-05-04 13:13:51,393 [ERROR] LogOutputStream:75 - [STDERR_REDIRECT] [Fatal Error] :1:1: Premature end of file.
2026-05-04 13:13:51,394 [ERROR] LogOutputStream:75 - [STDERR_REDIRECT] 
2026-05-04 13:13:52,392 [ERROR] LogOutputStream:75 - [STDERR_REDIRECT] [Fatal Error] :1:1: Premature end of file.
2026-05-04 13:13:52,392 [ERROR] LogOutputStream:75 - [STDERR_REDIRECT] 
2026-05-04 13:13:53,386 [ERROR] LogOutputStream:75 - [STDERR_REDIRECT] [Fatal Error] :1:1: Premature end of file.
2026-05-04 13:13:53,386 [ERROR] LogOutputStream:75 - [STDERR_REDIRECT] 
2026-05-04 13:13:54,410 [ERROR] LogOutputStream:75 - [STDERR_REDIRECT] [Fatal Error] :1:1: Premature end of file.
2026-05-04 13:13:54,410 [ERROR] LogOutputStream:75 - [STDERR_REDIRECT] 
2026-05-04 13:13:55,396 [ERROR] LogOutputStream:75 - [STDERR_REDIRECT] [Fatal Error] :1:1: Premature end of file.
2026-05-04 13:13:55,396 [ERROR] LogOutputStream:75 - [STDERR_REDIRECT] 
2026-05-04 13:13:56,394 [ERROR] LogOutputStream:75 - [STDERR_REDIRECT] [Fatal Error] :1:1: Premature end of file.
2026-05-04 13:13:56,394 [ERROR] LogOutputStream:75 - [STDERR_REDIRECT] 
2026-05-04 13:13:57,412 [ERROR] LogOutputStream:75 - [STDERR_REDIRECT] [Fatal Error] :1:1: Premature end of file.
2026-05-04 13:13:57,412 [ERROR] LogOutputStream:75 - [STDERR_REDIRECT] 
2026-05-04 13:13:58,404 [ERROR] LogOutputStream:75 - [STDERR_REDIRECT] [Fatal Error] :1:1: Premature end of file.
2026-05-04 13:13:58,406 [ERROR] LogOutputStream:75 - [STDERR_REDIRECT] 
2026-05-04 13:13:59,390 [ERROR] LogOutputStream:75 - [STDERR_REDIRECT] [Fatal Error] :1:1: Premature end of file.
2026-05-04 13:13:59,390 [ERROR] LogOutputStream:75 - [STDERR_REDIRECT] 
2026-05-04 13:14:00,410 [ERROR] LogOutputStream:75 - [STDERR_REDIRECT] [Fatal Error] :1:1: Premature end of file.
2026-05-04 13:14:00,410 [ERROR] LogOutputStream:75 - [STDERR_REDIRECT] 
2026-05-04 13:14:01,392 [ERROR] LogOutputStream:75 - [STDERR_REDIRECT] [Fatal Error] :1:1: Premature end of file.
2026-05-04 13:14:01,393 [ERROR] LogOutputStream:75 - [STDERR_REDIRECT] 
2026-05-04 13:14:02,393 [ERROR] LogOutputStream:75 - [STDERR_REDIRECT] [Fatal Error] :1:1: Premature end of file.
2026-05-04 13:14:02,394 [ERROR] LogOutputStream:75 - [STDERR_REDIRECT] 
2026-05-04 13:14:03,391 [ERROR] LogOutputStream:75 - [STDERR_REDIRECT] [Fatal Error] :1:1: Premature end of file.
2026-05-04 13:14:03,391 [ERROR] LogOutputStream:75 - [STDERR_REDIRECT] 
2026-05-04 13:14:04,384 [ERROR] LogOutputStream:75 - [STDERR_REDIRECT] [Fatal Error] :1:1: Premature end of file.
2026-05-04 13:14:04,384 [ERROR] LogOutputStream:75 - [STDERR_REDIRECT] 
2026-05-04 13:14:05,389 [ERROR] LogOutputStream:75 - [STDERR_REDIRECT] [Fatal Error] :1:1: Premature end of file.
2026-05-04 13:14:05,389 [ERROR] LogOutputStream:75 - [STDERR_REDIRECT] 
2026-05-04 13:14:06,384 [ERROR] LogOutputStream:75 - [STDERR_REDIRECT] [Fatal Error] :1:1: Premature end of file.
2026-05-04 13:14:06,384 [ERROR] LogOutputStream:75 - [STDERR_REDIRECT] 
2026-05-04 13:14:07,389 [ERROR] LogOutputStream:75 - [STDERR_REDIRECT] [Fatal Error] :1:1: Premature end of file.
2026-05-04 13:14:07,389 [ERROR] LogOutputStream:75 - [STDERR_REDIRECT] 
2026-05-04 13:14:08,390 [ERROR] LogOutputStream:75 - [STDERR_REDIRECT] [Fatal Error] :1:1: Premature end of file.
2026-05-04 13:14:08,390 [ERROR] LogOutputStream:75 - [STDERR_REDIRECT] 
2026-05-04 13:14:09,391 [ERROR] LogOutputStream:75 - [STDERR_REDIRECT] [Fatal Error] :1:1: Premature end of file.
2026-05-04 13:14:09,391 [ERROR] LogOutputStream:75 - [STDERR_REDIRECT] 
2026-05-04 13:14:10,394 [ERROR] LogOutputStream:75 - [STDERR_REDIRECT] [Fatal Error] :1:1: Premature end of file.
2026-05-04 13:14:10,394 [ERROR] LogOutputStream:75 - [STDERR_REDIRECT] 
2026-05-04 13:14:11,387 [ERROR] LogOutputStream:75 - [STDERR_REDIRECT] [Fatal Error] :1:1: Premature end of file.
2026-05-04 13:14:11,387 [ERROR] LogOutputStream:75 - [STDERR_REDIRECT] 
2026-05-04 13:14:12,391 [ERROR] LogOutputStream:75 - [STDERR_REDIRECT] [Fatal Error] :1:1: Premature end of file.
2026-05-04 13:14:12,391 [ERROR] LogOutputStream:75 - [STDERR_REDIRECT] 
2026-05-04 13:14:13,392 [ERROR] LogOutputStream:75 - [STDERR_REDIRECT] [Fatal Error] :1:1: Premature end of file.
2026-05-04 13:14:13,392 [ERROR] LogOutputStream:75 - [STDERR_REDIRECT] 
2026-05-04 13:14:14,393 [ERROR] LogOutputStream:75 - [STDERR_REDIRECT] [Fatal Error] :1:1: Premature end of file.
2026-05-04 13:14:14,393 [ERROR] LogOutputStream:75 - [STDERR_REDIRECT] 
2026-05-04 13:14:15,392 [ERROR] LogOutputStream:75 - [STDERR_REDIRECT] [Fatal Error] :1:1: Premature end of file.
2026-05-04 13:14:15,392 [ERROR] LogOutputStream:75 - [STDERR_REDIRECT] 
2026-05-04 13:14:16,411 [ERROR] LogOutputStream:75 - [STDERR_REDIRECT] [Fatal Error] :1:1: Premature end of file.
2026-05-04 13:14:16,411 [ERROR] LogOutputStream:75 - [STDERR_REDIRECT] 
2026-05-04 13:14:17,387 [ERROR] LogOutputStream:75 - [STDERR_REDIRECT] [Fatal Error] :1:1: Premature end of file.
2026-05-04 13:14:17,388 [ERROR] LogOutputStream:75 - [STDERR_REDIRECT] 
2026-05-04 13:14:18,393 [ERROR] LogOutputStream:75 - [STDERR_REDIRECT] [Fatal Error] :1:1: Premature end of file.
2026-05-04 13:14:18,393 [ERROR] LogOutputStream:75 - [STDERR_REDIRECT] 
2026-05-04 13:14:19,391 [ERROR] LogOutputStream:75 - [STDERR_REDIRECT] [Fatal Error] :1:1: Premature end of file.
2026-05-04 13:14:19,392 [ERROR] LogOutputStream:75 - [STDERR_REDIRECT] 
2026-05-04 13:14:20,386 [ERROR] LogOutputStream:75 - [STDERR_REDIRECT] [Fatal Error] :1:1: Premature end of file.
2026-05-04 13:14:20,386 [ERROR] LogOutputStream:75 - [STDERR_REDIRECT] 
2026-05-04 13:14:21,398 [ERROR] LogOutputStream:75 - [STDERR_REDIRECT] [Fatal Error] :1:1: Premature end of file.
2026-05-04 13:14:21,398 [ERROR] LogOutputStream:75 - [STDERR_REDIRECT] 
2026-05-04 13:14:22,405 [ERROR] LogOutputStream:75 - [STDERR_REDIRECT] [Fatal Error] :1:1: Premature end of file.
2026-05-04 13:14:22,405 [ERROR] LogOutputStream:75 - [STDERR_REDIRECT] 
2026-05-04 13:14:23,395 [ERROR] LogOutputStream:75 - [STDERR_REDIRECT] [Fatal Error] :1:1: Premature end of file.
2026-05-04 13:14:23,395 [ERROR] LogOutputStream:75 - [STDERR_REDIRECT] 
2026-05-04 13:14:24,402 [ERROR] LogOutputStream:75 - [STDERR_REDIRECT] [Fatal Error] :1:1: Premature end of file.
2026-05-04 13:14:24,402 [ERROR] LogOutputStream:75 - [STDERR_REDIRECT] 
2026-05-04 13:14:25,403 [ERROR] LogOutputStream:75 - [STDERR_REDIRECT] [Fatal Error] :1:1: Premature end of file.
2026-05-04 13:14:25,403 [ERROR] LogOutputStream:75 - [STDERR_REDIRECT] 
2026-05-04 13:14:26,401 [ERROR] LogOutputStream:75 - [STDERR_REDIRECT] [Fatal Error] :1:1: Premature end of file.
2026-05-04 13:14:26,402 [ERROR] LogOutputStream:75 - [STDERR_REDIRECT] 
2026-05-04 13:14:27,396 [ERROR] LogOutputStream:75 - [STDERR_REDIRECT] [Fatal Error] :1:1: Premature end of file.
2026-05-04 13:14:27,396 [ERROR] LogOutputStream:75 - [STDERR_REDIRECT] 
2026-05-04 13:14:28,422 [ERROR] LogOutputStream:75 - [STDERR_REDIRECT] [Fatal Error] :1:1: Premature end of file.
2026-05-04 13:14:28,422 [ERROR] LogOutputStream:75 - [STDERR_REDIRECT] 
2026-05-04 13:14:29,420 [ERROR] LogOutputStream:75 - [STDERR_REDIRECT] [Fatal Error] :1:1: Premature end of file.
2026-05-04 13:14:29,420 [ERROR] LogOutputStream:75 - [STDERR_REDIRECT] 
2026-05-04 13:14:30,417 [ERROR] LogOutputStream:75 - [STDERR_REDIRECT] [Fatal Error] :1:1: Premature end of file.
2026-05-04 13:14:30,417 [ERROR] LogOutputStream:75 - [STDERR_REDIRECT] 
2026-05-04 13:14:31,401 [ERROR] LogOutputStream:75 - [STDERR_REDIRECT] [Fatal Error] :1:1: Premature end of file.
2026-05-04 13:14:31,401 [ERROR] LogOutputStream:75 - [STDERR_REDIRECT] 
2026-05-04 13:14:32,402 [ERROR] LogOutputStream:75 - [STDERR_REDIRECT] [Fatal Error] :1:1: Premature end of file.
2026-05-04 13:14:32,402 [ERROR] LogOutputStream:75 - [STDERR_REDIRECT] 
2026-05-04 13:14:33,414 [ERROR] LogOutputStream:75 - [STDERR_REDIRECT] [Fatal Error] :1:1: Premature end of file.
2026-05-04 13:14:33,414 [ERROR] LogOutputStream:75 - [STDERR_REDIRECT] 
2026-05-04 13:14:34,410 [ERROR] LogOutputStream:75 - [STDERR_REDIRECT] [Fatal Error] :1:1: Premature end of file.
2026-05-04 13:14:34,410 [ERROR] LogOutputStream:75 - [STDERR_REDIRECT] 
2026-05-04 13:14:35,388 [ERROR] LogOutputStream:75 - [STDERR_REDIRECT] [Fatal Error] :1:1: Premature end of file.
2026-05-04 13:14:35,389 [ERROR] LogOutputStream:75 - [STDERR_REDIRECT] 
2026-05-04 13:14:36,392 [ERROR] LogOutputStream:75 - [STDERR_REDIRECT] [Fatal Error] :1:1: Premature end of file.
2026-05-04 13:14:36,394 [ERROR] LogOutputStream:75 - [STDERR_REDIRECT] 
2026-05-04 13:14:37,383 [ERROR] LogOutputStream:75 - [STDERR_REDIRECT] [Fatal Error] :1:1: Premature end of file.
2026-05-04 13:14:37,384 [ERROR] LogOutputStream:75 - [STDERR_REDIRECT] 
2026-05-04 13:14:38,389 [ERROR] LogOutputStream:75 - [STDERR_REDIRECT] [Fatal Error] :1:1: Premature end of file.
2026-05-04 13:14:38,390 [ERROR] LogOutputStream:75 - [STDERR_REDIRECT] 
2026-05-04 13:14:39,395 [ERROR] LogOutputStream:75 - [STDERR_REDIRECT] [Fatal Error] :1:1: Premature end of file.
2026-05-04 13:14:39,396 [ERROR] LogOutputStream:75 - [STDERR_REDIRECT] 
2026-05-04 13:14:40,392 [ERROR] LogOutputStream:75 - [STDERR_REDIRECT] [Fatal Error] :1:1: Premature end of file.
2026-05-04 13:14:40,392 [ERROR] LogOutputStream:75 - [STDERR_REDIRECT] 
2026-05-04 13:14:41,404 [ERROR] LogOutputStream:75 - [STDERR_REDIRECT] [Fatal Error] :1:1: Premature end of file.
2026-05-04 13:14:41,404 [ERROR] LogOutputStream:75 - [STDERR_REDIRECT] 
2026-05-04 13:14:42,387 [ERROR] LogOutputStream:75 - [STDERR_REDIRECT] [Fatal Error] :1:1: Premature end of file.
2026-05-04 13:14:42,387 [ERROR] LogOutputStream:75 - [STDERR_REDIRECT] 
2026-05-04 13:14:43,396 [ERROR] LogOutputStream:75 - [STDERR_REDIRECT] [Fatal Error] :1:1: Premature end of file.
2026-05-04 13:14:43,396 [ERROR] LogOutputStream:75 - [STDERR_REDIRECT] 
2026-05-04 13:14:44,403 [ERROR] LogOutputStream:75 - [STDERR_REDIRECT] [Fatal Error] :1:1: Premature end of file.
2026-05-04 13:14:44,403 [ERROR] LogOutputStream:75 - [STDERR_REDIRECT] 
2026-05-04 13:14:45,387 [ERROR] LogOutputStream:75 - [STDERR_REDIRECT] [Fatal Error] :1:1: Premature end of file.
2026-05-04 13:14:45,387 [ERROR] LogOutputStream:75 - [STDERR_REDIRECT] 
2026-05-04 13:14:46,407 [ERROR] LogOutputStream:75 - [STDERR_REDIRECT] [Fatal Error] :1:1: Premature end of file.
2026-05-04 13:14:46,408 [ERROR] LogOutputStream:75 - [STDERR_REDIRECT] 
2026-05-04 13:14:47,387 [ERROR] LogOutputStream:75 - [STDERR_REDIRECT] [Fatal Error] :1:1: Premature end of file.
2026-05-04 13:14:47,387 [ERROR] LogOutputStream:75 - [STDERR_REDIRECT] 
2026-05-04 13:14:48,400 [ERROR] LogOutputStream:75 - [STDERR_REDIRECT] [Fatal Error] :1:1: Premature end of file.
2026-05-04 13:14:48,400 [ERROR] LogOutputStream:75 - [STDERR_REDIRECT] 
2026-05-04 13:14:49,386 [ERROR] LogOutputStream:75 - [STDERR_REDIRECT] [Fatal Error] :1:1: Premature end of file.
2026-05-04 13:14:49,386 [ERROR] LogOutputStream:75 - [STDERR_REDIRECT] 
2026-05-04 13:14:50,385 [ERROR] LogOutputStream:75 - [STDERR_REDIRECT] [Fatal Error] :1:1: Premature end of file.
2026-05-04 13:14:50,385 [ERROR] LogOutputStream:75 - [STDERR_REDIRECT] 
2026-05-04 13:14:51,386 [ERROR] LogOutputStream:75 - [STDERR_REDIRECT] [Fatal Error] :1:1: Premature end of file.
2026-05-04 13:14:51,386 [ERROR] LogOutputStream:75 - [STDERR_REDIRECT] 
2026-05-04 13:14:52,388 [ERROR] LogOutputStream:75 - [STDERR_REDIRECT] [Fatal Error] :1:1: Premature end of file.
2026-05-04 13:14:52,388 [ERROR] LogOutputStream:75 - [STDERR_REDIRECT] 
2026-05-04 13:14:53,408 [ERROR] LogOutputStream:75 - [STDERR_REDIRECT] [Fatal Error] :1:1: Premature end of file.
2026-05-04 13:14:53,408 [ERROR] LogOutputStream:75 - [STDERR_REDIRECT] 
2026-05-04 13:14:54,385 [ERROR] LogOutputStream:75 - [STDERR_REDIRECT] [Fatal Error] :1:1: Premature end of file.
2026-05-04 13:14:54,385 [ERROR] LogOutputStream:75 - [STDERR_REDIRECT] 
2026-05-04 13:14:55,380 [ERROR] LogOutputStream:75 - [STDERR_REDIRECT] [Fatal Error] :1:1: Premature end of file.
2026-05-04 13:14:55,380 [ERROR] LogOutputStream:75 - [STDERR_REDIRECT] 
2026-05-04 13:14:56,398 [ERROR] LogOutputStream:75 - [STDERR_REDIRECT] [Fatal Error] :1:1: Premature end of file.
2026-05-04 13:14:56,398 [ERROR] LogOutputStream:75 - [STDERR_REDIRECT] 
2026-05-04 13:14:57,387 [ERROR] LogOutputStream:75 - [STDERR_REDIRECT] [Fatal Error] :1:1: Premature end of file.
2026-05-04 13:14:57,387 [ERROR] LogOutputStream:75 - [STDERR_REDIRECT] 
2026-05-04 13:14:58,385 [ERROR] LogOutputStream:75 - [STDERR_REDIRECT] [Fatal Error] :1:1: Premature end of file.
2026-05-04 13:14:58,385 [ERROR] LogOutputStream:75 - [STDERR_REDIRECT] 
2026-05-04 13:14:59,383 [ERROR] LogOutputStream:75 - [STDERR_REDIRECT] [Fatal Error] :1:1: Premature end of file.
2026-05-04 13:14:59,384 [ERROR] LogOutputStream:75 - [STDERR_REDIRECT] 
2026-05-04 13:15:00,387 [ERROR] LogOutputStream:75 - [STDERR_REDIRECT] [Fatal Error] :1:1: Premature end of file.
2026-05-04 13:15:00,387 [ERROR] LogOutputStream:75 - [STDERR_REDIRECT] 
2026-05-04 13:15:01,389 [ERROR] LogOutputStream:75 - [STDERR_REDIRECT] [Fatal Error] :1:1: Premature end of file.
2026-05-04 13:15:01,389 [ERROR] LogOutputStream:75 - [STDERR_REDIRECT] 
2026-05-04 13:15:02,385 [ERROR] LogOutputStream:75 - [STDERR_REDIRECT] [Fatal Error] :1:1: Premature end of file.
2026-05-04 13:15:02,385 [ERROR] LogOutputStream:75 - [STDERR_REDIRECT] 
2026-05-04 13:15:03,384 [ERROR] LogOutputStream:75 - [STDERR_REDIRECT] [Fatal Error] :1:1: Premature end of file.
2026-05-04 13:15:03,384 [ERROR] LogOutputStream:75 - [STDERR_REDIRECT] 
2026-05-04 13:15:04,393 [ERROR] LogOutputStream:75 - [STDERR_REDIRECT] [Fatal Error] :1:1: Premature end of file.
2026-05-04 13:15:04,393 [ERROR] LogOutputStream:75 - [STDERR_REDIRECT] 
2026-05-04 13:15:05,384 [ERROR] LogOutputStream:75 - [STDERR_REDIRECT] [Fatal Error] :1:1: Premature end of file.
2026-05-04 13:15:05,384 [ERROR] LogOutputStream:75 - [STDERR_REDIRECT] 
2026-05-04 13:15:06,385 [ERROR] LogOutputStream:75 - [STDERR_REDIRECT] [Fatal Error] :1:1: Premature end of file.
2026-05-04 13:15:06,385 [ERROR] LogOutputStream:75 - [STDERR_REDIRECT] 
2026-05-04 13:15:07,385 [ERROR] LogOutputStream:75 - [STDERR_REDIRECT] [Fatal Error] :1:1: Premature end of file.
2026-05-04 13:15:07,385 [ERROR] LogOutputStream:75 - [STDERR_REDIRECT] 
2026-05-04 13:15:08,387 [ERROR] LogOutputStream:75 - [STDERR_REDIRECT] [Fatal Error] :1:1: Premature end of file.
2026-05-04 13:15:08,387 [ERROR] LogOutputStream:75 - [STDERR_REDIRECT] 
2026-05-04 13:15:09,383 [ERROR] LogOutputStream:75 - [STDERR_REDIRECT] [Fatal Error] :1:1: Premature end of file.
2026-05-04 13:15:09,383 [ERROR] LogOutputStream:75 - [STDERR_REDIRECT] 
2026-05-04 13:15:10,386 [ERROR] LogOutputStream:75 - [STDERR_REDIRECT] [Fatal Error] :1:1: Premature end of file.
2026-05-04 13:15:10,386 [ERROR] LogOutputStream:75 - [STDERR_REDIRECT] 
2026-05-04 13:15:11,388 [ERROR] LogOutputStream:75 - [STDERR_REDIRECT] [Fatal Error] :1:1: Premature end of file.
2026-05-04 13:15:11,389 [ERROR] LogOutputStream:75 - [STDERR_REDIRECT] 
2026-05-04 13:15:12,385 [ERROR] LogOutputStream:75 - [STDERR_REDIRECT] [Fatal Error] :1:1: Premature end of file.
2026-05-04 13:15:12,385 [ERROR] LogOutputStream:75 - [STDERR_REDIRECT] 
2026-05-04 13:15:13,393 [ERROR] LogOutputStream:75 - [STDERR_REDIRECT] [Fatal Error] :1:1: Premature end of file.
2026-05-04 13:15:13,393 [ERROR] LogOutputStream:75 - [STDERR_REDIRECT] 
2026-05-04 13:15:14,390 [ERROR] LogOutputStream:75 - [STDERR_REDIRECT] [Fatal Error] :1:1: Premature end of file.
2026-05-04 13:15:14,390 [ERROR] LogOutputStream:75 - [STDERR_REDIRECT] 
2026-05-04 13:15:15,407 [ERROR] LogOutputStream:75 - [STDERR_REDIRECT] [Fatal Error] :1:1: Premature end of file.
2026-05-04 13:15:15,407 [ERROR] LogOutputStream:75 - [STDERR_REDIRECT] 
2026-05-04 13:15:16,384 [ERROR] LogOutputStream:75 - [STDERR_REDIRECT] [Fatal Error] :1:1: Premature end of file.
2026-05-04 13:15:16,385 [ERROR] LogOutputStream:75 - [STDERR_REDIRECT] 
2026-05-04 13:15:17,387 [ERROR] LogOutputStream:75 - [STDERR_REDIRECT] [Fatal Error] :1:1: Premature end of file.
2026-05-04 13:15:17,387 [ERROR] LogOutputStream:75 - [STDERR_REDIRECT] 
2026-05-04 13:15:18,385 [ERROR] LogOutputStream:75 - [STDERR_REDIRECT] [Fatal Error] :1:1: Premature end of file.
2026-05-04 13:15:18,385 [ERROR] LogOutputStream:75 - [STDERR_REDIRECT] 
2026-05-04 13:15:19,386 [ERROR] LogOutputStream:75 - [STDERR_REDIRECT] [Fatal Error] :1:1: Premature end of file.
2026-05-04 13:15:19,386 [ERROR] LogOutputStream:75 - [STDERR_REDIRECT] 
2026-05-04 13:15:20,387 [ERROR] LogOutputStream:75 - [STDERR_REDIRECT] [Fatal Error] :1:1: Premature end of file.
2026-05-04 13:15:20,387 [ERROR] LogOutputStream:75 - [STDERR_REDIRECT] 
2026-05-04 13:15:21,389 [ERROR] LogOutputStream:75 - [STDERR_REDIRECT] [Fatal Error] :1:1: Premature end of file.
2026-05-04 13:15:21,389 [ERROR] LogOutputStream:75 - [STDERR_REDIRECT] 
2026-05-04 13:15:22,397 [ERROR] LogOutputStream:75 - [STDERR_REDIRECT] [Fatal Error] :1:1: Premature end of file.
2026-05-04 13:15:22,397 [ERROR] LogOutputStream:75 - [STDERR_REDIRECT] 
2026-05-04 13:15:23,387 [ERROR] LogOutputStream:75 - [STDERR_REDIRECT] [Fatal Error] :1:1: Premature end of file.
2026-05-04 13:15:23,387 [ERROR] LogOutputStream:75 - [STDERR_REDIRECT] 
2026-05-04 13:15:24,397 [ERROR] LogOutputStream:75 - [STDERR_REDIRECT] [Fatal Error] :1:1: Premature end of file.
2026-05-04 13:15:24,397 [ERROR] LogOutputStream:75 - [STDERR_REDIRECT] 
2026-05-04 13:15:25,394 [ERROR] LogOutputStream:75 - [STDERR_REDIRECT] [Fatal Error] :1:1: Premature end of file.
2026-05-04 13:15:25,394 [ERROR] LogOutputStream:75 - [STDERR_REDIRECT] 
2026-05-04 13:15:26,395 [ERROR] LogOutputStream:75 - [STDERR_REDIRECT] [Fatal Error] :1:1: Premature end of file.
2026-05-04 13:15:26,395 [ERROR] LogOutputStream:75 - [STDERR_REDIRECT] 
2026-05-04 13:15:27,385 [ERROR] LogOutputStream:75 - [STDERR_REDIRECT] [Fatal Error] :1:1: Premature end of file.
2026-05-04 13:15:27,385 [ERROR] LogOutputStream:75 - [STDERR_REDIRECT] 
2026-05-04 13:15:28,387 [ERROR] LogOutputStream:75 - [STDERR_REDIRECT] [Fatal Error] :1:1: Premature end of file.
2026-05-04 13:15:28,387 [ERROR] LogOutputStream:75 - [STDERR_REDIRECT] 
2026-05-04 13:15:29,385 [ERROR] LogOutputStream:75 - [STDERR_REDIRECT] [Fatal Error] :1:1: Premature end of file.
2026-05-04 13:15:29,385 [ERROR] LogOutputStream:75 - [STDERR_REDIRECT] 
2026-05-04 13:15:30,385 [ERROR] LogOutputStream:75 - [STDERR_REDIRECT] [Fatal Error] :1:1: Premature end of file.
2026-05-04 13:15:30,386 [ERROR] LogOutputStream:75 - [STDERR_REDIRECT] 
2026-05-04 13:15:31,398 [ERROR] LogOutputStream:75 - [STDERR_REDIRECT] [Fatal Error] :1:1: Premature end of file.
2026-05-04 13:15:31,398 [ERROR] LogOutputStream:75 - [STDERR_REDIRECT] 
2026-05-04 13:15:32,393 [ERROR] LogOutputStream:75 - [STDERR_REDIRECT] [Fatal Error] :1:1: Premature end of file.
2026-05-04 13:15:32,393 [ERROR] LogOutputStream:75 - [STDERR_REDIRECT] 
2026-05-04 13:15:33,389 [ERROR] LogOutputStream:75 - [STDERR_REDIRECT] [Fatal Error] :1:1: Premature end of file.
2026-05-04 13:15:33,389 [ERROR] LogOutputStream:75 - [STDERR_REDIRECT] 
2026-05-04 13:15:34,389 [ERROR] LogOutputStream:75 - [STDERR_REDIRECT] [Fatal Error] :1:1: Premature end of file.
2026-05-04 13:15:34,389 [ERROR] LogOutputStream:75 - [STDERR_REDIRECT] 
2026-05-04 13:15:35,386 [ERROR] LogOutputStream:75 - [STDERR_REDIRECT] [Fatal Error] :1:1: Premature end of file.
2026-05-04 13:15:35,386 [ERROR] LogOutputStream:75 - [STDERR_REDIRECT] 
2026-05-04 13:15:36,390 [ERROR] LogOutputStream:75 - [STDERR_REDIRECT] [Fatal Error] :1:1: Premature end of file.
2026-05-04 13:15:36,391 [ERROR] LogOutputStream:75 - [STDERR_REDIRECT] 
2026-05-04 13:15:37,386 [ERROR] LogOutputStream:75 - [STDERR_REDIRECT] [Fatal Error] :1:1: Premature end of file.
2026-05-04 13:15:37,386 [ERROR] LogOutputStream:75 - [STDERR_REDIRECT] 
2026-05-04 13:15:38,395 [ERROR] LogOutputStream:75 - [STDERR_REDIRECT] [Fatal Error] :1:1: Premature end of file.
2026-05-04 13:15:38,395 [ERROR] LogOutputStream:75 - [STDERR_REDIRECT] 
2026-05-04 13:15:39,387 [ERROR] LogOutputStream:75 - [STDERR_REDIRECT] [Fatal Error] :1:1: Premature end of file.
2026-05-04 13:15:39,387 [ERROR] LogOutputStream:75 - [STDERR_REDIRECT] 
2026-05-04 13:15:40,403 [ERROR] LogOutputStream:75 - [STDERR_REDIRECT] [Fatal Error] :1:1: Premature end of file.
2026-05-04 13:15:40,403 [ERROR] LogOutputStream:75 - [STDERR_REDIRECT] 
2026-05-04 13:15:41,395 [ERROR] LogOutputStream:75 - [STDERR_REDIRECT] [Fatal Error] :1:1: Premature end of file.
2026-05-04 13:15:41,395 [ERROR] LogOutputStream:75 - [STDERR_REDIRECT] 
2026-05-04 13:15:42,396 [ERROR] LogOutputStream:75 - [STDERR_REDIRECT] [Fatal Error] :1:1: Premature end of file.
2026-05-04 13:15:42,397 [ERROR] LogOutputStream:75 - [STDERR_REDIRECT] 
2026-05-04 13:15:42,835 [ERROR] LogOutputStream:75 - [STDERR_REDIRECT] 
2026-05-04 13:15:42,836 [ERROR] LogOutputStream:75 - [STDERR_REDIRECT] 
2026-05-04 13:16:20,874 [INFO] Activator:176 - 


2026-05-04 13:16:20,875 [INFO] Activator:177 - !SESSION log4j initialized
2026-05-04 13:16:26,081 [INFO] LogOutputStream:77 - [STDOUT_REDIRECT] 
2026-05-04 13:16:26,984 [INFO] ApplicationProperties:184 - Using Application install path: C:\ST\STM32CubeIDE_1.19.0\STM32CubeIDE\plugins\com.st.stm32cube.common.mx_6.15.0.202507011659
2026-05-04 13:16:27,002 [INFO] DbMcusXml:78 - Set database path to: C:\ST\STM32CubeIDE_1.19.0\STM32CubeIDE\plugins\com.st.stm32cube.common.mx_6.15.0.202507011659\\db\/mcu/
2026-05-04 13:16:27,003 [INFO] ApiDb:274 - Set plugin database path to: C:\ST\STM32CubeIDE_1.19.0\STM32CubeIDE\plugins\com.st.stm32cube.common.mx_6.15.0.202507011659\\db\/plugins/boardmanager/
2026-05-04 13:16:27,003 [WARN] ApiDb:259 - Overriding images path with different value:  => C:\ST\STM32CubeIDE_1.19.0\STM32CubeIDE\plugins\com.st.stm32cube.common.mx_6.15.0.202507011659\\db\/plugins/mcufinder/images/
2026-05-04 13:16:27,009 [INFO] ApiDb:250 - Set database path to: C:\Users\santi\.stmcufinder\plugins\mcufinder//mcu/
2026-05-04 13:16:27,010 [INFO] DbMcusAds:125 - Set database path to: C:\Users\santi\.stmcufinder\plugins\mcufinder//mcu/
2026-05-04 13:16:27,012 [INFO] CrossReferenceDbSqlite:203 - Set database path to: C:\Users\santi\.stmcufinder\plugins\mcufinder//mcu/cs/
2026-05-04 13:16:27,119 [INFO] RulesReader:64 - Compatibility file has been processed (317 Rules)
2026-05-04 13:16:27,186 [INFO] DbMcusXml:78 - Set database path to: C:\ST\STM32CubeIDE_1.19.0\STM32CubeIDE\plugins\com.st.stm32cube.common.mx_6.15.0.202507011659\\db\/mcu/
2026-05-04 13:16:27,186 [INFO] ApiDb:274 - Set plugin database path to: C:\ST\STM32CubeIDE_1.19.0\STM32CubeIDE\plugins\com.st.stm32cube.common.mx_6.15.0.202507011659\\db\/plugins/boardmanager/
2026-05-04 13:16:27,186 [INFO] ApiDb:261 - Set plugin images path to: C:\ST\STM32CubeIDE_1.19.0\STM32CubeIDE\plugins\com.st.stm32cube.common.mx_6.15.0.202507011659\\db\/plugins/mcufinder/images/
2026-05-04 13:16:27,186 [WARN] DbFile:41 - Overriding database path with different value: C:\Users\santi\.stmcufinder\plugins\mcufinder/ => C:\Users\santi\.stmcufinder\plugins\mcufinder
2026-05-04 13:16:27,186 [INFO] ApiDb:250 - Set database path to: C:\Users\santi\.stmcufinder\plugins\mcufinder//mcu/
2026-05-04 13:16:27,186 [WARN] DbFile:41 - Overriding database path with different value: C:\Users\santi\.stmcufinder\plugins\mcufinder/ => C:\Users\santi\.stmcufinder\plugins\mcufinder
2026-05-04 13:16:27,186 [INFO] DbMcusAds:125 - Set database path to: C:\Users\santi\.stmcufinder\plugins\mcufinder//mcu/
2026-05-04 13:16:27,187 [WARN] DbFile:41 - Overriding database path with different value: C:\Users\santi\.stmcufinder\plugins\mcufinder/ => C:\Users\santi\.stmcufinder\plugins\mcufinder
2026-05-04 13:16:27,187 [WARN] DbFile:41 - Overriding database path with different value: C:\Users\santi\.stmcufinder\plugins\mcufinder/ => C:\Users\santi\.stmcufinder\plugins\mcufinder
2026-05-04 13:16:27,187 [INFO] CrossReferenceDbSqlite:203 - Set database path to: C:\Users\santi\.stmcufinder\plugins\mcufinder//mcu/cs/
2026-05-04 13:16:27,251 [INFO] MainPanel:274 - HeapMemory: 268435456
2026-05-04 13:16:27,352 [INFO] DbMcusXml:78 - Set database path to: C:\ST\STM32CubeIDE_1.19.0\STM32CubeIDE\plugins\com.st.stm32cube.common.mx_6.15.0.202507011659\\db\/mcu/
2026-05-04 13:16:27,352 [INFO] ApiDb:274 - Set plugin database path to: C:\ST\STM32CubeIDE_1.19.0\STM32CubeIDE\plugins\com.st.stm32cube.common.mx_6.15.0.202507011659\\db\/plugins/boardmanager/
2026-05-04 13:16:27,352 [INFO] ApiDb:261 - Set plugin images path to: C:\ST\STM32CubeIDE_1.19.0\STM32CubeIDE\plugins\com.st.stm32cube.common.mx_6.15.0.202507011659\\db\/plugins/mcufinder/images/
2026-05-04 13:16:27,353 [WARN] DbFile:41 - Overriding database path with different value: C:\Users\santi\.stmcufinder\plugins\mcufinder/ => C:\Users\santi\.stmcufinder\plugins\mcufinder
2026-05-04 13:16:27,353 [INFO] ApiDb:250 - Set database path to: C:\Users\santi\.stmcufinder\plugins\mcufinder//mcu/
2026-05-04 13:16:27,353 [WARN] DbFile:41 - Overriding database path with different value: C:\Users\santi\.stmcufinder\plugins\mcufinder/ => C:\Users\santi\.stmcufinder\plugins\mcufinder
2026-05-04 13:16:27,353 [INFO] DbMcusAds:125 - Set database path to: C:\Users\santi\.stmcufinder\plugins\mcufinder//mcu/
2026-05-04 13:16:27,353 [WARN] DbFile:41 - Overriding database path with different value: C:\Users\santi\.stmcufinder\plugins\mcufinder/ => C:\Users\santi\.stmcufinder\plugins\mcufinder
2026-05-04 13:16:27,353 [WARN] DbFile:41 - Overriding database path with different value: C:\Users\santi\.stmcufinder\plugins\mcufinder/ => C:\Users\santi\.stmcufinder\plugins\mcufinder
2026-05-04 13:16:27,353 [INFO] CrossReferenceDbSqlite:203 - Set database path to: C:\Users\santi\.stmcufinder\plugins\mcufinder//mcu/cs/
2026-05-04 13:16:27,369 [INFO] ApplicationProperties:184 - Using Application install path: C:\ST\STM32CubeIDE_1.19.0\STM32CubeIDE\plugins\com.st.stm32cube.common.mx_6.15.0.202507011659
2026-05-04 13:16:27,370 [INFO] PluginManage:196 - Search for loadable plugins [exclusion list=, ]
2026-05-04 13:16:27,371 [INFO] PluginManage:310 - Check plugin analytics
2026-05-04 13:16:27,541 [INFO] AnalyticsPlugin:253 - Accepted Software Licenses: 
2026-05-04 13:16:27,541 [INFO] AnalyticsPlugin:255 - Accepted CMSIS Pack Licenses: 
2026-05-04 13:16:27,542 [INFO] AnalyticsPlugin:257 - Accepted Firmware Licenses: 
2026-05-04 13:16:27,544 [INFO] PluginManage:359 - Loaded plugin analytics (category:tool,tabindex:-1)
2026-05-04 13:16:27,544 [INFO] PluginManage:310 - Check plugin cadmodel
2026-05-04 13:16:27,548 [INFO] CADModel:105 - Init CAD model plugin
2026-05-04 13:16:27,549 [INFO] PluginManage:359 - Loaded plugin cadmodel (category:power,tabindex:5)
2026-05-04 13:16:27,549 [INFO] PluginManage:310 - Check plugin clock
2026-05-04 13:16:27,556 [INFO] PluginManage:359 - Loaded plugin clock (category:base,tabindex:2)
2026-05-04 13:16:27,557 [INFO] PluginManage:310 - Check plugin ddr
2026-05-04 13:16:27,559 [INFO] PluginManage:359 - Loaded plugin ddr (category:tool,tabindex:6)
2026-05-04 13:16:27,559 [INFO] PluginManage:310 - Check plugin filemanager
2026-05-04 13:16:27,704 [INFO] PluginManage:359 - Loaded plugin filemanager (category:base,tabindex:10)
2026-05-04 13:16:27,704 [INFO] PluginManage:310 - Check plugin ipmanager
2026-05-04 13:16:27,710 [INFO] PluginManage:359 - Loaded plugin ipmanager (category:base,tabindex:5)
2026-05-04 13:16:27,711 [INFO] PluginManage:310 - Check plugin lpbam
2026-05-04 13:16:27,720 [INFO] PluginManage:359 - Loaded plugin lpbam (category:base,tabindex:0)
2026-05-04 13:16:27,720 [INFO] PluginManage:310 - Check plugin memorymap
2026-05-04 13:16:27,733 [INFO] PluginManage:359 - Loaded plugin memorymap (category:base,tabindex:4)
2026-05-04 13:16:27,733 [INFO] PluginManage:310 - Check plugin pinoutandconfiguration
2026-05-04 13:16:27,740 [INFO] PluginManage:359 - Loaded plugin pinoutandconfiguration (category:base,tabindex:1)
2026-05-04 13:16:27,740 [INFO] PluginManage:310 - Check plugin pinoutconfig
2026-05-04 13:16:27,827 [WARN] SupportedApi:132 - Cannot load RTOS API schema: s4s-elt-must-match.1: The content of 'definitions' must match (annotation?, (simpleType | complexType)?, (unique | key | keyref)*)). A problem was found starting at: attribute.
2026-05-04 13:16:27,945 [INFO] PluginManage:359 - Loaded plugin pinoutconfig (category:base,tabindex:0)
2026-05-04 13:16:27,945 [INFO] PluginManage:310 - Check plugin power
2026-05-04 13:16:27,952 [INFO] PluginManage:359 - Loaded plugin power (category:power,tabindex:4)
2026-05-04 13:16:27,952 [INFO] PluginManage:310 - Check plugin projectmanager
2026-05-04 13:16:27,968 [INFO] PluginManage:359 - Loaded plugin projectmanager (category:projectmanager,tabindex:4)
2026-05-04 13:16:27,968 [INFO] PluginManage:310 - Check plugin rif
2026-05-04 13:16:27,980 [INFO] PluginManage:359 - Loaded plugin rif (category:base,tabindex:3)
2026-05-04 13:16:27,981 [INFO] PluginManage:310 - Check plugin thirdparty
2026-05-04 13:16:28,122 [INFO] PluginManage:359 - Loaded plugin thirdparty (category:base,tabindex:-1)
2026-05-04 13:16:28,122 [INFO] PluginManage:310 - Check plugin tools
2026-05-04 13:16:28,122 [WARN] IntegrityCheckThread:84 - waiting for thirdparty lock release [integrity check]
2026-05-04 13:16:28,122 [INFO] IntegrityCheckThread:86 - entering critical section [integrity check]
2026-05-04 13:16:28,123 [INFO] ThirdPartyUpdaterWithRetryManager:70 - Updater plugin not ready yet. [1/15]
2026-05-04 13:16:28,124 [INFO] PluginManage:359 - Loaded plugin tools (category:base,tabindex:7)
2026-05-04 13:16:28,125 [INFO] PluginManage:310 - Check plugin tutovideos
2026-05-04 13:16:28,326 [INFO] PluginManage:359 - Loaded plugin tutovideos (category:base,tabindex:-1)
2026-05-04 13:16:28,326 [INFO] PluginManage:310 - Check plugin updater
2026-05-04 13:16:28,345 [INFO] PluginManage:359 - Loaded plugin updater (category:base,tabindex:12)
2026-05-04 13:16:28,345 [INFO] PluginManage:310 - Check plugin userauth
2026-05-04 13:16:28,349 [INFO] UserAuth:118 - Init User Auth plugin
2026-05-04 13:16:28,349 [INFO] PluginManage:359 - Loaded plugin userauth (category:base,tabindex:14)
2026-05-04 13:16:28,350 [INFO] PluginManage:283 - PluginManage : Loaded plugins [18]
2026-05-04 13:16:28,541 [INFO] PinOutPanel:1589 - setPackage(No Configuration,No Configuration)
2026-05-04 13:16:28,616 [INFO] CADModel:165 - CPN selected for project level
2026-05-04 13:16:28,617 [INFO] CADModel:114 - Register for checkConnection events
2026-05-04 13:16:28,631 [INFO] IPUIPlugin:80 - create IPUIPlugin
2026-05-04 13:16:28,631 [INFO] PluginManager:220 - loadIPPluginJar : add adc
2026-05-04 13:16:28,633 [INFO] IPUIPlugin:80 - create IPUIPlugin
2026-05-04 13:16:28,633 [INFO] PluginManager:220 - loadIPPluginJar : add aes
2026-05-04 13:16:28,635 [INFO] IPUIPlugin:80 - create IPUIPlugin
2026-05-04 13:16:28,635 [INFO] PluginManager:220 - loadIPPluginJar : add can
2026-05-04 13:16:28,636 [INFO] IPUIPlugin:80 - create IPUIPlugin
2026-05-04 13:16:28,637 [INFO] PluginManager:220 - loadIPPluginJar : add comp
2026-05-04 13:16:28,638 [INFO] IPUIPlugin:80 - create IPUIPlugin
2026-05-04 13:16:28,638 [INFO] PluginManager:220 - loadIPPluginJar : add cryp
2026-05-04 13:16:28,641 [INFO] IPUIPlugin:80 - create IPUIPlugin
2026-05-04 13:16:28,641 [INFO] PluginManager:220 - loadIPPluginJar : add ddr_ctrl_phy
2026-05-04 13:16:28,643 [INFO] IPUIPlugin:80 - create IPUIPlugin
2026-05-04 13:16:28,643 [INFO] PluginManager:220 - loadIPPluginJar : add dfsdm
2026-05-04 13:16:28,647 [INFO] IPUIPlugin:80 - create IPUIPlugin
2026-05-04 13:16:28,647 [INFO] PluginManager:220 - loadIPPluginJar : add dma
2026-05-04 13:16:28,649 [INFO] IPUIPlugin:80 - create IPUIPlugin
2026-05-04 13:16:28,649 [INFO] PluginManager:220 - loadIPPluginJar : add dma3
2026-05-04 13:16:28,651 [INFO] IPUIPlugin:80 - create IPUIPlugin
2026-05-04 13:16:28,651 [INFO] PluginManager:220 - loadIPPluginJar : add extmemmanager
2026-05-04 13:16:28,652 [INFO] IPUIPlugin:80 - create IPUIPlugin
2026-05-04 13:16:28,652 [INFO] PluginManager:220 - loadIPPluginJar : add fatfs
2026-05-04 13:16:28,655 [INFO] IPUIPlugin:80 - create IPUIPlugin
2026-05-04 13:16:28,655 [INFO] PluginManager:220 - loadIPPluginJar : add fmc
2026-05-04 13:16:28,660 [INFO] IPUIPlugin:80 - create IPUIPlugin
2026-05-04 13:16:28,660 [INFO] PluginManager:220 - loadIPPluginJar : add freertos
2026-05-04 13:16:28,661 [INFO] IPUIPlugin:80 - create IPUIPlugin
2026-05-04 13:16:28,661 [INFO] PluginManager:220 - loadIPPluginJar : add genericplugin
2026-05-04 13:16:28,662 [INFO] IPUIPlugin:80 - create IPUIPlugin
2026-05-04 13:16:28,663 [INFO] PluginManager:220 - loadIPPluginJar : add gfxmmu
2026-05-04 13:16:28,666 [INFO] IPUIPlugin:80 - create IPUIPlugin
2026-05-04 13:16:28,666 [INFO] PluginManager:220 - loadIPPluginJar : add gic
2026-05-04 13:16:28,669 [INFO] IPUIPlugin:80 - create IPUIPlugin
2026-05-04 13:16:28,670 [INFO] PluginManager:220 - loadIPPluginJar : add gpio
2026-05-04 13:16:28,672 [INFO] IPUIPlugin:80 - create IPUIPlugin
2026-05-04 13:16:28,672 [INFO] PluginManager:220 - loadIPPluginJar : add gtzc
2026-05-04 13:16:28,674 [INFO] IPUIPlugin:80 - create IPUIPlugin
2026-05-04 13:16:28,674 [INFO] PluginManager:220 - loadIPPluginJar : add hash
2026-05-04 13:16:28,676 [INFO] IPUIPlugin:80 - create IPUIPlugin
2026-05-04 13:16:28,676 [INFO] PluginManager:220 - loadIPPluginJar : add i2c
2026-05-04 13:16:28,678 [INFO] IPUIPlugin:80 - create IPUIPlugin
2026-05-04 13:16:28,678 [INFO] PluginManager:220 - loadIPPluginJar : add i2s
2026-05-04 13:16:28,680 [INFO] IPUIPlugin:80 - create IPUIPlugin
2026-05-04 13:16:28,680 [INFO] PluginManager:220 - loadIPPluginJar : add i3c
2026-05-04 13:16:28,683 [INFO] IPUIPlugin:80 - create IPUIPlugin
2026-05-04 13:16:28,683 [INFO] PluginManager:220 - loadIPPluginJar : add ipddr
2026-05-04 13:16:28,689 [INFO] IPUIPlugin:80 - create IPUIPlugin
2026-05-04 13:16:28,690 [INFO] PluginManager:220 - loadIPPluginJar : add linkedlist
2026-05-04 13:16:28,692 [INFO] IPUIPlugin:80 - create IPUIPlugin
2026-05-04 13:16:28,692 [INFO] PluginManager:220 - loadIPPluginJar : add lorawan
2026-05-04 13:16:28,693 [INFO] IPUIPlugin:80 - create IPUIPlugin
2026-05-04 13:16:28,693 [INFO] PluginManager:220 - loadIPPluginJar : add ltdc
2026-05-04 13:16:28,698 [INFO] IPUIPlugin:80 - create IPUIPlugin
2026-05-04 13:16:28,698 [INFO] PluginManager:220 - loadIPPluginJar : add mdma
2026-05-04 13:16:28,700 [INFO] IPUIPlugin:80 - create IPUIPlugin
2026-05-04 13:16:28,700 [INFO] PluginManager:220 - loadIPPluginJar : add nvic
2026-05-04 13:16:28,703 [INFO] IPUIPlugin:80 - create IPUIPlugin
2026-05-04 13:16:28,703 [INFO] PluginManager:220 - loadIPPluginJar : add opamp
2026-05-04 13:16:28,705 [INFO] IPUIPlugin:80 - create IPUIPlugin
2026-05-04 13:16:28,706 [INFO] PluginManager:220 - loadIPPluginJar : add openamp
2026-05-04 13:16:28,708 [INFO] IPUIPlugin:80 - create IPUIPlugin
2026-05-04 13:16:28,708 [INFO] PluginManager:220 - loadIPPluginJar : add pdm2pcm
2026-05-04 13:16:28,712 [INFO] IPUIPlugin:80 - create IPUIPlugin
2026-05-04 13:16:28,715 [INFO] PluginManager:220 - loadIPPluginJar : add plateformsettings
2026-05-04 13:16:28,716 [INFO] IPUIPlugin:80 - create IPUIPlugin
2026-05-04 13:16:28,716 [INFO] PluginManager:220 - loadIPPluginJar : add quadspi
2026-05-04 13:16:28,718 [INFO] IPUIPlugin:80 - create IPUIPlugin
2026-05-04 13:16:28,718 [INFO] PluginManager:220 - loadIPPluginJar : add radio
2026-05-04 13:16:28,721 [INFO] IPUIPlugin:80 - create IPUIPlugin
2026-05-04 13:16:28,721 [INFO] PluginManager:220 - loadIPPluginJar : add resmgrutility
2026-05-04 13:16:28,723 [INFO] IPUIPlugin:80 - create IPUIPlugin
2026-05-04 13:16:28,723 [INFO] PluginManager:220 - loadIPPluginJar : add sai
2026-05-04 13:16:28,725 [INFO] IPUIPlugin:80 - create IPUIPlugin
2026-05-04 13:16:28,725 [INFO] PluginManager:220 - loadIPPluginJar : add spi
2026-05-04 13:16:28,731 [INFO] IPUIPlugin:80 - create IPUIPlugin
2026-05-04 13:16:28,731 [INFO] PluginManager:220 - loadIPPluginJar : add stm32_wpan
2026-05-04 13:16:28,732 [INFO] IPUIPlugin:80 - create IPUIPlugin
2026-05-04 13:16:28,732 [INFO] PluginManager:220 - loadIPPluginJar : add tim
2026-05-04 13:16:28,734 [INFO] IPUIPlugin:80 - create IPUIPlugin
2026-05-04 13:16:28,735 [INFO] PluginManager:220 - loadIPPluginJar : add touchsensing
2026-05-04 13:16:28,736 [INFO] IPUIPlugin:80 - create IPUIPlugin
2026-05-04 13:16:28,736 [INFO] PluginManager:220 - loadIPPluginJar : add tracer_emb
2026-05-04 13:16:28,737 [INFO] IPUIPlugin:80 - create IPUIPlugin
2026-05-04 13:16:28,737 [INFO] PluginManager:220 - loadIPPluginJar : add ts
2026-05-04 13:16:28,738 [INFO] IPUIPlugin:80 - create IPUIPlugin
2026-05-04 13:16:28,738 [INFO] PluginManager:220 - loadIPPluginJar : add tsc
2026-05-04 13:16:28,739 [INFO] IPUIPlugin:80 - create IPUIPlugin
2026-05-04 13:16:28,739 [INFO] PluginManager:220 - loadIPPluginJar : add ucpd
2026-05-04 13:16:28,742 [INFO] IPUIPlugin:80 - create IPUIPlugin
2026-05-04 13:16:28,742 [INFO] PluginManager:220 - loadIPPluginJar : add usart
2026-05-04 13:16:28,746 [INFO] IPUIPlugin:80 - create IPUIPlugin
2026-05-04 13:16:28,746 [INFO] PluginManager:220 - loadIPPluginJar : add usbx
2026-05-04 13:16:28,861 [FATAL] Updater:351 - Updater called before beeing initialized
2026-05-04 13:16:28,889 [INFO] RulesReader:64 - Compatibility file has been processed (317 Rules)
2026-05-04 13:16:28,899 [INFO] RulesReader:64 - Compatibility file has been processed (317 Rules)
2026-05-04 13:16:28,905 [INFO] CADModel:165 - CPN selected for project level
2026-05-04 13:16:28,905 [INFO] CADModel:114 - Register for checkConnection events
2026-05-04 13:16:28,905 [FATAL] Updater:351 - Updater called before beeing initialized
2026-05-04 13:16:28,905 [ERROR] CADModel:125 - Updater not yet initialized, retry later 
2026-05-04 13:16:29,048 [FATAL] Updater:351 - Updater called before beeing initialized
2026-05-04 13:16:29,050 [INFO] CADModel:165 - CPN selected for project level
2026-05-04 13:16:29,050 [INFO] CADModel:114 - Register for checkConnection events
2026-05-04 13:16:29,050 [FATAL] Updater:351 - Updater called before beeing initialized
2026-05-04 13:16:29,050 [ERROR] CADModel:125 - Updater not yet initialized, retry later 
2026-05-04 13:16:29,053 [FATAL] Updater:351 - Updater called before beeing initialized
2026-05-04 13:16:29,129 [FATAL] Updater:351 - Updater called before beeing initialized
2026-05-04 13:16:29,132 [INFO] DbMcusAds:53 - JSON generation date=Thu Sep 30 03:55:09 ART 2021 (1632984909247)
2026-05-04 13:16:29,133 [FATAL] Updater:351 - Updater called before beeing initialized
2026-05-04 13:16:29,164 [WARN] DetailPanel:346 - Failed to get advertising image, set to default
2026-05-04 13:16:29,238 [FATAL] Updater:351 - Updater called before beeing initialized
2026-05-04 13:16:29,240 [FATAL] Updater:351 - Updater called before beeing initialized
2026-05-04 13:16:29,240 [FATAL] Updater:351 - Updater called before beeing initialized
2026-05-04 13:16:29,240 [WARN] DetailPanel:346 - Failed to get advertising image, set to default
2026-05-04 13:16:29,241 [FATAL] Updater:351 - Updater called before beeing initialized
2026-05-04 13:16:29,280 [ERROR] Updater:1198 - MainUpdater not yet initialized. External WinMGr cannot be set.
2026-05-04 13:16:29,282 [INFO] Updater:1134 - Updater Version found : 6.15.0
2026-05-04 13:16:29,298 [INFO] ApplicationProperties:184 - Using Application install path: C:\ST\STM32CubeIDE_1.19.0\STM32CubeIDE\plugins\com.st.stm32cube.common.mx_6.15.0.202507011659
2026-05-04 13:16:30,870 [ERROR] LogOutputStream:75 - [STDERR_REDIRECT] May 04, 2026 1:16:30 PM java.util.prefs.WindowsPreferences <init>
2026-05-04 13:16:30,871 [ERROR] LogOutputStream:75 - [STDERR_REDIRECT] WARNING: Could not open/create prefs root node Software\JavaSoft\Prefs at root 0xffffffff80000002. Windows RegCreateKeyEx(...) returned error code 5.
2026-05-04 13:16:30,871 [ERROR] LogOutputStream:75 - [STDERR_REDIRECT] 
2026-05-04 13:16:31,124 [INFO] ThirdPartyUpdaterWithRetryManager:70 - Updater plugin not ready yet. [2/15]
2026-05-04 13:16:31,357 [INFO] MainUpdater:2872 - connection check result : 10
2026-05-04 13:16:31,357 [INFO] MainUpdater:289 - Updater Check For Update Now.
2026-05-04 13:16:31,357 [INFO] MicroXplorer:498 - Change Database Version : DB.6.0.150
2026-05-04 13:16:31,365 [INFO] McuFinderGlobals:63 - Set McuFinder mode to 2 (CubeIDE integrated)
2026-05-04 13:16:31,365 [INFO] UserAuth:171 - activating auth plugin
2026-05-04 13:16:31,370 [INFO] UserAuth:487 - Internet connection configuration mode: 1
2026-05-04 13:16:31,399 [INFO] JxBrowserEngine:152 - Initiate JxBrowser Engine with user profile folder
2026-05-04 13:16:31,546 [INFO] CheckServerUpdateThread:120 - End of CheckServer Thread
2026-05-04 13:16:31,980 [INFO] WebApp:169 - Instantiating new browser for Auth
2026-05-04 13:16:32,715 [INFO] WebApp:463 - Apply proxy settings
2026-05-04 13:16:32,715 [INFO] WebApp:548 - Chromium requires no authentication
2026-05-04 13:16:32,727 [INFO] WebApp:491 - Direct internet connection detected
2026-05-04 13:16:32,753 [INFO] WebApp:900 - Register for checkConnection events
2026-05-04 13:16:32,753 [INFO] WebApp:463 - Apply proxy settings
2026-05-04 13:16:32,753 [INFO] WebApp:548 - Chromium requires no authentication
2026-05-04 13:16:32,754 [INFO] WebApp:491 - Direct internet connection detected
2026-05-04 13:16:32,951 [INFO] WebApp:225 - Starting web application
2026-05-04 13:16:32,952 [INFO] WebApp:593 - Web application path used C:\ST\STM32CubeIDE_1.19.0\STM32CubeIDE\plugins\com.st.stm32cube.common.mx_6.15.0.202507011659\db\plugins\mcufinder\reactClient1\index.html
2026-05-04 13:16:33,107 [INFO] WebApp:191 - Connection restablished
2026-05-04 13:16:33,334 [ERROR] LogOutputStream:75 - [STDERR_REDIRECT] [Fatal Error] :1:1: Premature end of file.
2026-05-04 13:16:33,335 [ERROR] LogOutputStream:75 - [STDERR_REDIRECT] 
2026-05-04 13:16:34,283 [ERROR] LogOutputStream:75 - [STDERR_REDIRECT] [Fatal Error] :1:1: Premature end of file.
2026-05-04 13:16:34,284 [ERROR] LogOutputStream:75 - [STDERR_REDIRECT] 
2026-05-04 13:16:34,360 [WARN] PackLoader:240 - Cannot read IP mode file for STMicroelectronics.X-CUBE-AZRTOS-H7.3.5.0
2026-05-04 13:16:34,374 [WARN] PackLoader:240 - Cannot read IP mode file for STMicroelectronics.FP-ATR-ASTRA1.2.0.2
2026-05-04 13:16:34,381 [WARN] PackLoader:240 - Cannot read IP mode file for STMicroelectronics.X-CUBE-SMBUS.2.1.0
2026-05-04 13:16:34,402 [WARN] PackLoader:240 - Cannot read IP mode file for STMicroelectronics.X-CUBE-AZRTOS-F7.1.1.0
2026-05-04 13:16:34,416 [WARN] PackLoader:240 - Cannot read IP mode file for WES.I-CUBE-Cesium.1.4.0
2026-05-04 13:16:34,426 [WARN] PackLoader:240 - Cannot read IP mode file for STMicroelectronics.X-CUBE-DISPLAY.3.0.0
2026-05-04 13:16:34,439 [WARN] PackLoader:240 - Cannot read IP mode file for STMicroelectronics.X-CUBE-GNSS1.7.1.1
2026-05-04 13:16:34,444 [WARN] PackLoader:240 - Cannot read IP mode file for wolfSSL.I-CUBE-wolfSSL.5.9.1
2026-05-04 13:16:34,449 [WARN] PackLoader:240 - Cannot read IP mode file for STMicroelectronics.X-CUBE-NFC10.1.0.0
2026-05-04 13:16:34,458 [WARN] PackLoader:240 - Cannot read IP mode file for STMicroelectronics.X-CUBE-ST60.1.1.0
2026-05-04 13:16:34,463 [WARN] PackLoader:240 - Cannot read IP mode file for emotas.I-CUBE-CANOPEN.1.3.0
2026-05-04 13:16:34,469 [WARN] PackLoader:240 - Cannot read IP mode file for STMicroelectronics.FP-SNS-SMARTAG2.1.2.0
2026-05-04 13:16:34,474 [WARN] PackLoader:240 - Cannot read IP mode file for STMicroelectronics.FP-SNS-FLIGHT1.5.1.0
2026-05-04 13:16:34,481 [INFO] LogOutputStream:77 - [STDOUT_REDIRECT] 1 : Invalid condition id : UX_CORESTACK_Condition cause : null
2026-05-04 13:16:34,481 [INFO] LogOutputStream:77 - [STDOUT_REDIRECT] 1 : Invalid condition id : UX_CORESTACK_Condition cause : null
2026-05-04 13:16:34,482 [INFO] LogOutputStream:77 - [STDOUT_REDIRECT] 1 : Invalid condition id : UX_CORESTACK_Condition cause : null
2026-05-04 13:16:34,484 [INFO] LogOutputStream:77 - [STDOUT_REDIRECT] 1 : Invalid condition id : UX_CORESTACK_Condition cause : null
2026-05-04 13:16:34,485 [INFO] LogOutputStream:77 - [STDOUT_REDIRECT] 1 : Invalid condition id : UX_CORESTACK_Condition cause : null
2026-05-04 13:16:34,488 [WARN] PackLoader:240 - Cannot read IP mode file for STMicroelectronics.X-CUBE-AZRTOS-WL.2.0.0
2026-05-04 13:16:34,506 [WARN] PackLoader:240 - Cannot read IP mode file for STMicroelectronics.X-CUBE-AZRTOS-H7RS.1.2.0
2026-05-04 13:16:34,515 [WARN] PackLoader:240 - Cannot read IP mode file for STMicroelectronics.X-CUBE-BLE2.3.3.0
2026-05-04 13:16:34,545 [WARN] PackLoader:240 - Cannot read IP mode file for Infineon.AIROC-Wi-Fi-Bluetooth-STM32.1.8.0
2026-05-04 13:16:34,575 [WARN] PackLoader:240 - Cannot read IP mode file for STMicroelectronics.X-CUBE-NFC9.1.0.0
2026-05-04 13:16:34,585 [WARN] PackLoader:240 - Cannot read IP mode file for STMicroelectronics.X-CUBE-BLE1.7.1.0
2026-05-04 13:16:34,591 [WARN] PackLoader:240 - Cannot read IP mode file for wolfSSL.I-CUBE-wolfMQTT.1.19.2
2026-05-04 13:16:34,598 [WARN] PackLoader:240 - Cannot read IP mode file for STMicroelectronics.X-CUBE-EEPRMA1.5.2.0
2026-05-04 13:16:34,609 [WARN] PackLoader:240 - Cannot read IP mode file for STMicroelectronics.FP-SNS-STAIOTCFT.1.1.0
2026-05-04 13:16:34,625 [WARN] PackLoader:240 - Cannot read IP mode file for STMicroelectronics.X-CUBE-AZRTOS-G0.1.1.0
2026-05-04 13:16:34,634 [WARN] PackLoader:240 - Cannot read IP mode file for STMicroelectronics.X-CUBE-NFC4.3.0.0
2026-05-04 13:16:34,664 [WARN] PackLoader:240 - Cannot read IP mode file for EmbeddedOffice.I-CUBE-FS-RTOS.1.0.1
2026-05-04 13:16:34,671 [WARN] PackLoader:240 - Cannot read IP mode file for wolfSSL.I-CUBE-wolfTPM.3.8.0
2026-05-04 13:16:34,678 [WARN] PackLoader:240 - Cannot read IP mode file for STMicroelectronics.X-CUBE-TCPP.4.2.0
2026-05-04 13:16:34,686 [WARN] PackLoader:240 - Cannot read IP mode file for RealThread.X-CUBE-RT-Thread_Nano.4.1.1
2026-05-04 13:16:34,693 [WARN] PackLoader:240 - Cannot read IP mode file for STMicroelectronics.FP-ATR-SIGFOX1.3.2.0
2026-05-04 13:16:34,701 [WARN] PackLoader:240 - Cannot read IP mode file for STMicroelectronics.X-CUBE-FREERTOS.1.5.0
2026-05-04 13:16:34,709 [WARN] PackLoader:240 - Cannot read IP mode file for ITTIA_DB.I-CUBE-ITTIADB.8.9.0
2026-05-04 13:16:34,716 [WARN] PackLoader:240 - Cannot read IP mode file for STMicroelectronics.X-CUBE-NFC6.3.2.0
2026-05-04 13:16:34,761 [WARN] PackLoader:240 - Cannot read IP mode file for STMicroelectronics.X-CUBE-MEMS1.12.1.0
2026-05-04 13:16:34,847 [WARN] PackLoader:240 - Cannot read IP mode file for SEGGER.I-CUBE-embOS.1.3.1
2026-05-04 13:16:34,872 [WARN] PackLoader:240 - Cannot read IP mode file for STMicroelectronics.X-CUBE-ALGOBUILD.1.4.0
2026-05-04 13:16:34,876 [WARN] PackLoader:240 - Cannot read IP mode file for STMicroelectronics.X-CUBE-PM33A1.1.0.0
2026-05-04 13:16:34,889 [WARN] PackLoader:240 - Cannot read IP mode file for STMicroelectronics.X-CUBE-AZRTOS-F4.1.1.0
2026-05-04 13:16:34,894 [WARN] PackLoader:240 - Cannot read IP mode file for STMicroelectronics.X-CUBE-ISPU.2.1.0
2026-05-04 13:16:34,905 [WARN] PackLoader:240 - Cannot read IP mode file for STMicroelectronics.X-CUBE-IPS.3.2.0
2026-05-04 13:16:34,914 [WARN] PackLoader:240 - Cannot read IP mode file for STMicroelectronics.eDS-WB_DPC_TT-BIDIR.2.1.1
2026-05-04 13:16:34,921 [WARN] PackLoader:240 - Cannot read IP mode file for STMicroelectronics.X-CUBE-NFC12.1.0.0
2026-05-04 13:16:34,936 [WARN] PackLoader:240 - Cannot read IP mode file for STMicroelectronics.X-CUBE-AZRTOS-L5.2.0.0
2026-05-04 13:16:34,942 [WARN] PackLoader:240 - Cannot read IP mode file for STMicroelectronics.eDS-WB_DPC_VIENNA.1.2.0
2026-05-04 13:16:34,945 [WARN] PackLoader:240 - Cannot read IP mode file for STMicroelectronics.eDS-WB_DPC_3PH2L-BIDIR.1.1.1
2026-05-04 13:16:34,948 [ERROR] Engine:466 - C:\Users\santi\.stm32cubemx\thirdparties\pdsc\STMicroelectronics.X-CUBE-ST67W61.1.3.0.pdsc: PDSC version is not supported
2026-05-04 13:16:34,953 [WARN] PackLoader:240 - Cannot read IP mode file for STMicroelectronics.X-CUBE-TOUCHGFX.4.26.1
2026-05-04 13:16:34,957 [WARN] PackLoader:240 - Cannot read IP mode file for STMicroelectronics.FP-SNS-STAIOTCFT.1.0.0
2026-05-04 13:16:34,963 [WARN] PackLoader:240 - Cannot read IP mode file for STMicroelectronics.X-CUBE-DPower.1.3.0
2026-05-04 13:16:34,980 [WARN] ConditionMgr:438 - getConditionDescription Invalid condition id : LAN8742 Phy interface Condition cause : null
2026-05-04 13:16:34,981 [WARN] PackLoader:240 - Cannot read IP mode file for STMicroelectronics.X-CUBE-AZRTOS-L4.2.0.0
2026-05-04 13:16:34,982 [WARN] ConditionMgr:1044 - genDependencies : Invalid condition id : LAN8742 Phy interface Condition cause : null
2026-05-04 13:16:34,982 [WARN] ConditionMgr:1044 - genDependencies : Invalid condition id : LAN8742 Phy interface Condition cause : null
2026-05-04 13:16:34,982 [WARN] ConditionMgr:1044 - genDependencies : Invalid condition id : LAN8742 Phy interface Condition cause : null
2026-05-04 13:16:34,989 [WARN] PackLoader:240 - Cannot read IP mode file for STMicroelectronics.X-CUBE-SFXS2LP1.4.0.0
2026-05-04 13:16:34,994 [WARN] PackLoader:240 - Cannot read IP mode file for STMicroelectronics.X-CUBE-WB05N.2.1.0
2026-05-04 13:16:35,006 [WARN] ConditionMgr:438 - getConditionDescription Invalid condition id : UX DEVICE CLASS RTOS Condition cause : null
2026-05-04 13:16:35,006 [WARN] ConditionMgr:438 - getConditionDescription Invalid condition id : UX DEVICE CLASS RTOS Condition cause : null
2026-05-04 13:16:35,008 [WARN] PackLoader:240 - Cannot read IP mode file for STMicroelectronics.X-CUBE-AZRTOS-WB.2.0.0
2026-05-04 13:16:35,009 [WARN] ConditionMgr:1044 - genDependencies : Invalid condition id : UX DEVICE CLASS RTOS Condition cause : null
2026-05-04 13:16:35,009 [WARN] ConditionMgr:1044 - genDependencies : Invalid condition id : UX DEVICE CLASS RTOS Condition cause : null
2026-05-04 13:16:35,009 [WARN] ConditionMgr:1044 - genDependencies : Invalid condition id : UX DEVICE CLASS RTOS Condition cause : null
2026-05-04 13:16:35,009 [WARN] ConditionMgr:1044 - genDependencies : Invalid condition id : UX DEVICE CLASS RTOS Condition cause : null
2026-05-04 13:16:35,009 [WARN] ConditionMgr:1044 - genDependencies : Invalid condition id : UX DEVICE CLASS RTOS Condition cause : null
2026-05-04 13:16:35,013 [WARN] ConditionMgr:438 - getConditionDescription Invalid condition id : Cortex-A Device cause : null
2026-05-04 13:16:35,022 [WARN] ConditionMgr:1044 - genDependencies : Invalid condition id : Cortex-A Device cause : null
2026-05-04 13:16:35,022 [WARN] ConditionMgr:1044 - genDependencies : Invalid condition id : Cortex-A Device cause : null
2026-05-04 13:16:35,022 [WARN] ConditionMgr:1044 - genDependencies : Invalid condition id : Cortex-A Device cause : null
2026-05-04 13:16:35,027 [WARN] PackLoader:240 - Cannot read IP mode file for STMicroelectronics.X-CUBE-STSE01.2.0.0
2026-05-04 13:16:35,035 [WARN] PackLoader:240 - Cannot read IP mode file for STMicroelectronics.X-CUBE-SUBG2.5.0.0
2026-05-04 13:16:35,057 [WARN] PackLoader:240 - Cannot read IP mode file for STMicroelectronics.X-CUBE-AZRTOS-G4.2.0.0
2026-05-04 13:16:35,062 [WARN] PackLoader:240 - Cannot read IP mode file for wolfSSL.I-CUBE-wolfSSH.1.4.20
2026-05-04 13:16:35,069 [WARN] PackLoader:240 - Cannot read IP mode file for STMicroelectronics.X-CUBE-NFC7.2.0.0
2026-05-04 13:16:35,076 [WARN] PackLoader:240 - Cannot read IP mode file for STMicroelectronics.X-CUBE-ALS.1.0.2
2026-05-04 13:16:35,086 [WARN] PackLoader:240 - Cannot read IP mode file for STMicroelectronics.X-CUBE-TOF1.3.4.3
2026-05-04 13:16:35,092 [INFO] ThirdParty:978 - Integrity check success = true
2026-05-04 13:16:35,092 [INFO] IntegrityCheckThread:100 - exiting critical section [integrity check]
2026-05-04 13:16:35,092 [INFO] IntegrityCheckThread:103 - End integrity checks thread
2026-05-04 13:16:35,262 [ERROR] LogOutputStream:75 - [STDERR_REDIRECT] [Fatal Error] :1:1: Premature end of file.
2026-05-04 13:16:35,263 [ERROR] LogOutputStream:75 - [STDERR_REDIRECT] 
2026-05-04 13:16:36,263 [ERROR] LogOutputStream:75 - [STDERR_REDIRECT] [Fatal Error] :1:1: Premature end of file.
2026-05-04 13:16:36,264 [ERROR] LogOutputStream:75 - [STDERR_REDIRECT] 
2026-05-04 13:16:37,268 [ERROR] LogOutputStream:75 - [STDERR_REDIRECT] [Fatal Error] :1:1: Premature end of file.
2026-05-04 13:16:37,268 [ERROR] LogOutputStream:75 - [STDERR_REDIRECT] 
2026-05-04 13:16:38,289 [ERROR] LogOutputStream:75 - [STDERR_REDIRECT] [Fatal Error] :1:1: Premature end of file.
2026-05-04 13:16:38,289 [ERROR] LogOutputStream:75 - [STDERR_REDIRECT] 
2026-05-04 13:16:39,267 [ERROR] LogOutputStream:75 - [STDERR_REDIRECT] [Fatal Error] :1:1: Premature end of file.
2026-05-04 13:16:39,268 [ERROR] LogOutputStream:75 - [STDERR_REDIRECT] 
2026-05-04 13:16:40,266 [ERROR] LogOutputStream:75 - [STDERR_REDIRECT] [Fatal Error] :1:1: Premature end of file.
2026-05-04 13:16:40,266 [ERROR] LogOutputStream:75 - [STDERR_REDIRECT] 
2026-05-04 13:16:41,266 [ERROR] LogOutputStream:75 - [STDERR_REDIRECT] [Fatal Error] :1:1: Premature end of file.
2026-05-04 13:16:41,267 [ERROR] LogOutputStream:75 - [STDERR_REDIRECT] 
2026-05-04 13:16:42,273 [ERROR] LogOutputStream:75 - [STDERR_REDIRECT] [Fatal Error] :1:1: Premature end of file.
2026-05-04 13:16:42,273 [ERROR] LogOutputStream:75 - [STDERR_REDIRECT] 
2026-05-04 13:16:43,269 [ERROR] LogOutputStream:75 - [STDERR_REDIRECT] [Fatal Error] :1:1: Premature end of file.
2026-05-04 13:16:43,269 [ERROR] LogOutputStream:75 - [STDERR_REDIRECT] 
2026-05-04 13:16:44,263 [ERROR] LogOutputStream:75 - [STDERR_REDIRECT] [Fatal Error] :1:1: Premature end of file.
2026-05-04 13:16:44,263 [ERROR] LogOutputStream:75 - [STDERR_REDIRECT] 
2026-05-04 13:16:45,267 [ERROR] LogOutputStream:75 - [STDERR_REDIRECT] [Fatal Error] :1:1: Premature end of file.
2026-05-04 13:16:45,267 [ERROR] LogOutputStream:75 - [STDERR_REDIRECT] 
2026-05-04 13:16:46,265 [ERROR] LogOutputStream:75 - [STDERR_REDIRECT] [Fatal Error] :1:1: Premature end of file.
2026-05-04 13:16:46,266 [ERROR] LogOutputStream:75 - [STDERR_REDIRECT] 
2026-05-04 13:16:47,264 [ERROR] LogOutputStream:75 - [STDERR_REDIRECT] [Fatal Error] :1:1: Premature end of file.
2026-05-04 13:16:47,264 [ERROR] LogOutputStream:75 - [STDERR_REDIRECT] 
2026-05-04 13:16:48,265 [ERROR] LogOutputStream:75 - [STDERR_REDIRECT] [Fatal Error] :1:1: Premature end of file.
2026-05-04 13:16:48,265 [ERROR] LogOutputStream:75 - [STDERR_REDIRECT] 
2026-05-04 13:16:49,269 [ERROR] LogOutputStream:75 - [STDERR_REDIRECT] [Fatal Error] :1:1: Premature end of file.
2026-05-04 13:16:49,269 [ERROR] LogOutputStream:75 - [STDERR_REDIRECT] 
2026-05-04 13:16:50,264 [ERROR] LogOutputStream:75 - [STDERR_REDIRECT] [Fatal Error] :1:1: Premature end of file.
2026-05-04 13:16:50,264 [ERROR] LogOutputStream:75 - [STDERR_REDIRECT] 
2026-05-04 13:16:51,260 [ERROR] LogOutputStream:75 - [STDERR_REDIRECT] [Fatal Error] :1:1: Premature end of file.
2026-05-04 13:16:51,260 [ERROR] LogOutputStream:75 - [STDERR_REDIRECT] 
2026-05-04 13:16:52,267 [ERROR] LogOutputStream:75 - [STDERR_REDIRECT] [Fatal Error] :1:1: Premature end of file.
2026-05-04 13:16:52,267 [ERROR] LogOutputStream:75 - [STDERR_REDIRECT] 
2026-05-04 13:16:53,268 [ERROR] LogOutputStream:75 - [STDERR_REDIRECT] [Fatal Error] :1:1: Premature end of file.
2026-05-04 13:16:53,269 [ERROR] LogOutputStream:75 - [STDERR_REDIRECT] 
2026-05-04 13:16:54,270 [ERROR] LogOutputStream:75 - [STDERR_REDIRECT] [Fatal Error] :1:1: Premature end of file.
2026-05-04 13:16:54,270 [ERROR] LogOutputStream:75 - [STDERR_REDIRECT] 
2026-05-04 13:16:55,270 [ERROR] LogOutputStream:75 - [STDERR_REDIRECT] [Fatal Error] :1:1: Premature end of file.
2026-05-04 13:16:55,271 [ERROR] LogOutputStream:75 - [STDERR_REDIRECT] 
2026-05-04 13:16:56,276 [ERROR] LogOutputStream:75 - [STDERR_REDIRECT] [Fatal Error] :1:1: Premature end of file.
2026-05-04 13:16:56,277 [ERROR] LogOutputStream:75 - [STDERR_REDIRECT] 
2026-05-04 13:16:56,284 [ERROR] LogOutputStream:75 - [STDERR_REDIRECT] Exception in thread "Serial Ports Filter" java.lang.NullPointerException: Cannot invoke "org.eclipse.core.resources.ResourcesPlugin.getLog()" because the return value of "org.eclipse.core.resources.ResourcesPlugin.getPlugin()" is null
2026-05-04 13:16:56,285 [ERROR] LogOutputStream:75 - [STDERR_REDIRECT] 	at com.st.stm32cube.common.logger.MCULoggerPlugin.log(MCULoggerPlugin.java:84)
2026-05-04 13:16:56,287 [ERROR] LogOutputStream:75 - [STDERR_REDIRECT] 	at com.st.stm32cube.common.logger.MCULoggerPlugin.logException(MCULoggerPlugin.java:116)
2026-05-04 13:16:56,289 [ERROR] LogOutputStream:75 - [STDERR_REDIRECT] 	at com.st.stm32cube.ide.mpu.remote.serial.internal.SerialPortProviderWindows.run(SerialPortProviderWindows.java:156)
2026-05-04 13:16:56,290 [ERROR] LogOutputStream:75 - [STDERR_REDIRECT] 	at java.base/java.util.TimerThread.mainLoop(Timer.java:566)
2026-05-04 13:16:56,291 [ERROR] LogOutputStream:75 - [STDERR_REDIRECT] 	at java.base/java.util.TimerThread.run(Timer.java:516)
2026-05-04 13:16:56,303 [ERROR] LogOutputStream:75 - [STDERR_REDIRECT] 
2026-05-04 13:16:56,304 [ERROR] LogOutputStream:75 - [STDERR_REDIRECT] 
2026-05-04 13:19:01,782 [INFO] Activator:176 - 


2026-05-04 13:19:01,782 [INFO] Activator:177 - !SESSION log4j initialized
2026-05-04 13:19:06,717 [INFO] LogOutputStream:77 - [STDOUT_REDIRECT] 
2026-05-04 13:19:07,853 [INFO] ApplicationProperties:184 - Using Application install path: C:\ST\STM32CubeIDE_1.19.0\STM32CubeIDE\plugins\com.st.stm32cube.common.mx_6.15.0.202507011659
2026-05-04 13:19:07,950 [INFO] DbMcusXml:78 - Set database path to: C:\ST\STM32CubeIDE_1.19.0\STM32CubeIDE\plugins\com.st.stm32cube.common.mx_6.15.0.202507011659\\db\/mcu/
2026-05-04 13:19:07,950 [INFO] ApiDb:274 - Set plugin database path to: C:\ST\STM32CubeIDE_1.19.0\STM32CubeIDE\plugins\com.st.stm32cube.common.mx_6.15.0.202507011659\\db\/plugins/boardmanager/
2026-05-04 13:19:07,952 [WARN] ApiDb:259 - Overriding images path with different value:  => C:\ST\STM32CubeIDE_1.19.0\STM32CubeIDE\plugins\com.st.stm32cube.common.mx_6.15.0.202507011659\\db\/plugins/mcufinder/images/
2026-05-04 13:19:07,959 [INFO] ApiDb:250 - Set database path to: C:\Users\santi\.stmcufinder\plugins\mcufinder//mcu/
2026-05-04 13:19:07,959 [INFO] DbMcusAds:125 - Set database path to: C:\Users\santi\.stmcufinder\plugins\mcufinder//mcu/
2026-05-04 13:19:07,964 [INFO] CrossReferenceDbSqlite:203 - Set database path to: C:\Users\santi\.stmcufinder\plugins\mcufinder//mcu/cs/
2026-05-04 13:19:08,106 [INFO] RulesReader:64 - Compatibility file has been processed (317 Rules)
2026-05-04 13:19:08,242 [INFO] DbMcusXml:78 - Set database path to: C:\ST\STM32CubeIDE_1.19.0\STM32CubeIDE\plugins\com.st.stm32cube.common.mx_6.15.0.202507011659\\db\/mcu/
2026-05-04 13:19:08,242 [INFO] ApiDb:274 - Set plugin database path to: C:\ST\STM32CubeIDE_1.19.0\STM32CubeIDE\plugins\com.st.stm32cube.common.mx_6.15.0.202507011659\\db\/plugins/boardmanager/
2026-05-04 13:19:08,242 [INFO] ApiDb:261 - Set plugin images path to: C:\ST\STM32CubeIDE_1.19.0\STM32CubeIDE\plugins\com.st.stm32cube.common.mx_6.15.0.202507011659\\db\/plugins/mcufinder/images/
2026-05-04 13:19:08,242 [WARN] DbFile:41 - Overriding database path with different value: C:\Users\santi\.stmcufinder\plugins\mcufinder/ => C:\Users\santi\.stmcufinder\plugins\mcufinder
2026-05-04 13:19:08,242 [INFO] ApiDb:250 - Set database path to: C:\Users\santi\.stmcufinder\plugins\mcufinder//mcu/
2026-05-04 13:19:08,242 [WARN] DbFile:41 - Overriding database path with different value: C:\Users\santi\.stmcufinder\plugins\mcufinder/ => C:\Users\santi\.stmcufinder\plugins\mcufinder
2026-05-04 13:19:08,242 [INFO] DbMcusAds:125 - Set database path to: C:\Users\santi\.stmcufinder\plugins\mcufinder//mcu/
2026-05-04 13:19:08,242 [WARN] DbFile:41 - Overriding database path with different value: C:\Users\santi\.stmcufinder\plugins\mcufinder/ => C:\Users\santi\.stmcufinder\plugins\mcufinder
2026-05-04 13:19:08,242 [WARN] DbFile:41 - Overriding database path with different value: C:\Users\santi\.stmcufinder\plugins\mcufinder/ => C:\Users\santi\.stmcufinder\plugins\mcufinder
2026-05-04 13:19:08,242 [INFO] CrossReferenceDbSqlite:203 - Set database path to: C:\Users\santi\.stmcufinder\plugins\mcufinder//mcu/cs/
2026-05-04 13:19:08,423 [INFO] MainPanel:274 - HeapMemory: 268435456
2026-05-04 13:19:08,533 [INFO] DbMcusXml:78 - Set database path to: C:\ST\STM32CubeIDE_1.19.0\STM32CubeIDE\plugins\com.st.stm32cube.common.mx_6.15.0.202507011659\\db\/mcu/
2026-05-04 13:19:08,533 [INFO] ApiDb:274 - Set plugin database path to: C:\ST\STM32CubeIDE_1.19.0\STM32CubeIDE\plugins\com.st.stm32cube.common.mx_6.15.0.202507011659\\db\/plugins/boardmanager/
2026-05-04 13:19:08,533 [INFO] ApiDb:261 - Set plugin images path to: C:\ST\STM32CubeIDE_1.19.0\STM32CubeIDE\plugins\com.st.stm32cube.common.mx_6.15.0.202507011659\\db\/plugins/mcufinder/images/
2026-05-04 13:19:08,533 [WARN] DbFile:41 - Overriding database path with different value: C:\Users\santi\.stmcufinder\plugins\mcufinder/ => C:\Users\santi\.stmcufinder\plugins\mcufinder
2026-05-04 13:19:08,533 [INFO] ApiDb:250 - Set database path to: C:\Users\santi\.stmcufinder\plugins\mcufinder//mcu/
2026-05-04 13:19:08,533 [WARN] DbFile:41 - Overriding database path with different value: C:\Users\santi\.stmcufinder\plugins\mcufinder/ => C:\Users\santi\.stmcufinder\plugins\mcufinder
2026-05-04 13:19:08,533 [INFO] DbMcusAds:125 - Set database path to: C:\Users\santi\.stmcufinder\plugins\mcufinder//mcu/
2026-05-04 13:19:08,533 [WARN] DbFile:41 - Overriding database path with different value: C:\Users\santi\.stmcufinder\plugins\mcufinder/ => C:\Users\santi\.stmcufinder\plugins\mcufinder
2026-05-04 13:19:08,533 [WARN] DbFile:41 - Overriding database path with different value: C:\Users\santi\.stmcufinder\plugins\mcufinder/ => C:\Users\santi\.stmcufinder\plugins\mcufinder
2026-05-04 13:19:08,533 [INFO] CrossReferenceDbSqlite:203 - Set database path to: C:\Users\santi\.stmcufinder\plugins\mcufinder//mcu/cs/
2026-05-04 13:19:08,555 [INFO] ApplicationProperties:184 - Using Application install path: C:\ST\STM32CubeIDE_1.19.0\STM32CubeIDE\plugins\com.st.stm32cube.common.mx_6.15.0.202507011659
2026-05-04 13:19:08,555 [INFO] PluginManage:196 - Search for loadable plugins [exclusion list=, ]
2026-05-04 13:19:08,564 [INFO] PluginManage:310 - Check plugin analytics
2026-05-04 13:19:08,827 [INFO] AnalyticsPlugin:253 - Accepted Software Licenses: 
2026-05-04 13:19:08,829 [INFO] AnalyticsPlugin:255 - Accepted CMSIS Pack Licenses: 
2026-05-04 13:19:08,831 [INFO] AnalyticsPlugin:257 - Accepted Firmware Licenses: 
2026-05-04 13:19:08,834 [INFO] PluginManage:359 - Loaded plugin analytics (category:tool,tabindex:-1)
2026-05-04 13:19:08,834 [INFO] PluginManage:310 - Check plugin cadmodel
2026-05-04 13:19:08,841 [INFO] CADModel:105 - Init CAD model plugin
2026-05-04 13:19:08,841 [INFO] PluginManage:359 - Loaded plugin cadmodel (category:power,tabindex:5)
2026-05-04 13:19:08,841 [INFO] PluginManage:310 - Check plugin clock
2026-05-04 13:19:08,853 [INFO] PluginManage:359 - Loaded plugin clock (category:base,tabindex:2)
2026-05-04 13:19:08,855 [INFO] PluginManage:310 - Check plugin ddr
2026-05-04 13:19:08,857 [INFO] PluginManage:359 - Loaded plugin ddr (category:tool,tabindex:6)
2026-05-04 13:19:08,857 [INFO] PluginManage:310 - Check plugin filemanager
2026-05-04 13:19:09,082 [INFO] PluginManage:359 - Loaded plugin filemanager (category:base,tabindex:10)
2026-05-04 13:19:09,082 [INFO] PluginManage:310 - Check plugin ipmanager
2026-05-04 13:19:09,098 [INFO] PluginManage:359 - Loaded plugin ipmanager (category:base,tabindex:5)
2026-05-04 13:19:09,098 [INFO] PluginManage:310 - Check plugin lpbam
2026-05-04 13:19:09,102 [INFO] PluginManage:359 - Loaded plugin lpbam (category:base,tabindex:0)
2026-05-04 13:19:09,102 [INFO] PluginManage:310 - Check plugin memorymap
2026-05-04 13:19:09,123 [INFO] PluginManage:359 - Loaded plugin memorymap (category:base,tabindex:4)
2026-05-04 13:19:09,123 [INFO] PluginManage:310 - Check plugin pinoutandconfiguration
2026-05-04 13:19:09,143 [INFO] PluginManage:359 - Loaded plugin pinoutandconfiguration (category:base,tabindex:1)
2026-05-04 13:19:09,143 [INFO] PluginManage:310 - Check plugin pinoutconfig
2026-05-04 13:19:09,326 [WARN] SupportedApi:132 - Cannot load RTOS API schema: s4s-elt-must-match.1: The content of 'definitions' must match (annotation?, (simpleType | complexType)?, (unique | key | keyref)*)). A problem was found starting at: attribute.
2026-05-04 13:19:09,573 [INFO] PluginManage:359 - Loaded plugin pinoutconfig (category:base,tabindex:0)
2026-05-04 13:19:09,573 [INFO] PluginManage:310 - Check plugin power
2026-05-04 13:19:09,586 [INFO] PluginManage:359 - Loaded plugin power (category:power,tabindex:4)
2026-05-04 13:19:09,586 [INFO] PluginManage:310 - Check plugin projectmanager
2026-05-04 13:19:09,616 [INFO] PluginManage:359 - Loaded plugin projectmanager (category:projectmanager,tabindex:4)
2026-05-04 13:19:09,616 [INFO] PluginManage:310 - Check plugin rif
2026-05-04 13:19:09,632 [INFO] PluginManage:359 - Loaded plugin rif (category:base,tabindex:3)
2026-05-04 13:19:09,632 [INFO] PluginManage:310 - Check plugin thirdparty
2026-05-04 13:19:09,899 [INFO] PluginManage:359 - Loaded plugin thirdparty (category:base,tabindex:-1)
2026-05-04 13:19:09,899 [WARN] IntegrityCheckThread:84 - waiting for thirdparty lock release [integrity check]
2026-05-04 13:19:09,899 [INFO] IntegrityCheckThread:86 - entering critical section [integrity check]
2026-05-04 13:19:09,899 [INFO] PluginManage:310 - Check plugin tools
2026-05-04 13:19:09,899 [INFO] ThirdPartyUpdaterWithRetryManager:70 - Updater plugin not ready yet. [1/15]
2026-05-04 13:19:09,906 [INFO] PluginManage:359 - Loaded plugin tools (category:base,tabindex:7)
2026-05-04 13:19:09,906 [INFO] PluginManage:310 - Check plugin tutovideos
2026-05-04 13:19:10,233 [INFO] PluginManage:359 - Loaded plugin tutovideos (category:base,tabindex:-1)
2026-05-04 13:19:10,233 [INFO] PluginManage:310 - Check plugin updater
2026-05-04 13:19:10,262 [INFO] PluginManage:359 - Loaded plugin updater (category:base,tabindex:12)
2026-05-04 13:19:10,262 [INFO] PluginManage:310 - Check plugin userauth
2026-05-04 13:19:10,271 [INFO] UserAuth:118 - Init User Auth plugin
2026-05-04 13:19:10,271 [INFO] PluginManage:359 - Loaded plugin userauth (category:base,tabindex:14)
2026-05-04 13:19:10,271 [INFO] PluginManage:283 - PluginManage : Loaded plugins [18]
2026-05-04 13:19:10,613 [INFO] PinOutPanel:1589 - setPackage(No Configuration,No Configuration)
2026-05-04 13:19:10,739 [INFO] CADModel:165 - CPN selected for project level
2026-05-04 13:19:10,739 [INFO] CADModel:114 - Register for checkConnection events
2026-05-04 13:19:10,769 [INFO] IPUIPlugin:80 - create IPUIPlugin
2026-05-04 13:19:10,769 [INFO] PluginManager:220 - loadIPPluginJar : add adc
2026-05-04 13:19:10,779 [INFO] IPUIPlugin:80 - create IPUIPlugin
2026-05-04 13:19:10,779 [INFO] PluginManager:220 - loadIPPluginJar : add aes
2026-05-04 13:19:10,782 [INFO] IPUIPlugin:80 - create IPUIPlugin
2026-05-04 13:19:10,782 [INFO] PluginManager:220 - loadIPPluginJar : add can
2026-05-04 13:19:10,784 [INFO] IPUIPlugin:80 - create IPUIPlugin
2026-05-04 13:19:10,784 [INFO] PluginManager:220 - loadIPPluginJar : add comp
2026-05-04 13:19:10,790 [INFO] IPUIPlugin:80 - create IPUIPlugin
2026-05-04 13:19:10,790 [INFO] PluginManager:220 - loadIPPluginJar : add cryp
2026-05-04 13:19:10,792 [INFO] IPUIPlugin:80 - create IPUIPlugin
2026-05-04 13:19:10,794 [INFO] PluginManager:220 - loadIPPluginJar : add ddr_ctrl_phy
2026-05-04 13:19:10,796 [INFO] IPUIPlugin:80 - create IPUIPlugin
2026-05-04 13:19:10,796 [INFO] PluginManager:220 - loadIPPluginJar : add dfsdm
2026-05-04 13:19:10,800 [INFO] IPUIPlugin:80 - create IPUIPlugin
2026-05-04 13:19:10,800 [INFO] PluginManager:220 - loadIPPluginJar : add dma
2026-05-04 13:19:10,810 [INFO] IPUIPlugin:80 - create IPUIPlugin
2026-05-04 13:19:10,810 [INFO] PluginManager:220 - loadIPPluginJar : add dma3
2026-05-04 13:19:10,816 [INFO] IPUIPlugin:80 - create IPUIPlugin
2026-05-04 13:19:10,816 [INFO] PluginManager:220 - loadIPPluginJar : add extmemmanager
2026-05-04 13:19:10,818 [INFO] IPUIPlugin:80 - create IPUIPlugin
2026-05-04 13:19:10,820 [INFO] PluginManager:220 - loadIPPluginJar : add fatfs
2026-05-04 13:19:10,820 [INFO] IPUIPlugin:80 - create IPUIPlugin
2026-05-04 13:19:10,820 [INFO] PluginManager:220 - loadIPPluginJar : add fmc
2026-05-04 13:19:10,830 [INFO] IPUIPlugin:80 - create IPUIPlugin
2026-05-04 13:19:10,830 [INFO] PluginManager:220 - loadIPPluginJar : add freertos
2026-05-04 13:19:10,830 [INFO] IPUIPlugin:80 - create IPUIPlugin
2026-05-04 13:19:10,830 [INFO] PluginManager:220 - loadIPPluginJar : add genericplugin
2026-05-04 13:19:10,840 [INFO] IPUIPlugin:80 - create IPUIPlugin
2026-05-04 13:19:10,840 [INFO] PluginManager:220 - loadIPPluginJar : add gfxmmu
2026-05-04 13:19:10,849 [INFO] IPUIPlugin:80 - create IPUIPlugin
2026-05-04 13:19:10,849 [INFO] PluginManager:220 - loadIPPluginJar : add gic
2026-05-04 13:19:10,851 [INFO] IPUIPlugin:80 - create IPUIPlugin
2026-05-04 13:19:10,851 [INFO] PluginManager:220 - loadIPPluginJar : add gpio
2026-05-04 13:19:10,851 [INFO] IPUIPlugin:80 - create IPUIPlugin
2026-05-04 13:19:10,851 [INFO] PluginManager:220 - loadIPPluginJar : add gtzc
2026-05-04 13:19:10,851 [INFO] IPUIPlugin:80 - create IPUIPlugin
2026-05-04 13:19:10,851 [INFO] PluginManager:220 - loadIPPluginJar : add hash
2026-05-04 13:19:10,861 [INFO] IPUIPlugin:80 - create IPUIPlugin
2026-05-04 13:19:10,861 [INFO] PluginManager:220 - loadIPPluginJar : add i2c
2026-05-04 13:19:10,864 [INFO] IPUIPlugin:80 - create IPUIPlugin
2026-05-04 13:19:10,864 [INFO] PluginManager:220 - loadIPPluginJar : add i2s
2026-05-04 13:19:10,870 [INFO] IPUIPlugin:80 - create IPUIPlugin
2026-05-04 13:19:10,870 [INFO] PluginManager:220 - loadIPPluginJar : add i3c
2026-05-04 13:19:10,873 [INFO] IPUIPlugin:80 - create IPUIPlugin
2026-05-04 13:19:10,873 [INFO] PluginManager:220 - loadIPPluginJar : add ipddr
2026-05-04 13:19:10,883 [INFO] IPUIPlugin:80 - create IPUIPlugin
2026-05-04 13:19:10,883 [INFO] PluginManager:220 - loadIPPluginJar : add linkedlist
2026-05-04 13:19:10,887 [INFO] IPUIPlugin:80 - create IPUIPlugin
2026-05-04 13:19:10,887 [INFO] PluginManager:220 - loadIPPluginJar : add lorawan
2026-05-04 13:19:10,887 [INFO] IPUIPlugin:80 - create IPUIPlugin
2026-05-04 13:19:10,887 [INFO] PluginManager:220 - loadIPPluginJar : add ltdc
2026-05-04 13:19:10,891 [INFO] IPUIPlugin:80 - create IPUIPlugin
2026-05-04 13:19:10,891 [INFO] PluginManager:220 - loadIPPluginJar : add mdma
2026-05-04 13:19:10,891 [INFO] IPUIPlugin:80 - create IPUIPlugin
2026-05-04 13:19:10,891 [INFO] PluginManager:220 - loadIPPluginJar : add nvic
2026-05-04 13:19:10,899 [INFO] IPUIPlugin:80 - create IPUIPlugin
2026-05-04 13:19:10,899 [INFO] PluginManager:220 - loadIPPluginJar : add opamp
2026-05-04 13:19:10,901 [INFO] IPUIPlugin:80 - create IPUIPlugin
2026-05-04 13:19:10,901 [INFO] PluginManager:220 - loadIPPluginJar : add openamp
2026-05-04 13:19:10,901 [INFO] IPUIPlugin:80 - create IPUIPlugin
2026-05-04 13:19:10,901 [INFO] PluginManager:220 - loadIPPluginJar : add pdm2pcm
2026-05-04 13:19:10,911 [INFO] IPUIPlugin:80 - create IPUIPlugin
2026-05-04 13:19:10,911 [INFO] PluginManager:220 - loadIPPluginJar : add plateformsettings
2026-05-04 13:19:10,911 [INFO] IPUIPlugin:80 - create IPUIPlugin
2026-05-04 13:19:10,911 [INFO] PluginManager:220 - loadIPPluginJar : add quadspi
2026-05-04 13:19:10,911 [INFO] IPUIPlugin:80 - create IPUIPlugin
2026-05-04 13:19:10,921 [INFO] PluginManager:220 - loadIPPluginJar : add radio
2026-05-04 13:19:10,922 [INFO] IPUIPlugin:80 - create IPUIPlugin
2026-05-04 13:19:10,922 [INFO] PluginManager:220 - loadIPPluginJar : add resmgrutility
2026-05-04 13:19:10,926 [INFO] IPUIPlugin:80 - create IPUIPlugin
2026-05-04 13:19:10,926 [INFO] PluginManager:220 - loadIPPluginJar : add sai
2026-05-04 13:19:10,932 [INFO] IPUIPlugin:80 - create IPUIPlugin
2026-05-04 13:19:10,932 [INFO] PluginManager:220 - loadIPPluginJar : add spi
2026-05-04 13:19:10,936 [INFO] IPUIPlugin:80 - create IPUIPlugin
2026-05-04 13:19:10,938 [INFO] PluginManager:220 - loadIPPluginJar : add stm32_wpan
2026-05-04 13:19:10,938 [INFO] IPUIPlugin:80 - create IPUIPlugin
2026-05-04 13:19:10,938 [INFO] PluginManager:220 - loadIPPluginJar : add tim
2026-05-04 13:19:10,942 [INFO] IPUIPlugin:80 - create IPUIPlugin
2026-05-04 13:19:10,942 [INFO] PluginManager:220 - loadIPPluginJar : add touchsensing
2026-05-04 13:19:10,944 [INFO] IPUIPlugin:80 - create IPUIPlugin
2026-05-04 13:19:10,944 [INFO] PluginManager:220 - loadIPPluginJar : add tracer_emb
2026-05-04 13:19:10,946 [INFO] IPUIPlugin:80 - create IPUIPlugin
2026-05-04 13:19:10,946 [INFO] PluginManager:220 - loadIPPluginJar : add ts
2026-05-04 13:19:10,948 [INFO] IPUIPlugin:80 - create IPUIPlugin
2026-05-04 13:19:10,948 [INFO] PluginManager:220 - loadIPPluginJar : add tsc
2026-05-04 13:19:10,951 [INFO] IPUIPlugin:80 - create IPUIPlugin
2026-05-04 13:19:10,951 [INFO] PluginManager:220 - loadIPPluginJar : add ucpd
2026-05-04 13:19:10,952 [INFO] IPUIPlugin:80 - create IPUIPlugin
2026-05-04 13:19:10,952 [INFO] PluginManager:220 - loadIPPluginJar : add usart
2026-05-04 13:19:10,954 [INFO] IPUIPlugin:80 - create IPUIPlugin
2026-05-04 13:19:10,954 [INFO] PluginManager:220 - loadIPPluginJar : add usbx
2026-05-04 13:19:11,094 [FATAL] Updater:351 - Updater called before beeing initialized
2026-05-04 13:19:11,156 [INFO] RulesReader:64 - Compatibility file has been processed (317 Rules)
2026-05-04 13:19:11,196 [INFO] RulesReader:64 - Compatibility file has been processed (317 Rules)
2026-05-04 13:19:11,208 [INFO] CADModel:165 - CPN selected for project level
2026-05-04 13:19:11,214 [INFO] CADModel:114 - Register for checkConnection events
2026-05-04 13:19:11,214 [FATAL] Updater:351 - Updater called before beeing initialized
2026-05-04 13:19:11,214 [ERROR] CADModel:125 - Updater not yet initialized, retry later 
2026-05-04 13:19:11,533 [FATAL] Updater:351 - Updater called before beeing initialized
2026-05-04 13:19:11,533 [INFO] CADModel:165 - CPN selected for project level
2026-05-04 13:19:11,533 [INFO] CADModel:114 - Register for checkConnection events
2026-05-04 13:19:11,533 [FATAL] Updater:351 - Updater called before beeing initialized
2026-05-04 13:19:11,533 [ERROR] CADModel:125 - Updater not yet initialized, retry later 
2026-05-04 13:19:11,544 [FATAL] Updater:351 - Updater called before beeing initialized
2026-05-04 13:19:11,689 [FATAL] Updater:351 - Updater called before beeing initialized
2026-05-04 13:19:11,689 [INFO] DbMcusAds:53 - JSON generation date=Thu Sep 30 03:55:09 ART 2021 (1632984909247)
2026-05-04 13:19:11,689 [FATAL] Updater:351 - Updater called before beeing initialized
2026-05-04 13:19:11,728 [WARN] DetailPanel:346 - Failed to get advertising image, set to default
2026-05-04 13:19:11,883 [FATAL] Updater:351 - Updater called before beeing initialized
2026-05-04 13:19:11,885 [FATAL] Updater:351 - Updater called before beeing initialized
2026-05-04 13:19:11,885 [FATAL] Updater:351 - Updater called before beeing initialized
2026-05-04 13:19:11,885 [WARN] DetailPanel:346 - Failed to get advertising image, set to default
2026-05-04 13:19:11,887 [FATAL] Updater:351 - Updater called before beeing initialized
2026-05-04 13:19:11,970 [ERROR] Updater:1198 - MainUpdater not yet initialized. External WinMGr cannot be set.
2026-05-04 13:19:11,972 [INFO] Updater:1134 - Updater Version found : 6.15.0
2026-05-04 13:19:12,000 [INFO] ApplicationProperties:184 - Using Application install path: C:\ST\STM32CubeIDE_1.19.0\STM32CubeIDE\plugins\com.st.stm32cube.common.mx_6.15.0.202507011659
2026-05-04 13:19:12,904 [INFO] ThirdPartyUpdaterWithRetryManager:70 - Updater plugin not ready yet. [2/15]
2026-05-04 13:19:13,591 [ERROR] LogOutputStream:75 - [STDERR_REDIRECT] May 04, 2026 1:19:13 PM java.util.prefs.WindowsPreferences <init>
2026-05-04 13:19:13,591 [ERROR] LogOutputStream:75 - [STDERR_REDIRECT] WARNING: Could not open/create prefs root node Software\JavaSoft\Prefs at root 0xffffffff80000002. Windows RegCreateKeyEx(...) returned error code 5.
2026-05-04 13:19:13,591 [ERROR] LogOutputStream:75 - [STDERR_REDIRECT] 
2026-05-04 13:19:14,209 [INFO] MainUpdater:2872 - connection check result : 10
2026-05-04 13:19:14,209 [INFO] MainUpdater:289 - Updater Check For Update Now.
2026-05-04 13:19:14,209 [INFO] MicroXplorer:498 - Change Database Version : DB.6.0.150
2026-05-04 13:19:14,223 [INFO] McuFinderGlobals:63 - Set McuFinder mode to 2 (CubeIDE integrated)
2026-05-04 13:19:14,223 [INFO] UserAuth:171 - activating auth plugin
2026-05-04 13:19:14,227 [INFO] UserAuth:487 - Internet connection configuration mode: 1
2026-05-04 13:19:14,258 [INFO] JxBrowserEngine:152 - Initiate JxBrowser Engine with user profile folder
2026-05-04 13:19:14,444 [INFO] CheckServerUpdateThread:120 - End of CheckServer Thread
2026-05-04 13:19:14,945 [INFO] WebApp:169 - Instantiating new browser for Auth
2026-05-04 13:19:15,789 [INFO] WebApp:463 - Apply proxy settings
2026-05-04 13:19:15,789 [INFO] WebApp:548 - Chromium requires no authentication
2026-05-04 13:19:15,799 [INFO] WebApp:491 - Direct internet connection detected
2026-05-04 13:19:15,821 [INFO] WebApp:900 - Register for checkConnection events
2026-05-04 13:19:15,823 [INFO] WebApp:463 - Apply proxy settings
2026-05-04 13:19:15,823 [INFO] WebApp:548 - Chromium requires no authentication
2026-05-04 13:19:15,823 [INFO] WebApp:491 - Direct internet connection detected
2026-05-04 13:19:16,069 [INFO] WebApp:225 - Starting web application
2026-05-04 13:19:16,069 [INFO] WebApp:593 - Web application path used C:\ST\STM32CubeIDE_1.19.0\STM32CubeIDE\plugins\com.st.stm32cube.common.mx_6.15.0.202507011659\db\plugins\mcufinder\reactClient1\index.html
2026-05-04 13:19:16,249 [WARN] PackLoader:240 - Cannot read IP mode file for STMicroelectronics.X-CUBE-AZRTOS-H7.3.5.0
2026-05-04 13:19:16,264 [WARN] PackLoader:240 - Cannot read IP mode file for STMicroelectronics.FP-ATR-ASTRA1.2.0.2
2026-05-04 13:19:16,273 [WARN] PackLoader:240 - Cannot read IP mode file for STMicroelectronics.X-CUBE-SMBUS.2.1.0
2026-05-04 13:19:16,308 [WARN] PackLoader:240 - Cannot read IP mode file for STMicroelectronics.X-CUBE-AZRTOS-F7.1.1.0
2026-05-04 13:19:16,327 [WARN] PackLoader:240 - Cannot read IP mode file for WES.I-CUBE-Cesium.1.4.0
2026-05-04 13:19:16,338 [ERROR] LogOutputStream:75 - [STDERR_REDIRECT] [Fatal Error] :1:1: Premature end of file.
2026-05-04 13:19:16,338 [WARN] PackLoader:240 - Cannot read IP mode file for STMicroelectronics.X-CUBE-DISPLAY.3.0.0
2026-05-04 13:19:16,338 [ERROR] LogOutputStream:75 - [STDERR_REDIRECT] 
2026-05-04 13:19:16,353 [WARN] PackLoader:240 - Cannot read IP mode file for STMicroelectronics.X-CUBE-GNSS1.7.1.1
2026-05-04 13:19:16,359 [WARN] PackLoader:240 - Cannot read IP mode file for wolfSSL.I-CUBE-wolfSSL.5.9.1
2026-05-04 13:19:16,366 [WARN] PackLoader:240 - Cannot read IP mode file for STMicroelectronics.X-CUBE-NFC10.1.0.0
2026-05-04 13:19:16,366 [WARN] PackLoader:240 - Cannot read IP mode file for STMicroelectronics.X-CUBE-ST60.1.1.0
2026-05-04 13:19:16,382 [WARN] PackLoader:240 - Cannot read IP mode file for emotas.I-CUBE-CANOPEN.1.3.0
2026-05-04 13:19:16,388 [WARN] PackLoader:240 - Cannot read IP mode file for STMicroelectronics.FP-SNS-SMARTAG2.1.2.0
2026-05-04 13:19:16,391 [WARN] PackLoader:240 - Cannot read IP mode file for STMicroelectronics.FP-SNS-FLIGHT1.5.1.0
2026-05-04 13:19:16,401 [INFO] LogOutputStream:77 - [STDOUT_REDIRECT] 1 : Invalid condition id : UX_CORESTACK_Condition cause : null
2026-05-04 13:19:16,402 [INFO] LogOutputStream:77 - [STDOUT_REDIRECT] 1 : Invalid condition id : UX_CORESTACK_Condition cause : null
2026-05-04 13:19:16,403 [INFO] LogOutputStream:77 - [STDOUT_REDIRECT] 1 : Invalid condition id : UX_CORESTACK_Condition cause : null
2026-05-04 13:19:16,404 [INFO] LogOutputStream:77 - [STDOUT_REDIRECT] 1 : Invalid condition id : UX_CORESTACK_Condition cause : null
2026-05-04 13:19:16,405 [INFO] LogOutputStream:77 - [STDOUT_REDIRECT] 1 : Invalid condition id : UX_CORESTACK_Condition cause : null
2026-05-04 13:19:16,409 [WARN] PackLoader:240 - Cannot read IP mode file for STMicroelectronics.X-CUBE-AZRTOS-WL.2.0.0
2026-05-04 13:19:16,428 [WARN] PackLoader:240 - Cannot read IP mode file for STMicroelectronics.X-CUBE-AZRTOS-H7RS.1.2.0
2026-05-04 13:19:16,442 [WARN] PackLoader:240 - Cannot read IP mode file for STMicroelectronics.X-CUBE-BLE2.3.3.0
2026-05-04 13:19:16,536 [WARN] PackLoader:240 - Cannot read IP mode file for Infineon.AIROC-Wi-Fi-Bluetooth-STM32.1.8.0
2026-05-04 13:19:16,551 [WARN] PackLoader:240 - Cannot read IP mode file for STMicroelectronics.X-CUBE-NFC9.1.0.0
2026-05-04 13:19:16,559 [WARN] PackLoader:240 - Cannot read IP mode file for STMicroelectronics.X-CUBE-BLE1.7.1.0
2026-05-04 13:19:16,567 [WARN] PackLoader:240 - Cannot read IP mode file for wolfSSL.I-CUBE-wolfMQTT.1.19.2
2026-05-04 13:19:16,575 [WARN] PackLoader:240 - Cannot read IP mode file for STMicroelectronics.X-CUBE-EEPRMA1.5.2.0
2026-05-04 13:19:16,587 [WARN] PackLoader:240 - Cannot read IP mode file for STMicroelectronics.FP-SNS-STAIOTCFT.1.1.0
2026-05-04 13:19:16,618 [INFO] WebApp:191 - Connection restablished
2026-05-04 13:19:16,620 [WARN] PackLoader:240 - Cannot read IP mode file for STMicroelectronics.X-CUBE-AZRTOS-G0.1.1.0
2026-05-04 13:19:16,631 [WARN] PackLoader:240 - Cannot read IP mode file for STMicroelectronics.X-CUBE-NFC4.3.0.0
2026-05-04 13:19:16,640 [WARN] PackLoader:240 - Cannot read IP mode file for EmbeddedOffice.I-CUBE-FS-RTOS.1.0.1
2026-05-04 13:19:16,649 [WARN] PackLoader:240 - Cannot read IP mode file for wolfSSL.I-CUBE-wolfTPM.3.8.0
2026-05-04 13:19:16,654 [WARN] PackLoader:240 - Cannot read IP mode file for STMicroelectronics.X-CUBE-TCPP.4.2.0
2026-05-04 13:19:16,663 [WARN] PackLoader:240 - Cannot read IP mode file for RealThread.X-CUBE-RT-Thread_Nano.4.1.1
2026-05-04 13:19:16,670 [WARN] PackLoader:240 - Cannot read IP mode file for STMicroelectronics.FP-ATR-SIGFOX1.3.2.0
2026-05-04 13:19:16,674 [WARN] PackLoader:240 - Cannot read IP mode file for STMicroelectronics.X-CUBE-FREERTOS.1.5.0
2026-05-04 13:19:16,686 [WARN] PackLoader:240 - Cannot read IP mode file for ITTIA_DB.I-CUBE-ITTIADB.8.9.0
2026-05-04 13:19:16,693 [WARN] PackLoader:240 - Cannot read IP mode file for STMicroelectronics.X-CUBE-NFC6.3.2.0
2026-05-04 13:19:16,757 [WARN] PackLoader:240 - Cannot read IP mode file for STMicroelectronics.X-CUBE-MEMS1.12.1.0
2026-05-04 13:19:17,053 [WARN] PackLoader:240 - Cannot read IP mode file for SEGGER.I-CUBE-embOS.1.3.1
2026-05-04 13:19:17,122 [WARN] PackLoader:240 - Cannot read IP mode file for STMicroelectronics.X-CUBE-ALGOBUILD.1.4.0
2026-05-04 13:19:17,134 [WARN] PackLoader:240 - Cannot read IP mode file for STMicroelectronics.X-CUBE-PM33A1.1.0.0
2026-05-04 13:19:17,148 [WARN] PackLoader:240 - Cannot read IP mode file for STMicroelectronics.X-CUBE-AZRTOS-F4.1.1.0
2026-05-04 13:19:17,158 [WARN] PackLoader:240 - Cannot read IP mode file for STMicroelectronics.X-CUBE-ISPU.2.1.0
2026-05-04 13:19:17,172 [WARN] PackLoader:240 - Cannot read IP mode file for STMicroelectronics.X-CUBE-IPS.3.2.0
2026-05-04 13:19:17,180 [WARN] PackLoader:240 - Cannot read IP mode file for STMicroelectronics.eDS-WB_DPC_TT-BIDIR.2.1.1
2026-05-04 13:19:17,189 [WARN] PackLoader:240 - Cannot read IP mode file for STMicroelectronics.X-CUBE-NFC12.1.0.0
2026-05-04 13:19:17,213 [WARN] PackLoader:240 - Cannot read IP mode file for STMicroelectronics.X-CUBE-AZRTOS-L5.2.0.0
2026-05-04 13:19:17,219 [WARN] PackLoader:240 - Cannot read IP mode file for STMicroelectronics.eDS-WB_DPC_VIENNA.1.2.0
2026-05-04 13:19:17,224 [WARN] PackLoader:240 - Cannot read IP mode file for STMicroelectronics.eDS-WB_DPC_3PH2L-BIDIR.1.1.1
2026-05-04 13:19:17,225 [ERROR] Engine:466 - C:\Users\santi\.stm32cubemx\thirdparties\pdsc\STMicroelectronics.X-CUBE-ST67W61.1.3.0.pdsc: PDSC version is not supported
2026-05-04 13:19:17,231 [WARN] PackLoader:240 - Cannot read IP mode file for STMicroelectronics.X-CUBE-TOUCHGFX.4.26.1
2026-05-04 13:19:17,231 [WARN] PackLoader:240 - Cannot read IP mode file for STMicroelectronics.FP-SNS-STAIOTCFT.1.0.0
2026-05-04 13:19:17,239 [WARN] PackLoader:240 - Cannot read IP mode file for STMicroelectronics.X-CUBE-DPower.1.3.0
2026-05-04 13:19:17,258 [WARN] ConditionMgr:438 - getConditionDescription Invalid condition id : LAN8742 Phy interface Condition cause : null
2026-05-04 13:19:17,260 [WARN] PackLoader:240 - Cannot read IP mode file for STMicroelectronics.X-CUBE-AZRTOS-L4.2.0.0
2026-05-04 13:19:17,260 [WARN] ConditionMgr:1044 - genDependencies : Invalid condition id : LAN8742 Phy interface Condition cause : null
2026-05-04 13:19:17,261 [WARN] ConditionMgr:1044 - genDependencies : Invalid condition id : LAN8742 Phy interface Condition cause : null
2026-05-04 13:19:17,262 [WARN] ConditionMgr:1044 - genDependencies : Invalid condition id : LAN8742 Phy interface Condition cause : null
2026-05-04 13:19:17,269 [WARN] PackLoader:240 - Cannot read IP mode file for STMicroelectronics.X-CUBE-SFXS2LP1.4.0.0
2026-05-04 13:19:17,276 [WARN] PackLoader:240 - Cannot read IP mode file for STMicroelectronics.X-CUBE-WB05N.2.1.0
2026-05-04 13:19:17,302 [WARN] ConditionMgr:438 - getConditionDescription Invalid condition id : UX DEVICE CLASS RTOS Condition cause : null
2026-05-04 13:19:17,304 [WARN] ConditionMgr:438 - getConditionDescription Invalid condition id : UX DEVICE CLASS RTOS Condition cause : null
2026-05-04 13:19:17,308 [WARN] PackLoader:240 - Cannot read IP mode file for STMicroelectronics.X-CUBE-AZRTOS-WB.2.0.0
2026-05-04 13:19:17,309 [WARN] ConditionMgr:1044 - genDependencies : Invalid condition id : UX DEVICE CLASS RTOS Condition cause : null
2026-05-04 13:19:17,310 [WARN] ConditionMgr:1044 - genDependencies : Invalid condition id : UX DEVICE CLASS RTOS Condition cause : null
2026-05-04 13:19:17,310 [WARN] ConditionMgr:1044 - genDependencies : Invalid condition id : UX DEVICE CLASS RTOS Condition cause : null
2026-05-04 13:19:17,313 [WARN] ConditionMgr:1044 - genDependencies : Invalid condition id : UX DEVICE CLASS RTOS Condition cause : null
2026-05-04 13:19:17,313 [WARN] ConditionMgr:1044 - genDependencies : Invalid condition id : UX DEVICE CLASS RTOS Condition cause : null
2026-05-04 13:19:17,322 [WARN] ConditionMgr:438 - getConditionDescription Invalid condition id : Cortex-A Device cause : null
2026-05-04 13:19:17,333 [ERROR] LogOutputStream:75 - [STDERR_REDIRECT] [Fatal Error] :1:1: Premature end of file.
2026-05-04 13:19:17,333 [ERROR] LogOutputStream:75 - [STDERR_REDIRECT] 
2026-05-04 13:19:17,338 [WARN] ConditionMgr:1044 - genDependencies : Invalid condition id : Cortex-A Device cause : null
2026-05-04 13:19:17,338 [WARN] ConditionMgr:1044 - genDependencies : Invalid condition id : Cortex-A Device cause : null
2026-05-04 13:19:17,338 [WARN] ConditionMgr:1044 - genDependencies : Invalid condition id : Cortex-A Device cause : null
2026-05-04 13:19:17,346 [WARN] PackLoader:240 - Cannot read IP mode file for STMicroelectronics.X-CUBE-STSE01.2.0.0
2026-05-04 13:19:17,356 [WARN] PackLoader:240 - Cannot read IP mode file for STMicroelectronics.X-CUBE-SUBG2.5.0.0
2026-05-04 13:19:17,372 [WARN] PackLoader:240 - Cannot read IP mode file for STMicroelectronics.X-CUBE-AZRTOS-G4.2.0.0
2026-05-04 13:19:17,382 [WARN] PackLoader:240 - Cannot read IP mode file for wolfSSL.I-CUBE-wolfSSH.1.4.20
2026-05-04 13:19:17,386 [WARN] PackLoader:240 - Cannot read IP mode file for STMicroelectronics.X-CUBE-NFC7.2.0.0
2026-05-04 13:19:17,393 [WARN] PackLoader:240 - Cannot read IP mode file for STMicroelectronics.X-CUBE-ALS.1.0.2
2026-05-04 13:19:17,404 [WARN] PackLoader:240 - Cannot read IP mode file for STMicroelectronics.X-CUBE-TOF1.3.4.3
2026-05-04 13:19:17,413 [INFO] ThirdParty:978 - Integrity check success = true
2026-05-04 13:19:17,413 [INFO] IntegrityCheckThread:100 - exiting critical section [integrity check]
2026-05-04 13:19:17,413 [INFO] IntegrityCheckThread:103 - End integrity checks thread
2026-05-04 13:19:18,294 [ERROR] LogOutputStream:75 - [STDERR_REDIRECT] [Fatal Error] :1:1: Premature end of file.
2026-05-04 13:19:18,305 [ERROR] LogOutputStream:75 - [STDERR_REDIRECT] 
2026-05-04 13:19:19,302 [ERROR] LogOutputStream:75 - [STDERR_REDIRECT] [Fatal Error] :1:1: Premature end of file.
2026-05-04 13:19:19,302 [ERROR] LogOutputStream:75 - [STDERR_REDIRECT] 
2026-05-04 13:19:20,308 [ERROR] LogOutputStream:75 - [STDERR_REDIRECT] [Fatal Error] :1:1: Premature end of file.
2026-05-04 13:19:20,308 [ERROR] LogOutputStream:75 - [STDERR_REDIRECT] 
2026-05-04 13:19:21,312 [ERROR] LogOutputStream:75 - [STDERR_REDIRECT] [Fatal Error] :1:1: Premature end of file.
2026-05-04 13:19:21,312 [ERROR] LogOutputStream:75 - [STDERR_REDIRECT] 
2026-05-04 13:19:22,310 [ERROR] LogOutputStream:75 - [STDERR_REDIRECT] [Fatal Error] :1:1: Premature end of file.
2026-05-04 13:19:22,310 [ERROR] LogOutputStream:75 - [STDERR_REDIRECT] 
2026-05-04 13:19:23,300 [ERROR] LogOutputStream:75 - [STDERR_REDIRECT] [Fatal Error] :1:1: Premature end of file.
2026-05-04 13:19:23,300 [ERROR] LogOutputStream:75 - [STDERR_REDIRECT] 
2026-05-04 13:19:24,294 [ERROR] LogOutputStream:75 - [STDERR_REDIRECT] [Fatal Error] :1:1: Premature end of file.
2026-05-04 13:19:24,294 [ERROR] LogOutputStream:75 - [STDERR_REDIRECT] 
2026-05-04 13:19:25,309 [ERROR] LogOutputStream:75 - [STDERR_REDIRECT] [Fatal Error] :1:1: Premature end of file.
2026-05-04 13:19:25,309 [ERROR] LogOutputStream:75 - [STDERR_REDIRECT] 
2026-05-04 13:19:26,305 [ERROR] LogOutputStream:75 - [STDERR_REDIRECT] [Fatal Error] :1:1: Premature end of file.
2026-05-04 13:19:26,305 [ERROR] LogOutputStream:75 - [STDERR_REDIRECT] 
2026-05-04 13:19:27,312 [ERROR] LogOutputStream:75 - [STDERR_REDIRECT] [Fatal Error] :1:1: Premature end of file.
2026-05-04 13:19:27,312 [ERROR] LogOutputStream:75 - [STDERR_REDIRECT] 
2026-05-04 13:19:28,316 [ERROR] LogOutputStream:75 - [STDERR_REDIRECT] [Fatal Error] :1:1: Premature end of file.
2026-05-04 13:19:28,316 [ERROR] LogOutputStream:75 - [STDERR_REDIRECT] 
2026-05-04 13:19:29,315 [ERROR] LogOutputStream:75 - [STDERR_REDIRECT] [Fatal Error] :1:1: Premature end of file.
2026-05-04 13:19:29,315 [ERROR] LogOutputStream:75 - [STDERR_REDIRECT] 
2026-05-04 13:19:30,327 [ERROR] LogOutputStream:75 - [STDERR_REDIRECT] [Fatal Error] :1:1: Premature end of file.
2026-05-04 13:19:30,328 [ERROR] LogOutputStream:75 - [STDERR_REDIRECT] 
2026-05-04 13:19:31,308 [ERROR] LogOutputStream:75 - [STDERR_REDIRECT] [Fatal Error] :1:1: Premature end of file.
2026-05-04 13:19:31,309 [ERROR] LogOutputStream:75 - [STDERR_REDIRECT] 
2026-05-04 13:19:32,348 [ERROR] LogOutputStream:75 - [STDERR_REDIRECT] [Fatal Error] :1:1: Premature end of file.
2026-05-04 13:19:32,348 [ERROR] LogOutputStream:75 - [STDERR_REDIRECT] 
2026-05-04 13:19:33,308 [ERROR] LogOutputStream:75 - [STDERR_REDIRECT] [Fatal Error] :1:1: Premature end of file.
2026-05-04 13:19:33,308 [ERROR] LogOutputStream:75 - [STDERR_REDIRECT] 
2026-05-04 13:19:34,319 [ERROR] LogOutputStream:75 - [STDERR_REDIRECT] [Fatal Error] :1:1: Premature end of file.
2026-05-04 13:19:34,319 [ERROR] LogOutputStream:75 - [STDERR_REDIRECT] 
2026-05-04 13:19:35,302 [ERROR] LogOutputStream:75 - [STDERR_REDIRECT] [Fatal Error] :1:1: Premature end of file.
2026-05-04 13:19:35,303 [ERROR] LogOutputStream:75 - [STDERR_REDIRECT] 
2026-05-04 13:19:36,300 [ERROR] LogOutputStream:75 - [STDERR_REDIRECT] [Fatal Error] :1:1: Premature end of file.
2026-05-04 13:19:36,301 [ERROR] LogOutputStream:75 - [STDERR_REDIRECT] 
2026-05-04 13:19:37,308 [ERROR] LogOutputStream:75 - [STDERR_REDIRECT] [Fatal Error] :1:1: Premature end of file.
2026-05-04 13:19:37,308 [ERROR] LogOutputStream:75 - [STDERR_REDIRECT] 
2026-05-04 13:19:38,306 [ERROR] LogOutputStream:75 - [STDERR_REDIRECT] [Fatal Error] :1:1: Premature end of file.
2026-05-04 13:19:38,307 [ERROR] LogOutputStream:75 - [STDERR_REDIRECT] 
2026-05-04 13:19:39,305 [ERROR] LogOutputStream:75 - [STDERR_REDIRECT] [Fatal Error] :1:1: Premature end of file.
2026-05-04 13:19:39,305 [ERROR] LogOutputStream:75 - [STDERR_REDIRECT] 
2026-05-04 13:19:40,306 [ERROR] LogOutputStream:75 - [STDERR_REDIRECT] [Fatal Error] :1:1: Premature end of file.
2026-05-04 13:19:40,306 [ERROR] LogOutputStream:75 - [STDERR_REDIRECT] 
2026-05-04 13:19:41,306 [ERROR] LogOutputStream:75 - [STDERR_REDIRECT] [Fatal Error] :1:1: Premature end of file.
2026-05-04 13:19:41,307 [ERROR] LogOutputStream:75 - [STDERR_REDIRECT] 
2026-05-04 13:19:42,300 [ERROR] LogOutputStream:75 - [STDERR_REDIRECT] [Fatal Error] :1:1: Premature end of file.
2026-05-04 13:19:42,300 [ERROR] LogOutputStream:75 - [STDERR_REDIRECT] 
2026-05-04 13:19:43,308 [ERROR] LogOutputStream:75 - [STDERR_REDIRECT] [Fatal Error] :1:1: Premature end of file.
2026-05-04 13:19:43,308 [ERROR] LogOutputStream:75 - [STDERR_REDIRECT] 
2026-05-04 13:19:44,303 [ERROR] LogOutputStream:75 - [STDERR_REDIRECT] [Fatal Error] :1:1: Premature end of file.
2026-05-04 13:19:44,303 [ERROR] LogOutputStream:75 - [STDERR_REDIRECT] 
2026-05-04 13:19:45,305 [ERROR] LogOutputStream:75 - [STDERR_REDIRECT] [Fatal Error] :1:1: Premature end of file.
2026-05-04 13:19:45,305 [ERROR] LogOutputStream:75 - [STDERR_REDIRECT] 
2026-05-04 13:19:46,299 [ERROR] LogOutputStream:75 - [STDERR_REDIRECT] [Fatal Error] :1:1: Premature end of file.
2026-05-04 13:19:46,299 [ERROR] LogOutputStream:75 - [STDERR_REDIRECT] 
2026-05-04 13:19:47,302 [ERROR] LogOutputStream:75 - [STDERR_REDIRECT] [Fatal Error] :1:1: Premature end of file.
2026-05-04 13:19:47,302 [ERROR] LogOutputStream:75 - [STDERR_REDIRECT] 
2026-05-04 13:19:48,300 [ERROR] LogOutputStream:75 - [STDERR_REDIRECT] [Fatal Error] :1:1: Premature end of file.
2026-05-04 13:19:48,300 [ERROR] LogOutputStream:75 - [STDERR_REDIRECT] 
2026-05-04 13:19:49,303 [ERROR] LogOutputStream:75 - [STDERR_REDIRECT] [Fatal Error] :1:1: Premature end of file.
2026-05-04 13:19:49,303 [ERROR] LogOutputStream:75 - [STDERR_REDIRECT] 
2026-05-04 13:19:50,301 [ERROR] LogOutputStream:75 - [STDERR_REDIRECT] [Fatal Error] :1:1: Premature end of file.
2026-05-04 13:19:50,301 [ERROR] LogOutputStream:75 - [STDERR_REDIRECT] 
2026-05-04 13:19:51,299 [ERROR] LogOutputStream:75 - [STDERR_REDIRECT] [Fatal Error] :1:1: Premature end of file.
2026-05-04 13:19:51,299 [ERROR] LogOutputStream:75 - [STDERR_REDIRECT] 
2026-05-04 13:19:52,299 [ERROR] LogOutputStream:75 - [STDERR_REDIRECT] [Fatal Error] :1:1: Premature end of file.
2026-05-04 13:19:52,299 [ERROR] LogOutputStream:75 - [STDERR_REDIRECT] 
2026-05-04 13:19:53,305 [ERROR] LogOutputStream:75 - [STDERR_REDIRECT] [Fatal Error] :1:1: Premature end of file.
2026-05-04 13:19:53,306 [ERROR] LogOutputStream:75 - [STDERR_REDIRECT] 
2026-05-04 13:19:54,303 [ERROR] LogOutputStream:75 - [STDERR_REDIRECT] [Fatal Error] :1:1: Premature end of file.
2026-05-04 13:19:54,303 [ERROR] LogOutputStream:75 - [STDERR_REDIRECT] 
2026-05-04 13:19:55,299 [ERROR] LogOutputStream:75 - [STDERR_REDIRECT] [Fatal Error] :1:1: Premature end of file.
2026-05-04 13:19:55,299 [ERROR] LogOutputStream:75 - [STDERR_REDIRECT] 
2026-05-04 13:19:56,306 [ERROR] LogOutputStream:75 - [STDERR_REDIRECT] [Fatal Error] :1:1: Premature end of file.
2026-05-04 13:19:56,306 [ERROR] LogOutputStream:75 - [STDERR_REDIRECT] 
2026-05-04 13:19:57,302 [ERROR] LogOutputStream:75 - [STDERR_REDIRECT] [Fatal Error] :1:1: Premature end of file.
2026-05-04 13:19:57,302 [ERROR] LogOutputStream:75 - [STDERR_REDIRECT] 
2026-05-04 13:19:58,299 [ERROR] LogOutputStream:75 - [STDERR_REDIRECT] [Fatal Error] :1:1: Premature end of file.
2026-05-04 13:19:58,300 [ERROR] LogOutputStream:75 - [STDERR_REDIRECT] 
2026-05-04 13:19:59,301 [ERROR] LogOutputStream:75 - [STDERR_REDIRECT] [Fatal Error] :1:1: Premature end of file.
2026-05-04 13:19:59,301 [ERROR] LogOutputStream:75 - [STDERR_REDIRECT] 
2026-05-04 13:20:00,305 [ERROR] LogOutputStream:75 - [STDERR_REDIRECT] [Fatal Error] :1:1: Premature end of file.
2026-05-04 13:20:00,305 [ERROR] LogOutputStream:75 - [STDERR_REDIRECT] 
2026-05-04 13:20:01,310 [ERROR] LogOutputStream:75 - [STDERR_REDIRECT] [Fatal Error] :1:1: Premature end of file.
2026-05-04 13:20:01,310 [ERROR] LogOutputStream:75 - [STDERR_REDIRECT] 
2026-05-04 13:20:02,303 [ERROR] LogOutputStream:75 - [STDERR_REDIRECT] [Fatal Error] :1:1: Premature end of file.
2026-05-04 13:20:02,304 [ERROR] LogOutputStream:75 - [STDERR_REDIRECT] 
2026-05-04 13:20:03,312 [ERROR] LogOutputStream:75 - [STDERR_REDIRECT] [Fatal Error] :1:1: Premature end of file.
2026-05-04 13:20:03,312 [ERROR] LogOutputStream:75 - [STDERR_REDIRECT] 
2026-05-04 13:20:04,298 [ERROR] LogOutputStream:75 - [STDERR_REDIRECT] [Fatal Error] :1:1: Premature end of file.
2026-05-04 13:20:04,298 [ERROR] LogOutputStream:75 - [STDERR_REDIRECT] 
2026-05-04 13:20:05,296 [ERROR] LogOutputStream:75 - [STDERR_REDIRECT] [Fatal Error] :1:1: Premature end of file.
2026-05-04 13:20:05,296 [ERROR] LogOutputStream:75 - [STDERR_REDIRECT] 
2026-05-04 13:20:06,297 [ERROR] LogOutputStream:75 - [STDERR_REDIRECT] [Fatal Error] :1:1: Premature end of file.
2026-05-04 13:20:06,297 [ERROR] LogOutputStream:75 - [STDERR_REDIRECT] 
2026-05-04 13:20:07,302 [ERROR] LogOutputStream:75 - [STDERR_REDIRECT] [Fatal Error] :1:1: Premature end of file.
2026-05-04 13:20:07,302 [ERROR] LogOutputStream:75 - [STDERR_REDIRECT] 
2026-05-04 13:20:08,298 [ERROR] LogOutputStream:75 - [STDERR_REDIRECT] [Fatal Error] :1:1: Premature end of file.
2026-05-04 13:20:08,299 [ERROR] LogOutputStream:75 - [STDERR_REDIRECT] 
2026-05-04 13:20:09,297 [ERROR] LogOutputStream:75 - [STDERR_REDIRECT] [Fatal Error] :1:1: Premature end of file.
2026-05-04 13:20:09,297 [ERROR] LogOutputStream:75 - [STDERR_REDIRECT] 
2026-05-04 13:20:10,298 [ERROR] LogOutputStream:75 - [STDERR_REDIRECT] [Fatal Error] :1:1: Premature end of file.
2026-05-04 13:20:10,298 [ERROR] LogOutputStream:75 - [STDERR_REDIRECT] 
2026-05-04 13:20:11,307 [ERROR] LogOutputStream:75 - [STDERR_REDIRECT] [Fatal Error] :1:1: Premature end of file.
2026-05-04 13:20:11,307 [ERROR] LogOutputStream:75 - [STDERR_REDIRECT] 
2026-05-04 13:20:12,303 [ERROR] LogOutputStream:75 - [STDERR_REDIRECT] [Fatal Error] :1:1: Premature end of file.
2026-05-04 13:20:12,303 [ERROR] LogOutputStream:75 - [STDERR_REDIRECT] 
2026-05-04 13:20:13,299 [ERROR] LogOutputStream:75 - [STDERR_REDIRECT] [Fatal Error] :1:1: Premature end of file.
2026-05-04 13:20:13,300 [ERROR] LogOutputStream:75 - [STDERR_REDIRECT] 
2026-05-04 13:20:14,304 [ERROR] LogOutputStream:75 - [STDERR_REDIRECT] [Fatal Error] :1:1: Premature end of file.
2026-05-04 13:20:14,305 [ERROR] LogOutputStream:75 - [STDERR_REDIRECT] 
2026-05-04 13:20:15,298 [ERROR] LogOutputStream:75 - [STDERR_REDIRECT] [Fatal Error] :1:1: Premature end of file.
2026-05-04 13:20:15,298 [ERROR] LogOutputStream:75 - [STDERR_REDIRECT] 
2026-05-04 13:20:16,304 [ERROR] LogOutputStream:75 - [STDERR_REDIRECT] [Fatal Error] :1:1: Premature end of file.
2026-05-04 13:20:16,304 [ERROR] LogOutputStream:75 - [STDERR_REDIRECT] 
2026-05-04 13:20:17,302 [ERROR] LogOutputStream:75 - [STDERR_REDIRECT] [Fatal Error] :1:1: Premature end of file.
2026-05-04 13:20:17,302 [ERROR] LogOutputStream:75 - [STDERR_REDIRECT] 
2026-05-04 13:20:18,306 [ERROR] LogOutputStream:75 - [STDERR_REDIRECT] [Fatal Error] :1:1: Premature end of file.
2026-05-04 13:20:18,306 [ERROR] LogOutputStream:75 - [STDERR_REDIRECT] 
2026-05-04 13:20:19,301 [ERROR] LogOutputStream:75 - [STDERR_REDIRECT] [Fatal Error] :1:1: Premature end of file.
2026-05-04 13:20:19,301 [ERROR] LogOutputStream:75 - [STDERR_REDIRECT] 
2026-05-04 13:20:20,302 [ERROR] LogOutputStream:75 - [STDERR_REDIRECT] [Fatal Error] :1:1: Premature end of file.
2026-05-04 13:20:20,302 [ERROR] LogOutputStream:75 - [STDERR_REDIRECT] 
2026-05-04 13:20:21,303 [ERROR] LogOutputStream:75 - [STDERR_REDIRECT] [Fatal Error] :1:1: Premature end of file.
2026-05-04 13:20:21,303 [ERROR] LogOutputStream:75 - [STDERR_REDIRECT] 
2026-05-04 13:20:22,329 [ERROR] LogOutputStream:75 - [STDERR_REDIRECT] [Fatal Error] :1:1: Premature end of file.
2026-05-04 13:20:22,329 [ERROR] LogOutputStream:75 - [STDERR_REDIRECT] 
2026-05-04 13:20:23,307 [ERROR] LogOutputStream:75 - [STDERR_REDIRECT] [Fatal Error] :1:1: Premature end of file.
2026-05-04 13:20:23,308 [ERROR] LogOutputStream:75 - [STDERR_REDIRECT] 
2026-05-04 13:20:24,305 [ERROR] LogOutputStream:75 - [STDERR_REDIRECT] [Fatal Error] :1:1: Premature end of file.
2026-05-04 13:20:24,306 [ERROR] LogOutputStream:75 - [STDERR_REDIRECT] 
2026-05-04 13:20:25,300 [ERROR] LogOutputStream:75 - [STDERR_REDIRECT] [Fatal Error] :1:1: Premature end of file.
2026-05-04 13:20:25,300 [ERROR] LogOutputStream:75 - [STDERR_REDIRECT] 
2026-05-04 13:20:26,297 [ERROR] LogOutputStream:75 - [STDERR_REDIRECT] [Fatal Error] :1:1: Premature end of file.
2026-05-04 13:20:26,298 [ERROR] LogOutputStream:75 - [STDERR_REDIRECT] 
2026-05-04 13:20:27,305 [ERROR] LogOutputStream:75 - [STDERR_REDIRECT] [Fatal Error] :1:1: Premature end of file.
2026-05-04 13:20:27,305 [ERROR] LogOutputStream:75 - [STDERR_REDIRECT] 
2026-05-04 13:20:28,305 [ERROR] LogOutputStream:75 - [STDERR_REDIRECT] [Fatal Error] :1:1: Premature end of file.
2026-05-04 13:20:28,305 [ERROR] LogOutputStream:75 - [STDERR_REDIRECT] 
2026-05-04 13:20:29,298 [ERROR] LogOutputStream:75 - [STDERR_REDIRECT] [Fatal Error] :1:1: Premature end of file.
2026-05-04 13:20:29,298 [ERROR] LogOutputStream:75 - [STDERR_REDIRECT] 
2026-05-04 13:20:30,297 [ERROR] LogOutputStream:75 - [STDERR_REDIRECT] [Fatal Error] :1:1: Premature end of file.
2026-05-04 13:20:30,298 [ERROR] LogOutputStream:75 - [STDERR_REDIRECT] 
2026-05-04 13:20:31,305 [ERROR] LogOutputStream:75 - [STDERR_REDIRECT] [Fatal Error] :1:1: Premature end of file.
2026-05-04 13:20:31,305 [ERROR] LogOutputStream:75 - [STDERR_REDIRECT] 
2026-05-04 13:20:32,300 [ERROR] LogOutputStream:75 - [STDERR_REDIRECT] [Fatal Error] :1:1: Premature end of file.
2026-05-04 13:20:32,300 [ERROR] LogOutputStream:75 - [STDERR_REDIRECT] 
2026-05-04 13:20:33,300 [ERROR] LogOutputStream:75 - [STDERR_REDIRECT] [Fatal Error] :1:1: Premature end of file.
2026-05-04 13:20:33,300 [ERROR] LogOutputStream:75 - [STDERR_REDIRECT] 
2026-05-04 13:20:34,299 [ERROR] LogOutputStream:75 - [STDERR_REDIRECT] [Fatal Error] :1:1: Premature end of file.
2026-05-04 13:20:34,299 [ERROR] LogOutputStream:75 - [STDERR_REDIRECT] 
2026-05-04 13:20:35,300 [ERROR] LogOutputStream:75 - [STDERR_REDIRECT] [Fatal Error] :1:1: Premature end of file.
2026-05-04 13:20:35,300 [ERROR] LogOutputStream:75 - [STDERR_REDIRECT] 
2026-05-04 13:20:36,300 [ERROR] LogOutputStream:75 - [STDERR_REDIRECT] [Fatal Error] :1:1: Premature end of file.
2026-05-04 13:20:36,300 [ERROR] LogOutputStream:75 - [STDERR_REDIRECT] 
2026-05-04 13:20:37,299 [ERROR] LogOutputStream:75 - [STDERR_REDIRECT] [Fatal Error] :1:1: Premature end of file.
2026-05-04 13:20:37,300 [ERROR] LogOutputStream:75 - [STDERR_REDIRECT] 
2026-05-04 13:20:38,316 [ERROR] LogOutputStream:75 - [STDERR_REDIRECT] [Fatal Error] :1:1: Premature end of file.
2026-05-04 13:20:38,316 [ERROR] LogOutputStream:75 - [STDERR_REDIRECT] 
2026-05-04 13:20:39,299 [ERROR] LogOutputStream:75 - [STDERR_REDIRECT] [Fatal Error] :1:1: Premature end of file.
2026-05-04 13:20:39,299 [ERROR] LogOutputStream:75 - [STDERR_REDIRECT] 
2026-05-04 13:20:40,303 [ERROR] LogOutputStream:75 - [STDERR_REDIRECT] [Fatal Error] :1:1: Premature end of file.
2026-05-04 13:20:40,303 [ERROR] LogOutputStream:75 - [STDERR_REDIRECT] 
2026-05-04 13:20:41,300 [ERROR] LogOutputStream:75 - [STDERR_REDIRECT] [Fatal Error] :1:1: Premature end of file.
2026-05-04 13:20:41,300 [ERROR] LogOutputStream:75 - [STDERR_REDIRECT] 
2026-05-04 13:20:42,305 [ERROR] LogOutputStream:75 - [STDERR_REDIRECT] [Fatal Error] :1:1: Premature end of file.
2026-05-04 13:20:42,305 [ERROR] LogOutputStream:75 - [STDERR_REDIRECT] 
2026-05-04 13:20:43,301 [ERROR] LogOutputStream:75 - [STDERR_REDIRECT] [Fatal Error] :1:1: Premature end of file.
2026-05-04 13:20:43,302 [ERROR] LogOutputStream:75 - [STDERR_REDIRECT] 
2026-05-04 13:20:44,304 [ERROR] LogOutputStream:75 - [STDERR_REDIRECT] [Fatal Error] :1:1: Premature end of file.
2026-05-04 13:20:44,304 [ERROR] LogOutputStream:75 - [STDERR_REDIRECT] 
2026-05-04 13:20:45,295 [ERROR] LogOutputStream:75 - [STDERR_REDIRECT] [Fatal Error] :1:1: Premature end of file.
2026-05-04 13:20:45,295 [ERROR] LogOutputStream:75 - [STDERR_REDIRECT] 
2026-05-04 13:20:46,303 [ERROR] LogOutputStream:75 - [STDERR_REDIRECT] [Fatal Error] :1:1: Premature end of file.
2026-05-04 13:20:46,303 [ERROR] LogOutputStream:75 - [STDERR_REDIRECT] 
2026-05-04 13:20:47,305 [ERROR] LogOutputStream:75 - [STDERR_REDIRECT] [Fatal Error] :1:1: Premature end of file.
2026-05-04 13:20:47,305 [ERROR] LogOutputStream:75 - [STDERR_REDIRECT] 
2026-05-04 13:20:48,305 [ERROR] LogOutputStream:75 - [STDERR_REDIRECT] [Fatal Error] :1:1: Premature end of file.
2026-05-04 13:20:48,306 [ERROR] LogOutputStream:75 - [STDERR_REDIRECT] 
2026-05-04 13:20:49,298 [ERROR] LogOutputStream:75 - [STDERR_REDIRECT] [Fatal Error] :1:1: Premature end of file.
2026-05-04 13:20:49,298 [ERROR] LogOutputStream:75 - [STDERR_REDIRECT] 
2026-05-04 13:20:50,300 [ERROR] LogOutputStream:75 - [STDERR_REDIRECT] [Fatal Error] :1:1: Premature end of file.
2026-05-04 13:20:50,301 [ERROR] LogOutputStream:75 - [STDERR_REDIRECT] 
2026-05-04 13:20:51,303 [ERROR] LogOutputStream:75 - [STDERR_REDIRECT] [Fatal Error] :1:1: Premature end of file.
2026-05-04 13:20:51,303 [ERROR] LogOutputStream:75 - [STDERR_REDIRECT] 
2026-05-04 13:20:52,297 [ERROR] LogOutputStream:75 - [STDERR_REDIRECT] [Fatal Error] :1:1: Premature end of file.
2026-05-04 13:20:52,297 [ERROR] LogOutputStream:75 - [STDERR_REDIRECT] 
2026-05-04 13:20:53,297 [ERROR] LogOutputStream:75 - [STDERR_REDIRECT] [Fatal Error] :1:1: Premature end of file.
2026-05-04 13:20:53,298 [ERROR] LogOutputStream:75 - [STDERR_REDIRECT] 
2026-05-04 13:20:54,298 [ERROR] LogOutputStream:75 - [STDERR_REDIRECT] [Fatal Error] :1:1: Premature end of file.
2026-05-04 13:20:54,298 [ERROR] LogOutputStream:75 - [STDERR_REDIRECT] 
2026-05-04 13:20:55,311 [ERROR] LogOutputStream:75 - [STDERR_REDIRECT] [Fatal Error] :1:1: Premature end of file.
2026-05-04 13:20:55,312 [ERROR] LogOutputStream:75 - [STDERR_REDIRECT] 
2026-05-04 13:20:56,305 [ERROR] LogOutputStream:75 - [STDERR_REDIRECT] [Fatal Error] :1:1: Premature end of file.
2026-05-04 13:20:56,305 [ERROR] LogOutputStream:75 - [STDERR_REDIRECT] 
2026-05-04 13:20:57,301 [ERROR] LogOutputStream:75 - [STDERR_REDIRECT] [Fatal Error] :1:1: Premature end of file.
2026-05-04 13:20:57,301 [ERROR] LogOutputStream:75 - [STDERR_REDIRECT] 
2026-05-04 13:20:58,297 [ERROR] LogOutputStream:75 - [STDERR_REDIRECT] [Fatal Error] :1:1: Premature end of file.
2026-05-04 13:20:58,298 [ERROR] LogOutputStream:75 - [STDERR_REDIRECT] 
2026-05-04 13:20:59,297 [ERROR] LogOutputStream:75 - [STDERR_REDIRECT] [Fatal Error] :1:1: Premature end of file.
2026-05-04 13:20:59,297 [ERROR] LogOutputStream:75 - [STDERR_REDIRECT] 
2026-05-04 13:21:00,296 [ERROR] LogOutputStream:75 - [STDERR_REDIRECT] [Fatal Error] :1:1: Premature end of file.
2026-05-04 13:21:00,296 [ERROR] LogOutputStream:75 - [STDERR_REDIRECT] 
2026-05-04 13:21:01,300 [ERROR] LogOutputStream:75 - [STDERR_REDIRECT] [Fatal Error] :1:1: Premature end of file.
2026-05-04 13:21:01,300 [ERROR] LogOutputStream:75 - [STDERR_REDIRECT] 
2026-05-04 13:21:02,304 [ERROR] LogOutputStream:75 - [STDERR_REDIRECT] [Fatal Error] :1:1: Premature end of file.
2026-05-04 13:21:02,304 [ERROR] LogOutputStream:75 - [STDERR_REDIRECT] 
2026-05-04 13:21:03,302 [ERROR] LogOutputStream:75 - [STDERR_REDIRECT] [Fatal Error] :1:1: Premature end of file.
2026-05-04 13:21:03,303 [ERROR] LogOutputStream:75 - [STDERR_REDIRECT] 
2026-05-04 13:21:04,306 [ERROR] LogOutputStream:75 - [STDERR_REDIRECT] [Fatal Error] :1:1: Premature end of file.
2026-05-04 13:21:04,306 [ERROR] LogOutputStream:75 - [STDERR_REDIRECT] 
2026-05-04 13:21:05,298 [ERROR] LogOutputStream:75 - [STDERR_REDIRECT] [Fatal Error] :1:1: Premature end of file.
2026-05-04 13:21:05,298 [ERROR] LogOutputStream:75 - [STDERR_REDIRECT] 
2026-05-04 13:21:06,301 [ERROR] LogOutputStream:75 - [STDERR_REDIRECT] [Fatal Error] :1:1: Premature end of file.
2026-05-04 13:21:06,301 [ERROR] LogOutputStream:75 - [STDERR_REDIRECT] 
2026-05-04 13:21:07,302 [ERROR] LogOutputStream:75 - [STDERR_REDIRECT] [Fatal Error] :1:1: Premature end of file.
2026-05-04 13:21:07,302 [ERROR] LogOutputStream:75 - [STDERR_REDIRECT] 
2026-05-04 13:21:08,304 [ERROR] LogOutputStream:75 - [STDERR_REDIRECT] [Fatal Error] :1:1: Premature end of file.
2026-05-04 13:21:08,304 [ERROR] LogOutputStream:75 - [STDERR_REDIRECT] 
2026-05-04 13:21:09,306 [ERROR] LogOutputStream:75 - [STDERR_REDIRECT] [Fatal Error] :1:1: Premature end of file.
2026-05-04 13:21:09,306 [ERROR] LogOutputStream:75 - [STDERR_REDIRECT] 
2026-05-04 13:21:10,298 [ERROR] LogOutputStream:75 - [STDERR_REDIRECT] [Fatal Error] :1:1: Premature end of file.
2026-05-04 13:21:10,299 [ERROR] LogOutputStream:75 - [STDERR_REDIRECT] 
2026-05-04 13:21:11,298 [ERROR] LogOutputStream:75 - [STDERR_REDIRECT] [Fatal Error] :1:1: Premature end of file.
2026-05-04 13:21:11,298 [ERROR] LogOutputStream:75 - [STDERR_REDIRECT] 
2026-05-04 13:21:12,314 [ERROR] LogOutputStream:75 - [STDERR_REDIRECT] [Fatal Error] :1:1: Premature end of file.
2026-05-04 13:21:12,314 [ERROR] LogOutputStream:75 - [STDERR_REDIRECT] 
2026-05-04 13:21:13,312 [ERROR] LogOutputStream:75 - [STDERR_REDIRECT] [Fatal Error] :1:1: Premature end of file.
2026-05-04 13:21:13,312 [ERROR] LogOutputStream:75 - [STDERR_REDIRECT] 
2026-05-04 13:21:14,306 [ERROR] LogOutputStream:75 - [STDERR_REDIRECT] [Fatal Error] :1:1: Premature end of file.
2026-05-04 13:21:14,306 [ERROR] LogOutputStream:75 - [STDERR_REDIRECT] 
2026-05-04 13:21:15,305 [ERROR] LogOutputStream:75 - [STDERR_REDIRECT] [Fatal Error] :1:1: Premature end of file.
2026-05-04 13:21:15,306 [ERROR] LogOutputStream:75 - [STDERR_REDIRECT] 
2026-05-04 13:21:16,306 [ERROR] LogOutputStream:75 - [STDERR_REDIRECT] [Fatal Error] :1:1: Premature end of file.
2026-05-04 13:21:16,306 [ERROR] LogOutputStream:75 - [STDERR_REDIRECT] 
2026-05-04 13:21:17,308 [ERROR] LogOutputStream:75 - [STDERR_REDIRECT] [Fatal Error] :1:1: Premature end of file.
2026-05-04 13:21:17,309 [ERROR] LogOutputStream:75 - [STDERR_REDIRECT] 
2026-05-04 13:21:18,306 [ERROR] LogOutputStream:75 - [STDERR_REDIRECT] [Fatal Error] :1:1: Premature end of file.
2026-05-04 13:21:18,307 [ERROR] LogOutputStream:75 - [STDERR_REDIRECT] 
2026-05-04 13:21:19,303 [ERROR] LogOutputStream:75 - [STDERR_REDIRECT] [Fatal Error] :1:1: Premature end of file.
2026-05-04 13:21:19,303 [ERROR] LogOutputStream:75 - [STDERR_REDIRECT] 
2026-05-04 13:21:20,301 [ERROR] LogOutputStream:75 - [STDERR_REDIRECT] [Fatal Error] :1:1: Premature end of file.
2026-05-04 13:21:20,302 [ERROR] LogOutputStream:75 - [STDERR_REDIRECT] 
2026-05-04 13:21:21,304 [ERROR] LogOutputStream:75 - [STDERR_REDIRECT] [Fatal Error] :1:1: Premature end of file.
2026-05-04 13:21:21,304 [ERROR] LogOutputStream:75 - [STDERR_REDIRECT] 
2026-05-04 13:21:22,304 [ERROR] LogOutputStream:75 - [STDERR_REDIRECT] [Fatal Error] :1:1: Premature end of file.
2026-05-04 13:21:22,304 [ERROR] LogOutputStream:75 - [STDERR_REDIRECT] 
2026-05-04 13:21:23,303 [ERROR] LogOutputStream:75 - [STDERR_REDIRECT] [Fatal Error] :1:1: Premature end of file.
2026-05-04 13:21:23,303 [ERROR] LogOutputStream:75 - [STDERR_REDIRECT] 
2026-05-04 13:21:24,305 [ERROR] LogOutputStream:75 - [STDERR_REDIRECT] [Fatal Error] :1:1: Premature end of file.
2026-05-04 13:21:24,305 [ERROR] LogOutputStream:75 - [STDERR_REDIRECT] 
2026-05-04 13:21:25,303 [ERROR] LogOutputStream:75 - [STDERR_REDIRECT] [Fatal Error] :1:1: Premature end of file.
2026-05-04 13:21:25,303 [ERROR] LogOutputStream:75 - [STDERR_REDIRECT] 
2026-05-04 13:21:26,298 [ERROR] LogOutputStream:75 - [STDERR_REDIRECT] [Fatal Error] :1:1: Premature end of file.
2026-05-04 13:21:26,298 [ERROR] LogOutputStream:75 - [STDERR_REDIRECT] 
2026-05-04 13:21:27,304 [ERROR] LogOutputStream:75 - [STDERR_REDIRECT] [Fatal Error] :1:1: Premature end of file.
2026-05-04 13:21:27,305 [ERROR] LogOutputStream:75 - [STDERR_REDIRECT] 
2026-05-04 13:21:28,307 [ERROR] LogOutputStream:75 - [STDERR_REDIRECT] [Fatal Error] :1:1: Premature end of file.
2026-05-04 13:21:28,307 [ERROR] LogOutputStream:75 - [STDERR_REDIRECT] 
2026-05-04 13:21:29,317 [ERROR] LogOutputStream:75 - [STDERR_REDIRECT] [Fatal Error] :1:1: Premature end of file.
2026-05-04 13:21:29,317 [ERROR] LogOutputStream:75 - [STDERR_REDIRECT] 
2026-05-04 13:21:30,302 [ERROR] LogOutputStream:75 - [STDERR_REDIRECT] [Fatal Error] :1:1: Premature end of file.
2026-05-04 13:21:30,302 [ERROR] LogOutputStream:75 - [STDERR_REDIRECT] 
2026-05-04 13:21:31,307 [ERROR] LogOutputStream:75 - [STDERR_REDIRECT] [Fatal Error] :1:1: Premature end of file.
2026-05-04 13:21:31,307 [ERROR] LogOutputStream:75 - [STDERR_REDIRECT] 
2026-05-04 13:21:32,304 [ERROR] LogOutputStream:75 - [STDERR_REDIRECT] [Fatal Error] :1:1: Premature end of file.
2026-05-04 13:21:32,304 [ERROR] LogOutputStream:75 - [STDERR_REDIRECT] 
2026-05-04 13:21:33,303 [ERROR] LogOutputStream:75 - [STDERR_REDIRECT] [Fatal Error] :1:1: Premature end of file.
2026-05-04 13:21:33,303 [ERROR] LogOutputStream:75 - [STDERR_REDIRECT] 
2026-05-04 13:21:34,301 [ERROR] LogOutputStream:75 - [STDERR_REDIRECT] [Fatal Error] :1:1: Premature end of file.
2026-05-04 13:21:34,301 [ERROR] LogOutputStream:75 - [STDERR_REDIRECT] 
2026-05-04 13:21:35,325 [ERROR] LogOutputStream:75 - [STDERR_REDIRECT] [Fatal Error] :1:1: Premature end of file.
2026-05-04 13:21:35,326 [ERROR] LogOutputStream:75 - [STDERR_REDIRECT] 
2026-05-04 13:21:36,302 [ERROR] LogOutputStream:75 - [STDERR_REDIRECT] [Fatal Error] :1:1: Premature end of file.
2026-05-04 13:21:36,302 [ERROR] LogOutputStream:75 - [STDERR_REDIRECT] 
2026-05-04 13:21:37,304 [ERROR] LogOutputStream:75 - [STDERR_REDIRECT] [Fatal Error] :1:1: Premature end of file.
2026-05-04 13:21:37,305 [ERROR] LogOutputStream:75 - [STDERR_REDIRECT] 
2026-05-04 13:21:38,298 [ERROR] LogOutputStream:75 - [STDERR_REDIRECT] [Fatal Error] :1:1: Premature end of file.
2026-05-04 13:21:38,300 [ERROR] LogOutputStream:75 - [STDERR_REDIRECT] 
2026-05-04 13:21:39,300 [ERROR] LogOutputStream:75 - [STDERR_REDIRECT] [Fatal Error] :1:1: Premature end of file.
2026-05-04 13:21:39,301 [ERROR] LogOutputStream:75 - [STDERR_REDIRECT] 
2026-05-04 13:21:40,297 [ERROR] LogOutputStream:75 - [STDERR_REDIRECT] [Fatal Error] :1:1: Premature end of file.
2026-05-04 13:21:40,297 [ERROR] LogOutputStream:75 - [STDERR_REDIRECT] 
2026-05-04 13:21:41,298 [ERROR] LogOutputStream:75 - [STDERR_REDIRECT] [Fatal Error] :1:1: Premature end of file.
2026-05-04 13:21:41,298 [ERROR] LogOutputStream:75 - [STDERR_REDIRECT] 
2026-05-04 13:21:42,299 [ERROR] LogOutputStream:75 - [STDERR_REDIRECT] [Fatal Error] :1:1: Premature end of file.
2026-05-04 13:21:42,299 [ERROR] LogOutputStream:75 - [STDERR_REDIRECT] 
2026-05-04 13:21:43,296 [ERROR] LogOutputStream:75 - [STDERR_REDIRECT] [Fatal Error] :1:1: Premature end of file.
2026-05-04 13:21:43,297 [ERROR] LogOutputStream:75 - [STDERR_REDIRECT] 
2026-05-04 13:21:44,298 [ERROR] LogOutputStream:75 - [STDERR_REDIRECT] [Fatal Error] :1:1: Premature end of file.
2026-05-04 13:21:44,298 [ERROR] LogOutputStream:75 - [STDERR_REDIRECT] 
2026-05-04 13:21:45,301 [ERROR] LogOutputStream:75 - [STDERR_REDIRECT] [Fatal Error] :1:1: Premature end of file.
2026-05-04 13:21:45,301 [ERROR] LogOutputStream:75 - [STDERR_REDIRECT] 
2026-05-04 13:21:46,299 [ERROR] LogOutputStream:75 - [STDERR_REDIRECT] [Fatal Error] :1:1: Premature end of file.
2026-05-04 13:21:46,299 [ERROR] LogOutputStream:75 - [STDERR_REDIRECT] 
2026-05-04 13:21:47,300 [ERROR] LogOutputStream:75 - [STDERR_REDIRECT] [Fatal Error] :1:1: Premature end of file.
2026-05-04 13:21:47,300 [ERROR] LogOutputStream:75 - [STDERR_REDIRECT] 
2026-05-04 13:21:48,298 [ERROR] LogOutputStream:75 - [STDERR_REDIRECT] [Fatal Error] :1:1: Premature end of file.
2026-05-04 13:21:48,298 [ERROR] LogOutputStream:75 - [STDERR_REDIRECT] 
2026-05-04 13:21:49,299 [ERROR] LogOutputStream:75 - [STDERR_REDIRECT] [Fatal Error] :1:1: Premature end of file.
2026-05-04 13:21:49,300 [ERROR] LogOutputStream:75 - [STDERR_REDIRECT] 
2026-05-04 13:21:50,297 [ERROR] LogOutputStream:75 - [STDERR_REDIRECT] [Fatal Error] :1:1: Premature end of file.
2026-05-04 13:21:50,298 [ERROR] LogOutputStream:75 - [STDERR_REDIRECT] 
2026-05-04 13:21:51,306 [ERROR] LogOutputStream:75 - [STDERR_REDIRECT] [Fatal Error] :1:1: Premature end of file.
2026-05-04 13:21:51,307 [ERROR] LogOutputStream:75 - [STDERR_REDIRECT] 
2026-05-04 13:21:52,301 [ERROR] LogOutputStream:75 - [STDERR_REDIRECT] [Fatal Error] :1:1: Premature end of file.
2026-05-04 13:21:52,301 [ERROR] LogOutputStream:75 - [STDERR_REDIRECT] 
2026-05-04 13:21:53,300 [ERROR] LogOutputStream:75 - [STDERR_REDIRECT] [Fatal Error] :1:1: Premature end of file.
2026-05-04 13:21:53,300 [ERROR] LogOutputStream:75 - [STDERR_REDIRECT] 
2026-05-04 13:21:54,298 [ERROR] LogOutputStream:75 - [STDERR_REDIRECT] [Fatal Error] :1:1: Premature end of file.
2026-05-04 13:21:54,298 [ERROR] LogOutputStream:75 - [STDERR_REDIRECT] 
2026-05-04 13:21:55,298 [ERROR] LogOutputStream:75 - [STDERR_REDIRECT] [Fatal Error] :1:1: Premature end of file.
2026-05-04 13:21:55,298 [ERROR] LogOutputStream:75 - [STDERR_REDIRECT] 
2026-05-04 13:21:56,298 [ERROR] LogOutputStream:75 - [STDERR_REDIRECT] [Fatal Error] :1:1: Premature end of file.
2026-05-04 13:21:56,298 [ERROR] LogOutputStream:75 - [STDERR_REDIRECT] 
2026-05-04 13:21:57,296 [ERROR] LogOutputStream:75 - [STDERR_REDIRECT] [Fatal Error] :1:1: Premature end of file.
2026-05-04 13:21:57,297 [ERROR] LogOutputStream:75 - [STDERR_REDIRECT] 
2026-05-04 13:21:58,299 [ERROR] LogOutputStream:75 - [STDERR_REDIRECT] [Fatal Error] :1:1: Premature end of file.
2026-05-04 13:21:58,299 [ERROR] LogOutputStream:75 - [STDERR_REDIRECT] 
2026-05-04 13:21:59,302 [ERROR] LogOutputStream:75 - [STDERR_REDIRECT] [Fatal Error] :1:1: Premature end of file.
2026-05-04 13:21:59,302 [ERROR] LogOutputStream:75 - [STDERR_REDIRECT] 
2026-05-04 13:22:00,308 [ERROR] LogOutputStream:75 - [STDERR_REDIRECT] [Fatal Error] :1:1: Premature end of file.
2026-05-04 13:22:00,308 [ERROR] LogOutputStream:75 - [STDERR_REDIRECT] 
2026-05-04 13:22:01,304 [ERROR] LogOutputStream:75 - [STDERR_REDIRECT] [Fatal Error] :1:1: Premature end of file.
2026-05-04 13:22:01,305 [ERROR] LogOutputStream:75 - [STDERR_REDIRECT] 
2026-05-04 13:22:02,301 [ERROR] LogOutputStream:75 - [STDERR_REDIRECT] [Fatal Error] :1:1: Premature end of file.
2026-05-04 13:22:02,301 [ERROR] LogOutputStream:75 - [STDERR_REDIRECT] 
2026-05-04 13:22:03,307 [ERROR] LogOutputStream:75 - [STDERR_REDIRECT] [Fatal Error] :1:1: Premature end of file.
2026-05-04 13:22:03,308 [ERROR] LogOutputStream:75 - [STDERR_REDIRECT] 
2026-05-04 13:22:04,304 [ERROR] LogOutputStream:75 - [STDERR_REDIRECT] [Fatal Error] :1:1: Premature end of file.
2026-05-04 13:22:04,304 [ERROR] LogOutputStream:75 - [STDERR_REDIRECT] 
2026-05-04 13:22:05,303 [ERROR] LogOutputStream:75 - [STDERR_REDIRECT] [Fatal Error] :1:1: Premature end of file.
2026-05-04 13:22:05,304 [ERROR] LogOutputStream:75 - [STDERR_REDIRECT] 
2026-05-04 13:22:06,301 [ERROR] LogOutputStream:75 - [STDERR_REDIRECT] [Fatal Error] :1:1: Premature end of file.
2026-05-04 13:22:06,301 [ERROR] LogOutputStream:75 - [STDERR_REDIRECT] 
2026-05-04 13:22:07,301 [ERROR] LogOutputStream:75 - [STDERR_REDIRECT] [Fatal Error] :1:1: Premature end of file.
2026-05-04 13:22:07,301 [ERROR] LogOutputStream:75 - [STDERR_REDIRECT] 
2026-05-04 13:22:08,300 [ERROR] LogOutputStream:75 - [STDERR_REDIRECT] [Fatal Error] :1:1: Premature end of file.
2026-05-04 13:22:08,301 [ERROR] LogOutputStream:75 - [STDERR_REDIRECT] 
2026-05-04 13:22:09,299 [ERROR] LogOutputStream:75 - [STDERR_REDIRECT] [Fatal Error] :1:1: Premature end of file.
2026-05-04 13:22:09,299 [ERROR] LogOutputStream:75 - [STDERR_REDIRECT] 
2026-05-04 13:22:10,309 [ERROR] LogOutputStream:75 - [STDERR_REDIRECT] [Fatal Error] :1:1: Premature end of file.
2026-05-04 13:22:10,310 [ERROR] LogOutputStream:75 - [STDERR_REDIRECT] 
2026-05-04 13:22:11,305 [ERROR] LogOutputStream:75 - [STDERR_REDIRECT] [Fatal Error] :1:1: Premature end of file.
2026-05-04 13:22:11,305 [ERROR] LogOutputStream:75 - [STDERR_REDIRECT] 
2026-05-04 13:22:12,300 [ERROR] LogOutputStream:75 - [STDERR_REDIRECT] [Fatal Error] :1:1: Premature end of file.
2026-05-04 13:22:12,300 [ERROR] LogOutputStream:75 - [STDERR_REDIRECT] 
2026-05-04 13:22:13,306 [ERROR] LogOutputStream:75 - [STDERR_REDIRECT] [Fatal Error] :1:1: Premature end of file.
2026-05-04 13:22:13,307 [ERROR] LogOutputStream:75 - [STDERR_REDIRECT] 
2026-05-04 13:22:14,303 [ERROR] LogOutputStream:75 - [STDERR_REDIRECT] [Fatal Error] :1:1: Premature end of file.
2026-05-04 13:22:14,303 [ERROR] LogOutputStream:75 - [STDERR_REDIRECT] 
2026-05-04 13:22:15,305 [ERROR] LogOutputStream:75 - [STDERR_REDIRECT] [Fatal Error] :1:1: Premature end of file.
2026-05-04 13:22:15,305 [ERROR] LogOutputStream:75 - [STDERR_REDIRECT] 
2026-05-04 13:22:16,308 [ERROR] LogOutputStream:75 - [STDERR_REDIRECT] [Fatal Error] :1:1: Premature end of file.
2026-05-04 13:22:16,309 [ERROR] LogOutputStream:75 - [STDERR_REDIRECT] 
2026-05-04 13:22:17,297 [ERROR] LogOutputStream:75 - [STDERR_REDIRECT] [Fatal Error] :1:1: Premature end of file.
2026-05-04 13:22:17,297 [ERROR] LogOutputStream:75 - [STDERR_REDIRECT] 
2026-05-04 13:22:18,298 [ERROR] LogOutputStream:75 - [STDERR_REDIRECT] [Fatal Error] :1:1: Premature end of file.
2026-05-04 13:22:18,298 [ERROR] LogOutputStream:75 - [STDERR_REDIRECT] 
2026-05-04 13:22:19,298 [ERROR] LogOutputStream:75 - [STDERR_REDIRECT] [Fatal Error] :1:1: Premature end of file.
2026-05-04 13:22:19,298 [ERROR] LogOutputStream:75 - [STDERR_REDIRECT] 
2026-05-04 13:22:20,297 [ERROR] LogOutputStream:75 - [STDERR_REDIRECT] [Fatal Error] :1:1: Premature end of file.
2026-05-04 13:22:20,297 [ERROR] LogOutputStream:75 - [STDERR_REDIRECT] 
2026-05-04 13:22:21,302 [ERROR] LogOutputStream:75 - [STDERR_REDIRECT] [Fatal Error] :1:1: Premature end of file.
2026-05-04 13:22:21,302 [ERROR] LogOutputStream:75 - [STDERR_REDIRECT] 
2026-05-04 13:22:22,297 [ERROR] LogOutputStream:75 - [STDERR_REDIRECT] [Fatal Error] :1:1: Premature end of file.
2026-05-04 13:22:22,297 [ERROR] LogOutputStream:75 - [STDERR_REDIRECT] 
2026-05-04 13:22:23,297 [ERROR] LogOutputStream:75 - [STDERR_REDIRECT] [Fatal Error] :1:1: Premature end of file.
2026-05-04 13:22:23,297 [ERROR] LogOutputStream:75 - [STDERR_REDIRECT] 
2026-05-04 13:22:24,308 [ERROR] LogOutputStream:75 - [STDERR_REDIRECT] [Fatal Error] :1:1: Premature end of file.
2026-05-04 13:22:24,308 [ERROR] LogOutputStream:75 - [STDERR_REDIRECT] 
2026-05-04 13:22:25,306 [ERROR] LogOutputStream:75 - [STDERR_REDIRECT] [Fatal Error] :1:1: Premature end of file.
2026-05-04 13:22:25,306 [ERROR] LogOutputStream:75 - [STDERR_REDIRECT] 
2026-05-04 13:22:26,309 [ERROR] LogOutputStream:75 - [STDERR_REDIRECT] [Fatal Error] :1:1: Premature end of file.
2026-05-04 13:22:26,309 [ERROR] LogOutputStream:75 - [STDERR_REDIRECT] 
2026-05-04 13:22:27,303 [ERROR] LogOutputStream:75 - [STDERR_REDIRECT] [Fatal Error] :1:1: Premature end of file.
2026-05-04 13:22:27,303 [ERROR] LogOutputStream:75 - [STDERR_REDIRECT] 
2026-05-04 13:22:28,301 [ERROR] LogOutputStream:75 - [STDERR_REDIRECT] [Fatal Error] :1:1: Premature end of file.
2026-05-04 13:22:28,301 [ERROR] LogOutputStream:75 - [STDERR_REDIRECT] 
2026-05-04 13:22:29,307 [ERROR] LogOutputStream:75 - [STDERR_REDIRECT] [Fatal Error] :1:1: Premature end of file.
2026-05-04 13:22:29,308 [ERROR] LogOutputStream:75 - [STDERR_REDIRECT] 
2026-05-04 13:22:30,305 [ERROR] LogOutputStream:75 - [STDERR_REDIRECT] [Fatal Error] :1:1: Premature end of file.
2026-05-04 13:22:30,305 [ERROR] LogOutputStream:75 - [STDERR_REDIRECT] 
2026-05-04 13:22:31,312 [ERROR] LogOutputStream:75 - [STDERR_REDIRECT] [Fatal Error] :1:1: Premature end of file.
2026-05-04 13:22:31,312 [ERROR] LogOutputStream:75 - [STDERR_REDIRECT] 
2026-05-04 13:22:32,306 [ERROR] LogOutputStream:75 - [STDERR_REDIRECT] [Fatal Error] :1:1: Premature end of file.
2026-05-04 13:22:32,306 [ERROR] LogOutputStream:75 - [STDERR_REDIRECT] 
2026-05-04 13:22:33,310 [ERROR] LogOutputStream:75 - [STDERR_REDIRECT] [Fatal Error] :1:1: Premature end of file.
2026-05-04 13:22:33,310 [ERROR] LogOutputStream:75 - [STDERR_REDIRECT] 
2026-05-04 13:22:34,309 [ERROR] LogOutputStream:75 - [STDERR_REDIRECT] [Fatal Error] :1:1: Premature end of file.
2026-05-04 13:22:34,309 [ERROR] LogOutputStream:75 - [STDERR_REDIRECT] 
2026-05-04 13:22:35,307 [ERROR] LogOutputStream:75 - [STDERR_REDIRECT] [Fatal Error] :1:1: Premature end of file.
2026-05-04 13:22:35,307 [ERROR] LogOutputStream:75 - [STDERR_REDIRECT] 
2026-05-04 13:22:36,301 [ERROR] LogOutputStream:75 - [STDERR_REDIRECT] [Fatal Error] :1:1: Premature end of file.
2026-05-04 13:22:36,301 [ERROR] LogOutputStream:75 - [STDERR_REDIRECT] 
2026-05-04 13:22:37,304 [ERROR] LogOutputStream:75 - [STDERR_REDIRECT] [Fatal Error] :1:1: Premature end of file.
2026-05-04 13:22:37,306 [ERROR] LogOutputStream:75 - [STDERR_REDIRECT] 
2026-05-04 13:22:38,298 [ERROR] LogOutputStream:75 - [STDERR_REDIRECT] [Fatal Error] :1:1: Premature end of file.
2026-05-04 13:22:38,298 [ERROR] LogOutputStream:75 - [STDERR_REDIRECT] 
2026-05-04 13:22:39,301 [ERROR] LogOutputStream:75 - [STDERR_REDIRECT] [Fatal Error] :1:1: Premature end of file.
2026-05-04 13:22:39,301 [ERROR] LogOutputStream:75 - [STDERR_REDIRECT] 
2026-05-04 13:22:40,314 [ERROR] LogOutputStream:75 - [STDERR_REDIRECT] [Fatal Error] :1:1: Premature end of file.
2026-05-04 13:22:40,315 [ERROR] LogOutputStream:75 - [STDERR_REDIRECT] 
2026-05-04 13:22:41,298 [ERROR] LogOutputStream:75 - [STDERR_REDIRECT] [Fatal Error] :1:1: Premature end of file.
2026-05-04 13:22:41,299 [ERROR] LogOutputStream:75 - [STDERR_REDIRECT] 
2026-05-04 13:22:42,304 [ERROR] LogOutputStream:75 - [STDERR_REDIRECT] [Fatal Error] :1:1: Premature end of file.
2026-05-04 13:22:42,305 [ERROR] LogOutputStream:75 - [STDERR_REDIRECT] 
2026-05-04 13:22:43,298 [ERROR] LogOutputStream:75 - [STDERR_REDIRECT] [Fatal Error] :1:1: Premature end of file.
2026-05-04 13:22:43,299 [ERROR] LogOutputStream:75 - [STDERR_REDIRECT] 
2026-05-04 13:22:44,297 [ERROR] LogOutputStream:75 - [STDERR_REDIRECT] [Fatal Error] :1:1: Premature end of file.
2026-05-04 13:22:44,298 [ERROR] LogOutputStream:75 - [STDERR_REDIRECT] 
2026-05-04 13:22:45,302 [ERROR] LogOutputStream:75 - [STDERR_REDIRECT] [Fatal Error] :1:1: Premature end of file.
2026-05-04 13:22:45,302 [ERROR] LogOutputStream:75 - [STDERR_REDIRECT] 
2026-05-04 13:22:46,304 [ERROR] LogOutputStream:75 - [STDERR_REDIRECT] [Fatal Error] :1:1: Premature end of file.
2026-05-04 13:22:46,304 [ERROR] LogOutputStream:75 - [STDERR_REDIRECT] 
2026-05-04 13:22:47,320 [ERROR] LogOutputStream:75 - [STDERR_REDIRECT] [Fatal Error] :1:1: Premature end of file.
2026-05-04 13:22:47,320 [ERROR] LogOutputStream:75 - [STDERR_REDIRECT] 
2026-05-04 13:22:48,306 [ERROR] LogOutputStream:75 - [STDERR_REDIRECT] [Fatal Error] :1:1: Premature end of file.
2026-05-04 13:22:48,306 [ERROR] LogOutputStream:75 - [STDERR_REDIRECT] 
2026-05-04 13:22:49,303 [ERROR] LogOutputStream:75 - [STDERR_REDIRECT] [Fatal Error] :1:1: Premature end of file.
2026-05-04 13:22:49,304 [ERROR] LogOutputStream:75 - [STDERR_REDIRECT] 
2026-05-04 13:22:50,321 [ERROR] LogOutputStream:75 - [STDERR_REDIRECT] [Fatal Error] :1:1: Premature end of file.
2026-05-04 13:22:50,321 [ERROR] LogOutputStream:75 - [STDERR_REDIRECT] 
2026-05-04 13:22:51,306 [ERROR] LogOutputStream:75 - [STDERR_REDIRECT] [Fatal Error] :1:1: Premature end of file.
2026-05-04 13:22:51,306 [ERROR] LogOutputStream:75 - [STDERR_REDIRECT] 
2026-05-04 13:22:52,304 [ERROR] LogOutputStream:75 - [STDERR_REDIRECT] [Fatal Error] :1:1: Premature end of file.
2026-05-04 13:22:52,304 [ERROR] LogOutputStream:75 - [STDERR_REDIRECT] 
2026-05-04 13:22:53,325 [ERROR] LogOutputStream:75 - [STDERR_REDIRECT] [Fatal Error] :1:1: Premature end of file.
2026-05-04 13:22:53,326 [ERROR] LogOutputStream:75 - [STDERR_REDIRECT] 
2026-05-04 13:22:54,304 [ERROR] LogOutputStream:75 - [STDERR_REDIRECT] [Fatal Error] :1:1: Premature end of file.
2026-05-04 13:22:54,304 [ERROR] LogOutputStream:75 - [STDERR_REDIRECT] 
2026-05-04 13:22:55,303 [ERROR] LogOutputStream:75 - [STDERR_REDIRECT] [Fatal Error] :1:1: Premature end of file.
2026-05-04 13:22:55,303 [ERROR] LogOutputStream:75 - [STDERR_REDIRECT] 
2026-05-04 13:22:56,295 [ERROR] LogOutputStream:75 - [STDERR_REDIRECT] [Fatal Error] :1:1: Premature end of file.
2026-05-04 13:22:56,295 [ERROR] LogOutputStream:75 - [STDERR_REDIRECT] 
2026-05-04 13:22:57,303 [ERROR] LogOutputStream:75 - [STDERR_REDIRECT] [Fatal Error] :1:1: Premature end of file.
2026-05-04 13:22:57,304 [ERROR] LogOutputStream:75 - [STDERR_REDIRECT] 
2026-05-04 13:22:58,303 [ERROR] LogOutputStream:75 - [STDERR_REDIRECT] [Fatal Error] :1:1: Premature end of file.
2026-05-04 13:22:58,303 [ERROR] LogOutputStream:75 - [STDERR_REDIRECT] 
2026-05-04 13:22:59,305 [ERROR] LogOutputStream:75 - [STDERR_REDIRECT] [Fatal Error] :1:1: Premature end of file.
2026-05-04 13:22:59,305 [ERROR] LogOutputStream:75 - [STDERR_REDIRECT] 
2026-05-04 13:23:00,307 [ERROR] LogOutputStream:75 - [STDERR_REDIRECT] [Fatal Error] :1:1: Premature end of file.
2026-05-04 13:23:00,307 [ERROR] LogOutputStream:75 - [STDERR_REDIRECT] 
2026-05-04 13:23:01,303 [ERROR] LogOutputStream:75 - [STDERR_REDIRECT] [Fatal Error] :1:1: Premature end of file.
2026-05-04 13:23:01,304 [ERROR] LogOutputStream:75 - [STDERR_REDIRECT] 
2026-05-04 13:23:02,303 [ERROR] LogOutputStream:75 - [STDERR_REDIRECT] [Fatal Error] :1:1: Premature end of file.
2026-05-04 13:23:02,303 [ERROR] LogOutputStream:75 - [STDERR_REDIRECT] 
2026-05-04 13:23:03,312 [ERROR] LogOutputStream:75 - [STDERR_REDIRECT] [Fatal Error] :1:1: Premature end of file.
2026-05-04 13:23:03,312 [ERROR] LogOutputStream:75 - [STDERR_REDIRECT] 
2026-05-04 13:23:04,305 [ERROR] LogOutputStream:75 - [STDERR_REDIRECT] [Fatal Error] :1:1: Premature end of file.
2026-05-04 13:23:04,305 [ERROR] LogOutputStream:75 - [STDERR_REDIRECT] 
2026-05-04 13:23:05,302 [ERROR] LogOutputStream:75 - [STDERR_REDIRECT] [Fatal Error] :1:1: Premature end of file.
2026-05-04 13:23:05,302 [ERROR] LogOutputStream:75 - [STDERR_REDIRECT] 
2026-05-04 13:23:06,300 [ERROR] LogOutputStream:75 - [STDERR_REDIRECT] [Fatal Error] :1:1: Premature end of file.
2026-05-04 13:23:06,300 [ERROR] LogOutputStream:75 - [STDERR_REDIRECT] 
2026-05-04 13:23:07,297 [ERROR] LogOutputStream:75 - [STDERR_REDIRECT] [Fatal Error] :1:1: Premature end of file.
2026-05-04 13:23:07,297 [ERROR] LogOutputStream:75 - [STDERR_REDIRECT] 
2026-05-04 13:23:08,306 [ERROR] LogOutputStream:75 - [STDERR_REDIRECT] [Fatal Error] :1:1: Premature end of file.
2026-05-04 13:23:08,306 [ERROR] LogOutputStream:75 - [STDERR_REDIRECT] 
2026-05-04 13:23:09,302 [ERROR] LogOutputStream:75 - [STDERR_REDIRECT] [Fatal Error] :1:1: Premature end of file.
2026-05-04 13:23:09,302 [ERROR] LogOutputStream:75 - [STDERR_REDIRECT] 
2026-05-04 13:23:10,298 [ERROR] LogOutputStream:75 - [STDERR_REDIRECT] [Fatal Error] :1:1: Premature end of file.
2026-05-04 13:23:10,299 [ERROR] LogOutputStream:75 - [STDERR_REDIRECT] 
2026-05-04 13:23:11,304 [ERROR] LogOutputStream:75 - [STDERR_REDIRECT] [Fatal Error] :1:1: Premature end of file.
2026-05-04 13:23:11,304 [ERROR] LogOutputStream:75 - [STDERR_REDIRECT] 
2026-05-04 13:23:12,298 [ERROR] LogOutputStream:75 - [STDERR_REDIRECT] [Fatal Error] :1:1: Premature end of file.
2026-05-04 13:23:12,298 [ERROR] LogOutputStream:75 - [STDERR_REDIRECT] 
2026-05-04 13:23:13,302 [ERROR] LogOutputStream:75 - [STDERR_REDIRECT] [Fatal Error] :1:1: Premature end of file.
2026-05-04 13:23:13,302 [ERROR] LogOutputStream:75 - [STDERR_REDIRECT] 
2026-05-04 13:23:14,303 [ERROR] LogOutputStream:75 - [STDERR_REDIRECT] [Fatal Error] :1:1: Premature end of file.
2026-05-04 13:23:14,303 [ERROR] LogOutputStream:75 - [STDERR_REDIRECT] 
2026-05-04 13:23:15,302 [ERROR] LogOutputStream:75 - [STDERR_REDIRECT] [Fatal Error] :1:1: Premature end of file.
2026-05-04 13:23:15,302 [ERROR] LogOutputStream:75 - [STDERR_REDIRECT] 
2026-05-04 13:23:16,312 [ERROR] LogOutputStream:75 - [STDERR_REDIRECT] [Fatal Error] :1:1: Premature end of file.
2026-05-04 13:23:16,312 [ERROR] LogOutputStream:75 - [STDERR_REDIRECT] 
2026-05-04 13:23:17,307 [ERROR] LogOutputStream:75 - [STDERR_REDIRECT] [Fatal Error] :1:1: Premature end of file.
2026-05-04 13:23:17,307 [ERROR] LogOutputStream:75 - [STDERR_REDIRECT] 
2026-05-04 13:23:18,312 [ERROR] LogOutputStream:75 - [STDERR_REDIRECT] [Fatal Error] :1:1: Premature end of file.
2026-05-04 13:23:18,312 [ERROR] LogOutputStream:75 - [STDERR_REDIRECT] 
2026-05-04 13:23:19,309 [ERROR] LogOutputStream:75 - [STDERR_REDIRECT] [Fatal Error] :1:1: Premature end of file.
2026-05-04 13:23:19,309 [ERROR] LogOutputStream:75 - [STDERR_REDIRECT] 
2026-05-04 13:23:20,305 [ERROR] LogOutputStream:75 - [STDERR_REDIRECT] [Fatal Error] :1:1: Premature end of file.
2026-05-04 13:23:20,305 [ERROR] LogOutputStream:75 - [STDERR_REDIRECT] 
2026-05-04 13:23:21,303 [ERROR] LogOutputStream:75 - [STDERR_REDIRECT] [Fatal Error] :1:1: Premature end of file.
2026-05-04 13:23:21,303 [ERROR] LogOutputStream:75 - [STDERR_REDIRECT] 
2026-05-04 13:23:22,299 [ERROR] LogOutputStream:75 - [STDERR_REDIRECT] [Fatal Error] :1:1: Premature end of file.
2026-05-04 13:23:22,299 [ERROR] LogOutputStream:75 - [STDERR_REDIRECT] 
2026-05-04 13:23:23,308 [ERROR] LogOutputStream:75 - [STDERR_REDIRECT] [Fatal Error] :1:1: Premature end of file.
2026-05-04 13:23:23,308 [ERROR] LogOutputStream:75 - [STDERR_REDIRECT] 
2026-05-04 13:23:24,324 [ERROR] LogOutputStream:75 - [STDERR_REDIRECT] [Fatal Error] :1:1: Premature end of file.
2026-05-04 13:23:24,324 [ERROR] LogOutputStream:75 - [STDERR_REDIRECT] 
2026-05-04 13:23:25,310 [ERROR] LogOutputStream:75 - [STDERR_REDIRECT] [Fatal Error] :1:1: Premature end of file.
2026-05-04 13:23:25,310 [ERROR] LogOutputStream:75 - [STDERR_REDIRECT] 
2026-05-04 13:23:26,304 [ERROR] LogOutputStream:75 - [STDERR_REDIRECT] [Fatal Error] :1:1: Premature end of file.
2026-05-04 13:23:26,304 [ERROR] LogOutputStream:75 - [STDERR_REDIRECT] 
2026-05-04 13:23:27,303 [ERROR] LogOutputStream:75 - [STDERR_REDIRECT] [Fatal Error] :1:1: Premature end of file.
2026-05-04 13:23:27,304 [ERROR] LogOutputStream:75 - [STDERR_REDIRECT] 
2026-05-04 13:23:28,316 [ERROR] LogOutputStream:75 - [STDERR_REDIRECT] [Fatal Error] :1:1: Premature end of file.
2026-05-04 13:23:28,316 [ERROR] LogOutputStream:75 - [STDERR_REDIRECT] 
2026-05-04 13:23:29,310 [ERROR] LogOutputStream:75 - [STDERR_REDIRECT] [Fatal Error] :1:1: Premature end of file.
2026-05-04 13:23:29,310 [ERROR] LogOutputStream:75 - [STDERR_REDIRECT] 
2026-05-04 13:23:30,304 [ERROR] LogOutputStream:75 - [STDERR_REDIRECT] [Fatal Error] :1:1: Premature end of file.
2026-05-04 13:23:30,304 [ERROR] LogOutputStream:75 - [STDERR_REDIRECT] 
2026-05-04 13:23:31,303 [ERROR] LogOutputStream:75 - [STDERR_REDIRECT] [Fatal Error] :1:1: Premature end of file.
2026-05-04 13:23:31,303 [ERROR] LogOutputStream:75 - [STDERR_REDIRECT] 
2026-05-04 13:23:32,308 [ERROR] LogOutputStream:75 - [STDERR_REDIRECT] [Fatal Error] :1:1: Premature end of file.
2026-05-04 13:23:32,308 [ERROR] LogOutputStream:75 - [STDERR_REDIRECT] 
2026-05-04 13:23:33,304 [ERROR] LogOutputStream:75 - [STDERR_REDIRECT] [Fatal Error] :1:1: Premature end of file.
2026-05-04 13:23:33,304 [ERROR] LogOutputStream:75 - [STDERR_REDIRECT] 
2026-05-04 13:23:34,304 [ERROR] LogOutputStream:75 - [STDERR_REDIRECT] [Fatal Error] :1:1: Premature end of file.
2026-05-04 13:23:34,304 [ERROR] LogOutputStream:75 - [STDERR_REDIRECT] 
2026-05-04 13:23:35,305 [ERROR] LogOutputStream:75 - [STDERR_REDIRECT] [Fatal Error] :1:1: Premature end of file.
2026-05-04 13:23:35,305 [ERROR] LogOutputStream:75 - [STDERR_REDIRECT] 
2026-05-04 13:23:36,297 [ERROR] LogOutputStream:75 - [STDERR_REDIRECT] [Fatal Error] :1:1: Premature end of file.
2026-05-04 13:23:36,297 [ERROR] LogOutputStream:75 - [STDERR_REDIRECT] 
2026-05-04 13:23:37,298 [ERROR] LogOutputStream:75 - [STDERR_REDIRECT] [Fatal Error] :1:1: Premature end of file.
2026-05-04 13:23:37,299 [ERROR] LogOutputStream:75 - [STDERR_REDIRECT] 
2026-05-04 13:23:38,303 [ERROR] LogOutputStream:75 - [STDERR_REDIRECT] [Fatal Error] :1:1: Premature end of file.
2026-05-04 13:23:38,303 [ERROR] LogOutputStream:75 - [STDERR_REDIRECT] 
2026-05-04 13:23:39,314 [ERROR] LogOutputStream:75 - [STDERR_REDIRECT] [Fatal Error] :1:1: Premature end of file.
2026-05-04 13:23:39,314 [ERROR] LogOutputStream:75 - [STDERR_REDIRECT] 
2026-05-04 13:23:40,317 [ERROR] LogOutputStream:75 - [STDERR_REDIRECT] [Fatal Error] :1:1: Premature end of file.
2026-05-04 13:23:40,317 [ERROR] LogOutputStream:75 - [STDERR_REDIRECT] 
2026-05-04 13:23:41,315 [ERROR] LogOutputStream:75 - [STDERR_REDIRECT] [Fatal Error] :1:1: Premature end of file.
2026-05-04 13:23:41,315 [ERROR] LogOutputStream:75 - [STDERR_REDIRECT] 
2026-05-04 13:23:42,318 [ERROR] LogOutputStream:75 - [STDERR_REDIRECT] [Fatal Error] :1:1: Premature end of file.
2026-05-04 13:23:42,319 [ERROR] LogOutputStream:75 - [STDERR_REDIRECT] 
2026-05-04 13:23:43,316 [ERROR] LogOutputStream:75 - [STDERR_REDIRECT] [Fatal Error] :1:1: Premature end of file.
2026-05-04 13:23:43,316 [ERROR] LogOutputStream:75 - [STDERR_REDIRECT] 
2026-05-04 13:23:44,311 [ERROR] LogOutputStream:75 - [STDERR_REDIRECT] [Fatal Error] :1:1: Premature end of file.
2026-05-04 13:23:44,312 [ERROR] LogOutputStream:75 - [STDERR_REDIRECT] 
2026-05-04 13:23:45,316 [ERROR] LogOutputStream:75 - [STDERR_REDIRECT] [Fatal Error] :1:1: Premature end of file.
2026-05-04 13:23:45,316 [ERROR] LogOutputStream:75 - [STDERR_REDIRECT] 
2026-05-04 13:23:46,304 [ERROR] LogOutputStream:75 - [STDERR_REDIRECT] [Fatal Error] :1:1: Premature end of file.
2026-05-04 13:23:46,304 [ERROR] LogOutputStream:75 - [STDERR_REDIRECT] 
2026-05-04 13:23:47,301 [ERROR] LogOutputStream:75 - [STDERR_REDIRECT] [Fatal Error] :1:1: Premature end of file.
2026-05-04 13:23:47,301 [ERROR] LogOutputStream:75 - [STDERR_REDIRECT] 
2026-05-04 13:23:48,299 [ERROR] LogOutputStream:75 - [STDERR_REDIRECT] [Fatal Error] :1:1: Premature end of file.
2026-05-04 13:23:48,300 [ERROR] LogOutputStream:75 - [STDERR_REDIRECT] 
2026-05-04 13:23:49,306 [ERROR] LogOutputStream:75 - [STDERR_REDIRECT] [Fatal Error] :1:1: Premature end of file.
2026-05-04 13:23:49,306 [ERROR] LogOutputStream:75 - [STDERR_REDIRECT] 
2026-05-04 13:23:50,306 [ERROR] LogOutputStream:75 - [STDERR_REDIRECT] [Fatal Error] :1:1: Premature end of file.
2026-05-04 13:23:50,306 [ERROR] LogOutputStream:75 - [STDERR_REDIRECT] 
2026-05-04 13:23:51,319 [ERROR] LogOutputStream:75 - [STDERR_REDIRECT] [Fatal Error] :1:1: Premature end of file.
2026-05-04 13:23:51,319 [ERROR] LogOutputStream:75 - [STDERR_REDIRECT] 
2026-05-04 13:23:52,315 [ERROR] LogOutputStream:75 - [STDERR_REDIRECT] [Fatal Error] :1:1: Premature end of file.
2026-05-04 13:23:52,315 [ERROR] LogOutputStream:75 - [STDERR_REDIRECT] 
2026-05-04 13:23:53,308 [ERROR] LogOutputStream:75 - [STDERR_REDIRECT] [Fatal Error] :1:1: Premature end of file.
2026-05-04 13:23:53,308 [ERROR] LogOutputStream:75 - [STDERR_REDIRECT] 
2026-05-04 13:23:54,304 [ERROR] LogOutputStream:75 - [STDERR_REDIRECT] [Fatal Error] :1:1: Premature end of file.
2026-05-04 13:23:54,304 [ERROR] LogOutputStream:75 - [STDERR_REDIRECT] 
2026-05-04 13:23:55,304 [ERROR] LogOutputStream:75 - [STDERR_REDIRECT] [Fatal Error] :1:1: Premature end of file.
2026-05-04 13:23:55,304 [ERROR] LogOutputStream:75 - [STDERR_REDIRECT] 
2026-05-04 13:23:56,302 [ERROR] LogOutputStream:75 - [STDERR_REDIRECT] [Fatal Error] :1:1: Premature end of file.
2026-05-04 13:23:56,302 [ERROR] LogOutputStream:75 - [STDERR_REDIRECT] 
2026-05-04 13:23:57,312 [ERROR] LogOutputStream:75 - [STDERR_REDIRECT] [Fatal Error] :1:1: Premature end of file.
2026-05-04 13:23:57,312 [ERROR] LogOutputStream:75 - [STDERR_REDIRECT] 
2026-05-04 13:23:58,298 [ERROR] LogOutputStream:75 - [STDERR_REDIRECT] [Fatal Error] :1:1: Premature end of file.
2026-05-04 13:23:58,298 [ERROR] LogOutputStream:75 - [STDERR_REDIRECT] 
2026-05-04 13:23:59,305 [ERROR] LogOutputStream:75 - [STDERR_REDIRECT] [Fatal Error] :1:1: Premature end of file.
2026-05-04 13:23:59,305 [ERROR] LogOutputStream:75 - [STDERR_REDIRECT] 
2026-05-04 13:24:00,304 [ERROR] LogOutputStream:75 - [STDERR_REDIRECT] [Fatal Error] :1:1: Premature end of file.
2026-05-04 13:24:00,304 [ERROR] LogOutputStream:75 - [STDERR_REDIRECT] 
2026-05-04 13:24:01,301 [ERROR] LogOutputStream:75 - [STDERR_REDIRECT] [Fatal Error] :1:1: Premature end of file.
2026-05-04 13:24:01,301 [ERROR] LogOutputStream:75 - [STDERR_REDIRECT] 
2026-05-04 13:24:02,300 [ERROR] LogOutputStream:75 - [STDERR_REDIRECT] [Fatal Error] :1:1: Premature end of file.
2026-05-04 13:24:02,300 [ERROR] LogOutputStream:75 - [STDERR_REDIRECT] 
2026-05-04 13:24:03,299 [ERROR] LogOutputStream:75 - [STDERR_REDIRECT] [Fatal Error] :1:1: Premature end of file.
2026-05-04 13:24:03,300 [ERROR] LogOutputStream:75 - [STDERR_REDIRECT] 
2026-05-04 13:24:04,313 [ERROR] LogOutputStream:75 - [STDERR_REDIRECT] [Fatal Error] :1:1: Premature end of file.
2026-05-04 13:24:04,313 [ERROR] LogOutputStream:75 - [STDERR_REDIRECT] 
2026-05-04 13:24:05,320 [ERROR] LogOutputStream:75 - [STDERR_REDIRECT] [Fatal Error] :1:1: Premature end of file.
2026-05-04 13:24:05,320 [ERROR] LogOutputStream:75 - [STDERR_REDIRECT] 
2026-05-04 13:24:06,304 [ERROR] LogOutputStream:75 - [STDERR_REDIRECT] [Fatal Error] :1:1: Premature end of file.
2026-05-04 13:24:06,304 [ERROR] LogOutputStream:75 - [STDERR_REDIRECT] 
2026-05-04 13:24:07,308 [ERROR] LogOutputStream:75 - [STDERR_REDIRECT] [Fatal Error] :1:1: Premature end of file.
2026-05-04 13:24:07,308 [ERROR] LogOutputStream:75 - [STDERR_REDIRECT] 
2026-05-04 13:24:08,315 [ERROR] LogOutputStream:75 - [STDERR_REDIRECT] [Fatal Error] :1:1: Premature end of file.
2026-05-04 13:24:08,315 [ERROR] LogOutputStream:75 - [STDERR_REDIRECT] 
2026-05-04 13:24:09,332 [ERROR] LogOutputStream:75 - [STDERR_REDIRECT] [Fatal Error] :1:1: Premature end of file.
2026-05-04 13:24:09,332 [ERROR] LogOutputStream:75 - [STDERR_REDIRECT] 
2026-05-04 13:24:10,364 [ERROR] LogOutputStream:75 - [STDERR_REDIRECT] [Fatal Error] :1:1: Premature end of file.
2026-05-04 13:24:10,364 [ERROR] LogOutputStream:75 - [STDERR_REDIRECT] 
2026-05-04 13:24:11,295 [ERROR] LogOutputStream:75 - [STDERR_REDIRECT] [Fatal Error] :1:1: Premature end of file.
2026-05-04 13:24:11,295 [ERROR] LogOutputStream:75 - [STDERR_REDIRECT] 
2026-05-04 13:24:12,305 [ERROR] LogOutputStream:75 - [STDERR_REDIRECT] [Fatal Error] :1:1: Premature end of file.
2026-05-04 13:24:12,307 [ERROR] LogOutputStream:75 - [STDERR_REDIRECT] 
2026-05-04 13:24:13,307 [ERROR] LogOutputStream:75 - [STDERR_REDIRECT] [Fatal Error] :1:1: Premature end of file.
2026-05-04 13:24:13,307 [ERROR] LogOutputStream:75 - [STDERR_REDIRECT] 
2026-05-04 13:24:14,296 [ERROR] LogOutputStream:75 - [STDERR_REDIRECT] [Fatal Error] :1:1: Premature end of file.
2026-05-04 13:24:14,296 [ERROR] LogOutputStream:75 - [STDERR_REDIRECT] 
2026-05-04 13:24:15,328 [ERROR] LogOutputStream:75 - [STDERR_REDIRECT] [Fatal Error] :1:1: Premature end of file.
2026-05-04 13:24:15,328 [ERROR] LogOutputStream:75 - [STDERR_REDIRECT] 
2026-05-04 13:24:16,314 [ERROR] LogOutputStream:75 - [STDERR_REDIRECT] [Fatal Error] :1:1: Premature end of file.
2026-05-04 13:24:16,314 [ERROR] LogOutputStream:75 - [STDERR_REDIRECT] 
2026-05-04 13:24:17,316 [ERROR] LogOutputStream:75 - [STDERR_REDIRECT] [Fatal Error] :1:1: Premature end of file.
2026-05-04 13:24:17,316 [ERROR] LogOutputStream:75 - [STDERR_REDIRECT] 
2026-05-04 13:24:18,312 [ERROR] LogOutputStream:75 - [STDERR_REDIRECT] [Fatal Error] :1:1: Premature end of file.
2026-05-04 13:24:18,312 [ERROR] LogOutputStream:75 - [STDERR_REDIRECT] 
2026-05-04 13:24:19,308 [ERROR] LogOutputStream:75 - [STDERR_REDIRECT] [Fatal Error] :1:1: Premature end of file.
2026-05-04 13:24:19,308 [ERROR] LogOutputStream:75 - [STDERR_REDIRECT] 
2026-05-04 13:24:20,309 [ERROR] LogOutputStream:75 - [STDERR_REDIRECT] [Fatal Error] :1:1: Premature end of file.
2026-05-04 13:24:20,309 [ERROR] LogOutputStream:75 - [STDERR_REDIRECT] 
2026-05-04 13:24:21,317 [ERROR] LogOutputStream:75 - [STDERR_REDIRECT] [Fatal Error] :1:1: Premature end of file.
2026-05-04 13:24:21,317 [ERROR] LogOutputStream:75 - [STDERR_REDIRECT] 
2026-05-04 13:24:22,298 [ERROR] LogOutputStream:75 - [STDERR_REDIRECT] [Fatal Error] :1:1: Premature end of file.
2026-05-04 13:24:22,298 [ERROR] LogOutputStream:75 - [STDERR_REDIRECT] 
2026-05-04 13:24:23,317 [ERROR] LogOutputStream:75 - [STDERR_REDIRECT] [Fatal Error] :1:1: Premature end of file.
2026-05-04 13:24:23,317 [ERROR] LogOutputStream:75 - [STDERR_REDIRECT] 
2026-05-04 13:24:24,303 [ERROR] LogOutputStream:75 - [STDERR_REDIRECT] [Fatal Error] :1:1: Premature end of file.
2026-05-04 13:24:24,303 [ERROR] LogOutputStream:75 - [STDERR_REDIRECT] 
2026-05-04 13:24:25,306 [ERROR] LogOutputStream:75 - [STDERR_REDIRECT] [Fatal Error] :1:1: Premature end of file.
2026-05-04 13:24:25,307 [ERROR] LogOutputStream:75 - [STDERR_REDIRECT] 
2026-05-04 13:24:26,314 [ERROR] LogOutputStream:75 - [STDERR_REDIRECT] [Fatal Error] :1:1: Premature end of file.
2026-05-04 13:24:26,314 [ERROR] LogOutputStream:75 - [STDERR_REDIRECT] 
2026-05-04 13:24:27,315 [ERROR] LogOutputStream:75 - [STDERR_REDIRECT] [Fatal Error] :1:1: Premature end of file.
2026-05-04 13:24:27,315 [ERROR] LogOutputStream:75 - [STDERR_REDIRECT] 
2026-05-04 13:24:28,310 [ERROR] LogOutputStream:75 - [STDERR_REDIRECT] [Fatal Error] :1:1: Premature end of file.
2026-05-04 13:24:28,310 [ERROR] LogOutputStream:75 - [STDERR_REDIRECT] 
2026-05-04 13:24:29,343 [ERROR] LogOutputStream:75 - [STDERR_REDIRECT] [Fatal Error] :1:1: Premature end of file.
2026-05-04 13:24:29,343 [ERROR] LogOutputStream:75 - [STDERR_REDIRECT] 
2026-05-04 13:24:30,313 [ERROR] LogOutputStream:75 - [STDERR_REDIRECT] [Fatal Error] :1:1: Premature end of file.
2026-05-04 13:24:30,313 [ERROR] LogOutputStream:75 - [STDERR_REDIRECT] 
2026-05-04 13:24:31,308 [ERROR] LogOutputStream:75 - [STDERR_REDIRECT] [Fatal Error] :1:1: Premature end of file.
2026-05-04 13:24:31,308 [ERROR] LogOutputStream:75 - [STDERR_REDIRECT] 
2026-05-04 13:24:32,304 [ERROR] LogOutputStream:75 - [STDERR_REDIRECT] [Fatal Error] :1:1: Premature end of file.
2026-05-04 13:24:32,305 [ERROR] LogOutputStream:75 - [STDERR_REDIRECT] 
2026-05-04 13:24:33,315 [ERROR] LogOutputStream:75 - [STDERR_REDIRECT] [Fatal Error] :1:1: Premature end of file.
2026-05-04 13:24:33,315 [ERROR] LogOutputStream:75 - [STDERR_REDIRECT] 
2026-05-04 13:24:34,307 [ERROR] LogOutputStream:75 - [STDERR_REDIRECT] [Fatal Error] :1:1: Premature end of file.
2026-05-04 13:24:34,307 [ERROR] LogOutputStream:75 - [STDERR_REDIRECT] 
2026-05-04 13:24:35,308 [ERROR] LogOutputStream:75 - [STDERR_REDIRECT] [Fatal Error] :1:1: Premature end of file.
2026-05-04 13:24:35,308 [ERROR] LogOutputStream:75 - [STDERR_REDIRECT] 
2026-05-04 13:24:36,314 [ERROR] LogOutputStream:75 - [STDERR_REDIRECT] [Fatal Error] :1:1: Premature end of file.
2026-05-04 13:24:36,314 [ERROR] LogOutputStream:75 - [STDERR_REDIRECT] 
2026-05-04 13:24:37,319 [ERROR] LogOutputStream:75 - [STDERR_REDIRECT] [Fatal Error] :1:1: Premature end of file.
2026-05-04 13:24:37,319 [ERROR] LogOutputStream:75 - [STDERR_REDIRECT] 
2026-05-04 13:24:38,300 [ERROR] LogOutputStream:75 - [STDERR_REDIRECT] [Fatal Error] :1:1: Premature end of file.
2026-05-04 13:24:38,300 [ERROR] LogOutputStream:75 - [STDERR_REDIRECT] 
2026-05-04 13:24:39,318 [ERROR] LogOutputStream:75 - [STDERR_REDIRECT] [Fatal Error] :1:1: Premature end of file.
2026-05-04 13:24:39,318 [ERROR] LogOutputStream:75 - [STDERR_REDIRECT] 
2026-05-04 13:24:40,317 [ERROR] LogOutputStream:75 - [STDERR_REDIRECT] [Fatal Error] :1:1: Premature end of file.
2026-05-04 13:24:40,317 [ERROR] LogOutputStream:75 - [STDERR_REDIRECT] 
2026-05-04 13:24:41,313 [ERROR] LogOutputStream:75 - [STDERR_REDIRECT] [Fatal Error] :1:1: Premature end of file.
2026-05-04 13:24:41,313 [ERROR] LogOutputStream:75 - [STDERR_REDIRECT] 
2026-05-04 13:24:42,303 [ERROR] LogOutputStream:75 - [STDERR_REDIRECT] [Fatal Error] :1:1: Premature end of file.
2026-05-04 13:24:42,303 [ERROR] LogOutputStream:75 - [STDERR_REDIRECT] 
2026-05-04 13:24:43,296 [ERROR] LogOutputStream:75 - [STDERR_REDIRECT] [Fatal Error] :1:1: Premature end of file.
2026-05-04 13:24:43,296 [ERROR] LogOutputStream:75 - [STDERR_REDIRECT] 
2026-05-04 13:24:44,306 [ERROR] LogOutputStream:75 - [STDERR_REDIRECT] [Fatal Error] :1:1: Premature end of file.
2026-05-04 13:24:44,307 [ERROR] LogOutputStream:75 - [STDERR_REDIRECT] 
2026-05-04 13:24:45,304 [ERROR] LogOutputStream:75 - [STDERR_REDIRECT] [Fatal Error] :1:1: Premature end of file.
2026-05-04 13:24:45,305 [ERROR] LogOutputStream:75 - [STDERR_REDIRECT] 
2026-05-04 13:24:46,294 [ERROR] LogOutputStream:75 - [STDERR_REDIRECT] [Fatal Error] :1:1: Premature end of file.
2026-05-04 13:24:46,295 [ERROR] LogOutputStream:75 - [STDERR_REDIRECT] 
2026-05-04 13:24:47,299 [ERROR] LogOutputStream:75 - [STDERR_REDIRECT] [Fatal Error] :1:1: Premature end of file.
2026-05-04 13:24:47,300 [ERROR] LogOutputStream:75 - [STDERR_REDIRECT] 
2026-05-04 13:24:48,303 [ERROR] LogOutputStream:75 - [STDERR_REDIRECT] [Fatal Error] :1:1: Premature end of file.
2026-05-04 13:24:48,304 [ERROR] LogOutputStream:75 - [STDERR_REDIRECT] 
2026-05-04 13:24:49,303 [ERROR] LogOutputStream:75 - [STDERR_REDIRECT] [Fatal Error] :1:1: Premature end of file.
2026-05-04 13:24:49,303 [ERROR] LogOutputStream:75 - [STDERR_REDIRECT] 
2026-05-04 13:24:50,320 [ERROR] LogOutputStream:75 - [STDERR_REDIRECT] [Fatal Error] :1:1: Premature end of file.
2026-05-04 13:24:50,320 [ERROR] LogOutputStream:75 - [STDERR_REDIRECT] 
2026-05-04 13:24:51,316 [ERROR] LogOutputStream:75 - [STDERR_REDIRECT] [Fatal Error] :1:1: Premature end of file.
2026-05-04 13:24:51,316 [ERROR] LogOutputStream:75 - [STDERR_REDIRECT] 
2026-05-04 13:24:52,312 [ERROR] LogOutputStream:75 - [STDERR_REDIRECT] [Fatal Error] :1:1: Premature end of file.
2026-05-04 13:24:52,313 [ERROR] LogOutputStream:75 - [STDERR_REDIRECT] 
2026-05-04 13:24:53,298 [ERROR] LogOutputStream:75 - [STDERR_REDIRECT] [Fatal Error] :1:1: Premature end of file.
2026-05-04 13:24:53,298 [ERROR] LogOutputStream:75 - [STDERR_REDIRECT] 
2026-05-04 13:24:54,297 [ERROR] LogOutputStream:75 - [STDERR_REDIRECT] [Fatal Error] :1:1: Premature end of file.
2026-05-04 13:24:54,297 [ERROR] LogOutputStream:75 - [STDERR_REDIRECT] 
2026-05-04 13:24:55,305 [ERROR] LogOutputStream:75 - [STDERR_REDIRECT] [Fatal Error] :1:1: Premature end of file.
2026-05-04 13:24:55,305 [ERROR] LogOutputStream:75 - [STDERR_REDIRECT] 
2026-05-04 13:24:56,301 [ERROR] LogOutputStream:75 - [STDERR_REDIRECT] [Fatal Error] :1:1: Premature end of file.
2026-05-04 13:24:56,301 [ERROR] LogOutputStream:75 - [STDERR_REDIRECT] 
2026-05-04 13:24:57,305 [ERROR] LogOutputStream:75 - [STDERR_REDIRECT] [Fatal Error] :1:1: Premature end of file.
2026-05-04 13:24:57,305 [ERROR] LogOutputStream:75 - [STDERR_REDIRECT] 
2026-05-04 13:24:58,304 [ERROR] LogOutputStream:75 - [STDERR_REDIRECT] [Fatal Error] :1:1: Premature end of file.
2026-05-04 13:24:58,304 [ERROR] LogOutputStream:75 - [STDERR_REDIRECT] 
2026-05-04 13:24:59,301 [ERROR] LogOutputStream:75 - [STDERR_REDIRECT] [Fatal Error] :1:1: Premature end of file.
2026-05-04 13:24:59,301 [ERROR] LogOutputStream:75 - [STDERR_REDIRECT] 
2026-05-04 13:25:00,297 [ERROR] LogOutputStream:75 - [STDERR_REDIRECT] [Fatal Error] :1:1: Premature end of file.
2026-05-04 13:25:00,297 [ERROR] LogOutputStream:75 - [STDERR_REDIRECT] 
2026-05-04 13:25:01,302 [ERROR] LogOutputStream:75 - [STDERR_REDIRECT] [Fatal Error] :1:1: Premature end of file.
2026-05-04 13:25:01,302 [ERROR] LogOutputStream:75 - [STDERR_REDIRECT] 
2026-05-04 13:25:02,305 [ERROR] LogOutputStream:75 - [STDERR_REDIRECT] [Fatal Error] :1:1: Premature end of file.
2026-05-04 13:25:02,305 [ERROR] LogOutputStream:75 - [STDERR_REDIRECT] 
2026-05-04 13:25:03,295 [ERROR] LogOutputStream:75 - [STDERR_REDIRECT] [Fatal Error] :1:1: Premature end of file.
2026-05-04 13:25:03,295 [ERROR] LogOutputStream:75 - [STDERR_REDIRECT] 
2026-05-04 13:25:04,308 [ERROR] LogOutputStream:75 - [STDERR_REDIRECT] [Fatal Error] :1:1: Premature end of file.
2026-05-04 13:25:04,308 [ERROR] LogOutputStream:75 - [STDERR_REDIRECT] 
2026-05-04 13:25:05,303 [ERROR] LogOutputStream:75 - [STDERR_REDIRECT] [Fatal Error] :1:1: Premature end of file.
2026-05-04 13:25:05,303 [ERROR] LogOutputStream:75 - [STDERR_REDIRECT] 
2026-05-04 13:25:06,296 [ERROR] LogOutputStream:75 - [STDERR_REDIRECT] [Fatal Error] :1:1: Premature end of file.
2026-05-04 13:25:06,296 [ERROR] LogOutputStream:75 - [STDERR_REDIRECT] 
2026-05-04 13:25:07,301 [ERROR] LogOutputStream:75 - [STDERR_REDIRECT] [Fatal Error] :1:1: Premature end of file.
2026-05-04 13:25:07,302 [ERROR] LogOutputStream:75 - [STDERR_REDIRECT] 
2026-05-04 13:25:08,304 [ERROR] LogOutputStream:75 - [STDERR_REDIRECT] [Fatal Error] :1:1: Premature end of file.
2026-05-04 13:25:08,304 [ERROR] LogOutputStream:75 - [STDERR_REDIRECT] 
2026-05-04 13:25:09,304 [ERROR] LogOutputStream:75 - [STDERR_REDIRECT] [Fatal Error] :1:1: Premature end of file.
2026-05-04 13:25:09,305 [ERROR] LogOutputStream:75 - [STDERR_REDIRECT] 
2026-05-04 13:25:10,306 [ERROR] LogOutputStream:75 - [STDERR_REDIRECT] [Fatal Error] :1:1: Premature end of file.
2026-05-04 13:25:10,306 [ERROR] LogOutputStream:75 - [STDERR_REDIRECT] 
2026-05-04 13:25:11,302 [ERROR] LogOutputStream:75 - [STDERR_REDIRECT] [Fatal Error] :1:1: Premature end of file.
2026-05-04 13:25:11,302 [ERROR] LogOutputStream:75 - [STDERR_REDIRECT] 
2026-05-04 13:25:12,313 [ERROR] LogOutputStream:75 - [STDERR_REDIRECT] [Fatal Error] :1:1: Premature end of file.
2026-05-04 13:25:12,313 [ERROR] LogOutputStream:75 - [STDERR_REDIRECT] 
2026-05-04 13:25:13,306 [ERROR] LogOutputStream:75 - [STDERR_REDIRECT] [Fatal Error] :1:1: Premature end of file.
2026-05-04 13:25:13,306 [ERROR] LogOutputStream:75 - [STDERR_REDIRECT] 
2026-05-04 13:25:14,325 [ERROR] LogOutputStream:75 - [STDERR_REDIRECT] [Fatal Error] :1:1: Premature end of file.
2026-05-04 13:25:14,325 [ERROR] LogOutputStream:75 - [STDERR_REDIRECT] 
2026-05-04 13:25:15,310 [ERROR] LogOutputStream:75 - [STDERR_REDIRECT] [Fatal Error] :1:1: Premature end of file.
2026-05-04 13:25:15,310 [ERROR] LogOutputStream:75 - [STDERR_REDIRECT] 
2026-05-04 13:25:16,305 [ERROR] LogOutputStream:75 - [STDERR_REDIRECT] [Fatal Error] :1:1: Premature end of file.
2026-05-04 13:25:16,305 [ERROR] LogOutputStream:75 - [STDERR_REDIRECT] 
2026-05-04 13:25:17,320 [ERROR] LogOutputStream:75 - [STDERR_REDIRECT] [Fatal Error] :1:1: Premature end of file.
2026-05-04 13:25:17,320 [ERROR] LogOutputStream:75 - [STDERR_REDIRECT] 
2026-05-04 13:25:18,307 [ERROR] LogOutputStream:75 - [STDERR_REDIRECT] [Fatal Error] :1:1: Premature end of file.
2026-05-04 13:25:18,307 [ERROR] LogOutputStream:75 - [STDERR_REDIRECT] 
2026-05-04 13:25:19,304 [ERROR] LogOutputStream:75 - [STDERR_REDIRECT] [Fatal Error] :1:1: Premature end of file.
2026-05-04 13:25:19,304 [ERROR] LogOutputStream:75 - [STDERR_REDIRECT] 
2026-05-04 13:25:20,304 [ERROR] LogOutputStream:75 - [STDERR_REDIRECT] [Fatal Error] :1:1: Premature end of file.
2026-05-04 13:25:20,304 [ERROR] LogOutputStream:75 - [STDERR_REDIRECT] 
2026-05-04 13:25:21,301 [ERROR] LogOutputStream:75 - [STDERR_REDIRECT] [Fatal Error] :1:1: Premature end of file.
2026-05-04 13:25:21,301 [ERROR] LogOutputStream:75 - [STDERR_REDIRECT] 
2026-05-04 13:25:22,304 [ERROR] LogOutputStream:75 - [STDERR_REDIRECT] [Fatal Error] :1:1: Premature end of file.
2026-05-04 13:25:22,304 [ERROR] LogOutputStream:75 - [STDERR_REDIRECT] 
2026-05-04 13:25:23,302 [ERROR] LogOutputStream:75 - [STDERR_REDIRECT] [Fatal Error] :1:1: Premature end of file.
2026-05-04 13:25:23,303 [ERROR] LogOutputStream:75 - [STDERR_REDIRECT] 
2026-05-04 13:25:24,313 [ERROR] LogOutputStream:75 - [STDERR_REDIRECT] [Fatal Error] :1:1: Premature end of file.
2026-05-04 13:25:24,313 [ERROR] LogOutputStream:75 - [STDERR_REDIRECT] 
2026-05-04 13:25:25,301 [ERROR] LogOutputStream:75 - [STDERR_REDIRECT] [Fatal Error] :1:1: Premature end of file.
2026-05-04 13:25:25,301 [ERROR] LogOutputStream:75 - [STDERR_REDIRECT] 
2026-05-04 13:25:26,310 [ERROR] LogOutputStream:75 - [STDERR_REDIRECT] [Fatal Error] :1:1: Premature end of file.
2026-05-04 13:25:26,310 [ERROR] LogOutputStream:75 - [STDERR_REDIRECT] 
2026-05-04 13:25:27,303 [ERROR] LogOutputStream:75 - [STDERR_REDIRECT] [Fatal Error] :1:1: Premature end of file.
2026-05-04 13:25:27,303 [ERROR] LogOutputStream:75 - [STDERR_REDIRECT] 
2026-05-04 13:25:28,297 [ERROR] LogOutputStream:75 - [STDERR_REDIRECT] [Fatal Error] :1:1: Premature end of file.
2026-05-04 13:25:28,297 [ERROR] LogOutputStream:75 - [STDERR_REDIRECT] 
2026-05-04 13:25:29,307 [ERROR] LogOutputStream:75 - [STDERR_REDIRECT] [Fatal Error] :1:1: Premature end of file.
2026-05-04 13:25:29,307 [ERROR] LogOutputStream:75 - [STDERR_REDIRECT] 
2026-05-04 13:25:30,302 [ERROR] LogOutputStream:75 - [STDERR_REDIRECT] [Fatal Error] :1:1: Premature end of file.
2026-05-04 13:25:30,302 [ERROR] LogOutputStream:75 - [STDERR_REDIRECT] 
2026-05-04 13:25:31,306 [ERROR] LogOutputStream:75 - [STDERR_REDIRECT] [Fatal Error] :1:1: Premature end of file.
2026-05-04 13:25:31,306 [ERROR] LogOutputStream:75 - [STDERR_REDIRECT] 
2026-05-04 13:25:32,297 [ERROR] LogOutputStream:75 - [STDERR_REDIRECT] [Fatal Error] :1:1: Premature end of file.
2026-05-04 13:25:32,298 [ERROR] LogOutputStream:75 - [STDERR_REDIRECT] 
2026-05-04 13:25:33,307 [ERROR] LogOutputStream:75 - [STDERR_REDIRECT] [Fatal Error] :1:1: Premature end of file.
2026-05-04 13:25:33,307 [ERROR] LogOutputStream:75 - [STDERR_REDIRECT] 
2026-05-04 13:25:34,307 [ERROR] LogOutputStream:75 - [STDERR_REDIRECT] [Fatal Error] :1:1: Premature end of file.
2026-05-04 13:25:34,307 [ERROR] LogOutputStream:75 - [STDERR_REDIRECT] 
2026-05-04 13:25:35,306 [ERROR] LogOutputStream:75 - [STDERR_REDIRECT] [Fatal Error] :1:1: Premature end of file.
2026-05-04 13:25:35,306 [ERROR] LogOutputStream:75 - [STDERR_REDIRECT] 
2026-05-04 13:25:36,302 [ERROR] LogOutputStream:75 - [STDERR_REDIRECT] [Fatal Error] :1:1: Premature end of file.
2026-05-04 13:25:36,302 [ERROR] LogOutputStream:75 - [STDERR_REDIRECT] 
2026-05-04 13:25:37,304 [ERROR] LogOutputStream:75 - [STDERR_REDIRECT] [Fatal Error] :1:1: Premature end of file.
2026-05-04 13:25:37,304 [ERROR] LogOutputStream:75 - [STDERR_REDIRECT] 
2026-05-04 13:25:38,296 [ERROR] LogOutputStream:75 - [STDERR_REDIRECT] [Fatal Error] :1:1: Premature end of file.
2026-05-04 13:25:38,296 [ERROR] LogOutputStream:75 - [STDERR_REDIRECT] 
2026-05-04 13:25:39,304 [ERROR] LogOutputStream:75 - [STDERR_REDIRECT] [Fatal Error] :1:1: Premature end of file.
2026-05-04 13:25:39,304 [ERROR] LogOutputStream:75 - [STDERR_REDIRECT] 
2026-05-04 13:25:40,309 [ERROR] LogOutputStream:75 - [STDERR_REDIRECT] [Fatal Error] :1:1: Premature end of file.
2026-05-04 13:25:40,310 [ERROR] LogOutputStream:75 - [STDERR_REDIRECT] 
2026-05-04 13:25:41,305 [ERROR] LogOutputStream:75 - [STDERR_REDIRECT] [Fatal Error] :1:1: Premature end of file.
2026-05-04 13:25:41,305 [ERROR] LogOutputStream:75 - [STDERR_REDIRECT] 
2026-05-04 13:25:42,306 [ERROR] LogOutputStream:75 - [STDERR_REDIRECT] [Fatal Error] :1:1: Premature end of file.
2026-05-04 13:25:42,306 [ERROR] LogOutputStream:75 - [STDERR_REDIRECT] 
2026-05-04 13:25:43,300 [ERROR] LogOutputStream:75 - [STDERR_REDIRECT] [Fatal Error] :1:1: Premature end of file.
2026-05-04 13:25:43,300 [ERROR] LogOutputStream:75 - [STDERR_REDIRECT] 
2026-05-04 13:25:44,306 [ERROR] LogOutputStream:75 - [STDERR_REDIRECT] [Fatal Error] :1:1: Premature end of file.
2026-05-04 13:25:44,306 [ERROR] LogOutputStream:75 - [STDERR_REDIRECT] 
2026-05-04 13:25:45,305 [ERROR] LogOutputStream:75 - [STDERR_REDIRECT] [Fatal Error] :1:1: Premature end of file.
2026-05-04 13:25:45,305 [ERROR] LogOutputStream:75 - [STDERR_REDIRECT] 
2026-05-04 13:25:46,302 [ERROR] LogOutputStream:75 - [STDERR_REDIRECT] [Fatal Error] :1:1: Premature end of file.
2026-05-04 13:25:46,302 [ERROR] LogOutputStream:75 - [STDERR_REDIRECT] 
2026-05-04 13:25:47,302 [ERROR] LogOutputStream:75 - [STDERR_REDIRECT] [Fatal Error] :1:1: Premature end of file.
2026-05-04 13:25:47,303 [ERROR] LogOutputStream:75 - [STDERR_REDIRECT] 
2026-05-04 13:25:48,301 [ERROR] LogOutputStream:75 - [STDERR_REDIRECT] [Fatal Error] :1:1: Premature end of file.
2026-05-04 13:25:48,301 [ERROR] LogOutputStream:75 - [STDERR_REDIRECT] 
2026-05-04 13:25:49,301 [ERROR] LogOutputStream:75 - [STDERR_REDIRECT] [Fatal Error] :1:1: Premature end of file.
2026-05-04 13:25:49,301 [ERROR] LogOutputStream:75 - [STDERR_REDIRECT] 
2026-05-04 13:25:50,308 [ERROR] LogOutputStream:75 - [STDERR_REDIRECT] [Fatal Error] :1:1: Premature end of file.
2026-05-04 13:25:50,308 [ERROR] LogOutputStream:75 - [STDERR_REDIRECT] 
2026-05-04 13:25:51,305 [ERROR] LogOutputStream:75 - [STDERR_REDIRECT] [Fatal Error] :1:1: Premature end of file.
2026-05-04 13:25:51,305 [ERROR] LogOutputStream:75 - [STDERR_REDIRECT] 
2026-05-04 13:25:52,300 [ERROR] LogOutputStream:75 - [STDERR_REDIRECT] [Fatal Error] :1:1: Premature end of file.
2026-05-04 13:25:52,300 [ERROR] LogOutputStream:75 - [STDERR_REDIRECT] 
2026-05-04 13:25:53,298 [ERROR] LogOutputStream:75 - [STDERR_REDIRECT] [Fatal Error] :1:1: Premature end of file.
2026-05-04 13:25:53,298 [ERROR] LogOutputStream:75 - [STDERR_REDIRECT] 
2026-05-04 13:25:54,300 [ERROR] LogOutputStream:75 - [STDERR_REDIRECT] [Fatal Error] :1:1: Premature end of file.
2026-05-04 13:25:54,300 [ERROR] LogOutputStream:75 - [STDERR_REDIRECT] 
2026-05-04 13:25:55,293 [ERROR] LogOutputStream:75 - [STDERR_REDIRECT] [Fatal Error] :1:1: Premature end of file.
2026-05-04 13:25:55,293 [ERROR] LogOutputStream:75 - [STDERR_REDIRECT] 
2026-05-04 13:25:56,300 [ERROR] LogOutputStream:75 - [STDERR_REDIRECT] [Fatal Error] :1:1: Premature end of file.
2026-05-04 13:25:56,300 [ERROR] LogOutputStream:75 - [STDERR_REDIRECT] 
2026-05-04 13:25:57,300 [ERROR] LogOutputStream:75 - [STDERR_REDIRECT] [Fatal Error] :1:1: Premature end of file.
2026-05-04 13:25:57,300 [ERROR] LogOutputStream:75 - [STDERR_REDIRECT] 
2026-05-04 13:25:58,306 [ERROR] LogOutputStream:75 - [STDERR_REDIRECT] [Fatal Error] :1:1: Premature end of file.
2026-05-04 13:25:58,306 [ERROR] LogOutputStream:75 - [STDERR_REDIRECT] 
2026-05-04 13:25:59,302 [ERROR] LogOutputStream:75 - [STDERR_REDIRECT] [Fatal Error] :1:1: Premature end of file.
2026-05-04 13:25:59,302 [ERROR] LogOutputStream:75 - [STDERR_REDIRECT] 
2026-05-04 13:26:00,302 [ERROR] LogOutputStream:75 - [STDERR_REDIRECT] [Fatal Error] :1:1: Premature end of file.
2026-05-04 13:26:00,303 [ERROR] LogOutputStream:75 - [STDERR_REDIRECT] 
2026-05-04 13:26:01,305 [ERROR] LogOutputStream:75 - [STDERR_REDIRECT] [Fatal Error] :1:1: Premature end of file.
2026-05-04 13:26:01,305 [ERROR] LogOutputStream:75 - [STDERR_REDIRECT] 
2026-05-04 13:26:02,301 [ERROR] LogOutputStream:75 - [STDERR_REDIRECT] [Fatal Error] :1:1: Premature end of file.
2026-05-04 13:26:02,301 [ERROR] LogOutputStream:75 - [STDERR_REDIRECT] 
2026-05-04 13:26:03,306 [ERROR] LogOutputStream:75 - [STDERR_REDIRECT] [Fatal Error] :1:1: Premature end of file.
2026-05-04 13:26:03,306 [ERROR] LogOutputStream:75 - [STDERR_REDIRECT] 
2026-05-04 13:26:04,305 [ERROR] LogOutputStream:75 - [STDERR_REDIRECT] [Fatal Error] :1:1: Premature end of file.
2026-05-04 13:26:04,306 [ERROR] LogOutputStream:75 - [STDERR_REDIRECT] 
2026-05-04 13:26:05,303 [ERROR] LogOutputStream:75 - [STDERR_REDIRECT] [Fatal Error] :1:1: Premature end of file.
2026-05-04 13:26:05,303 [ERROR] LogOutputStream:75 - [STDERR_REDIRECT] 
2026-05-04 13:26:06,314 [ERROR] LogOutputStream:75 - [STDERR_REDIRECT] [Fatal Error] :1:1: Premature end of file.
2026-05-04 13:26:06,314 [ERROR] LogOutputStream:75 - [STDERR_REDIRECT] 
2026-05-04 13:26:07,297 [ERROR] LogOutputStream:75 - [STDERR_REDIRECT] [Fatal Error] :1:1: Premature end of file.
2026-05-04 13:26:07,297 [ERROR] LogOutputStream:75 - [STDERR_REDIRECT] 
2026-05-04 13:26:08,305 [ERROR] LogOutputStream:75 - [STDERR_REDIRECT] [Fatal Error] :1:1: Premature end of file.
2026-05-04 13:26:08,306 [ERROR] LogOutputStream:75 - [STDERR_REDIRECT] 
2026-05-04 13:26:09,302 [ERROR] LogOutputStream:75 - [STDERR_REDIRECT] [Fatal Error] :1:1: Premature end of file.
2026-05-04 13:26:09,303 [ERROR] LogOutputStream:75 - [STDERR_REDIRECT] 
2026-05-04 13:26:10,300 [ERROR] LogOutputStream:75 - [STDERR_REDIRECT] [Fatal Error] :1:1: Premature end of file.
2026-05-04 13:26:10,300 [ERROR] LogOutputStream:75 - [STDERR_REDIRECT] 
2026-05-04 13:26:11,303 [ERROR] LogOutputStream:75 - [STDERR_REDIRECT] [Fatal Error] :1:1: Premature end of file.
2026-05-04 13:26:11,303 [ERROR] LogOutputStream:75 - [STDERR_REDIRECT] 
2026-05-04 13:26:12,308 [ERROR] LogOutputStream:75 - [STDERR_REDIRECT] [Fatal Error] :1:1: Premature end of file.
2026-05-04 13:26:12,308 [ERROR] LogOutputStream:75 - [STDERR_REDIRECT] 
2026-05-04 13:26:13,316 [ERROR] LogOutputStream:75 - [STDERR_REDIRECT] [Fatal Error] :1:1: Premature end of file.
2026-05-04 13:26:13,316 [ERROR] LogOutputStream:75 - [STDERR_REDIRECT] 
2026-05-04 13:26:14,301 [ERROR] LogOutputStream:75 - [STDERR_REDIRECT] [Fatal Error] :1:1: Premature end of file.
2026-05-04 13:26:14,301 [ERROR] LogOutputStream:75 - [STDERR_REDIRECT] 
2026-05-04 13:26:15,301 [ERROR] LogOutputStream:75 - [STDERR_REDIRECT] [Fatal Error] :1:1: Premature end of file.
2026-05-04 13:26:15,301 [ERROR] LogOutputStream:75 - [STDERR_REDIRECT] 
2026-05-04 13:26:16,306 [ERROR] LogOutputStream:75 - [STDERR_REDIRECT] [Fatal Error] :1:1: Premature end of file.
2026-05-04 13:26:16,306 [ERROR] LogOutputStream:75 - [STDERR_REDIRECT] 
2026-05-04 13:26:17,302 [ERROR] LogOutputStream:75 - [STDERR_REDIRECT] [Fatal Error] :1:1: Premature end of file.
2026-05-04 13:26:17,302 [ERROR] LogOutputStream:75 - [STDERR_REDIRECT] 
2026-05-04 13:26:18,300 [ERROR] LogOutputStream:75 - [STDERR_REDIRECT] [Fatal Error] :1:1: Premature end of file.
2026-05-04 13:26:18,300 [ERROR] LogOutputStream:75 - [STDERR_REDIRECT] 
2026-05-04 13:26:19,306 [ERROR] LogOutputStream:75 - [STDERR_REDIRECT] [Fatal Error] :1:1: Premature end of file.
2026-05-04 13:26:19,306 [ERROR] LogOutputStream:75 - [STDERR_REDIRECT] 
2026-05-04 13:26:20,305 [ERROR] LogOutputStream:75 - [STDERR_REDIRECT] [Fatal Error] :1:1: Premature end of file.
2026-05-04 13:26:20,305 [ERROR] LogOutputStream:75 - [STDERR_REDIRECT] 
2026-05-04 13:26:21,301 [ERROR] LogOutputStream:75 - [STDERR_REDIRECT] [Fatal Error] :1:1: Premature end of file.
2026-05-04 13:26:21,301 [ERROR] LogOutputStream:75 - [STDERR_REDIRECT] 
2026-05-04 13:26:22,307 [ERROR] LogOutputStream:75 - [STDERR_REDIRECT] [Fatal Error] :1:1: Premature end of file.
2026-05-04 13:26:22,307 [ERROR] LogOutputStream:75 - [STDERR_REDIRECT] 
2026-05-04 13:26:23,305 [ERROR] LogOutputStream:75 - [STDERR_REDIRECT] [Fatal Error] :1:1: Premature end of file.
2026-05-04 13:26:23,305 [ERROR] LogOutputStream:75 - [STDERR_REDIRECT] 
2026-05-04 13:26:24,304 [ERROR] LogOutputStream:75 - [STDERR_REDIRECT] [Fatal Error] :1:1: Premature end of file.
2026-05-04 13:26:24,305 [ERROR] LogOutputStream:75 - [STDERR_REDIRECT] 
2026-05-04 13:26:25,305 [ERROR] LogOutputStream:75 - [STDERR_REDIRECT] [Fatal Error] :1:1: Premature end of file.
2026-05-04 13:26:25,305 [ERROR] LogOutputStream:75 - [STDERR_REDIRECT] 
2026-05-04 13:26:26,300 [ERROR] LogOutputStream:75 - [STDERR_REDIRECT] [Fatal Error] :1:1: Premature end of file.
2026-05-04 13:26:26,300 [ERROR] LogOutputStream:75 - [STDERR_REDIRECT] 
2026-05-04 13:26:27,308 [ERROR] LogOutputStream:75 - [STDERR_REDIRECT] [Fatal Error] :1:1: Premature end of file.
2026-05-04 13:26:27,309 [ERROR] LogOutputStream:75 - [STDERR_REDIRECT] 
2026-05-04 13:26:28,306 [ERROR] LogOutputStream:75 - [STDERR_REDIRECT] [Fatal Error] :1:1: Premature end of file.
2026-05-04 13:26:28,306 [ERROR] LogOutputStream:75 - [STDERR_REDIRECT] 
2026-05-04 13:26:29,307 [ERROR] LogOutputStream:75 - [STDERR_REDIRECT] [Fatal Error] :1:1: Premature end of file.
2026-05-04 13:26:29,308 [ERROR] LogOutputStream:75 - [STDERR_REDIRECT] 
2026-05-04 13:26:30,304 [ERROR] LogOutputStream:75 - [STDERR_REDIRECT] [Fatal Error] :1:1: Premature end of file.
2026-05-04 13:26:30,304 [ERROR] LogOutputStream:75 - [STDERR_REDIRECT] 
2026-05-04 13:26:31,307 [ERROR] LogOutputStream:75 - [STDERR_REDIRECT] [Fatal Error] :1:1: Premature end of file.
2026-05-04 13:26:31,307 [ERROR] LogOutputStream:75 - [STDERR_REDIRECT] 
2026-05-04 13:26:32,304 [ERROR] LogOutputStream:75 - [STDERR_REDIRECT] [Fatal Error] :1:1: Premature end of file.
2026-05-04 13:26:32,304 [ERROR] LogOutputStream:75 - [STDERR_REDIRECT] 
2026-05-04 13:26:33,304 [ERROR] LogOutputStream:75 - [STDERR_REDIRECT] [Fatal Error] :1:1: Premature end of file.
2026-05-04 13:26:33,304 [ERROR] LogOutputStream:75 - [STDERR_REDIRECT] 
2026-05-04 13:26:34,306 [ERROR] LogOutputStream:75 - [STDERR_REDIRECT] [Fatal Error] :1:1: Premature end of file.
2026-05-04 13:26:34,307 [ERROR] LogOutputStream:75 - [STDERR_REDIRECT] 
2026-05-04 13:26:35,300 [ERROR] LogOutputStream:75 - [STDERR_REDIRECT] [Fatal Error] :1:1: Premature end of file.
2026-05-04 13:26:35,300 [ERROR] LogOutputStream:75 - [STDERR_REDIRECT] 
2026-05-04 13:26:36,301 [ERROR] LogOutputStream:75 - [STDERR_REDIRECT] [Fatal Error] :1:1: Premature end of file.
2026-05-04 13:26:36,301 [ERROR] LogOutputStream:75 - [STDERR_REDIRECT] 
2026-05-04 13:26:37,304 [ERROR] LogOutputStream:75 - [STDERR_REDIRECT] [Fatal Error] :1:1: Premature end of file.
2026-05-04 13:26:37,305 [ERROR] LogOutputStream:75 - [STDERR_REDIRECT] 
2026-05-04 13:26:38,308 [ERROR] LogOutputStream:75 - [STDERR_REDIRECT] [Fatal Error] :1:1: Premature end of file.
2026-05-04 13:26:38,308 [ERROR] LogOutputStream:75 - [STDERR_REDIRECT] 
2026-05-04 13:26:39,301 [ERROR] LogOutputStream:75 - [STDERR_REDIRECT] [Fatal Error] :1:1: Premature end of file.
2026-05-04 13:26:39,301 [ERROR] LogOutputStream:75 - [STDERR_REDIRECT] 
2026-05-04 13:26:40,300 [ERROR] LogOutputStream:75 - [STDERR_REDIRECT] [Fatal Error] :1:1: Premature end of file.
2026-05-04 13:26:40,300 [ERROR] LogOutputStream:75 - [STDERR_REDIRECT] 
2026-05-04 13:26:41,304 [ERROR] LogOutputStream:75 - [STDERR_REDIRECT] [Fatal Error] :1:1: Premature end of file.
2026-05-04 13:26:41,304 [ERROR] LogOutputStream:75 - [STDERR_REDIRECT] 
2026-05-04 13:26:42,298 [ERROR] LogOutputStream:75 - [STDERR_REDIRECT] [Fatal Error] :1:1: Premature end of file.
2026-05-04 13:26:42,298 [ERROR] LogOutputStream:75 - [STDERR_REDIRECT] 
2026-05-04 13:26:43,305 [ERROR] LogOutputStream:75 - [STDERR_REDIRECT] [Fatal Error] :1:1: Premature end of file.
2026-05-04 13:26:43,305 [ERROR] LogOutputStream:75 - [STDERR_REDIRECT] 
2026-05-04 13:26:44,301 [ERROR] LogOutputStream:75 - [STDERR_REDIRECT] [Fatal Error] :1:1: Premature end of file.
2026-05-04 13:26:44,302 [ERROR] LogOutputStream:75 - [STDERR_REDIRECT] 
2026-05-04 13:26:45,304 [ERROR] LogOutputStream:75 - [STDERR_REDIRECT] [Fatal Error] :1:1: Premature end of file.
2026-05-04 13:26:45,304 [ERROR] LogOutputStream:75 - [STDERR_REDIRECT] 
2026-05-04 13:26:46,303 [ERROR] LogOutputStream:75 - [STDERR_REDIRECT] [Fatal Error] :1:1: Premature end of file.
2026-05-04 13:26:46,303 [ERROR] LogOutputStream:75 - [STDERR_REDIRECT] 
2026-05-04 13:26:47,294 [ERROR] LogOutputStream:75 - [STDERR_REDIRECT] [Fatal Error] :1:1: Premature end of file.
2026-05-04 13:26:47,294 [ERROR] LogOutputStream:75 - [STDERR_REDIRECT] 
2026-05-04 13:26:48,319 [ERROR] LogOutputStream:75 - [STDERR_REDIRECT] [Fatal Error] :1:1: Premature end of file.
2026-05-04 13:26:48,319 [ERROR] LogOutputStream:75 - [STDERR_REDIRECT] 
2026-05-04 13:26:49,302 [ERROR] LogOutputStream:75 - [STDERR_REDIRECT] [Fatal Error] :1:1: Premature end of file.
2026-05-04 13:26:49,302 [ERROR] LogOutputStream:75 - [STDERR_REDIRECT] 
2026-05-04 13:26:50,299 [ERROR] LogOutputStream:75 - [STDERR_REDIRECT] [Fatal Error] :1:1: Premature end of file.
2026-05-04 13:26:50,299 [ERROR] LogOutputStream:75 - [STDERR_REDIRECT] 
2026-05-04 13:26:51,300 [ERROR] LogOutputStream:75 - [STDERR_REDIRECT] [Fatal Error] :1:1: Premature end of file.
2026-05-04 13:26:51,301 [ERROR] LogOutputStream:75 - [STDERR_REDIRECT] 
2026-05-04 13:26:52,303 [ERROR] LogOutputStream:75 - [STDERR_REDIRECT] [Fatal Error] :1:1: Premature end of file.
2026-05-04 13:26:52,303 [ERROR] LogOutputStream:75 - [STDERR_REDIRECT] 
2026-05-04 13:26:53,306 [ERROR] LogOutputStream:75 - [STDERR_REDIRECT] [Fatal Error] :1:1: Premature end of file.
2026-05-04 13:26:53,306 [ERROR] LogOutputStream:75 - [STDERR_REDIRECT] 
2026-05-04 13:26:54,301 [ERROR] LogOutputStream:75 - [STDERR_REDIRECT] [Fatal Error] :1:1: Premature end of file.
2026-05-04 13:26:54,301 [ERROR] LogOutputStream:75 - [STDERR_REDIRECT] 
2026-05-04 13:26:55,300 [ERROR] LogOutputStream:75 - [STDERR_REDIRECT] [Fatal Error] :1:1: Premature end of file.
2026-05-04 13:26:55,300 [ERROR] LogOutputStream:75 - [STDERR_REDIRECT] 
2026-05-04 13:26:56,298 [ERROR] LogOutputStream:75 - [STDERR_REDIRECT] [Fatal Error] :1:1: Premature end of file.
2026-05-04 13:26:56,298 [ERROR] LogOutputStream:75 - [STDERR_REDIRECT] 
2026-05-04 13:26:57,305 [ERROR] LogOutputStream:75 - [STDERR_REDIRECT] [Fatal Error] :1:1: Premature end of file.
2026-05-04 13:26:57,305 [ERROR] LogOutputStream:75 - [STDERR_REDIRECT] 
2026-05-04 13:26:58,305 [ERROR] LogOutputStream:75 - [STDERR_REDIRECT] [Fatal Error] :1:1: Premature end of file.
2026-05-04 13:26:58,305 [ERROR] LogOutputStream:75 - [STDERR_REDIRECT] 
2026-05-04 13:26:59,300 [ERROR] LogOutputStream:75 - [STDERR_REDIRECT] [Fatal Error] :1:1: Premature end of file.
2026-05-04 13:26:59,300 [ERROR] LogOutputStream:75 - [STDERR_REDIRECT] 
2026-05-04 13:27:00,296 [ERROR] LogOutputStream:75 - [STDERR_REDIRECT] [Fatal Error] :1:1: Premature end of file.
2026-05-04 13:27:00,296 [ERROR] LogOutputStream:75 - [STDERR_REDIRECT] 
2026-05-04 13:27:01,311 [ERROR] LogOutputStream:75 - [STDERR_REDIRECT] [Fatal Error] :1:1: Premature end of file.
2026-05-04 13:27:01,311 [ERROR] LogOutputStream:75 - [STDERR_REDIRECT] 
2026-05-04 13:27:02,303 [ERROR] LogOutputStream:75 - [STDERR_REDIRECT] [Fatal Error] :1:1: Premature end of file.
2026-05-04 13:27:02,303 [ERROR] LogOutputStream:75 - [STDERR_REDIRECT] 
2026-05-04 13:27:03,322 [ERROR] LogOutputStream:75 - [STDERR_REDIRECT] [Fatal Error] :1:1: Premature end of file.
2026-05-04 13:27:03,322 [ERROR] LogOutputStream:75 - [STDERR_REDIRECT] 
2026-05-04 13:27:04,314 [ERROR] LogOutputStream:75 - [STDERR_REDIRECT] [Fatal Error] :1:1: Premature end of file.
2026-05-04 13:27:04,314 [ERROR] LogOutputStream:75 - [STDERR_REDIRECT] 
2026-05-04 13:27:05,318 [ERROR] LogOutputStream:75 - [STDERR_REDIRECT] [Fatal Error] :1:1: Premature end of file.
2026-05-04 13:27:05,318 [ERROR] LogOutputStream:75 - [STDERR_REDIRECT] 
2026-05-04 13:27:06,310 [ERROR] LogOutputStream:75 - [STDERR_REDIRECT] [Fatal Error] :1:1: Premature end of file.
2026-05-04 13:27:06,310 [ERROR] LogOutputStream:75 - [STDERR_REDIRECT] 
2026-05-04 13:27:07,318 [ERROR] LogOutputStream:75 - [STDERR_REDIRECT] [Fatal Error] :1:1: Premature end of file.
2026-05-04 13:27:07,319 [ERROR] LogOutputStream:75 - [STDERR_REDIRECT] 
2026-05-04 13:27:08,310 [ERROR] LogOutputStream:75 - [STDERR_REDIRECT] [Fatal Error] :1:1: Premature end of file.
2026-05-04 13:27:08,310 [ERROR] LogOutputStream:75 - [STDERR_REDIRECT] 
2026-05-04 13:27:09,313 [ERROR] LogOutputStream:75 - [STDERR_REDIRECT] [Fatal Error] :1:1: Premature end of file.
2026-05-04 13:27:09,313 [ERROR] LogOutputStream:75 - [STDERR_REDIRECT] 
2026-05-04 13:27:10,318 [ERROR] LogOutputStream:75 - [STDERR_REDIRECT] [Fatal Error] :1:1: Premature end of file.
2026-05-04 13:27:10,318 [ERROR] LogOutputStream:75 - [STDERR_REDIRECT] 
2026-05-04 13:27:11,306 [ERROR] LogOutputStream:75 - [STDERR_REDIRECT] [Fatal Error] :1:1: Premature end of file.
2026-05-04 13:27:11,306 [ERROR] LogOutputStream:75 - [STDERR_REDIRECT] 
2026-05-04 13:27:12,312 [ERROR] LogOutputStream:75 - [STDERR_REDIRECT] [Fatal Error] :1:1: Premature end of file.
2026-05-04 13:27:12,312 [ERROR] LogOutputStream:75 - [STDERR_REDIRECT] 
2026-05-04 13:27:13,294 [ERROR] LogOutputStream:75 - [STDERR_REDIRECT] [Fatal Error] :1:1: Premature end of file.
2026-05-04 13:27:13,294 [ERROR] LogOutputStream:75 - [STDERR_REDIRECT] 
2026-05-04 13:27:14,296 [ERROR] LogOutputStream:75 - [STDERR_REDIRECT] [Fatal Error] :1:1: Premature end of file.
2026-05-04 13:27:14,296 [ERROR] LogOutputStream:75 - [STDERR_REDIRECT] 
2026-05-04 13:27:15,305 [ERROR] LogOutputStream:75 - [STDERR_REDIRECT] [Fatal Error] :1:1: Premature end of file.
2026-05-04 13:27:15,305 [ERROR] LogOutputStream:75 - [STDERR_REDIRECT] 
2026-05-04 13:27:16,298 [ERROR] LogOutputStream:75 - [STDERR_REDIRECT] [Fatal Error] :1:1: Premature end of file.
2026-05-04 13:27:16,298 [ERROR] LogOutputStream:75 - [STDERR_REDIRECT] 
2026-05-04 13:27:17,300 [ERROR] LogOutputStream:75 - [STDERR_REDIRECT] [Fatal Error] :1:1: Premature end of file.
2026-05-04 13:27:17,300 [ERROR] LogOutputStream:75 - [STDERR_REDIRECT] 
2026-05-04 13:27:18,321 [ERROR] LogOutputStream:75 - [STDERR_REDIRECT] [Fatal Error] :1:1: Premature end of file.
2026-05-04 13:27:18,321 [ERROR] LogOutputStream:75 - [STDERR_REDIRECT] 
2026-05-04 13:27:19,301 [ERROR] LogOutputStream:75 - [STDERR_REDIRECT] [Fatal Error] :1:1: Premature end of file.
2026-05-04 13:27:19,301 [ERROR] LogOutputStream:75 - [STDERR_REDIRECT] 
2026-05-04 13:27:20,307 [ERROR] LogOutputStream:75 - [STDERR_REDIRECT] [Fatal Error] :1:1: Premature end of file.
2026-05-04 13:27:20,307 [ERROR] LogOutputStream:75 - [STDERR_REDIRECT] 
2026-05-04 13:27:21,308 [ERROR] LogOutputStream:75 - [STDERR_REDIRECT] [Fatal Error] :1:1: Premature end of file.
2026-05-04 13:27:21,308 [ERROR] LogOutputStream:75 - [STDERR_REDIRECT] 
2026-05-04 13:27:22,319 [ERROR] LogOutputStream:75 - [STDERR_REDIRECT] [Fatal Error] :1:1: Premature end of file.
2026-05-04 13:27:22,319 [ERROR] LogOutputStream:75 - [STDERR_REDIRECT] 
2026-05-04 13:27:23,318 [ERROR] LogOutputStream:75 - [STDERR_REDIRECT] [Fatal Error] :1:1: Premature end of file.
2026-05-04 13:27:23,318 [ERROR] LogOutputStream:75 - [STDERR_REDIRECT] 
2026-05-04 13:27:24,313 [ERROR] LogOutputStream:75 - [STDERR_REDIRECT] [Fatal Error] :1:1: Premature end of file.
2026-05-04 13:27:24,314 [ERROR] LogOutputStream:75 - [STDERR_REDIRECT] 
2026-05-04 13:27:25,296 [ERROR] LogOutputStream:75 - [STDERR_REDIRECT] [Fatal Error] :1:1: Premature end of file.
2026-05-04 13:27:25,296 [ERROR] LogOutputStream:75 - [STDERR_REDIRECT] 
2026-05-04 13:27:26,314 [ERROR] LogOutputStream:75 - [STDERR_REDIRECT] [Fatal Error] :1:1: Premature end of file.
2026-05-04 13:27:26,314 [ERROR] LogOutputStream:75 - [STDERR_REDIRECT] 
2026-05-04 13:27:27,313 [ERROR] LogOutputStream:75 - [STDERR_REDIRECT] [Fatal Error] :1:1: Premature end of file.
2026-05-04 13:27:27,314 [ERROR] LogOutputStream:75 - [STDERR_REDIRECT] 
2026-05-04 13:27:28,309 [ERROR] LogOutputStream:75 - [STDERR_REDIRECT] [Fatal Error] :1:1: Premature end of file.
2026-05-04 13:27:28,309 [ERROR] LogOutputStream:75 - [STDERR_REDIRECT] 
2026-05-04 13:27:29,309 [ERROR] LogOutputStream:75 - [STDERR_REDIRECT] [Fatal Error] :1:1: Premature end of file.
2026-05-04 13:27:29,309 [ERROR] LogOutputStream:75 - [STDERR_REDIRECT] 
2026-05-04 13:27:30,309 [ERROR] LogOutputStream:75 - [STDERR_REDIRECT] [Fatal Error] :1:1: Premature end of file.
2026-05-04 13:27:30,309 [ERROR] LogOutputStream:75 - [STDERR_REDIRECT] 
2026-05-04 13:27:31,310 [ERROR] LogOutputStream:75 - [STDERR_REDIRECT] [Fatal Error] :1:1: Premature end of file.
2026-05-04 13:27:31,310 [ERROR] LogOutputStream:75 - [STDERR_REDIRECT] 
2026-05-04 13:27:32,304 [ERROR] LogOutputStream:75 - [STDERR_REDIRECT] [Fatal Error] :1:1: Premature end of file.
2026-05-04 13:27:32,304 [ERROR] LogOutputStream:75 - [STDERR_REDIRECT] 
2026-05-04 13:27:33,310 [ERROR] LogOutputStream:75 - [STDERR_REDIRECT] [Fatal Error] :1:1: Premature end of file.
2026-05-04 13:27:33,310 [ERROR] LogOutputStream:75 - [STDERR_REDIRECT] 
2026-05-04 13:27:34,311 [ERROR] LogOutputStream:75 - [STDERR_REDIRECT] [Fatal Error] :1:1: Premature end of file.
2026-05-04 13:27:34,311 [ERROR] LogOutputStream:75 - [STDERR_REDIRECT] 
2026-05-04 13:27:35,319 [ERROR] LogOutputStream:75 - [STDERR_REDIRECT] [Fatal Error] :1:1: Premature end of file.
2026-05-04 13:27:35,320 [ERROR] LogOutputStream:75 - [STDERR_REDIRECT] 
2026-05-04 13:27:36,301 [ERROR] LogOutputStream:75 - [STDERR_REDIRECT] [Fatal Error] :1:1: Premature end of file.
2026-05-04 13:27:36,301 [ERROR] LogOutputStream:75 - [STDERR_REDIRECT] 
2026-05-04 13:27:37,299 [ERROR] LogOutputStream:75 - [STDERR_REDIRECT] [Fatal Error] :1:1: Premature end of file.
2026-05-04 13:27:37,299 [ERROR] LogOutputStream:75 - [STDERR_REDIRECT] 
2026-05-04 13:27:38,310 [ERROR] LogOutputStream:75 - [STDERR_REDIRECT] [Fatal Error] :1:1: Premature end of file.
2026-05-04 13:27:38,310 [ERROR] LogOutputStream:75 - [STDERR_REDIRECT] 
2026-05-04 13:27:39,299 [ERROR] LogOutputStream:75 - [STDERR_REDIRECT] [Fatal Error] :1:1: Premature end of file.
2026-05-04 13:27:39,300 [ERROR] LogOutputStream:75 - [STDERR_REDIRECT] 
2026-05-04 13:27:40,301 [ERROR] LogOutputStream:75 - [STDERR_REDIRECT] [Fatal Error] :1:1: Premature end of file.
2026-05-04 13:27:40,301 [ERROR] LogOutputStream:75 - [STDERR_REDIRECT] 
2026-05-04 13:27:41,301 [ERROR] LogOutputStream:75 - [STDERR_REDIRECT] [Fatal Error] :1:1: Premature end of file.
2026-05-04 13:27:41,302 [ERROR] LogOutputStream:75 - [STDERR_REDIRECT] 
2026-05-04 13:27:42,305 [ERROR] LogOutputStream:75 - [STDERR_REDIRECT] [Fatal Error] :1:1: Premature end of file.
2026-05-04 13:27:42,305 [ERROR] LogOutputStream:75 - [STDERR_REDIRECT] 
2026-05-04 13:27:43,303 [ERROR] LogOutputStream:75 - [STDERR_REDIRECT] [Fatal Error] :1:1: Premature end of file.
2026-05-04 13:27:43,303 [ERROR] LogOutputStream:75 - [STDERR_REDIRECT] 
2026-05-04 13:27:44,311 [ERROR] LogOutputStream:75 - [STDERR_REDIRECT] [Fatal Error] :1:1: Premature end of file.
2026-05-04 13:27:44,311 [ERROR] LogOutputStream:75 - [STDERR_REDIRECT] 
2026-05-04 13:27:45,307 [ERROR] LogOutputStream:75 - [STDERR_REDIRECT] [Fatal Error] :1:1: Premature end of file.
2026-05-04 13:27:45,308 [ERROR] LogOutputStream:75 - [STDERR_REDIRECT] 
2026-05-04 13:27:46,313 [ERROR] LogOutputStream:75 - [STDERR_REDIRECT] [Fatal Error] :1:1: Premature end of file.
2026-05-04 13:27:46,313 [ERROR] LogOutputStream:75 - [STDERR_REDIRECT] 
2026-05-04 13:27:47,308 [ERROR] LogOutputStream:75 - [STDERR_REDIRECT] [Fatal Error] :1:1: Premature end of file.
2026-05-04 13:27:47,309 [ERROR] LogOutputStream:75 - [STDERR_REDIRECT] 
2026-05-04 13:27:48,318 [ERROR] LogOutputStream:75 - [STDERR_REDIRECT] [Fatal Error] :1:1: Premature end of file.
2026-05-04 13:27:48,318 [ERROR] LogOutputStream:75 - [STDERR_REDIRECT] 
2026-05-04 13:27:49,317 [ERROR] LogOutputStream:75 - [STDERR_REDIRECT] [Fatal Error] :1:1: Premature end of file.
2026-05-04 13:27:49,317 [ERROR] LogOutputStream:75 - [STDERR_REDIRECT] 
2026-05-04 13:27:50,319 [ERROR] LogOutputStream:75 - [STDERR_REDIRECT] [Fatal Error] :1:1: Premature end of file.
2026-05-04 13:27:50,319 [ERROR] LogOutputStream:75 - [STDERR_REDIRECT] 
2026-05-04 13:27:51,306 [ERROR] LogOutputStream:75 - [STDERR_REDIRECT] [Fatal Error] :1:1: Premature end of file.
2026-05-04 13:27:51,306 [ERROR] LogOutputStream:75 - [STDERR_REDIRECT] 
2026-05-04 13:27:52,303 [ERROR] LogOutputStream:75 - [STDERR_REDIRECT] [Fatal Error] :1:1: Premature end of file.
2026-05-04 13:27:52,303 [ERROR] LogOutputStream:75 - [STDERR_REDIRECT] 
2026-05-04 13:27:53,324 [ERROR] LogOutputStream:75 - [STDERR_REDIRECT] [Fatal Error] :1:1: Premature end of file.
2026-05-04 13:27:53,324 [ERROR] LogOutputStream:75 - [STDERR_REDIRECT] 
2026-05-04 13:27:54,310 [ERROR] LogOutputStream:75 - [STDERR_REDIRECT] [Fatal Error] :1:1: Premature end of file.
2026-05-04 13:27:54,311 [ERROR] LogOutputStream:75 - [STDERR_REDIRECT] 
2026-05-04 13:27:55,310 [ERROR] LogOutputStream:75 - [STDERR_REDIRECT] [Fatal Error] :1:1: Premature end of file.
2026-05-04 13:27:55,310 [ERROR] LogOutputStream:75 - [STDERR_REDIRECT] 
2026-05-04 13:27:56,303 [ERROR] LogOutputStream:75 - [STDERR_REDIRECT] [Fatal Error] :1:1: Premature end of file.
2026-05-04 13:27:56,303 [ERROR] LogOutputStream:75 - [STDERR_REDIRECT] 
2026-05-04 13:27:57,303 [ERROR] LogOutputStream:75 - [STDERR_REDIRECT] [Fatal Error] :1:1: Premature end of file.
2026-05-04 13:27:57,303 [ERROR] LogOutputStream:75 - [STDERR_REDIRECT] 
2026-05-04 13:27:58,308 [ERROR] LogOutputStream:75 - [STDERR_REDIRECT] [Fatal Error] :1:1: Premature end of file.
2026-05-04 13:27:58,308 [ERROR] LogOutputStream:75 - [STDERR_REDIRECT] 
2026-05-04 13:27:59,317 [ERROR] LogOutputStream:75 - [STDERR_REDIRECT] [Fatal Error] :1:1: Premature end of file.
2026-05-04 13:27:59,317 [ERROR] LogOutputStream:75 - [STDERR_REDIRECT] 
2026-05-04 13:28:00,302 [ERROR] LogOutputStream:75 - [STDERR_REDIRECT] [Fatal Error] :1:1: Premature end of file.
2026-05-04 13:28:00,303 [ERROR] LogOutputStream:75 - [STDERR_REDIRECT] 
2026-05-04 13:28:01,310 [ERROR] LogOutputStream:75 - [STDERR_REDIRECT] [Fatal Error] :1:1: Premature end of file.
2026-05-04 13:28:01,310 [ERROR] LogOutputStream:75 - [STDERR_REDIRECT] 
2026-05-04 13:28:02,308 [ERROR] LogOutputStream:75 - [STDERR_REDIRECT] [Fatal Error] :1:1: Premature end of file.
2026-05-04 13:28:02,308 [ERROR] LogOutputStream:75 - [STDERR_REDIRECT] 
2026-05-04 13:28:03,305 [ERROR] LogOutputStream:75 - [STDERR_REDIRECT] [Fatal Error] :1:1: Premature end of file.
2026-05-04 13:28:03,305 [ERROR] LogOutputStream:75 - [STDERR_REDIRECT] 
2026-05-04 13:28:04,305 [ERROR] LogOutputStream:75 - [STDERR_REDIRECT] [Fatal Error] :1:1: Premature end of file.
2026-05-04 13:28:04,305 [ERROR] LogOutputStream:75 - [STDERR_REDIRECT] 
2026-05-04 13:28:05,315 [ERROR] LogOutputStream:75 - [STDERR_REDIRECT] [Fatal Error] :1:1: Premature end of file.
2026-05-04 13:28:05,315 [ERROR] LogOutputStream:75 - [STDERR_REDIRECT] 
2026-05-04 13:28:06,299 [ERROR] LogOutputStream:75 - [STDERR_REDIRECT] [Fatal Error] :1:1: Premature end of file.
2026-05-04 13:28:06,299 [ERROR] LogOutputStream:75 - [STDERR_REDIRECT] 
2026-05-04 13:28:07,297 [ERROR] LogOutputStream:75 - [STDERR_REDIRECT] [Fatal Error] :1:1: Premature end of file.
2026-05-04 13:28:07,297 [ERROR] LogOutputStream:75 - [STDERR_REDIRECT] 
2026-05-04 13:28:08,295 [ERROR] LogOutputStream:75 - [STDERR_REDIRECT] [Fatal Error] :1:1: Premature end of file.
2026-05-04 13:28:08,296 [ERROR] LogOutputStream:75 - [STDERR_REDIRECT] 
2026-05-04 13:28:09,307 [ERROR] LogOutputStream:75 - [STDERR_REDIRECT] [Fatal Error] :1:1: Premature end of file.
2026-05-04 13:28:09,307 [ERROR] LogOutputStream:75 - [STDERR_REDIRECT] 
2026-05-04 13:28:10,303 [ERROR] LogOutputStream:75 - [STDERR_REDIRECT] [Fatal Error] :1:1: Premature end of file.
2026-05-04 13:28:10,303 [ERROR] LogOutputStream:75 - [STDERR_REDIRECT] 
2026-05-04 13:28:11,306 [ERROR] LogOutputStream:75 - [STDERR_REDIRECT] [Fatal Error] :1:1: Premature end of file.
2026-05-04 13:28:11,306 [ERROR] LogOutputStream:75 - [STDERR_REDIRECT] 
2026-05-04 13:28:12,305 [ERROR] LogOutputStream:75 - [STDERR_REDIRECT] [Fatal Error] :1:1: Premature end of file.
2026-05-04 13:28:12,305 [ERROR] LogOutputStream:75 - [STDERR_REDIRECT] 
2026-05-04 13:28:13,304 [ERROR] LogOutputStream:75 - [STDERR_REDIRECT] [Fatal Error] :1:1: Premature end of file.
2026-05-04 13:28:13,304 [ERROR] LogOutputStream:75 - [STDERR_REDIRECT] 
2026-05-04 13:28:14,299 [ERROR] LogOutputStream:75 - [STDERR_REDIRECT] [Fatal Error] :1:1: Premature end of file.
2026-05-04 13:28:14,299 [ERROR] LogOutputStream:75 - [STDERR_REDIRECT] 
2026-05-04 13:28:15,307 [ERROR] LogOutputStream:75 - [STDERR_REDIRECT] [Fatal Error] :1:1: Premature end of file.
2026-05-04 13:28:15,307 [ERROR] LogOutputStream:75 - [STDERR_REDIRECT] 
2026-05-04 13:28:16,298 [ERROR] LogOutputStream:75 - [STDERR_REDIRECT] [Fatal Error] :1:1: Premature end of file.
2026-05-04 13:28:16,298 [ERROR] LogOutputStream:75 - [STDERR_REDIRECT] 
2026-05-04 13:28:17,307 [ERROR] LogOutputStream:75 - [STDERR_REDIRECT] [Fatal Error] :1:1: Premature end of file.
2026-05-04 13:28:17,307 [ERROR] LogOutputStream:75 - [STDERR_REDIRECT] 
2026-05-04 13:28:18,298 [ERROR] LogOutputStream:75 - [STDERR_REDIRECT] [Fatal Error] :1:1: Premature end of file.
2026-05-04 13:28:18,298 [ERROR] LogOutputStream:75 - [STDERR_REDIRECT] 
2026-05-04 13:28:19,304 [ERROR] LogOutputStream:75 - [STDERR_REDIRECT] [Fatal Error] :1:1: Premature end of file.
2026-05-04 13:28:19,304 [ERROR] LogOutputStream:75 - [STDERR_REDIRECT] 
2026-05-04 13:28:20,299 [ERROR] LogOutputStream:75 - [STDERR_REDIRECT] [Fatal Error] :1:1: Premature end of file.
2026-05-04 13:28:20,299 [ERROR] LogOutputStream:75 - [STDERR_REDIRECT] 
2026-05-04 13:28:21,304 [ERROR] LogOutputStream:75 - [STDERR_REDIRECT] [Fatal Error] :1:1: Premature end of file.
2026-05-04 13:28:21,304 [ERROR] LogOutputStream:75 - [STDERR_REDIRECT] 
2026-05-04 13:28:22,298 [ERROR] LogOutputStream:75 - [STDERR_REDIRECT] [Fatal Error] :1:1: Premature end of file.
2026-05-04 13:28:22,299 [ERROR] LogOutputStream:75 - [STDERR_REDIRECT] 
2026-05-04 13:28:23,305 [ERROR] LogOutputStream:75 - [STDERR_REDIRECT] [Fatal Error] :1:1: Premature end of file.
2026-05-04 13:28:23,305 [ERROR] LogOutputStream:75 - [STDERR_REDIRECT] 
2026-05-04 13:28:24,317 [ERROR] LogOutputStream:75 - [STDERR_REDIRECT] [Fatal Error] :1:1: Premature end of file.
2026-05-04 13:28:24,317 [ERROR] LogOutputStream:75 - [STDERR_REDIRECT] 
2026-05-04 13:28:25,305 [ERROR] LogOutputStream:75 - [STDERR_REDIRECT] [Fatal Error] :1:1: Premature end of file.
2026-05-04 13:28:25,305 [ERROR] LogOutputStream:75 - [STDERR_REDIRECT] 
2026-05-04 13:28:26,306 [ERROR] LogOutputStream:75 - [STDERR_REDIRECT] [Fatal Error] :1:1: Premature end of file.
2026-05-04 13:28:26,306 [ERROR] LogOutputStream:75 - [STDERR_REDIRECT] 
2026-05-04 13:28:27,304 [ERROR] LogOutputStream:75 - [STDERR_REDIRECT] [Fatal Error] :1:1: Premature end of file.
2026-05-04 13:28:27,304 [ERROR] LogOutputStream:75 - [STDERR_REDIRECT] 
2026-05-04 13:28:28,302 [ERROR] LogOutputStream:75 - [STDERR_REDIRECT] [Fatal Error] :1:1: Premature end of file.
2026-05-04 13:28:28,303 [ERROR] LogOutputStream:75 - [STDERR_REDIRECT] 
2026-05-04 13:28:29,306 [ERROR] LogOutputStream:75 - [STDERR_REDIRECT] [Fatal Error] :1:1: Premature end of file.
2026-05-04 13:28:29,306 [ERROR] LogOutputStream:75 - [STDERR_REDIRECT] 
2026-05-04 13:28:30,307 [ERROR] LogOutputStream:75 - [STDERR_REDIRECT] [Fatal Error] :1:1: Premature end of file.
2026-05-04 13:28:30,307 [ERROR] LogOutputStream:75 - [STDERR_REDIRECT] 
2026-05-04 13:28:31,302 [ERROR] LogOutputStream:75 - [STDERR_REDIRECT] [Fatal Error] :1:1: Premature end of file.
2026-05-04 13:28:31,302 [ERROR] LogOutputStream:75 - [STDERR_REDIRECT] 
2026-05-04 13:28:32,305 [ERROR] LogOutputStream:75 - [STDERR_REDIRECT] [Fatal Error] :1:1: Premature end of file.
2026-05-04 13:28:32,305 [ERROR] LogOutputStream:75 - [STDERR_REDIRECT] 
2026-05-04 13:28:33,303 [ERROR] LogOutputStream:75 - [STDERR_REDIRECT] [Fatal Error] :1:1: Premature end of file.
2026-05-04 13:28:33,303 [ERROR] LogOutputStream:75 - [STDERR_REDIRECT] 
2026-05-04 13:28:34,298 [ERROR] LogOutputStream:75 - [STDERR_REDIRECT] [Fatal Error] :1:1: Premature end of file.
2026-05-04 13:28:34,298 [ERROR] LogOutputStream:75 - [STDERR_REDIRECT] 
2026-05-04 13:28:35,298 [ERROR] LogOutputStream:75 - [STDERR_REDIRECT] [Fatal Error] :1:1: Premature end of file.
2026-05-04 13:28:35,298 [ERROR] LogOutputStream:75 - [STDERR_REDIRECT] 
2026-05-04 13:28:36,305 [ERROR] LogOutputStream:75 - [STDERR_REDIRECT] [Fatal Error] :1:1: Premature end of file.
2026-05-04 13:28:36,305 [ERROR] LogOutputStream:75 - [STDERR_REDIRECT] 
2026-05-04 13:28:37,299 [ERROR] LogOutputStream:75 - [STDERR_REDIRECT] [Fatal Error] :1:1: Premature end of file.
2026-05-04 13:28:37,299 [ERROR] LogOutputStream:75 - [STDERR_REDIRECT] 
2026-05-04 13:28:38,308 [ERROR] LogOutputStream:75 - [STDERR_REDIRECT] [Fatal Error] :1:1: Premature end of file.
2026-05-04 13:28:38,308 [ERROR] LogOutputStream:75 - [STDERR_REDIRECT] 
2026-05-04 13:28:39,304 [ERROR] LogOutputStream:75 - [STDERR_REDIRECT] [Fatal Error] :1:1: Premature end of file.
2026-05-04 13:28:39,304 [ERROR] LogOutputStream:75 - [STDERR_REDIRECT] 
2026-05-04 13:28:40,301 [ERROR] LogOutputStream:75 - [STDERR_REDIRECT] [Fatal Error] :1:1: Premature end of file.
2026-05-04 13:28:40,302 [ERROR] LogOutputStream:75 - [STDERR_REDIRECT] 
2026-05-04 13:28:41,299 [ERROR] LogOutputStream:75 - [STDERR_REDIRECT] [Fatal Error] :1:1: Premature end of file.
2026-05-04 13:28:41,299 [ERROR] LogOutputStream:75 - [STDERR_REDIRECT] 
2026-05-04 13:28:42,301 [ERROR] LogOutputStream:75 - [STDERR_REDIRECT] [Fatal Error] :1:1: Premature end of file.
2026-05-04 13:28:42,301 [ERROR] LogOutputStream:75 - [STDERR_REDIRECT] 
2026-05-04 13:28:43,295 [ERROR] LogOutputStream:75 - [STDERR_REDIRECT] [Fatal Error] :1:1: Premature end of file.
2026-05-04 13:28:43,295 [ERROR] LogOutputStream:75 - [STDERR_REDIRECT] 
2026-05-04 13:28:44,302 [ERROR] LogOutputStream:75 - [STDERR_REDIRECT] [Fatal Error] :1:1: Premature end of file.
2026-05-04 13:28:44,303 [ERROR] LogOutputStream:75 - [STDERR_REDIRECT] 
2026-05-04 13:28:45,297 [ERROR] LogOutputStream:75 - [STDERR_REDIRECT] [Fatal Error] :1:1: Premature end of file.
2026-05-04 13:28:45,297 [ERROR] LogOutputStream:75 - [STDERR_REDIRECT] 
2026-05-04 13:28:46,298 [ERROR] LogOutputStream:75 - [STDERR_REDIRECT] [Fatal Error] :1:1: Premature end of file.
2026-05-04 13:28:46,298 [ERROR] LogOutputStream:75 - [STDERR_REDIRECT] 
2026-05-04 13:28:47,309 [ERROR] LogOutputStream:75 - [STDERR_REDIRECT] [Fatal Error] :1:1: Premature end of file.
2026-05-04 13:28:47,309 [ERROR] LogOutputStream:75 - [STDERR_REDIRECT] 
2026-05-04 13:28:48,315 [ERROR] LogOutputStream:75 - [STDERR_REDIRECT] [Fatal Error] :1:1: Premature end of file.
2026-05-04 13:28:48,315 [ERROR] LogOutputStream:75 - [STDERR_REDIRECT] 
2026-05-04 13:28:49,305 [ERROR] LogOutputStream:75 - [STDERR_REDIRECT] [Fatal Error] :1:1: Premature end of file.
2026-05-04 13:28:49,305 [ERROR] LogOutputStream:75 - [STDERR_REDIRECT] 
2026-05-04 13:28:50,305 [ERROR] LogOutputStream:75 - [STDERR_REDIRECT] [Fatal Error] :1:1: Premature end of file.
2026-05-04 13:28:50,305 [ERROR] LogOutputStream:75 - [STDERR_REDIRECT] 
2026-05-04 13:28:51,301 [ERROR] LogOutputStream:75 - [STDERR_REDIRECT] [Fatal Error] :1:1: Premature end of file.
2026-05-04 13:28:51,301 [ERROR] LogOutputStream:75 - [STDERR_REDIRECT] 
2026-05-04 13:28:52,303 [ERROR] LogOutputStream:75 - [STDERR_REDIRECT] [Fatal Error] :1:1: Premature end of file.
2026-05-04 13:28:52,303 [ERROR] LogOutputStream:75 - [STDERR_REDIRECT] 
2026-05-04 13:28:53,304 [ERROR] LogOutputStream:75 - [STDERR_REDIRECT] [Fatal Error] :1:1: Premature end of file.
2026-05-04 13:28:53,304 [ERROR] LogOutputStream:75 - [STDERR_REDIRECT] 
2026-05-04 13:28:54,301 [ERROR] LogOutputStream:75 - [STDERR_REDIRECT] [Fatal Error] :1:1: Premature end of file.
2026-05-04 13:28:54,301 [ERROR] LogOutputStream:75 - [STDERR_REDIRECT] 
2026-05-04 13:28:55,306 [ERROR] LogOutputStream:75 - [STDERR_REDIRECT] [Fatal Error] :1:1: Premature end of file.
2026-05-04 13:28:55,306 [ERROR] LogOutputStream:75 - [STDERR_REDIRECT] 
2026-05-04 13:28:56,302 [ERROR] LogOutputStream:75 - [STDERR_REDIRECT] [Fatal Error] :1:1: Premature end of file.
2026-05-04 13:28:56,302 [ERROR] LogOutputStream:75 - [STDERR_REDIRECT] 
2026-05-04 13:28:57,305 [ERROR] LogOutputStream:75 - [STDERR_REDIRECT] [Fatal Error] :1:1: Premature end of file.
2026-05-04 13:28:57,306 [ERROR] LogOutputStream:75 - [STDERR_REDIRECT] 
2026-05-04 13:28:58,303 [ERROR] LogOutputStream:75 - [STDERR_REDIRECT] [Fatal Error] :1:1: Premature end of file.
2026-05-04 13:28:58,303 [ERROR] LogOutputStream:75 - [STDERR_REDIRECT] 
2026-05-04 13:28:59,302 [ERROR] LogOutputStream:75 - [STDERR_REDIRECT] [Fatal Error] :1:1: Premature end of file.
2026-05-04 13:28:59,303 [ERROR] LogOutputStream:75 - [STDERR_REDIRECT] 
2026-05-04 13:29:00,304 [ERROR] LogOutputStream:75 - [STDERR_REDIRECT] [Fatal Error] :1:1: Premature end of file.
2026-05-04 13:29:00,304 [ERROR] LogOutputStream:75 - [STDERR_REDIRECT] 
2026-05-04 13:29:01,299 [ERROR] LogOutputStream:75 - [STDERR_REDIRECT] [Fatal Error] :1:1: Premature end of file.
2026-05-04 13:29:01,300 [ERROR] LogOutputStream:75 - [STDERR_REDIRECT] 
2026-05-04 13:29:02,304 [ERROR] LogOutputStream:75 - [STDERR_REDIRECT] [Fatal Error] :1:1: Premature end of file.
2026-05-04 13:29:02,304 [ERROR] LogOutputStream:75 - [STDERR_REDIRECT] 
2026-05-04 13:29:03,302 [ERROR] LogOutputStream:75 - [STDERR_REDIRECT] [Fatal Error] :1:1: Premature end of file.
2026-05-04 13:29:03,302 [ERROR] LogOutputStream:75 - [STDERR_REDIRECT] 
2026-05-04 13:29:04,304 [ERROR] LogOutputStream:75 - [STDERR_REDIRECT] [Fatal Error] :1:1: Premature end of file.
2026-05-04 13:29:04,304 [ERROR] LogOutputStream:75 - [STDERR_REDIRECT] 
2026-05-04 13:29:05,295 [ERROR] LogOutputStream:75 - [STDERR_REDIRECT] [Fatal Error] :1:1: Premature end of file.
2026-05-04 13:29:05,296 [ERROR] LogOutputStream:75 - [STDERR_REDIRECT] 
2026-05-04 13:29:06,301 [ERROR] LogOutputStream:75 - [STDERR_REDIRECT] [Fatal Error] :1:1: Premature end of file.
2026-05-04 13:29:06,301 [ERROR] LogOutputStream:75 - [STDERR_REDIRECT] 
2026-05-04 13:29:07,310 [ERROR] LogOutputStream:75 - [STDERR_REDIRECT] [Fatal Error] :1:1: Premature end of file.
2026-05-04 13:29:07,311 [ERROR] LogOutputStream:75 - [STDERR_REDIRECT] 
2026-05-04 13:29:08,303 [ERROR] LogOutputStream:75 - [STDERR_REDIRECT] [Fatal Error] :1:1: Premature end of file.
2026-05-04 13:29:08,303 [ERROR] LogOutputStream:75 - [STDERR_REDIRECT] 
2026-05-04 13:29:09,295 [ERROR] LogOutputStream:75 - [STDERR_REDIRECT] [Fatal Error] :1:1: Premature end of file.
2026-05-04 13:29:09,295 [ERROR] LogOutputStream:75 - [STDERR_REDIRECT] 
2026-05-04 13:29:10,303 [ERROR] LogOutputStream:75 - [STDERR_REDIRECT] [Fatal Error] :1:1: Premature end of file.
2026-05-04 13:29:10,303 [ERROR] LogOutputStream:75 - [STDERR_REDIRECT] 
2026-05-04 13:29:11,297 [ERROR] LogOutputStream:75 - [STDERR_REDIRECT] [Fatal Error] :1:1: Premature end of file.
2026-05-04 13:29:11,297 [ERROR] LogOutputStream:75 - [STDERR_REDIRECT] 
2026-05-04 13:29:12,306 [ERROR] LogOutputStream:75 - [STDERR_REDIRECT] [Fatal Error] :1:1: Premature end of file.
2026-05-04 13:29:12,306 [ERROR] LogOutputStream:75 - [STDERR_REDIRECT] 
2026-05-04 13:29:13,300 [ERROR] LogOutputStream:75 - [STDERR_REDIRECT] [Fatal Error] :1:1: Premature end of file.
2026-05-04 13:29:13,300 [ERROR] LogOutputStream:75 - [STDERR_REDIRECT] 
2026-05-04 13:29:14,301 [ERROR] LogOutputStream:75 - [STDERR_REDIRECT] [Fatal Error] :1:1: Premature end of file.
2026-05-04 13:29:14,301 [ERROR] LogOutputStream:75 - [STDERR_REDIRECT] 
2026-05-04 13:29:15,304 [ERROR] LogOutputStream:75 - [STDERR_REDIRECT] [Fatal Error] :1:1: Premature end of file.
2026-05-04 13:29:15,304 [ERROR] LogOutputStream:75 - [STDERR_REDIRECT] 
2026-05-04 13:29:16,314 [ERROR] LogOutputStream:75 - [STDERR_REDIRECT] [Fatal Error] :1:1: Premature end of file.
2026-05-04 13:29:16,314 [ERROR] LogOutputStream:75 - [STDERR_REDIRECT] 
2026-05-04 13:29:17,316 [ERROR] LogOutputStream:75 - [STDERR_REDIRECT] [Fatal Error] :1:1: Premature end of file.
2026-05-04 13:29:17,316 [ERROR] LogOutputStream:75 - [STDERR_REDIRECT] 
2026-05-04 13:29:18,314 [ERROR] LogOutputStream:75 - [STDERR_REDIRECT] [Fatal Error] :1:1: Premature end of file.
2026-05-04 13:29:18,314 [ERROR] LogOutputStream:75 - [STDERR_REDIRECT] 
2026-05-04 13:29:19,311 [ERROR] LogOutputStream:75 - [STDERR_REDIRECT] [Fatal Error] :1:1: Premature end of file.
2026-05-04 13:29:19,312 [ERROR] LogOutputStream:75 - [STDERR_REDIRECT] 
2026-05-04 13:29:20,304 [ERROR] LogOutputStream:75 - [STDERR_REDIRECT] [Fatal Error] :1:1: Premature end of file.
2026-05-04 13:29:20,304 [ERROR] LogOutputStream:75 - [STDERR_REDIRECT] 
2026-05-04 13:29:21,300 [ERROR] LogOutputStream:75 - [STDERR_REDIRECT] [Fatal Error] :1:1: Premature end of file.
2026-05-04 13:29:21,300 [ERROR] LogOutputStream:75 - [STDERR_REDIRECT] 
2026-05-04 13:29:22,314 [ERROR] LogOutputStream:75 - [STDERR_REDIRECT] [Fatal Error] :1:1: Premature end of file.
2026-05-04 13:29:22,314 [ERROR] LogOutputStream:75 - [STDERR_REDIRECT] 
2026-05-04 13:29:23,313 [ERROR] LogOutputStream:75 - [STDERR_REDIRECT] [Fatal Error] :1:1: Premature end of file.
2026-05-04 13:29:23,313 [ERROR] LogOutputStream:75 - [STDERR_REDIRECT] 
2026-05-04 13:29:24,312 [ERROR] LogOutputStream:75 - [STDERR_REDIRECT] [Fatal Error] :1:1: Premature end of file.
2026-05-04 13:29:24,312 [ERROR] LogOutputStream:75 - [STDERR_REDIRECT] 
2026-05-04 13:29:25,315 [ERROR] LogOutputStream:75 - [STDERR_REDIRECT] [Fatal Error] :1:1: Premature end of file.
2026-05-04 13:29:25,315 [ERROR] LogOutputStream:75 - [STDERR_REDIRECT] 
2026-05-04 13:29:26,297 [ERROR] LogOutputStream:75 - [STDERR_REDIRECT] [Fatal Error] :1:1: Premature end of file.
2026-05-04 13:29:26,297 [ERROR] LogOutputStream:75 - [STDERR_REDIRECT] 
2026-05-04 13:29:27,295 [ERROR] LogOutputStream:75 - [STDERR_REDIRECT] [Fatal Error] :1:1: Premature end of file.
2026-05-04 13:29:27,295 [ERROR] LogOutputStream:75 - [STDERR_REDIRECT] 
2026-05-04 13:29:28,304 [ERROR] LogOutputStream:75 - [STDERR_REDIRECT] [Fatal Error] :1:1: Premature end of file.
2026-05-04 13:29:28,304 [ERROR] LogOutputStream:75 - [STDERR_REDIRECT] 
2026-05-04 13:29:29,305 [ERROR] LogOutputStream:75 - [STDERR_REDIRECT] [Fatal Error] :1:1: Premature end of file.
2026-05-04 13:29:29,305 [ERROR] LogOutputStream:75 - [STDERR_REDIRECT] 
2026-05-04 13:29:30,306 [ERROR] LogOutputStream:75 - [STDERR_REDIRECT] [Fatal Error] :1:1: Premature end of file.
2026-05-04 13:29:30,306 [ERROR] LogOutputStream:75 - [STDERR_REDIRECT] 
2026-05-04 13:29:31,305 [ERROR] LogOutputStream:75 - [STDERR_REDIRECT] [Fatal Error] :1:1: Premature end of file.
2026-05-04 13:29:31,305 [ERROR] LogOutputStream:75 - [STDERR_REDIRECT] 
2026-05-04 13:29:32,312 [ERROR] LogOutputStream:75 - [STDERR_REDIRECT] [Fatal Error] :1:1: Premature end of file.
2026-05-04 13:29:32,312 [ERROR] LogOutputStream:75 - [STDERR_REDIRECT] 
2026-05-04 13:29:33,307 [ERROR] LogOutputStream:75 - [STDERR_REDIRECT] [Fatal Error] :1:1: Premature end of file.
2026-05-04 13:29:33,307 [ERROR] LogOutputStream:75 - [STDERR_REDIRECT] 
2026-05-04 13:29:34,305 [ERROR] LogOutputStream:75 - [STDERR_REDIRECT] [Fatal Error] :1:1: Premature end of file.
2026-05-04 13:29:34,306 [ERROR] LogOutputStream:75 - [STDERR_REDIRECT] 
2026-05-04 13:29:35,304 [ERROR] LogOutputStream:75 - [STDERR_REDIRECT] [Fatal Error] :1:1: Premature end of file.
2026-05-04 13:29:35,304 [ERROR] LogOutputStream:75 - [STDERR_REDIRECT] 
2026-05-04 13:29:36,305 [ERROR] LogOutputStream:75 - [STDERR_REDIRECT] [Fatal Error] :1:1: Premature end of file.
2026-05-04 13:29:36,306 [ERROR] LogOutputStream:75 - [STDERR_REDIRECT] 
2026-05-04 13:29:37,298 [ERROR] LogOutputStream:75 - [STDERR_REDIRECT] [Fatal Error] :1:1: Premature end of file.
2026-05-04 13:29:37,299 [ERROR] LogOutputStream:75 - [STDERR_REDIRECT] 
2026-05-04 13:29:38,294 [ERROR] LogOutputStream:75 - [STDERR_REDIRECT] [Fatal Error] :1:1: Premature end of file.
2026-05-04 13:29:38,294 [ERROR] LogOutputStream:75 - [STDERR_REDIRECT] 
2026-05-04 13:29:39,304 [ERROR] LogOutputStream:75 - [STDERR_REDIRECT] [Fatal Error] :1:1: Premature end of file.
2026-05-04 13:29:39,304 [ERROR] LogOutputStream:75 - [STDERR_REDIRECT] 
2026-05-04 13:29:40,310 [ERROR] LogOutputStream:75 - [STDERR_REDIRECT] [Fatal Error] :1:1: Premature end of file.
2026-05-04 13:29:40,311 [ERROR] LogOutputStream:75 - [STDERR_REDIRECT] 
2026-05-04 13:29:41,317 [ERROR] LogOutputStream:75 - [STDERR_REDIRECT] [Fatal Error] :1:1: Premature end of file.
2026-05-04 13:29:41,317 [ERROR] LogOutputStream:75 - [STDERR_REDIRECT] 
2026-05-04 13:29:42,306 [ERROR] LogOutputStream:75 - [STDERR_REDIRECT] [Fatal Error] :1:1: Premature end of file.
2026-05-04 13:29:42,306 [ERROR] LogOutputStream:75 - [STDERR_REDIRECT] 
2026-05-04 13:29:43,312 [ERROR] LogOutputStream:75 - [STDERR_REDIRECT] [Fatal Error] :1:1: Premature end of file.
2026-05-04 13:29:43,313 [ERROR] LogOutputStream:75 - [STDERR_REDIRECT] 
2026-05-04 13:29:44,311 [ERROR] LogOutputStream:75 - [STDERR_REDIRECT] [Fatal Error] :1:1: Premature end of file.
2026-05-04 13:29:44,311 [ERROR] LogOutputStream:75 - [STDERR_REDIRECT] 
2026-05-04 13:29:45,317 [ERROR] LogOutputStream:75 - [STDERR_REDIRECT] [Fatal Error] :1:1: Premature end of file.
2026-05-04 13:29:45,317 [ERROR] LogOutputStream:75 - [STDERR_REDIRECT] 
2026-05-04 13:29:46,303 [ERROR] LogOutputStream:75 - [STDERR_REDIRECT] [Fatal Error] :1:1: Premature end of file.
2026-05-04 13:29:46,303 [ERROR] LogOutputStream:75 - [STDERR_REDIRECT] 
2026-05-04 13:29:47,317 [ERROR] LogOutputStream:75 - [STDERR_REDIRECT] [Fatal Error] :1:1: Premature end of file.
2026-05-04 13:29:47,317 [ERROR] LogOutputStream:75 - [STDERR_REDIRECT] 
2026-05-04 13:29:48,315 [ERROR] LogOutputStream:75 - [STDERR_REDIRECT] [Fatal Error] :1:1: Premature end of file.
2026-05-04 13:29:48,315 [ERROR] LogOutputStream:75 - [STDERR_REDIRECT] 
2026-05-04 13:29:49,309 [ERROR] LogOutputStream:75 - [STDERR_REDIRECT] [Fatal Error] :1:1: Premature end of file.
2026-05-04 13:29:49,309 [ERROR] LogOutputStream:75 - [STDERR_REDIRECT] 
2026-05-04 13:29:50,314 [ERROR] LogOutputStream:75 - [STDERR_REDIRECT] [Fatal Error] :1:1: Premature end of file.
2026-05-04 13:29:50,315 [ERROR] LogOutputStream:75 - [STDERR_REDIRECT] 
2026-05-04 13:29:51,302 [ERROR] LogOutputStream:75 - [STDERR_REDIRECT] [Fatal Error] :1:1: Premature end of file.
2026-05-04 13:29:51,302 [ERROR] LogOutputStream:75 - [STDERR_REDIRECT] 
2026-05-04 13:29:52,329 [ERROR] LogOutputStream:75 - [STDERR_REDIRECT] [Fatal Error] :1:1: Premature end of file.
2026-05-04 13:29:52,329 [ERROR] LogOutputStream:75 - [STDERR_REDIRECT] 
2026-05-04 13:29:53,303 [ERROR] LogOutputStream:75 - [STDERR_REDIRECT] [Fatal Error] :1:1: Premature end of file.
2026-05-04 13:29:53,303 [ERROR] LogOutputStream:75 - [STDERR_REDIRECT] 
2026-05-04 13:29:54,312 [ERROR] LogOutputStream:75 - [STDERR_REDIRECT] [Fatal Error] :1:1: Premature end of file.
2026-05-04 13:29:54,312 [ERROR] LogOutputStream:75 - [STDERR_REDIRECT] 
2026-05-04 13:29:55,304 [ERROR] LogOutputStream:75 - [STDERR_REDIRECT] [Fatal Error] :1:1: Premature end of file.
2026-05-04 13:29:55,304 [ERROR] LogOutputStream:75 - [STDERR_REDIRECT] 
2026-05-04 13:29:56,301 [ERROR] LogOutputStream:75 - [STDERR_REDIRECT] [Fatal Error] :1:1: Premature end of file.
2026-05-04 13:29:56,301 [ERROR] LogOutputStream:75 - [STDERR_REDIRECT] 
2026-05-04 13:29:57,303 [ERROR] LogOutputStream:75 - [STDERR_REDIRECT] [Fatal Error] :1:1: Premature end of file.
2026-05-04 13:29:57,303 [ERROR] LogOutputStream:75 - [STDERR_REDIRECT] 
2026-05-04 13:29:58,306 [ERROR] LogOutputStream:75 - [STDERR_REDIRECT] [Fatal Error] :1:1: Premature end of file.
2026-05-04 13:29:58,306 [ERROR] LogOutputStream:75 - [STDERR_REDIRECT] 
2026-05-04 13:29:59,306 [ERROR] LogOutputStream:75 - [STDERR_REDIRECT] [Fatal Error] :1:1: Premature end of file.
2026-05-04 13:29:59,306 [ERROR] LogOutputStream:75 - [STDERR_REDIRECT] 
2026-05-04 13:30:00,298 [ERROR] LogOutputStream:75 - [STDERR_REDIRECT] [Fatal Error] :1:1: Premature end of file.
2026-05-04 13:30:00,298 [ERROR] LogOutputStream:75 - [STDERR_REDIRECT] 
2026-05-04 13:30:01,302 [ERROR] LogOutputStream:75 - [STDERR_REDIRECT] [Fatal Error] :1:1: Premature end of file.
2026-05-04 13:30:01,302 [ERROR] LogOutputStream:75 - [STDERR_REDIRECT] 
2026-05-04 13:30:02,305 [ERROR] LogOutputStream:75 - [STDERR_REDIRECT] [Fatal Error] :1:1: Premature end of file.
2026-05-04 13:30:02,305 [ERROR] LogOutputStream:75 - [STDERR_REDIRECT] 
2026-05-04 13:30:03,302 [ERROR] LogOutputStream:75 - [STDERR_REDIRECT] [Fatal Error] :1:1: Premature end of file.
2026-05-04 13:30:03,303 [ERROR] LogOutputStream:75 - [STDERR_REDIRECT] 
2026-05-04 13:30:04,302 [ERROR] LogOutputStream:75 - [STDERR_REDIRECT] [Fatal Error] :1:1: Premature end of file.
2026-05-04 13:30:04,302 [ERROR] LogOutputStream:75 - [STDERR_REDIRECT] 
2026-05-04 13:30:05,311 [ERROR] LogOutputStream:75 - [STDERR_REDIRECT] [Fatal Error] :1:1: Premature end of file.
2026-05-04 13:30:05,311 [ERROR] LogOutputStream:75 - [STDERR_REDIRECT] 
2026-05-04 13:30:06,307 [ERROR] LogOutputStream:75 - [STDERR_REDIRECT] [Fatal Error] :1:1: Premature end of file.
2026-05-04 13:30:06,307 [ERROR] LogOutputStream:75 - [STDERR_REDIRECT] 
2026-05-04 13:30:07,301 [ERROR] LogOutputStream:75 - [STDERR_REDIRECT] [Fatal Error] :1:1: Premature end of file.
2026-05-04 13:30:07,301 [ERROR] LogOutputStream:75 - [STDERR_REDIRECT] 
2026-05-04 13:30:08,318 [ERROR] LogOutputStream:75 - [STDERR_REDIRECT] [Fatal Error] :1:1: Premature end of file.
2026-05-04 13:30:08,318 [ERROR] LogOutputStream:75 - [STDERR_REDIRECT] 
2026-05-04 13:30:09,303 [ERROR] LogOutputStream:75 - [STDERR_REDIRECT] [Fatal Error] :1:1: Premature end of file.
2026-05-04 13:30:09,303 [ERROR] LogOutputStream:75 - [STDERR_REDIRECT] 
2026-05-04 13:30:10,305 [ERROR] LogOutputStream:75 - [STDERR_REDIRECT] [Fatal Error] :1:1: Premature end of file.
2026-05-04 13:30:10,305 [ERROR] LogOutputStream:75 - [STDERR_REDIRECT] 
2026-05-04 13:30:11,303 [ERROR] LogOutputStream:75 - [STDERR_REDIRECT] [Fatal Error] :1:1: Premature end of file.
2026-05-04 13:30:11,303 [ERROR] LogOutputStream:75 - [STDERR_REDIRECT] 
2026-05-04 13:30:12,304 [ERROR] LogOutputStream:75 - [STDERR_REDIRECT] [Fatal Error] :1:1: Premature end of file.
2026-05-04 13:30:12,304 [ERROR] LogOutputStream:75 - [STDERR_REDIRECT] 
2026-05-04 13:30:13,303 [ERROR] LogOutputStream:75 - [STDERR_REDIRECT] [Fatal Error] :1:1: Premature end of file.
2026-05-04 13:30:13,303 [ERROR] LogOutputStream:75 - [STDERR_REDIRECT] 
2026-05-04 13:30:14,304 [ERROR] LogOutputStream:75 - [STDERR_REDIRECT] [Fatal Error] :1:1: Premature end of file.
2026-05-04 13:30:14,304 [ERROR] LogOutputStream:75 - [STDERR_REDIRECT] 
2026-05-04 13:30:15,302 [ERROR] LogOutputStream:75 - [STDERR_REDIRECT] [Fatal Error] :1:1: Premature end of file.
2026-05-04 13:30:15,302 [ERROR] LogOutputStream:75 - [STDERR_REDIRECT] 
2026-05-04 13:30:16,308 [ERROR] LogOutputStream:75 - [STDERR_REDIRECT] [Fatal Error] :1:1: Premature end of file.
2026-05-04 13:30:16,308 [ERROR] LogOutputStream:75 - [STDERR_REDIRECT] 
2026-05-04 13:30:17,302 [ERROR] LogOutputStream:75 - [STDERR_REDIRECT] [Fatal Error] :1:1: Premature end of file.
2026-05-04 13:30:17,302 [ERROR] LogOutputStream:75 - [STDERR_REDIRECT] 
2026-05-04 13:30:18,299 [ERROR] LogOutputStream:75 - [STDERR_REDIRECT] [Fatal Error] :1:1: Premature end of file.
2026-05-04 13:30:18,299 [ERROR] LogOutputStream:75 - [STDERR_REDIRECT] 
2026-05-04 13:30:19,316 [ERROR] LogOutputStream:75 - [STDERR_REDIRECT] [Fatal Error] :1:1: Premature end of file.
2026-05-04 13:30:19,316 [ERROR] LogOutputStream:75 - [STDERR_REDIRECT] 
2026-05-04 13:30:20,307 [ERROR] LogOutputStream:75 - [STDERR_REDIRECT] [Fatal Error] :1:1: Premature end of file.
2026-05-04 13:30:20,308 [ERROR] LogOutputStream:75 - [STDERR_REDIRECT] 
2026-05-04 13:30:21,300 [ERROR] LogOutputStream:75 - [STDERR_REDIRECT] [Fatal Error] :1:1: Premature end of file.
2026-05-04 13:30:21,300 [ERROR] LogOutputStream:75 - [STDERR_REDIRECT] 
2026-05-04 13:30:22,306 [ERROR] LogOutputStream:75 - [STDERR_REDIRECT] [Fatal Error] :1:1: Premature end of file.
2026-05-04 13:30:22,307 [ERROR] LogOutputStream:75 - [STDERR_REDIRECT] 
2026-05-04 13:30:23,298 [ERROR] LogOutputStream:75 - [STDERR_REDIRECT] [Fatal Error] :1:1: Premature end of file.
2026-05-04 13:30:23,298 [ERROR] LogOutputStream:75 - [STDERR_REDIRECT] 
2026-05-04 13:30:24,309 [ERROR] LogOutputStream:75 - [STDERR_REDIRECT] [Fatal Error] :1:1: Premature end of file.
2026-05-04 13:30:24,309 [ERROR] LogOutputStream:75 - [STDERR_REDIRECT] 
2026-05-04 13:30:25,309 [ERROR] LogOutputStream:75 - [STDERR_REDIRECT] [Fatal Error] :1:1: Premature end of file.
2026-05-04 13:30:25,309 [ERROR] LogOutputStream:75 - [STDERR_REDIRECT] 
2026-05-04 13:30:26,312 [ERROR] LogOutputStream:75 - [STDERR_REDIRECT] [Fatal Error] :1:1: Premature end of file.
2026-05-04 13:30:26,312 [ERROR] LogOutputStream:75 - [STDERR_REDIRECT] 
2026-05-04 13:30:27,302 [ERROR] LogOutputStream:75 - [STDERR_REDIRECT] [Fatal Error] :1:1: Premature end of file.
2026-05-04 13:30:27,302 [ERROR] LogOutputStream:75 - [STDERR_REDIRECT] 
2026-05-04 13:30:28,307 [ERROR] LogOutputStream:75 - [STDERR_REDIRECT] [Fatal Error] :1:1: Premature end of file.
2026-05-04 13:30:28,307 [ERROR] LogOutputStream:75 - [STDERR_REDIRECT] 
2026-05-04 13:30:29,303 [ERROR] LogOutputStream:75 - [STDERR_REDIRECT] [Fatal Error] :1:1: Premature end of file.
2026-05-04 13:30:29,303 [ERROR] LogOutputStream:75 - [STDERR_REDIRECT] 
2026-05-04 13:30:30,302 [ERROR] LogOutputStream:75 - [STDERR_REDIRECT] [Fatal Error] :1:1: Premature end of file.
2026-05-04 13:30:30,302 [ERROR] LogOutputStream:75 - [STDERR_REDIRECT] 
2026-05-04 13:30:31,315 [ERROR] LogOutputStream:75 - [STDERR_REDIRECT] [Fatal Error] :1:1: Premature end of file.
2026-05-04 13:30:31,315 [ERROR] LogOutputStream:75 - [STDERR_REDIRECT] 
2026-05-04 13:30:32,306 [ERROR] LogOutputStream:75 - [STDERR_REDIRECT] [Fatal Error] :1:1: Premature end of file.
2026-05-04 13:30:32,306 [ERROR] LogOutputStream:75 - [STDERR_REDIRECT] 
2026-05-04 13:30:33,300 [ERROR] LogOutputStream:75 - [STDERR_REDIRECT] [Fatal Error] :1:1: Premature end of file.
2026-05-04 13:30:33,300 [ERROR] LogOutputStream:75 - [STDERR_REDIRECT] 
2026-05-04 13:30:34,305 [ERROR] LogOutputStream:75 - [STDERR_REDIRECT] [Fatal Error] :1:1: Premature end of file.
2026-05-04 13:30:34,306 [ERROR] LogOutputStream:75 - [STDERR_REDIRECT] 
2026-05-04 13:30:35,310 [ERROR] LogOutputStream:75 - [STDERR_REDIRECT] [Fatal Error] :1:1: Premature end of file.
2026-05-04 13:30:35,310 [ERROR] LogOutputStream:75 - [STDERR_REDIRECT] 
2026-05-04 13:30:36,296 [ERROR] LogOutputStream:75 - [STDERR_REDIRECT] [Fatal Error] :1:1: Premature end of file.
2026-05-04 13:30:36,296 [ERROR] LogOutputStream:75 - [STDERR_REDIRECT] 
2026-05-04 13:30:37,301 [ERROR] LogOutputStream:75 - [STDERR_REDIRECT] [Fatal Error] :1:1: Premature end of file.
2026-05-04 13:30:37,302 [ERROR] LogOutputStream:75 - [STDERR_REDIRECT] 
2026-05-04 13:30:38,305 [ERROR] LogOutputStream:75 - [STDERR_REDIRECT] [Fatal Error] :1:1: Premature end of file.
2026-05-04 13:30:38,305 [ERROR] LogOutputStream:75 - [STDERR_REDIRECT] 
2026-05-04 13:30:39,307 [ERROR] LogOutputStream:75 - [STDERR_REDIRECT] [Fatal Error] :1:1: Premature end of file.
2026-05-04 13:30:39,307 [ERROR] LogOutputStream:75 - [STDERR_REDIRECT] 
2026-05-04 13:30:40,311 [ERROR] LogOutputStream:75 - [STDERR_REDIRECT] [Fatal Error] :1:1: Premature end of file.
2026-05-04 13:30:40,312 [ERROR] LogOutputStream:75 - [STDERR_REDIRECT] 
2026-05-04 13:30:41,301 [ERROR] LogOutputStream:75 - [STDERR_REDIRECT] [Fatal Error] :1:1: Premature end of file.
2026-05-04 13:30:41,301 [ERROR] LogOutputStream:75 - [STDERR_REDIRECT] 
2026-05-04 13:30:42,302 [ERROR] LogOutputStream:75 - [STDERR_REDIRECT] [Fatal Error] :1:1: Premature end of file.
2026-05-04 13:30:42,302 [ERROR] LogOutputStream:75 - [STDERR_REDIRECT] 
2026-05-04 13:30:43,306 [ERROR] LogOutputStream:75 - [STDERR_REDIRECT] [Fatal Error] :1:1: Premature end of file.
2026-05-04 13:30:43,306 [ERROR] LogOutputStream:75 - [STDERR_REDIRECT] 
2026-05-04 13:30:44,321 [ERROR] LogOutputStream:75 - [STDERR_REDIRECT] [Fatal Error] :1:1: Premature end of file.
2026-05-04 13:30:44,321 [ERROR] LogOutputStream:75 - [STDERR_REDIRECT] 
2026-05-04 13:30:45,287 [ERROR] LogOutputStream:75 - [STDERR_REDIRECT] [Fatal Error] :1:1: Premature end of file.
2026-05-04 13:30:45,287 [ERROR] LogOutputStream:75 - [STDERR_REDIRECT] 
2026-05-04 13:30:46,311 [ERROR] LogOutputStream:75 - [STDERR_REDIRECT] [Fatal Error] :1:1: Premature end of file.
2026-05-04 13:30:46,311 [ERROR] LogOutputStream:75 - [STDERR_REDIRECT] 
2026-05-04 13:30:47,311 [ERROR] LogOutputStream:75 - [STDERR_REDIRECT] [Fatal Error] :1:1: Premature end of file.
2026-05-04 13:30:47,311 [ERROR] LogOutputStream:75 - [STDERR_REDIRECT] 
2026-05-04 13:30:48,321 [ERROR] LogOutputStream:75 - [STDERR_REDIRECT] [Fatal Error] :1:1: Premature end of file.
2026-05-04 13:30:48,321 [ERROR] LogOutputStream:75 - [STDERR_REDIRECT] 
2026-05-04 13:30:49,311 [ERROR] LogOutputStream:75 - [STDERR_REDIRECT] [Fatal Error] :1:1: Premature end of file.
2026-05-04 13:30:49,311 [ERROR] LogOutputStream:75 - [STDERR_REDIRECT] 
2026-05-04 13:30:50,302 [ERROR] LogOutputStream:75 - [STDERR_REDIRECT] [Fatal Error] :1:1: Premature end of file.
2026-05-04 13:30:50,303 [ERROR] LogOutputStream:75 - [STDERR_REDIRECT] 
2026-05-04 13:30:51,298 [ERROR] LogOutputStream:75 - [STDERR_REDIRECT] [Fatal Error] :1:1: Premature end of file.
2026-05-04 13:30:51,298 [ERROR] LogOutputStream:75 - [STDERR_REDIRECT] 
2026-05-04 13:30:52,298 [ERROR] LogOutputStream:75 - [STDERR_REDIRECT] [Fatal Error] :1:1: Premature end of file.
2026-05-04 13:30:52,298 [ERROR] LogOutputStream:75 - [STDERR_REDIRECT] 
2026-05-04 13:30:53,297 [ERROR] LogOutputStream:75 - [STDERR_REDIRECT] [Fatal Error] :1:1: Premature end of file.
2026-05-04 13:30:53,297 [ERROR] LogOutputStream:75 - [STDERR_REDIRECT] 
2026-05-04 13:30:54,306 [ERROR] LogOutputStream:75 - [STDERR_REDIRECT] [Fatal Error] :1:1: Premature end of file.
2026-05-04 13:30:54,307 [ERROR] LogOutputStream:75 - [STDERR_REDIRECT] 
2026-05-04 13:30:55,305 [ERROR] LogOutputStream:75 - [STDERR_REDIRECT] [Fatal Error] :1:1: Premature end of file.
2026-05-04 13:30:55,305 [ERROR] LogOutputStream:75 - [STDERR_REDIRECT] 
2026-05-04 13:30:56,303 [ERROR] LogOutputStream:75 - [STDERR_REDIRECT] [Fatal Error] :1:1: Premature end of file.
2026-05-04 13:30:56,303 [ERROR] LogOutputStream:75 - [STDERR_REDIRECT] 
2026-05-04 13:30:57,306 [ERROR] LogOutputStream:75 - [STDERR_REDIRECT] [Fatal Error] :1:1: Premature end of file.
2026-05-04 13:30:57,307 [ERROR] LogOutputStream:75 - [STDERR_REDIRECT] 
2026-05-04 13:30:58,298 [ERROR] LogOutputStream:75 - [STDERR_REDIRECT] [Fatal Error] :1:1: Premature end of file.
2026-05-04 13:30:58,298 [ERROR] LogOutputStream:75 - [STDERR_REDIRECT] 
2026-05-04 13:30:59,302 [ERROR] LogOutputStream:75 - [STDERR_REDIRECT] [Fatal Error] :1:1: Premature end of file.
2026-05-04 13:30:59,302 [ERROR] LogOutputStream:75 - [STDERR_REDIRECT] 
2026-05-04 13:31:00,315 [ERROR] LogOutputStream:75 - [STDERR_REDIRECT] [Fatal Error] :1:1: Premature end of file.
2026-05-04 13:31:00,315 [ERROR] LogOutputStream:75 - [STDERR_REDIRECT] 
2026-05-04 13:31:01,311 [ERROR] LogOutputStream:75 - [STDERR_REDIRECT] [Fatal Error] :1:1: Premature end of file.
2026-05-04 13:31:01,311 [ERROR] LogOutputStream:75 - [STDERR_REDIRECT] 
2026-05-04 13:31:02,301 [ERROR] LogOutputStream:75 - [STDERR_REDIRECT] [Fatal Error] :1:1: Premature end of file.
2026-05-04 13:31:02,301 [ERROR] LogOutputStream:75 - [STDERR_REDIRECT] 
2026-05-04 13:31:03,306 [ERROR] LogOutputStream:75 - [STDERR_REDIRECT] [Fatal Error] :1:1: Premature end of file.
2026-05-04 13:31:03,306 [ERROR] LogOutputStream:75 - [STDERR_REDIRECT] 
2026-05-04 13:31:04,321 [ERROR] LogOutputStream:75 - [STDERR_REDIRECT] [Fatal Error] :1:1: Premature end of file.
2026-05-04 13:31:04,322 [ERROR] LogOutputStream:75 - [STDERR_REDIRECT] 
2026-05-04 13:31:05,316 [ERROR] LogOutputStream:75 - [STDERR_REDIRECT] [Fatal Error] :1:1: Premature end of file.
2026-05-04 13:31:05,316 [ERROR] LogOutputStream:75 - [STDERR_REDIRECT] 
2026-05-04 13:31:06,303 [ERROR] LogOutputStream:75 - [STDERR_REDIRECT] [Fatal Error] :1:1: Premature end of file.
2026-05-04 13:31:06,303 [ERROR] LogOutputStream:75 - [STDERR_REDIRECT] 
2026-05-04 13:31:07,305 [ERROR] LogOutputStream:75 - [STDERR_REDIRECT] [Fatal Error] :1:1: Premature end of file.
2026-05-04 13:31:07,305 [ERROR] LogOutputStream:75 - [STDERR_REDIRECT] 
2026-05-04 13:31:08,295 [ERROR] LogOutputStream:75 - [STDERR_REDIRECT] [Fatal Error] :1:1: Premature end of file.
2026-05-04 13:31:08,295 [ERROR] LogOutputStream:75 - [STDERR_REDIRECT] 
2026-05-04 13:31:09,301 [ERROR] LogOutputStream:75 - [STDERR_REDIRECT] [Fatal Error] :1:1: Premature end of file.
2026-05-04 13:31:09,301 [ERROR] LogOutputStream:75 - [STDERR_REDIRECT] 
2026-05-04 13:31:10,313 [ERROR] LogOutputStream:75 - [STDERR_REDIRECT] [Fatal Error] :1:1: Premature end of file.
2026-05-04 13:31:10,313 [ERROR] LogOutputStream:75 - [STDERR_REDIRECT] 
2026-05-04 13:31:11,309 [ERROR] LogOutputStream:75 - [STDERR_REDIRECT] [Fatal Error] :1:1: Premature end of file.
2026-05-04 13:31:11,309 [ERROR] LogOutputStream:75 - [STDERR_REDIRECT] 
2026-05-04 13:31:12,313 [ERROR] LogOutputStream:75 - [STDERR_REDIRECT] [Fatal Error] :1:1: Premature end of file.
2026-05-04 13:31:12,313 [ERROR] LogOutputStream:75 - [STDERR_REDIRECT] 
2026-05-04 13:31:13,313 [ERROR] LogOutputStream:75 - [STDERR_REDIRECT] [Fatal Error] :1:1: Premature end of file.
2026-05-04 13:31:13,314 [ERROR] LogOutputStream:75 - [STDERR_REDIRECT] 
2026-05-04 13:31:14,304 [ERROR] LogOutputStream:75 - [STDERR_REDIRECT] [Fatal Error] :1:1: Premature end of file.
2026-05-04 13:31:14,304 [ERROR] LogOutputStream:75 - [STDERR_REDIRECT] 
2026-05-04 13:31:15,315 [ERROR] LogOutputStream:75 - [STDERR_REDIRECT] [Fatal Error] :1:1: Premature end of file.
2026-05-04 13:31:15,315 [ERROR] LogOutputStream:75 - [STDERR_REDIRECT] 
2026-05-04 13:31:16,314 [ERROR] LogOutputStream:75 - [STDERR_REDIRECT] [Fatal Error] :1:1: Premature end of file.
2026-05-04 13:31:16,314 [ERROR] LogOutputStream:75 - [STDERR_REDIRECT] 
2026-05-04 13:31:17,308 [ERROR] LogOutputStream:75 - [STDERR_REDIRECT] [Fatal Error] :1:1: Premature end of file.
2026-05-04 13:31:17,308 [ERROR] LogOutputStream:75 - [STDERR_REDIRECT] 
2026-05-04 13:31:18,305 [ERROR] LogOutputStream:75 - [STDERR_REDIRECT] [Fatal Error] :1:1: Premature end of file.
2026-05-04 13:31:18,305 [ERROR] LogOutputStream:75 - [STDERR_REDIRECT] 
2026-05-04 13:31:19,302 [ERROR] LogOutputStream:75 - [STDERR_REDIRECT] [Fatal Error] :1:1: Premature end of file.
2026-05-04 13:31:19,303 [ERROR] LogOutputStream:75 - [STDERR_REDIRECT] 
2026-05-04 13:31:20,298 [ERROR] LogOutputStream:75 - [STDERR_REDIRECT] [Fatal Error] :1:1: Premature end of file.
2026-05-04 13:31:20,298 [ERROR] LogOutputStream:75 - [STDERR_REDIRECT] 
2026-05-04 13:31:21,308 [ERROR] LogOutputStream:75 - [STDERR_REDIRECT] [Fatal Error] :1:1: Premature end of file.
2026-05-04 13:31:21,308 [ERROR] LogOutputStream:75 - [STDERR_REDIRECT] 
2026-05-04 13:31:22,311 [ERROR] LogOutputStream:75 - [STDERR_REDIRECT] [Fatal Error] :1:1: Premature end of file.
2026-05-04 13:31:22,312 [ERROR] LogOutputStream:75 - [STDERR_REDIRECT] 
2026-05-04 13:31:23,312 [ERROR] LogOutputStream:75 - [STDERR_REDIRECT] [Fatal Error] :1:1: Premature end of file.
2026-05-04 13:31:23,312 [ERROR] LogOutputStream:75 - [STDERR_REDIRECT] 
2026-05-04 13:31:24,323 [ERROR] LogOutputStream:75 - [STDERR_REDIRECT] [Fatal Error] :1:1: Premature end of file.
2026-05-04 13:31:24,323 [ERROR] LogOutputStream:75 - [STDERR_REDIRECT] 
2026-05-04 13:31:25,320 [ERROR] LogOutputStream:75 - [STDERR_REDIRECT] [Fatal Error] :1:1: Premature end of file.
2026-05-04 13:31:25,321 [ERROR] LogOutputStream:75 - [STDERR_REDIRECT] 
2026-05-04 13:31:26,310 [ERROR] LogOutputStream:75 - [STDERR_REDIRECT] [Fatal Error] :1:1: Premature end of file.
2026-05-04 13:31:26,310 [ERROR] LogOutputStream:75 - [STDERR_REDIRECT] 
2026-05-04 13:31:27,309 [ERROR] LogOutputStream:75 - [STDERR_REDIRECT] [Fatal Error] :1:1: Premature end of file.
2026-05-04 13:31:27,309 [ERROR] LogOutputStream:75 - [STDERR_REDIRECT] 
2026-05-04 13:31:28,314 [ERROR] LogOutputStream:75 - [STDERR_REDIRECT] [Fatal Error] :1:1: Premature end of file.
2026-05-04 13:31:28,314 [ERROR] LogOutputStream:75 - [STDERR_REDIRECT] 
2026-05-04 13:31:29,308 [ERROR] LogOutputStream:75 - [STDERR_REDIRECT] [Fatal Error] :1:1: Premature end of file.
2026-05-04 13:31:29,308 [ERROR] LogOutputStream:75 - [STDERR_REDIRECT] 
2026-05-04 13:31:30,313 [ERROR] LogOutputStream:75 - [STDERR_REDIRECT] [Fatal Error] :1:1: Premature end of file.
2026-05-04 13:31:30,313 [ERROR] LogOutputStream:75 - [STDERR_REDIRECT] 
2026-05-04 13:31:31,305 [ERROR] LogOutputStream:75 - [STDERR_REDIRECT] [Fatal Error] :1:1: Premature end of file.
2026-05-04 13:31:31,305 [ERROR] LogOutputStream:75 - [STDERR_REDIRECT] 
2026-05-04 13:31:32,303 [ERROR] LogOutputStream:75 - [STDERR_REDIRECT] [Fatal Error] :1:1: Premature end of file.
2026-05-04 13:31:32,303 [ERROR] LogOutputStream:75 - [STDERR_REDIRECT] 
2026-05-04 13:31:33,310 [ERROR] LogOutputStream:75 - [STDERR_REDIRECT] [Fatal Error] :1:1: Premature end of file.
2026-05-04 13:31:33,310 [ERROR] LogOutputStream:75 - [STDERR_REDIRECT] 
2026-05-04 13:31:34,300 [ERROR] LogOutputStream:75 - [STDERR_REDIRECT] [Fatal Error] :1:1: Premature end of file.
2026-05-04 13:31:34,301 [ERROR] LogOutputStream:75 - [STDERR_REDIRECT] 
2026-05-04 13:31:35,305 [ERROR] LogOutputStream:75 - [STDERR_REDIRECT] [Fatal Error] :1:1: Premature end of file.
2026-05-04 13:31:35,305 [ERROR] LogOutputStream:75 - [STDERR_REDIRECT] 
2026-05-04 13:31:36,310 [ERROR] LogOutputStream:75 - [STDERR_REDIRECT] [Fatal Error] :1:1: Premature end of file.
2026-05-04 13:31:36,310 [ERROR] LogOutputStream:75 - [STDERR_REDIRECT] 
2026-05-04 13:31:37,305 [ERROR] LogOutputStream:75 - [STDERR_REDIRECT] [Fatal Error] :1:1: Premature end of file.
2026-05-04 13:31:37,305 [ERROR] LogOutputStream:75 - [STDERR_REDIRECT] 
2026-05-04 13:31:38,324 [ERROR] LogOutputStream:75 - [STDERR_REDIRECT] [Fatal Error] :1:1: Premature end of file.
2026-05-04 13:31:38,324 [ERROR] LogOutputStream:75 - [STDERR_REDIRECT] 
2026-05-04 13:31:39,304 [ERROR] LogOutputStream:75 - [STDERR_REDIRECT] [Fatal Error] :1:1: Premature end of file.
2026-05-04 13:31:39,304 [ERROR] LogOutputStream:75 - [STDERR_REDIRECT] 
2026-05-04 13:31:40,307 [ERROR] LogOutputStream:75 - [STDERR_REDIRECT] [Fatal Error] :1:1: Premature end of file.
2026-05-04 13:31:40,307 [ERROR] LogOutputStream:75 - [STDERR_REDIRECT] 
2026-05-04 13:31:41,301 [ERROR] LogOutputStream:75 - [STDERR_REDIRECT] [Fatal Error] :1:1: Premature end of file.
2026-05-04 13:31:41,301 [ERROR] LogOutputStream:75 - [STDERR_REDIRECT] 
2026-05-04 13:31:42,303 [ERROR] LogOutputStream:75 - [STDERR_REDIRECT] [Fatal Error] :1:1: Premature end of file.
2026-05-04 13:31:42,303 [ERROR] LogOutputStream:75 - [STDERR_REDIRECT] 
2026-05-04 13:31:43,318 [ERROR] LogOutputStream:75 - [STDERR_REDIRECT] [Fatal Error] :1:1: Premature end of file.
2026-05-04 13:31:43,318 [ERROR] LogOutputStream:75 - [STDERR_REDIRECT] 
2026-05-04 13:31:44,306 [ERROR] LogOutputStream:75 - [STDERR_REDIRECT] [Fatal Error] :1:1: Premature end of file.
2026-05-04 13:31:44,306 [ERROR] LogOutputStream:75 - [STDERR_REDIRECT] 
2026-05-04 13:31:45,302 [ERROR] LogOutputStream:75 - [STDERR_REDIRECT] [Fatal Error] :1:1: Premature end of file.
2026-05-04 13:31:45,302 [ERROR] LogOutputStream:75 - [STDERR_REDIRECT] 
2026-05-04 13:31:46,305 [ERROR] LogOutputStream:75 - [STDERR_REDIRECT] [Fatal Error] :1:1: Premature end of file.
2026-05-04 13:31:46,305 [ERROR] LogOutputStream:75 - [STDERR_REDIRECT] 
2026-05-04 13:31:47,305 [ERROR] LogOutputStream:75 - [STDERR_REDIRECT] [Fatal Error] :1:1: Premature end of file.
2026-05-04 13:31:47,305 [ERROR] LogOutputStream:75 - [STDERR_REDIRECT] 
2026-05-04 13:31:48,298 [ERROR] LogOutputStream:75 - [STDERR_REDIRECT] [Fatal Error] :1:1: Premature end of file.
2026-05-04 13:31:48,298 [ERROR] LogOutputStream:75 - [STDERR_REDIRECT] 
2026-05-04 13:31:49,318 [ERROR] LogOutputStream:75 - [STDERR_REDIRECT] [Fatal Error] :1:1: Premature end of file.
2026-05-04 13:31:49,318 [ERROR] LogOutputStream:75 - [STDERR_REDIRECT] 
2026-05-04 13:31:50,299 [ERROR] LogOutputStream:75 - [STDERR_REDIRECT] [Fatal Error] :1:1: Premature end of file.
2026-05-04 13:31:50,299 [ERROR] LogOutputStream:75 - [STDERR_REDIRECT] 
2026-05-04 13:31:51,298 [ERROR] LogOutputStream:75 - [STDERR_REDIRECT] [Fatal Error] :1:1: Premature end of file.
2026-05-04 13:31:51,298 [ERROR] LogOutputStream:75 - [STDERR_REDIRECT] 
2026-05-04 13:31:52,303 [ERROR] LogOutputStream:75 - [STDERR_REDIRECT] [Fatal Error] :1:1: Premature end of file.
2026-05-04 13:31:52,303 [ERROR] LogOutputStream:75 - [STDERR_REDIRECT] 
2026-05-04 13:31:53,308 [ERROR] LogOutputStream:75 - [STDERR_REDIRECT] [Fatal Error] :1:1: Premature end of file.
2026-05-04 13:31:53,308 [ERROR] LogOutputStream:75 - [STDERR_REDIRECT] 
2026-05-04 13:31:54,307 [ERROR] LogOutputStream:75 - [STDERR_REDIRECT] [Fatal Error] :1:1: Premature end of file.
2026-05-04 13:31:54,307 [ERROR] LogOutputStream:75 - [STDERR_REDIRECT] 
2026-05-04 13:31:55,308 [ERROR] LogOutputStream:75 - [STDERR_REDIRECT] [Fatal Error] :1:1: Premature end of file.
2026-05-04 13:31:55,308 [ERROR] LogOutputStream:75 - [STDERR_REDIRECT] 
2026-05-04 13:31:56,304 [ERROR] LogOutputStream:75 - [STDERR_REDIRECT] [Fatal Error] :1:1: Premature end of file.
2026-05-04 13:31:56,304 [ERROR] LogOutputStream:75 - [STDERR_REDIRECT] 
2026-05-04 13:31:57,297 [ERROR] LogOutputStream:75 - [STDERR_REDIRECT] [Fatal Error] :1:1: Premature end of file.
2026-05-04 13:31:57,298 [ERROR] LogOutputStream:75 - [STDERR_REDIRECT] 
2026-05-04 13:31:58,308 [ERROR] LogOutputStream:75 - [STDERR_REDIRECT] [Fatal Error] :1:1: Premature end of file.
2026-05-04 13:31:58,308 [ERROR] LogOutputStream:75 - [STDERR_REDIRECT] 
2026-05-04 13:31:59,305 [ERROR] LogOutputStream:75 - [STDERR_REDIRECT] [Fatal Error] :1:1: Premature end of file.
2026-05-04 13:31:59,305 [ERROR] LogOutputStream:75 - [STDERR_REDIRECT] 
2026-05-04 13:32:00,303 [ERROR] LogOutputStream:75 - [STDERR_REDIRECT] [Fatal Error] :1:1: Premature end of file.
2026-05-04 13:32:00,303 [ERROR] LogOutputStream:75 - [STDERR_REDIRECT] 
2026-05-04 13:32:01,306 [ERROR] LogOutputStream:75 - [STDERR_REDIRECT] [Fatal Error] :1:1: Premature end of file.
2026-05-04 13:32:01,306 [ERROR] LogOutputStream:75 - [STDERR_REDIRECT] 
2026-05-04 13:32:02,302 [ERROR] LogOutputStream:75 - [STDERR_REDIRECT] [Fatal Error] :1:1: Premature end of file.
2026-05-04 13:32:02,302 [ERROR] LogOutputStream:75 - [STDERR_REDIRECT] 
2026-05-04 13:32:03,305 [ERROR] LogOutputStream:75 - [STDERR_REDIRECT] [Fatal Error] :1:1: Premature end of file.
2026-05-04 13:32:03,305 [ERROR] LogOutputStream:75 - [STDERR_REDIRECT] 
2026-05-04 13:32:04,301 [ERROR] LogOutputStream:75 - [STDERR_REDIRECT] [Fatal Error] :1:1: Premature end of file.
2026-05-04 13:32:04,301 [ERROR] LogOutputStream:75 - [STDERR_REDIRECT] 
2026-05-04 13:32:05,298 [ERROR] LogOutputStream:75 - [STDERR_REDIRECT] [Fatal Error] :1:1: Premature end of file.
2026-05-04 13:32:05,298 [ERROR] LogOutputStream:75 - [STDERR_REDIRECT] 
2026-05-04 13:32:06,301 [ERROR] LogOutputStream:75 - [STDERR_REDIRECT] [Fatal Error] :1:1: Premature end of file.
2026-05-04 13:32:06,301 [ERROR] LogOutputStream:75 - [STDERR_REDIRECT] 
2026-05-04 13:32:07,304 [ERROR] LogOutputStream:75 - [STDERR_REDIRECT] [Fatal Error] :1:1: Premature end of file.
2026-05-04 13:32:07,304 [ERROR] LogOutputStream:75 - [STDERR_REDIRECT] 
2026-05-04 13:32:08,301 [ERROR] LogOutputStream:75 - [STDERR_REDIRECT] [Fatal Error] :1:1: Premature end of file.
2026-05-04 13:32:08,301 [ERROR] LogOutputStream:75 - [STDERR_REDIRECT] 
2026-05-04 13:32:09,301 [ERROR] LogOutputStream:75 - [STDERR_REDIRECT] [Fatal Error] :1:1: Premature end of file.
2026-05-04 13:32:09,301 [ERROR] LogOutputStream:75 - [STDERR_REDIRECT] 
2026-05-04 13:32:10,314 [ERROR] LogOutputStream:75 - [STDERR_REDIRECT] [Fatal Error] :1:1: Premature end of file.
2026-05-04 13:32:10,314 [ERROR] LogOutputStream:75 - [STDERR_REDIRECT] 
2026-05-04 13:32:11,317 [ERROR] LogOutputStream:75 - [STDERR_REDIRECT] [Fatal Error] :1:1: Premature end of file.
2026-05-04 13:32:11,317 [ERROR] LogOutputStream:75 - [STDERR_REDIRECT] 
2026-05-04 13:32:12,320 [ERROR] LogOutputStream:75 - [STDERR_REDIRECT] [Fatal Error] :1:1: Premature end of file.
2026-05-04 13:32:12,320 [ERROR] LogOutputStream:75 - [STDERR_REDIRECT] 
2026-05-04 13:32:13,323 [ERROR] LogOutputStream:75 - [STDERR_REDIRECT] [Fatal Error] :1:1: Premature end of file.
2026-05-04 13:32:13,323 [ERROR] LogOutputStream:75 - [STDERR_REDIRECT] 
2026-05-04 13:32:14,314 [ERROR] LogOutputStream:75 - [STDERR_REDIRECT] [Fatal Error] :1:1: Premature end of file.
2026-05-04 13:32:14,314 [ERROR] LogOutputStream:75 - [STDERR_REDIRECT] 
2026-05-04 13:32:15,300 [ERROR] LogOutputStream:75 - [STDERR_REDIRECT] [Fatal Error] :1:1: Premature end of file.
2026-05-04 13:32:15,300 [ERROR] LogOutputStream:75 - [STDERR_REDIRECT] 
2026-05-04 13:32:16,307 [ERROR] LogOutputStream:75 - [STDERR_REDIRECT] [Fatal Error] :1:1: Premature end of file.
2026-05-04 13:32:16,307 [ERROR] LogOutputStream:75 - [STDERR_REDIRECT] 
2026-05-04 13:32:17,301 [ERROR] LogOutputStream:75 - [STDERR_REDIRECT] [Fatal Error] :1:1: Premature end of file.
2026-05-04 13:32:17,301 [ERROR] LogOutputStream:75 - [STDERR_REDIRECT] 
2026-05-04 13:32:18,302 [ERROR] LogOutputStream:75 - [STDERR_REDIRECT] [Fatal Error] :1:1: Premature end of file.
2026-05-04 13:32:18,302 [ERROR] LogOutputStream:75 - [STDERR_REDIRECT] 
2026-05-04 13:32:19,302 [ERROR] LogOutputStream:75 - [STDERR_REDIRECT] [Fatal Error] :1:1: Premature end of file.
2026-05-04 13:32:19,302 [ERROR] LogOutputStream:75 - [STDERR_REDIRECT] 
2026-05-04 13:32:20,306 [ERROR] LogOutputStream:75 - [STDERR_REDIRECT] [Fatal Error] :1:1: Premature end of file.
2026-05-04 13:32:20,306 [ERROR] LogOutputStream:75 - [STDERR_REDIRECT] 
2026-05-04 13:32:21,303 [ERROR] LogOutputStream:75 - [STDERR_REDIRECT] [Fatal Error] :1:1: Premature end of file.
2026-05-04 13:32:21,303 [ERROR] LogOutputStream:75 - [STDERR_REDIRECT] 
2026-05-04 13:32:22,297 [ERROR] LogOutputStream:75 - [STDERR_REDIRECT] [Fatal Error] :1:1: Premature end of file.
2026-05-04 13:32:22,297 [ERROR] LogOutputStream:75 - [STDERR_REDIRECT] 
2026-05-04 13:32:23,298 [ERROR] LogOutputStream:75 - [STDERR_REDIRECT] [Fatal Error] :1:1: Premature end of file.
2026-05-04 13:32:23,298 [ERROR] LogOutputStream:75 - [STDERR_REDIRECT] 
2026-05-04 13:32:24,303 [ERROR] LogOutputStream:75 - [STDERR_REDIRECT] [Fatal Error] :1:1: Premature end of file.
2026-05-04 13:32:24,303 [ERROR] LogOutputStream:75 - [STDERR_REDIRECT] 
2026-05-04 13:32:25,304 [ERROR] LogOutputStream:75 - [STDERR_REDIRECT] [Fatal Error] :1:1: Premature end of file.
2026-05-04 13:32:25,304 [ERROR] LogOutputStream:75 - [STDERR_REDIRECT] 
2026-05-04 13:32:26,305 [ERROR] LogOutputStream:75 - [STDERR_REDIRECT] [Fatal Error] :1:1: Premature end of file.
2026-05-04 13:32:26,305 [ERROR] LogOutputStream:75 - [STDERR_REDIRECT] 
2026-05-04 13:32:27,302 [ERROR] LogOutputStream:75 - [STDERR_REDIRECT] [Fatal Error] :1:1: Premature end of file.
2026-05-04 13:32:27,302 [ERROR] LogOutputStream:75 - [STDERR_REDIRECT] 
2026-05-04 13:32:28,301 [ERROR] LogOutputStream:75 - [STDERR_REDIRECT] [Fatal Error] :1:1: Premature end of file.
2026-05-04 13:32:28,301 [ERROR] LogOutputStream:75 - [STDERR_REDIRECT] 
2026-05-04 13:32:29,303 [ERROR] LogOutputStream:75 - [STDERR_REDIRECT] [Fatal Error] :1:1: Premature end of file.
2026-05-04 13:32:29,303 [ERROR] LogOutputStream:75 - [STDERR_REDIRECT] 
2026-05-04 13:32:30,305 [ERROR] LogOutputStream:75 - [STDERR_REDIRECT] [Fatal Error] :1:1: Premature end of file.
2026-05-04 13:32:30,305 [ERROR] LogOutputStream:75 - [STDERR_REDIRECT] 
2026-05-04 13:32:31,309 [ERROR] LogOutputStream:75 - [STDERR_REDIRECT] [Fatal Error] :1:1: Premature end of file.
2026-05-04 13:32:31,309 [ERROR] LogOutputStream:75 - [STDERR_REDIRECT] 
2026-05-04 13:32:32,303 [ERROR] LogOutputStream:75 - [STDERR_REDIRECT] [Fatal Error] :1:1: Premature end of file.
2026-05-04 13:32:32,303 [ERROR] LogOutputStream:75 - [STDERR_REDIRECT] 
2026-05-04 13:32:33,311 [ERROR] LogOutputStream:75 - [STDERR_REDIRECT] [Fatal Error] :1:1: Premature end of file.
2026-05-04 13:32:33,312 [ERROR] LogOutputStream:75 - [STDERR_REDIRECT] 
2026-05-04 13:32:34,320 [ERROR] LogOutputStream:75 - [STDERR_REDIRECT] [Fatal Error] :1:1: Premature end of file.
2026-05-04 13:32:34,320 [ERROR] LogOutputStream:75 - [STDERR_REDIRECT] 
2026-05-04 13:32:35,304 [ERROR] LogOutputStream:75 - [STDERR_REDIRECT] [Fatal Error] :1:1: Premature end of file.
2026-05-04 13:32:35,304 [ERROR] LogOutputStream:75 - [STDERR_REDIRECT] 
2026-05-04 13:32:36,303 [ERROR] LogOutputStream:75 - [STDERR_REDIRECT] [Fatal Error] :1:1: Premature end of file.
2026-05-04 13:32:36,304 [ERROR] LogOutputStream:75 - [STDERR_REDIRECT] 
2026-05-04 13:32:37,306 [ERROR] LogOutputStream:75 - [STDERR_REDIRECT] [Fatal Error] :1:1: Premature end of file.
2026-05-04 13:32:37,306 [ERROR] LogOutputStream:75 - [STDERR_REDIRECT] 
2026-05-04 13:32:38,300 [ERROR] LogOutputStream:75 - [STDERR_REDIRECT] [Fatal Error] :1:1: Premature end of file.
2026-05-04 13:32:38,300 [ERROR] LogOutputStream:75 - [STDERR_REDIRECT] 
2026-05-04 13:32:39,309 [ERROR] LogOutputStream:75 - [STDERR_REDIRECT] [Fatal Error] :1:1: Premature end of file.
2026-05-04 13:32:39,309 [ERROR] LogOutputStream:75 - [STDERR_REDIRECT] 
2026-05-04 13:32:40,319 [ERROR] LogOutputStream:75 - [STDERR_REDIRECT] [Fatal Error] :1:1: Premature end of file.
2026-05-04 13:32:40,319 [ERROR] LogOutputStream:75 - [STDERR_REDIRECT] 
2026-05-04 13:32:41,304 [ERROR] LogOutputStream:75 - [STDERR_REDIRECT] [Fatal Error] :1:1: Premature end of file.
2026-05-04 13:32:41,304 [ERROR] LogOutputStream:75 - [STDERR_REDIRECT] 
2026-05-04 13:32:42,313 [ERROR] LogOutputStream:75 - [STDERR_REDIRECT] [Fatal Error] :1:1: Premature end of file.
2026-05-04 13:32:42,313 [ERROR] LogOutputStream:75 - [STDERR_REDIRECT] 
2026-05-04 13:32:43,306 [ERROR] LogOutputStream:75 - [STDERR_REDIRECT] [Fatal Error] :1:1: Premature end of file.
2026-05-04 13:32:43,306 [ERROR] LogOutputStream:75 - [STDERR_REDIRECT] 
2026-05-04 13:32:44,309 [ERROR] LogOutputStream:75 - [STDERR_REDIRECT] [Fatal Error] :1:1: Premature end of file.
2026-05-04 13:32:44,309 [ERROR] LogOutputStream:75 - [STDERR_REDIRECT] 
2026-05-04 13:32:45,311 [ERROR] LogOutputStream:75 - [STDERR_REDIRECT] [Fatal Error] :1:1: Premature end of file.
2026-05-04 13:32:45,311 [ERROR] LogOutputStream:75 - [STDERR_REDIRECT] 
2026-05-04 13:32:46,301 [ERROR] LogOutputStream:75 - [STDERR_REDIRECT] [Fatal Error] :1:1: Premature end of file.
2026-05-04 13:32:46,301 [ERROR] LogOutputStream:75 - [STDERR_REDIRECT] 
2026-05-04 13:32:47,305 [ERROR] LogOutputStream:75 - [STDERR_REDIRECT] [Fatal Error] :1:1: Premature end of file.
2026-05-04 13:32:47,306 [ERROR] LogOutputStream:75 - [STDERR_REDIRECT] 
2026-05-04 13:32:48,307 [ERROR] LogOutputStream:75 - [STDERR_REDIRECT] [Fatal Error] :1:1: Premature end of file.
2026-05-04 13:32:48,307 [ERROR] LogOutputStream:75 - [STDERR_REDIRECT] 
2026-05-04 13:32:49,309 [ERROR] LogOutputStream:75 - [STDERR_REDIRECT] [Fatal Error] :1:1: Premature end of file.
2026-05-04 13:32:49,309 [ERROR] LogOutputStream:75 - [STDERR_REDIRECT] 
2026-05-04 13:32:50,302 [ERROR] LogOutputStream:75 - [STDERR_REDIRECT] [Fatal Error] :1:1: Premature end of file.
2026-05-04 13:32:50,302 [ERROR] LogOutputStream:75 - [STDERR_REDIRECT] 
2026-05-04 13:32:51,310 [ERROR] LogOutputStream:75 - [STDERR_REDIRECT] [Fatal Error] :1:1: Premature end of file.
2026-05-04 13:32:51,311 [ERROR] LogOutputStream:75 - [STDERR_REDIRECT] 
2026-05-04 13:32:52,329 [ERROR] LogOutputStream:75 - [STDERR_REDIRECT] [Fatal Error] :1:1: Premature end of file.
2026-05-04 13:32:52,329 [ERROR] LogOutputStream:75 - [STDERR_REDIRECT] 
2026-05-04 13:32:53,322 [ERROR] LogOutputStream:75 - [STDERR_REDIRECT] [Fatal Error] :1:1: Premature end of file.
2026-05-04 13:32:53,322 [ERROR] LogOutputStream:75 - [STDERR_REDIRECT] 
2026-05-04 13:32:54,306 [ERROR] LogOutputStream:75 - [STDERR_REDIRECT] [Fatal Error] :1:1: Premature end of file.
2026-05-04 13:32:54,306 [ERROR] LogOutputStream:75 - [STDERR_REDIRECT] 
2026-05-04 13:32:55,306 [ERROR] LogOutputStream:75 - [STDERR_REDIRECT] [Fatal Error] :1:1: Premature end of file.
2026-05-04 13:32:55,306 [ERROR] LogOutputStream:75 - [STDERR_REDIRECT] 
2026-05-04 13:32:56,304 [ERROR] LogOutputStream:75 - [STDERR_REDIRECT] [Fatal Error] :1:1: Premature end of file.
2026-05-04 13:32:56,304 [ERROR] LogOutputStream:75 - [STDERR_REDIRECT] 
2026-05-04 13:32:57,309 [ERROR] LogOutputStream:75 - [STDERR_REDIRECT] [Fatal Error] :1:1: Premature end of file.
2026-05-04 13:32:57,309 [ERROR] LogOutputStream:75 - [STDERR_REDIRECT] 
2026-05-04 13:32:58,300 [ERROR] LogOutputStream:75 - [STDERR_REDIRECT] [Fatal Error] :1:1: Premature end of file.
2026-05-04 13:32:58,300 [ERROR] LogOutputStream:75 - [STDERR_REDIRECT] 
2026-05-04 13:32:59,307 [ERROR] LogOutputStream:75 - [STDERR_REDIRECT] [Fatal Error] :1:1: Premature end of file.
2026-05-04 13:32:59,307 [ERROR] LogOutputStream:75 - [STDERR_REDIRECT] 
2026-05-04 13:33:00,310 [ERROR] LogOutputStream:75 - [STDERR_REDIRECT] [Fatal Error] :1:1: Premature end of file.
2026-05-04 13:33:00,310 [ERROR] LogOutputStream:75 - [STDERR_REDIRECT] 
2026-05-04 13:33:01,317 [ERROR] LogOutputStream:75 - [STDERR_REDIRECT] [Fatal Error] :1:1: Premature end of file.
2026-05-04 13:33:01,317 [ERROR] LogOutputStream:75 - [STDERR_REDIRECT] 
2026-05-04 13:33:02,311 [ERROR] LogOutputStream:75 - [STDERR_REDIRECT] [Fatal Error] :1:1: Premature end of file.
2026-05-04 13:33:02,311 [ERROR] LogOutputStream:75 - [STDERR_REDIRECT] 
2026-05-04 13:33:03,316 [ERROR] LogOutputStream:75 - [STDERR_REDIRECT] [Fatal Error] :1:1: Premature end of file.
2026-05-04 13:33:03,316 [ERROR] LogOutputStream:75 - [STDERR_REDIRECT] 
2026-05-04 13:33:04,316 [ERROR] LogOutputStream:75 - [STDERR_REDIRECT] [Fatal Error] :1:1: Premature end of file.
2026-05-04 13:33:04,317 [ERROR] LogOutputStream:75 - [STDERR_REDIRECT] 
2026-05-04 13:33:05,315 [ERROR] LogOutputStream:75 - [STDERR_REDIRECT] [Fatal Error] :1:1: Premature end of file.
2026-05-04 13:33:05,315 [ERROR] LogOutputStream:75 - [STDERR_REDIRECT] 
2026-05-04 13:33:06,301 [ERROR] LogOutputStream:75 - [STDERR_REDIRECT] [Fatal Error] :1:1: Premature end of file.
2026-05-04 13:33:06,301 [ERROR] LogOutputStream:75 - [STDERR_REDIRECT] 
2026-05-04 13:33:07,309 [ERROR] LogOutputStream:75 - [STDERR_REDIRECT] [Fatal Error] :1:1: Premature end of file.
2026-05-04 13:33:07,309 [ERROR] LogOutputStream:75 - [STDERR_REDIRECT] 
2026-05-04 13:33:08,306 [ERROR] LogOutputStream:75 - [STDERR_REDIRECT] [Fatal Error] :1:1: Premature end of file.
2026-05-04 13:33:08,306 [ERROR] LogOutputStream:75 - [STDERR_REDIRECT] 
2026-05-04 13:33:09,302 [ERROR] LogOutputStream:75 - [STDERR_REDIRECT] [Fatal Error] :1:1: Premature end of file.
2026-05-04 13:33:09,302 [ERROR] LogOutputStream:75 - [STDERR_REDIRECT] 
2026-05-04 13:33:10,297 [ERROR] LogOutputStream:75 - [STDERR_REDIRECT] [Fatal Error] :1:1: Premature end of file.
2026-05-04 13:33:10,297 [ERROR] LogOutputStream:75 - [STDERR_REDIRECT] 
2026-05-04 13:33:11,301 [ERROR] LogOutputStream:75 - [STDERR_REDIRECT] [Fatal Error] :1:1: Premature end of file.
2026-05-04 13:33:11,301 [ERROR] LogOutputStream:75 - [STDERR_REDIRECT] 
2026-05-04 13:33:12,296 [ERROR] LogOutputStream:75 - [STDERR_REDIRECT] [Fatal Error] :1:1: Premature end of file.
2026-05-04 13:33:12,296 [ERROR] LogOutputStream:75 - [STDERR_REDIRECT] 
2026-05-04 13:33:13,300 [ERROR] LogOutputStream:75 - [STDERR_REDIRECT] [Fatal Error] :1:1: Premature end of file.
2026-05-04 13:33:13,300 [ERROR] LogOutputStream:75 - [STDERR_REDIRECT] 
2026-05-04 13:33:14,304 [ERROR] LogOutputStream:75 - [STDERR_REDIRECT] [Fatal Error] :1:1: Premature end of file.
2026-05-04 13:33:14,304 [ERROR] LogOutputStream:75 - [STDERR_REDIRECT] 
2026-05-04 13:33:15,304 [ERROR] LogOutputStream:75 - [STDERR_REDIRECT] [Fatal Error] :1:1: Premature end of file.
2026-05-04 13:33:15,304 [ERROR] LogOutputStream:75 - [STDERR_REDIRECT] 
2026-05-04 13:33:16,308 [ERROR] LogOutputStream:75 - [STDERR_REDIRECT] [Fatal Error] :1:1: Premature end of file.
2026-05-04 13:33:16,308 [ERROR] LogOutputStream:75 - [STDERR_REDIRECT] 
2026-05-04 13:33:17,309 [ERROR] LogOutputStream:75 - [STDERR_REDIRECT] [Fatal Error] :1:1: Premature end of file.
2026-05-04 13:33:17,309 [ERROR] LogOutputStream:75 - [STDERR_REDIRECT] 
2026-05-04 13:33:18,306 [ERROR] LogOutputStream:75 - [STDERR_REDIRECT] [Fatal Error] :1:1: Premature end of file.
2026-05-04 13:33:18,306 [ERROR] LogOutputStream:75 - [STDERR_REDIRECT] 
2026-05-04 13:33:19,305 [ERROR] LogOutputStream:75 - [STDERR_REDIRECT] [Fatal Error] :1:1: Premature end of file.
2026-05-04 13:33:19,305 [ERROR] LogOutputStream:75 - [STDERR_REDIRECT] 
2026-05-04 13:33:20,302 [ERROR] LogOutputStream:75 - [STDERR_REDIRECT] [Fatal Error] :1:1: Premature end of file.
2026-05-04 13:33:20,302 [ERROR] LogOutputStream:75 - [STDERR_REDIRECT] 
2026-05-04 13:33:21,304 [ERROR] LogOutputStream:75 - [STDERR_REDIRECT] [Fatal Error] :1:1: Premature end of file.
2026-05-04 13:33:21,305 [ERROR] LogOutputStream:75 - [STDERR_REDIRECT] 
2026-05-04 13:33:22,302 [ERROR] LogOutputStream:75 - [STDERR_REDIRECT] [Fatal Error] :1:1: Premature end of file.
2026-05-04 13:33:22,302 [ERROR] LogOutputStream:75 - [STDERR_REDIRECT] 
2026-05-04 13:33:23,306 [ERROR] LogOutputStream:75 - [STDERR_REDIRECT] [Fatal Error] :1:1: Premature end of file.
2026-05-04 13:33:23,306 [ERROR] LogOutputStream:75 - [STDERR_REDIRECT] 
2026-05-04 13:33:24,302 [ERROR] LogOutputStream:75 - [STDERR_REDIRECT] [Fatal Error] :1:1: Premature end of file.
2026-05-04 13:33:24,302 [ERROR] LogOutputStream:75 - [STDERR_REDIRECT] 
2026-05-04 13:33:25,306 [ERROR] LogOutputStream:75 - [STDERR_REDIRECT] [Fatal Error] :1:1: Premature end of file.
2026-05-04 13:33:25,306 [ERROR] LogOutputStream:75 - [STDERR_REDIRECT] 
2026-05-04 13:33:26,308 [ERROR] LogOutputStream:75 - [STDERR_REDIRECT] [Fatal Error] :1:1: Premature end of file.
2026-05-04 13:33:26,308 [ERROR] LogOutputStream:75 - [STDERR_REDIRECT] 
2026-05-04 13:33:27,303 [ERROR] LogOutputStream:75 - [STDERR_REDIRECT] [Fatal Error] :1:1: Premature end of file.
2026-05-04 13:33:27,304 [ERROR] LogOutputStream:75 - [STDERR_REDIRECT] 
2026-05-04 13:33:28,298 [ERROR] LogOutputStream:75 - [STDERR_REDIRECT] [Fatal Error] :1:1: Premature end of file.
2026-05-04 13:33:28,298 [ERROR] LogOutputStream:75 - [STDERR_REDIRECT] 
2026-05-04 13:33:29,303 [ERROR] LogOutputStream:75 - [STDERR_REDIRECT] [Fatal Error] :1:1: Premature end of file.
2026-05-04 13:33:29,304 [ERROR] LogOutputStream:75 - [STDERR_REDIRECT] 
2026-05-04 13:33:30,303 [ERROR] LogOutputStream:75 - [STDERR_REDIRECT] [Fatal Error] :1:1: Premature end of file.
2026-05-04 13:33:30,303 [ERROR] LogOutputStream:75 - [STDERR_REDIRECT] 
2026-05-04 13:33:31,308 [ERROR] LogOutputStream:75 - [STDERR_REDIRECT] [Fatal Error] :1:1: Premature end of file.
2026-05-04 13:33:31,309 [ERROR] LogOutputStream:75 - [STDERR_REDIRECT] 
2026-05-04 13:33:32,307 [ERROR] LogOutputStream:75 - [STDERR_REDIRECT] [Fatal Error] :1:1: Premature end of file.
2026-05-04 13:33:32,307 [ERROR] LogOutputStream:75 - [STDERR_REDIRECT] 
2026-05-04 13:33:33,301 [ERROR] LogOutputStream:75 - [STDERR_REDIRECT] [Fatal Error] :1:1: Premature end of file.
2026-05-04 13:33:33,302 [ERROR] LogOutputStream:75 - [STDERR_REDIRECT] 
2026-05-04 13:33:34,302 [ERROR] LogOutputStream:75 - [STDERR_REDIRECT] [Fatal Error] :1:1: Premature end of file.
2026-05-04 13:33:34,303 [ERROR] LogOutputStream:75 - [STDERR_REDIRECT] 
2026-05-04 13:33:35,306 [ERROR] LogOutputStream:75 - [STDERR_REDIRECT] [Fatal Error] :1:1: Premature end of file.
2026-05-04 13:33:35,306 [ERROR] LogOutputStream:75 - [STDERR_REDIRECT] 
2026-05-04 13:33:36,306 [ERROR] LogOutputStream:75 - [STDERR_REDIRECT] [Fatal Error] :1:1: Premature end of file.
2026-05-04 13:33:36,306 [ERROR] LogOutputStream:75 - [STDERR_REDIRECT] 
2026-05-04 13:33:37,305 [ERROR] LogOutputStream:75 - [STDERR_REDIRECT] [Fatal Error] :1:1: Premature end of file.
2026-05-04 13:33:37,305 [ERROR] LogOutputStream:75 - [STDERR_REDIRECT] 
2026-05-04 13:33:38,302 [ERROR] LogOutputStream:75 - [STDERR_REDIRECT] [Fatal Error] :1:1: Premature end of file.
2026-05-04 13:33:38,302 [ERROR] LogOutputStream:75 - [STDERR_REDIRECT] 
2026-05-04 13:33:39,302 [ERROR] LogOutputStream:75 - [STDERR_REDIRECT] [Fatal Error] :1:1: Premature end of file.
2026-05-04 13:33:39,302 [ERROR] LogOutputStream:75 - [STDERR_REDIRECT] 
2026-05-04 13:33:40,297 [ERROR] LogOutputStream:75 - [STDERR_REDIRECT] [Fatal Error] :1:1: Premature end of file.
2026-05-04 13:33:40,297 [ERROR] LogOutputStream:75 - [STDERR_REDIRECT] 
2026-05-04 13:33:41,303 [ERROR] LogOutputStream:75 - [STDERR_REDIRECT] [Fatal Error] :1:1: Premature end of file.
2026-05-04 13:33:41,303 [ERROR] LogOutputStream:75 - [STDERR_REDIRECT] 
2026-05-04 13:33:42,300 [ERROR] LogOutputStream:75 - [STDERR_REDIRECT] [Fatal Error] :1:1: Premature end of file.
2026-05-04 13:33:42,300 [ERROR] LogOutputStream:75 - [STDERR_REDIRECT] 
2026-05-04 13:33:43,305 [ERROR] LogOutputStream:75 - [STDERR_REDIRECT] [Fatal Error] :1:1: Premature end of file.
2026-05-04 13:33:43,306 [ERROR] LogOutputStream:75 - [STDERR_REDIRECT] 
2026-05-04 13:33:44,304 [ERROR] LogOutputStream:75 - [STDERR_REDIRECT] [Fatal Error] :1:1: Premature end of file.
2026-05-04 13:33:44,304 [ERROR] LogOutputStream:75 - [STDERR_REDIRECT] 
2026-05-04 13:33:45,305 [ERROR] LogOutputStream:75 - [STDERR_REDIRECT] [Fatal Error] :1:1: Premature end of file.
2026-05-04 13:33:45,305 [ERROR] LogOutputStream:75 - [STDERR_REDIRECT] 
2026-05-04 13:33:46,299 [ERROR] LogOutputStream:75 - [STDERR_REDIRECT] [Fatal Error] :1:1: Premature end of file.
2026-05-04 13:33:46,299 [ERROR] LogOutputStream:75 - [STDERR_REDIRECT] 
2026-05-04 13:33:47,296 [ERROR] LogOutputStream:75 - [STDERR_REDIRECT] [Fatal Error] :1:1: Premature end of file.
2026-05-04 13:33:47,296 [ERROR] LogOutputStream:75 - [STDERR_REDIRECT] 
2026-05-04 13:33:48,296 [ERROR] LogOutputStream:75 - [STDERR_REDIRECT] [Fatal Error] :1:1: Premature end of file.
2026-05-04 13:33:48,296 [ERROR] LogOutputStream:75 - [STDERR_REDIRECT] 
2026-05-04 13:33:49,299 [ERROR] LogOutputStream:75 - [STDERR_REDIRECT] [Fatal Error] :1:1: Premature end of file.
2026-05-04 13:33:49,299 [ERROR] LogOutputStream:75 - [STDERR_REDIRECT] 
2026-05-04 13:33:50,301 [ERROR] LogOutputStream:75 - [STDERR_REDIRECT] [Fatal Error] :1:1: Premature end of file.
2026-05-04 13:33:50,301 [ERROR] LogOutputStream:75 - [STDERR_REDIRECT] 
2026-05-04 13:33:51,314 [ERROR] LogOutputStream:75 - [STDERR_REDIRECT] [Fatal Error] :1:1: Premature end of file.
2026-05-04 13:33:51,316 [ERROR] LogOutputStream:75 - [STDERR_REDIRECT] 
2026-05-04 13:33:52,295 [ERROR] LogOutputStream:75 - [STDERR_REDIRECT] [Fatal Error] :1:1: Premature end of file.
2026-05-04 13:33:52,295 [ERROR] LogOutputStream:75 - [STDERR_REDIRECT] 
2026-05-04 13:33:53,297 [ERROR] LogOutputStream:75 - [STDERR_REDIRECT] [Fatal Error] :1:1: Premature end of file.
2026-05-04 13:33:53,297 [ERROR] LogOutputStream:75 - [STDERR_REDIRECT] 
2026-05-04 13:33:54,315 [ERROR] LogOutputStream:75 - [STDERR_REDIRECT] [Fatal Error] :1:1: Premature end of file.
2026-05-04 13:33:54,315 [ERROR] LogOutputStream:75 - [STDERR_REDIRECT] 
2026-05-04 13:33:55,305 [ERROR] LogOutputStream:75 - [STDERR_REDIRECT] [Fatal Error] :1:1: Premature end of file.
2026-05-04 13:33:55,305 [ERROR] LogOutputStream:75 - [STDERR_REDIRECT] 
2026-05-04 13:33:56,318 [ERROR] LogOutputStream:75 - [STDERR_REDIRECT] [Fatal Error] :1:1: Premature end of file.
2026-05-04 13:33:56,318 [ERROR] LogOutputStream:75 - [STDERR_REDIRECT] 
2026-05-04 13:33:57,329 [ERROR] LogOutputStream:75 - [STDERR_REDIRECT] [Fatal Error] :1:1: Premature end of file.
2026-05-04 13:33:57,329 [ERROR] LogOutputStream:75 - [STDERR_REDIRECT] 
2026-05-04 13:33:58,301 [ERROR] LogOutputStream:75 - [STDERR_REDIRECT] [Fatal Error] :1:1: Premature end of file.
2026-05-04 13:33:58,301 [ERROR] LogOutputStream:75 - [STDERR_REDIRECT] 
2026-05-04 13:33:59,316 [ERROR] LogOutputStream:75 - [STDERR_REDIRECT] [Fatal Error] :1:1: Premature end of file.
2026-05-04 13:33:59,316 [ERROR] LogOutputStream:75 - [STDERR_REDIRECT] 
2026-05-04 13:34:00,313 [ERROR] LogOutputStream:75 - [STDERR_REDIRECT] [Fatal Error] :1:1: Premature end of file.
2026-05-04 13:34:00,313 [ERROR] LogOutputStream:75 - [STDERR_REDIRECT] 
2026-05-04 13:34:01,305 [ERROR] LogOutputStream:75 - [STDERR_REDIRECT] [Fatal Error] :1:1: Premature end of file.
2026-05-04 13:34:01,306 [ERROR] LogOutputStream:75 - [STDERR_REDIRECT] 
2026-05-04 13:34:02,309 [ERROR] LogOutputStream:75 - [STDERR_REDIRECT] [Fatal Error] :1:1: Premature end of file.
2026-05-04 13:34:02,309 [ERROR] LogOutputStream:75 - [STDERR_REDIRECT] 
2026-05-04 13:34:03,313 [ERROR] LogOutputStream:75 - [STDERR_REDIRECT] [Fatal Error] :1:1: Premature end of file.
2026-05-04 13:34:03,313 [ERROR] LogOutputStream:75 - [STDERR_REDIRECT] 
2026-05-04 13:34:04,312 [ERROR] LogOutputStream:75 - [STDERR_REDIRECT] [Fatal Error] :1:1: Premature end of file.
2026-05-04 13:34:04,312 [ERROR] LogOutputStream:75 - [STDERR_REDIRECT] 
2026-05-04 13:34:05,335 [ERROR] LogOutputStream:75 - [STDERR_REDIRECT] [Fatal Error] :1:1: Premature end of file.
2026-05-04 13:34:05,335 [ERROR] LogOutputStream:75 - [STDERR_REDIRECT] 
2026-05-04 13:34:06,304 [ERROR] LogOutputStream:75 - [STDERR_REDIRECT] [Fatal Error] :1:1: Premature end of file.
2026-05-04 13:34:06,304 [ERROR] LogOutputStream:75 - [STDERR_REDIRECT] 
2026-05-04 13:34:07,303 [ERROR] LogOutputStream:75 - [STDERR_REDIRECT] [Fatal Error] :1:1: Premature end of file.
2026-05-04 13:34:07,304 [ERROR] LogOutputStream:75 - [STDERR_REDIRECT] 
2026-05-04 13:34:08,309 [ERROR] LogOutputStream:75 - [STDERR_REDIRECT] [Fatal Error] :1:1: Premature end of file.
2026-05-04 13:34:08,309 [ERROR] LogOutputStream:75 - [STDERR_REDIRECT] 
2026-05-04 13:34:09,303 [ERROR] LogOutputStream:75 - [STDERR_REDIRECT] [Fatal Error] :1:1: Premature end of file.
2026-05-04 13:34:09,303 [ERROR] LogOutputStream:75 - [STDERR_REDIRECT] 
2026-05-04 13:34:10,307 [ERROR] LogOutputStream:75 - [STDERR_REDIRECT] [Fatal Error] :1:1: Premature end of file.
2026-05-04 13:34:10,307 [ERROR] LogOutputStream:75 - [STDERR_REDIRECT] 
2026-05-04 13:34:11,300 [ERROR] LogOutputStream:75 - [STDERR_REDIRECT] [Fatal Error] :1:1: Premature end of file.
2026-05-04 13:34:11,300 [ERROR] LogOutputStream:75 - [STDERR_REDIRECT] 
2026-05-04 13:34:12,303 [ERROR] LogOutputStream:75 - [STDERR_REDIRECT] [Fatal Error] :1:1: Premature end of file.
2026-05-04 13:34:12,303 [ERROR] LogOutputStream:75 - [STDERR_REDIRECT] 
2026-05-04 13:34:13,317 [ERROR] LogOutputStream:75 - [STDERR_REDIRECT] [Fatal Error] :1:1: Premature end of file.
2026-05-04 13:34:13,317 [ERROR] LogOutputStream:75 - [STDERR_REDIRECT] 
2026-05-04 13:34:14,298 [ERROR] LogOutputStream:75 - [STDERR_REDIRECT] [Fatal Error] :1:1: Premature end of file.
2026-05-04 13:34:14,298 [ERROR] LogOutputStream:75 - [STDERR_REDIRECT] 
2026-05-04 13:34:15,303 [ERROR] LogOutputStream:75 - [STDERR_REDIRECT] [Fatal Error] :1:1: Premature end of file.
2026-05-04 13:34:15,304 [ERROR] LogOutputStream:75 - [STDERR_REDIRECT] 
2026-05-04 13:34:16,304 [ERROR] LogOutputStream:75 - [STDERR_REDIRECT] [Fatal Error] :1:1: Premature end of file.
2026-05-04 13:34:16,304 [ERROR] LogOutputStream:75 - [STDERR_REDIRECT] 
2026-05-04 13:34:17,305 [ERROR] LogOutputStream:75 - [STDERR_REDIRECT] [Fatal Error] :1:1: Premature end of file.
2026-05-04 13:34:17,305 [ERROR] LogOutputStream:75 - [STDERR_REDIRECT] 
2026-05-04 13:34:18,302 [ERROR] LogOutputStream:75 - [STDERR_REDIRECT] [Fatal Error] :1:1: Premature end of file.
2026-05-04 13:34:18,302 [ERROR] LogOutputStream:75 - [STDERR_REDIRECT] 
2026-05-04 13:34:19,305 [ERROR] LogOutputStream:75 - [STDERR_REDIRECT] [Fatal Error] :1:1: Premature end of file.
2026-05-04 13:34:19,305 [ERROR] LogOutputStream:75 - [STDERR_REDIRECT] 
2026-05-04 13:34:20,316 [ERROR] LogOutputStream:75 - [STDERR_REDIRECT] [Fatal Error] :1:1: Premature end of file.
2026-05-04 13:34:20,316 [ERROR] LogOutputStream:75 - [STDERR_REDIRECT] 
2026-05-04 13:34:21,295 [ERROR] LogOutputStream:75 - [STDERR_REDIRECT] [Fatal Error] :1:1: Premature end of file.
2026-05-04 13:34:21,295 [ERROR] LogOutputStream:75 - [STDERR_REDIRECT] 
2026-05-04 13:34:22,304 [ERROR] LogOutputStream:75 - [STDERR_REDIRECT] [Fatal Error] :1:1: Premature end of file.
2026-05-04 13:34:22,304 [ERROR] LogOutputStream:75 - [STDERR_REDIRECT] 
2026-05-04 13:34:23,296 [ERROR] LogOutputStream:75 - [STDERR_REDIRECT] [Fatal Error] :1:1: Premature end of file.
2026-05-04 13:34:23,296 [ERROR] LogOutputStream:75 - [STDERR_REDIRECT] 
2026-05-04 13:34:24,308 [ERROR] LogOutputStream:75 - [STDERR_REDIRECT] [Fatal Error] :1:1: Premature end of file.
2026-05-04 13:34:24,308 [ERROR] LogOutputStream:75 - [STDERR_REDIRECT] 
2026-05-04 13:34:25,295 [ERROR] LogOutputStream:75 - [STDERR_REDIRECT] [Fatal Error] :1:1: Premature end of file.
2026-05-04 13:34:25,295 [ERROR] LogOutputStream:75 - [STDERR_REDIRECT] 
2026-05-04 13:34:26,298 [ERROR] LogOutputStream:75 - [STDERR_REDIRECT] [Fatal Error] :1:1: Premature end of file.
2026-05-04 13:34:26,298 [ERROR] LogOutputStream:75 - [STDERR_REDIRECT] 
2026-05-04 13:34:27,305 [ERROR] LogOutputStream:75 - [STDERR_REDIRECT] [Fatal Error] :1:1: Premature end of file.
2026-05-04 13:34:27,305 [ERROR] LogOutputStream:75 - [STDERR_REDIRECT] 
2026-05-04 13:34:28,312 [ERROR] LogOutputStream:75 - [STDERR_REDIRECT] [Fatal Error] :1:1: Premature end of file.
2026-05-04 13:34:28,312 [ERROR] LogOutputStream:75 - [STDERR_REDIRECT] 
2026-05-04 13:34:29,313 [ERROR] LogOutputStream:75 - [STDERR_REDIRECT] [Fatal Error] :1:1: Premature end of file.
2026-05-04 13:34:29,313 [ERROR] LogOutputStream:75 - [STDERR_REDIRECT] 
2026-05-04 13:34:30,313 [ERROR] LogOutputStream:75 - [STDERR_REDIRECT] [Fatal Error] :1:1: Premature end of file.
2026-05-04 13:34:30,313 [ERROR] LogOutputStream:75 - [STDERR_REDIRECT] 
2026-05-04 13:34:31,312 [ERROR] LogOutputStream:75 - [STDERR_REDIRECT] [Fatal Error] :1:1: Premature end of file.
2026-05-04 13:34:31,312 [ERROR] LogOutputStream:75 - [STDERR_REDIRECT] 
2026-05-04 13:34:32,307 [ERROR] LogOutputStream:75 - [STDERR_REDIRECT] [Fatal Error] :1:1: Premature end of file.
2026-05-04 13:34:32,307 [ERROR] LogOutputStream:75 - [STDERR_REDIRECT] 
2026-05-04 13:34:33,316 [ERROR] LogOutputStream:75 - [STDERR_REDIRECT] [Fatal Error] :1:1: Premature end of file.
2026-05-04 13:34:33,316 [ERROR] LogOutputStream:75 - [STDERR_REDIRECT] 
2026-05-04 13:34:34,309 [ERROR] LogOutputStream:75 - [STDERR_REDIRECT] [Fatal Error] :1:1: Premature end of file.
2026-05-04 13:34:34,309 [ERROR] LogOutputStream:75 - [STDERR_REDIRECT] 
2026-05-04 13:34:35,316 [ERROR] LogOutputStream:75 - [STDERR_REDIRECT] [Fatal Error] :1:1: Premature end of file.
2026-05-04 13:34:35,316 [ERROR] LogOutputStream:75 - [STDERR_REDIRECT] 
2026-05-04 13:34:36,314 [ERROR] LogOutputStream:75 - [STDERR_REDIRECT] [Fatal Error] :1:1: Premature end of file.
2026-05-04 13:34:36,314 [ERROR] LogOutputStream:75 - [STDERR_REDIRECT] 
2026-05-04 13:34:37,316 [ERROR] LogOutputStream:75 - [STDERR_REDIRECT] [Fatal Error] :1:1: Premature end of file.
2026-05-04 13:34:37,316 [ERROR] LogOutputStream:75 - [STDERR_REDIRECT] 
2026-05-04 13:34:38,327 [ERROR] LogOutputStream:75 - [STDERR_REDIRECT] [Fatal Error] :1:1: Premature end of file.
2026-05-04 13:34:38,327 [ERROR] LogOutputStream:75 - [STDERR_REDIRECT] 
2026-05-04 13:34:39,312 [ERROR] LogOutputStream:75 - [STDERR_REDIRECT] [Fatal Error] :1:1: Premature end of file.
2026-05-04 13:34:39,312 [ERROR] LogOutputStream:75 - [STDERR_REDIRECT] 
2026-05-04 13:34:40,320 [ERROR] LogOutputStream:75 - [STDERR_REDIRECT] [Fatal Error] :1:1: Premature end of file.
2026-05-04 13:34:40,320 [ERROR] LogOutputStream:75 - [STDERR_REDIRECT] 
2026-05-04 13:34:41,305 [ERROR] LogOutputStream:75 - [STDERR_REDIRECT] [Fatal Error] :1:1: Premature end of file.
2026-05-04 13:34:41,305 [ERROR] LogOutputStream:75 - [STDERR_REDIRECT] 
2026-05-04 13:34:42,311 [ERROR] LogOutputStream:75 - [STDERR_REDIRECT] [Fatal Error] :1:1: Premature end of file.
2026-05-04 13:34:42,311 [ERROR] LogOutputStream:75 - [STDERR_REDIRECT] 
2026-05-04 13:34:43,301 [ERROR] LogOutputStream:75 - [STDERR_REDIRECT] [Fatal Error] :1:1: Premature end of file.
2026-05-04 13:34:43,301 [ERROR] LogOutputStream:75 - [STDERR_REDIRECT] 
2026-05-04 13:34:44,310 [ERROR] LogOutputStream:75 - [STDERR_REDIRECT] [Fatal Error] :1:1: Premature end of file.
2026-05-04 13:34:44,310 [ERROR] LogOutputStream:75 - [STDERR_REDIRECT] 
2026-05-04 13:34:45,322 [ERROR] LogOutputStream:75 - [STDERR_REDIRECT] [Fatal Error] :1:1: Premature end of file.
2026-05-04 13:34:45,322 [ERROR] LogOutputStream:75 - [STDERR_REDIRECT] 
2026-05-04 13:34:46,308 [ERROR] LogOutputStream:75 - [STDERR_REDIRECT] [Fatal Error] :1:1: Premature end of file.
2026-05-04 13:34:46,308 [ERROR] LogOutputStream:75 - [STDERR_REDIRECT] 
2026-05-04 13:34:47,311 [ERROR] LogOutputStream:75 - [STDERR_REDIRECT] [Fatal Error] :1:1: Premature end of file.
2026-05-04 13:34:47,311 [ERROR] LogOutputStream:75 - [STDERR_REDIRECT] 
2026-05-04 13:34:48,305 [ERROR] LogOutputStream:75 - [STDERR_REDIRECT] [Fatal Error] :1:1: Premature end of file.
2026-05-04 13:34:48,305 [ERROR] LogOutputStream:75 - [STDERR_REDIRECT] 
2026-05-04 13:34:49,297 [ERROR] LogOutputStream:75 - [STDERR_REDIRECT] [Fatal Error] :1:1: Premature end of file.
2026-05-04 13:34:49,297 [ERROR] LogOutputStream:75 - [STDERR_REDIRECT] 
2026-05-04 13:34:50,309 [ERROR] LogOutputStream:75 - [STDERR_REDIRECT] [Fatal Error] :1:1: Premature end of file.
2026-05-04 13:34:50,309 [ERROR] LogOutputStream:75 - [STDERR_REDIRECT] 
2026-05-04 13:34:51,310 [ERROR] LogOutputStream:75 - [STDERR_REDIRECT] [Fatal Error] :1:1: Premature end of file.
2026-05-04 13:34:51,310 [ERROR] LogOutputStream:75 - [STDERR_REDIRECT] 
2026-05-04 13:34:52,326 [ERROR] LogOutputStream:75 - [STDERR_REDIRECT] [Fatal Error] :1:1: Premature end of file.
2026-05-04 13:34:52,326 [ERROR] LogOutputStream:75 - [STDERR_REDIRECT] 
2026-05-04 13:34:53,325 [ERROR] LogOutputStream:75 - [STDERR_REDIRECT] [Fatal Error] :1:1: Premature end of file.
2026-05-04 13:34:53,325 [ERROR] LogOutputStream:75 - [STDERR_REDIRECT] 
2026-05-04 13:34:54,307 [ERROR] LogOutputStream:75 - [STDERR_REDIRECT] [Fatal Error] :1:1: Premature end of file.
2026-05-04 13:34:54,307 [ERROR] LogOutputStream:75 - [STDERR_REDIRECT] 
2026-05-04 13:34:55,322 [ERROR] LogOutputStream:75 - [STDERR_REDIRECT] [Fatal Error] :1:1: Premature end of file.
2026-05-04 13:34:55,322 [ERROR] LogOutputStream:75 - [STDERR_REDIRECT] 
2026-05-04 13:34:56,305 [ERROR] LogOutputStream:75 - [STDERR_REDIRECT] [Fatal Error] :1:1: Premature end of file.
2026-05-04 13:34:56,305 [ERROR] LogOutputStream:75 - [STDERR_REDIRECT] 
2026-05-04 13:34:57,305 [ERROR] LogOutputStream:75 - [STDERR_REDIRECT] [Fatal Error] :1:1: Premature end of file.
2026-05-04 13:34:57,306 [ERROR] LogOutputStream:75 - [STDERR_REDIRECT] 
2026-05-04 13:34:58,312 [ERROR] LogOutputStream:75 - [STDERR_REDIRECT] [Fatal Error] :1:1: Premature end of file.
2026-05-04 13:34:58,312 [ERROR] LogOutputStream:75 - [STDERR_REDIRECT] 
2026-05-04 13:34:58,938 [ERROR] LogOutputStream:75 - [STDERR_REDIRECT] 
2026-05-04 13:34:58,939 [ERROR] LogOutputStream:75 - [STDERR_REDIRECT] 
2026-05-04 13:58:05,097 [INFO] Activator:176 - 


2026-05-04 13:58:05,097 [INFO] Activator:177 - !SESSION log4j initialized
2026-05-04 13:58:09,459 [INFO] LogOutputStream:77 - [STDOUT_REDIRECT] 
2026-05-04 13:58:10,182 [INFO] ApplicationProperties:184 - Using Application install path: C:\ST\STM32CubeIDE_1.19.0\STM32CubeIDE\plugins\com.st.stm32cube.common.mx_6.15.0.202507011659
2026-05-04 13:58:10,195 [INFO] DbMcusXml:78 - Set database path to: C:\ST\STM32CubeIDE_1.19.0\STM32CubeIDE\plugins\com.st.stm32cube.common.mx_6.15.0.202507011659\\db\/mcu/
2026-05-04 13:58:10,196 [INFO] ApiDb:274 - Set plugin database path to: C:\ST\STM32CubeIDE_1.19.0\STM32CubeIDE\plugins\com.st.stm32cube.common.mx_6.15.0.202507011659\\db\/plugins/boardmanager/
2026-05-04 13:58:10,196 [WARN] ApiDb:259 - Overriding images path with different value:  => C:\ST\STM32CubeIDE_1.19.0\STM32CubeIDE\plugins\com.st.stm32cube.common.mx_6.15.0.202507011659\\db\/plugins/mcufinder/images/
2026-05-04 13:58:10,199 [INFO] ApiDb:250 - Set database path to: C:\Users\santi\.stmcufinder\plugins\mcufinder//mcu/
2026-05-04 13:58:10,200 [INFO] DbMcusAds:125 - Set database path to: C:\Users\santi\.stmcufinder\plugins\mcufinder//mcu/
2026-05-04 13:58:10,202 [INFO] CrossReferenceDbSqlite:203 - Set database path to: C:\Users\santi\.stmcufinder\plugins\mcufinder//mcu/cs/
2026-05-04 13:58:10,293 [INFO] RulesReader:64 - Compatibility file has been processed (317 Rules)
2026-05-04 13:58:10,342 [INFO] DbMcusXml:78 - Set database path to: C:\ST\STM32CubeIDE_1.19.0\STM32CubeIDE\plugins\com.st.stm32cube.common.mx_6.15.0.202507011659\\db\/mcu/
2026-05-04 13:58:10,343 [INFO] ApiDb:274 - Set plugin database path to: C:\ST\STM32CubeIDE_1.19.0\STM32CubeIDE\plugins\com.st.stm32cube.common.mx_6.15.0.202507011659\\db\/plugins/boardmanager/
2026-05-04 13:58:10,343 [INFO] ApiDb:261 - Set plugin images path to: C:\ST\STM32CubeIDE_1.19.0\STM32CubeIDE\plugins\com.st.stm32cube.common.mx_6.15.0.202507011659\\db\/plugins/mcufinder/images/
2026-05-04 13:58:10,343 [WARN] DbFile:41 - Overriding database path with different value: C:\Users\santi\.stmcufinder\plugins\mcufinder/ => C:\Users\santi\.stmcufinder\plugins\mcufinder
2026-05-04 13:58:10,343 [INFO] ApiDb:250 - Set database path to: C:\Users\santi\.stmcufinder\plugins\mcufinder//mcu/
2026-05-04 13:58:10,343 [WARN] DbFile:41 - Overriding database path with different value: C:\Users\santi\.stmcufinder\plugins\mcufinder/ => C:\Users\santi\.stmcufinder\plugins\mcufinder
2026-05-04 13:58:10,343 [INFO] DbMcusAds:125 - Set database path to: C:\Users\santi\.stmcufinder\plugins\mcufinder//mcu/
2026-05-04 13:58:10,343 [WARN] DbFile:41 - Overriding database path with different value: C:\Users\santi\.stmcufinder\plugins\mcufinder/ => C:\Users\santi\.stmcufinder\plugins\mcufinder
2026-05-04 13:58:10,343 [WARN] DbFile:41 - Overriding database path with different value: C:\Users\santi\.stmcufinder\plugins\mcufinder/ => C:\Users\santi\.stmcufinder\plugins\mcufinder
2026-05-04 13:58:10,344 [INFO] CrossReferenceDbSqlite:203 - Set database path to: C:\Users\santi\.stmcufinder\plugins\mcufinder//mcu/cs/
2026-05-04 13:58:10,389 [INFO] MainPanel:274 - HeapMemory: 268435456
2026-05-04 13:58:10,444 [INFO] DbMcusXml:78 - Set database path to: C:\ST\STM32CubeIDE_1.19.0\STM32CubeIDE\plugins\com.st.stm32cube.common.mx_6.15.0.202507011659\\db\/mcu/
2026-05-04 13:58:10,444 [INFO] ApiDb:274 - Set plugin database path to: C:\ST\STM32CubeIDE_1.19.0\STM32CubeIDE\plugins\com.st.stm32cube.common.mx_6.15.0.202507011659\\db\/plugins/boardmanager/
2026-05-04 13:58:10,444 [INFO] ApiDb:261 - Set plugin images path to: C:\ST\STM32CubeIDE_1.19.0\STM32CubeIDE\plugins\com.st.stm32cube.common.mx_6.15.0.202507011659\\db\/plugins/mcufinder/images/
2026-05-04 13:58:10,444 [WARN] DbFile:41 - Overriding database path with different value: C:\Users\santi\.stmcufinder\plugins\mcufinder/ => C:\Users\santi\.stmcufinder\plugins\mcufinder
2026-05-04 13:58:10,445 [INFO] ApiDb:250 - Set database path to: C:\Users\santi\.stmcufinder\plugins\mcufinder//mcu/
2026-05-04 13:58:10,445 [WARN] DbFile:41 - Overriding database path with different value: C:\Users\santi\.stmcufinder\plugins\mcufinder/ => C:\Users\santi\.stmcufinder\plugins\mcufinder
2026-05-04 13:58:10,445 [INFO] DbMcusAds:125 - Set database path to: C:\Users\santi\.stmcufinder\plugins\mcufinder//mcu/
2026-05-04 13:58:10,445 [WARN] DbFile:41 - Overriding database path with different value: C:\Users\santi\.stmcufinder\plugins\mcufinder/ => C:\Users\santi\.stmcufinder\plugins\mcufinder
2026-05-04 13:58:10,445 [WARN] DbFile:41 - Overriding database path with different value: C:\Users\santi\.stmcufinder\plugins\mcufinder/ => C:\Users\santi\.stmcufinder\plugins\mcufinder
2026-05-04 13:58:10,445 [INFO] CrossReferenceDbSqlite:203 - Set database path to: C:\Users\santi\.stmcufinder\plugins\mcufinder//mcu/cs/
2026-05-04 13:58:10,456 [INFO] ApplicationProperties:184 - Using Application install path: C:\ST\STM32CubeIDE_1.19.0\STM32CubeIDE\plugins\com.st.stm32cube.common.mx_6.15.0.202507011659
2026-05-04 13:58:10,458 [INFO] PluginManage:196 - Search for loadable plugins [exclusion list=, ]
2026-05-04 13:58:10,459 [INFO] PluginManage:310 - Check plugin analytics
2026-05-04 13:58:10,584 [INFO] AnalyticsPlugin:253 - Accepted Software Licenses: 
2026-05-04 13:58:10,584 [INFO] AnalyticsPlugin:255 - Accepted CMSIS Pack Licenses: 
2026-05-04 13:58:10,585 [INFO] AnalyticsPlugin:257 - Accepted Firmware Licenses: 
2026-05-04 13:58:10,587 [INFO] PluginManage:359 - Loaded plugin analytics (category:tool,tabindex:-1)
2026-05-04 13:58:10,587 [INFO] PluginManage:310 - Check plugin cadmodel
2026-05-04 13:58:10,591 [INFO] CADModel:105 - Init CAD model plugin
2026-05-04 13:58:10,591 [INFO] PluginManage:359 - Loaded plugin cadmodel (category:power,tabindex:5)
2026-05-04 13:58:10,591 [INFO] PluginManage:310 - Check plugin clock
2026-05-04 13:58:10,598 [INFO] PluginManage:359 - Loaded plugin clock (category:base,tabindex:2)
2026-05-04 13:58:10,598 [INFO] PluginManage:310 - Check plugin ddr
2026-05-04 13:58:10,600 [INFO] PluginManage:359 - Loaded plugin ddr (category:tool,tabindex:6)
2026-05-04 13:58:10,600 [INFO] PluginManage:310 - Check plugin filemanager
2026-05-04 13:58:10,706 [INFO] PluginManage:359 - Loaded plugin filemanager (category:base,tabindex:10)
2026-05-04 13:58:10,706 [INFO] PluginManage:310 - Check plugin ipmanager
2026-05-04 13:58:10,710 [INFO] PluginManage:359 - Loaded plugin ipmanager (category:base,tabindex:5)
2026-05-04 13:58:10,711 [INFO] PluginManage:310 - Check plugin lpbam
2026-05-04 13:58:10,718 [INFO] PluginManage:359 - Loaded plugin lpbam (category:base,tabindex:0)
2026-05-04 13:58:10,718 [INFO] PluginManage:310 - Check plugin memorymap
2026-05-04 13:58:10,726 [INFO] PluginManage:359 - Loaded plugin memorymap (category:base,tabindex:4)
2026-05-04 13:58:10,726 [INFO] PluginManage:310 - Check plugin pinoutandconfiguration
2026-05-04 13:58:10,731 [INFO] PluginManage:359 - Loaded plugin pinoutandconfiguration (category:base,tabindex:1)
2026-05-04 13:58:10,731 [INFO] PluginManage:310 - Check plugin pinoutconfig
2026-05-04 13:58:10,797 [WARN] SupportedApi:132 - Cannot load RTOS API schema: s4s-elt-must-match.1: The content of 'definitions' must match (annotation?, (simpleType | complexType)?, (unique | key | keyref)*)). A problem was found starting at: attribute.
2026-05-04 13:58:10,884 [INFO] PluginManage:359 - Loaded plugin pinoutconfig (category:base,tabindex:0)
2026-05-04 13:58:10,884 [INFO] PluginManage:310 - Check plugin power
2026-05-04 13:58:10,890 [INFO] PluginManage:359 - Loaded plugin power (category:power,tabindex:4)
2026-05-04 13:58:10,890 [INFO] PluginManage:310 - Check plugin projectmanager
2026-05-04 13:58:10,903 [INFO] PluginManage:359 - Loaded plugin projectmanager (category:projectmanager,tabindex:4)
2026-05-04 13:58:10,903 [INFO] PluginManage:310 - Check plugin rif
2026-05-04 13:58:10,912 [INFO] PluginManage:359 - Loaded plugin rif (category:base,tabindex:3)
2026-05-04 13:58:10,913 [INFO] PluginManage:310 - Check plugin thirdparty
2026-05-04 13:58:11,011 [INFO] PluginManage:359 - Loaded plugin thirdparty (category:base,tabindex:-1)
2026-05-04 13:58:11,011 [INFO] PluginManage:310 - Check plugin tools
2026-05-04 13:58:11,011 [WARN] IntegrityCheckThread:84 - waiting for thirdparty lock release [integrity check]
2026-05-04 13:58:11,011 [INFO] IntegrityCheckThread:86 - entering critical section [integrity check]
2026-05-04 13:58:11,011 [INFO] ThirdPartyUpdaterWithRetryManager:70 - Updater plugin not ready yet. [1/15]
2026-05-04 13:58:11,013 [INFO] PluginManage:359 - Loaded plugin tools (category:base,tabindex:7)
2026-05-04 13:58:11,013 [INFO] PluginManage:310 - Check plugin tutovideos
2026-05-04 13:58:11,132 [INFO] PluginManage:359 - Loaded plugin tutovideos (category:base,tabindex:-1)
2026-05-04 13:58:11,132 [INFO] PluginManage:310 - Check plugin updater
2026-05-04 13:58:11,149 [INFO] PluginManage:359 - Loaded plugin updater (category:base,tabindex:12)
2026-05-04 13:58:11,149 [INFO] PluginManage:310 - Check plugin userauth
2026-05-04 13:58:11,152 [INFO] UserAuth:118 - Init User Auth plugin
2026-05-04 13:58:11,154 [INFO] PluginManage:359 - Loaded plugin userauth (category:base,tabindex:14)
2026-05-04 13:58:11,154 [INFO] PluginManage:283 - PluginManage : Loaded plugins [18]
2026-05-04 13:58:11,309 [INFO] PinOutPanel:1589 - setPackage(No Configuration,No Configuration)
2026-05-04 13:58:11,368 [INFO] CADModel:165 - CPN selected for project level
2026-05-04 13:58:11,368 [INFO] CADModel:114 - Register for checkConnection events
2026-05-04 13:58:11,382 [INFO] IPUIPlugin:80 - create IPUIPlugin
2026-05-04 13:58:11,382 [INFO] PluginManager:220 - loadIPPluginJar : add adc
2026-05-04 13:58:11,384 [INFO] IPUIPlugin:80 - create IPUIPlugin
2026-05-04 13:58:11,384 [INFO] PluginManager:220 - loadIPPluginJar : add aes
2026-05-04 13:58:11,386 [INFO] IPUIPlugin:80 - create IPUIPlugin
2026-05-04 13:58:11,386 [INFO] PluginManager:220 - loadIPPluginJar : add can
2026-05-04 13:58:11,387 [INFO] IPUIPlugin:80 - create IPUIPlugin
2026-05-04 13:58:11,388 [INFO] PluginManager:220 - loadIPPluginJar : add comp
2026-05-04 13:58:11,389 [INFO] IPUIPlugin:80 - create IPUIPlugin
2026-05-04 13:58:11,389 [INFO] PluginManager:220 - loadIPPluginJar : add cryp
2026-05-04 13:58:11,390 [INFO] IPUIPlugin:80 - create IPUIPlugin
2026-05-04 13:58:11,390 [INFO] PluginManager:220 - loadIPPluginJar : add ddr_ctrl_phy
2026-05-04 13:58:11,393 [INFO] IPUIPlugin:80 - create IPUIPlugin
2026-05-04 13:58:11,393 [INFO] PluginManager:220 - loadIPPluginJar : add dfsdm
2026-05-04 13:58:11,399 [INFO] IPUIPlugin:80 - create IPUIPlugin
2026-05-04 13:58:11,399 [INFO] PluginManager:220 - loadIPPluginJar : add dma
2026-05-04 13:58:11,402 [INFO] IPUIPlugin:80 - create IPUIPlugin
2026-05-04 13:58:11,402 [INFO] PluginManager:220 - loadIPPluginJar : add dma3
2026-05-04 13:58:11,404 [INFO] IPUIPlugin:80 - create IPUIPlugin
2026-05-04 13:58:11,404 [INFO] PluginManager:220 - loadIPPluginJar : add extmemmanager
2026-05-04 13:58:11,405 [INFO] IPUIPlugin:80 - create IPUIPlugin
2026-05-04 13:58:11,405 [INFO] PluginManager:220 - loadIPPluginJar : add fatfs
2026-05-04 13:58:11,408 [INFO] IPUIPlugin:80 - create IPUIPlugin
2026-05-04 13:58:11,408 [INFO] PluginManager:220 - loadIPPluginJar : add fmc
2026-05-04 13:58:11,412 [INFO] IPUIPlugin:80 - create IPUIPlugin
2026-05-04 13:58:11,412 [INFO] PluginManager:220 - loadIPPluginJar : add freertos
2026-05-04 13:58:11,413 [INFO] IPUIPlugin:80 - create IPUIPlugin
2026-05-04 13:58:11,413 [INFO] PluginManager:220 - loadIPPluginJar : add genericplugin
2026-05-04 13:58:11,415 [INFO] IPUIPlugin:80 - create IPUIPlugin
2026-05-04 13:58:11,415 [INFO] PluginManager:220 - loadIPPluginJar : add gfxmmu
2026-05-04 13:58:11,419 [INFO] IPUIPlugin:80 - create IPUIPlugin
2026-05-04 13:58:11,419 [INFO] PluginManager:220 - loadIPPluginJar : add gic
2026-05-04 13:58:11,422 [INFO] IPUIPlugin:80 - create IPUIPlugin
2026-05-04 13:58:11,422 [INFO] PluginManager:220 - loadIPPluginJar : add gpio
2026-05-04 13:58:11,424 [INFO] IPUIPlugin:80 - create IPUIPlugin
2026-05-04 13:58:11,424 [INFO] PluginManager:220 - loadIPPluginJar : add gtzc
2026-05-04 13:58:11,426 [INFO] IPUIPlugin:80 - create IPUIPlugin
2026-05-04 13:58:11,426 [INFO] PluginManager:220 - loadIPPluginJar : add hash
2026-05-04 13:58:11,428 [INFO] IPUIPlugin:80 - create IPUIPlugin
2026-05-04 13:58:11,428 [INFO] PluginManager:220 - loadIPPluginJar : add i2c
2026-05-04 13:58:11,430 [INFO] IPUIPlugin:80 - create IPUIPlugin
2026-05-04 13:58:11,430 [INFO] PluginManager:220 - loadIPPluginJar : add i2s
2026-05-04 13:58:11,431 [INFO] IPUIPlugin:80 - create IPUIPlugin
2026-05-04 13:58:11,432 [INFO] PluginManager:220 - loadIPPluginJar : add i3c
2026-05-04 13:58:11,433 [INFO] IPUIPlugin:80 - create IPUIPlugin
2026-05-04 13:58:11,433 [INFO] PluginManager:220 - loadIPPluginJar : add ipddr
2026-05-04 13:58:11,439 [INFO] IPUIPlugin:80 - create IPUIPlugin
2026-05-04 13:58:11,439 [INFO] PluginManager:220 - loadIPPluginJar : add linkedlist
2026-05-04 13:58:11,443 [INFO] IPUIPlugin:80 - create IPUIPlugin
2026-05-04 13:58:11,443 [INFO] PluginManager:220 - loadIPPluginJar : add lorawan
2026-05-04 13:58:11,444 [INFO] IPUIPlugin:80 - create IPUIPlugin
2026-05-04 13:58:11,444 [INFO] PluginManager:220 - loadIPPluginJar : add ltdc
2026-05-04 13:58:11,449 [INFO] IPUIPlugin:80 - create IPUIPlugin
2026-05-04 13:58:11,449 [INFO] PluginManager:220 - loadIPPluginJar : add mdma
2026-05-04 13:58:11,451 [INFO] IPUIPlugin:80 - create IPUIPlugin
2026-05-04 13:58:11,451 [INFO] PluginManager:220 - loadIPPluginJar : add nvic
2026-05-04 13:58:11,453 [INFO] IPUIPlugin:80 - create IPUIPlugin
2026-05-04 13:58:11,453 [INFO] PluginManager:220 - loadIPPluginJar : add opamp
2026-05-04 13:58:11,455 [INFO] IPUIPlugin:80 - create IPUIPlugin
2026-05-04 13:58:11,455 [INFO] PluginManager:220 - loadIPPluginJar : add openamp
2026-05-04 13:58:11,457 [INFO] IPUIPlugin:80 - create IPUIPlugin
2026-05-04 13:58:11,458 [INFO] PluginManager:220 - loadIPPluginJar : add pdm2pcm
2026-05-04 13:58:11,462 [INFO] IPUIPlugin:80 - create IPUIPlugin
2026-05-04 13:58:11,464 [INFO] PluginManager:220 - loadIPPluginJar : add plateformsettings
2026-05-04 13:58:11,465 [INFO] IPUIPlugin:80 - create IPUIPlugin
2026-05-04 13:58:11,465 [INFO] PluginManager:220 - loadIPPluginJar : add quadspi
2026-05-04 13:58:11,466 [INFO] IPUIPlugin:80 - create IPUIPlugin
2026-05-04 13:58:11,467 [INFO] PluginManager:220 - loadIPPluginJar : add radio
2026-05-04 13:58:11,469 [INFO] IPUIPlugin:80 - create IPUIPlugin
2026-05-04 13:58:11,469 [INFO] PluginManager:220 - loadIPPluginJar : add resmgrutility
2026-05-04 13:58:11,471 [INFO] IPUIPlugin:80 - create IPUIPlugin
2026-05-04 13:58:11,472 [INFO] PluginManager:220 - loadIPPluginJar : add sai
2026-05-04 13:58:11,473 [INFO] IPUIPlugin:80 - create IPUIPlugin
2026-05-04 13:58:11,474 [INFO] PluginManager:220 - loadIPPluginJar : add spi
2026-05-04 13:58:11,478 [INFO] IPUIPlugin:80 - create IPUIPlugin
2026-05-04 13:58:11,478 [INFO] PluginManager:220 - loadIPPluginJar : add stm32_wpan
2026-05-04 13:58:11,480 [INFO] IPUIPlugin:80 - create IPUIPlugin
2026-05-04 13:58:11,480 [INFO] PluginManager:220 - loadIPPluginJar : add tim
2026-05-04 13:58:11,482 [INFO] IPUIPlugin:80 - create IPUIPlugin
2026-05-04 13:58:11,482 [INFO] PluginManager:220 - loadIPPluginJar : add touchsensing
2026-05-04 13:58:11,484 [INFO] IPUIPlugin:80 - create IPUIPlugin
2026-05-04 13:58:11,484 [INFO] PluginManager:220 - loadIPPluginJar : add tracer_emb
2026-05-04 13:58:11,485 [INFO] IPUIPlugin:80 - create IPUIPlugin
2026-05-04 13:58:11,485 [INFO] PluginManager:220 - loadIPPluginJar : add ts
2026-05-04 13:58:11,486 [INFO] IPUIPlugin:80 - create IPUIPlugin
2026-05-04 13:58:11,486 [INFO] PluginManager:220 - loadIPPluginJar : add tsc
2026-05-04 13:58:11,487 [INFO] IPUIPlugin:80 - create IPUIPlugin
2026-05-04 13:58:11,487 [INFO] PluginManager:220 - loadIPPluginJar : add ucpd
2026-05-04 13:58:11,488 [INFO] IPUIPlugin:80 - create IPUIPlugin
2026-05-04 13:58:11,489 [INFO] PluginManager:220 - loadIPPluginJar : add usart
2026-05-04 13:58:11,491 [INFO] IPUIPlugin:80 - create IPUIPlugin
2026-05-04 13:58:11,491 [INFO] PluginManager:220 - loadIPPluginJar : add usbx
2026-05-04 13:58:11,601 [FATAL] Updater:351 - Updater called before beeing initialized
2026-05-04 13:58:11,634 [INFO] RulesReader:64 - Compatibility file has been processed (317 Rules)
2026-05-04 13:58:11,643 [INFO] RulesReader:64 - Compatibility file has been processed (317 Rules)
2026-05-04 13:58:11,649 [INFO] CADModel:165 - CPN selected for project level
2026-05-04 13:58:11,649 [INFO] CADModel:114 - Register for checkConnection events
2026-05-04 13:58:11,649 [FATAL] Updater:351 - Updater called before beeing initialized
2026-05-04 13:58:11,649 [ERROR] CADModel:125 - Updater not yet initialized, retry later 
2026-05-04 13:58:11,754 [FATAL] Updater:351 - Updater called before beeing initialized
2026-05-04 13:58:11,755 [INFO] CADModel:165 - CPN selected for project level
2026-05-04 13:58:11,755 [INFO] CADModel:114 - Register for checkConnection events
2026-05-04 13:58:11,755 [FATAL] Updater:351 - Updater called before beeing initialized
2026-05-04 13:58:11,755 [ERROR] CADModel:125 - Updater not yet initialized, retry later 
2026-05-04 13:58:11,758 [FATAL] Updater:351 - Updater called before beeing initialized
2026-05-04 13:58:11,845 [FATAL] Updater:351 - Updater called before beeing initialized
2026-05-04 13:58:11,849 [INFO] DbMcusAds:53 - JSON generation date=Thu Sep 30 03:55:09 ART 2021 (1632984909247)
2026-05-04 13:58:11,849 [FATAL] Updater:351 - Updater called before beeing initialized
2026-05-04 13:58:11,875 [WARN] DetailPanel:346 - Failed to get advertising image, set to default
2026-05-04 13:58:11,935 [FATAL] Updater:351 - Updater called before beeing initialized
2026-05-04 13:58:11,936 [FATAL] Updater:351 - Updater called before beeing initialized
2026-05-04 13:58:11,936 [FATAL] Updater:351 - Updater called before beeing initialized
2026-05-04 13:58:11,937 [WARN] DetailPanel:346 - Failed to get advertising image, set to default
2026-05-04 13:58:11,937 [FATAL] Updater:351 - Updater called before beeing initialized
2026-05-04 13:58:11,966 [ERROR] Updater:1198 - MainUpdater not yet initialized. External WinMGr cannot be set.
2026-05-04 13:58:11,968 [INFO] Updater:1134 - Updater Version found : 6.15.0
2026-05-04 13:58:11,978 [INFO] ApplicationProperties:184 - Using Application install path: C:\ST\STM32CubeIDE_1.19.0\STM32CubeIDE\plugins\com.st.stm32cube.common.mx_6.15.0.202507011659
2026-05-04 13:58:13,549 [ERROR] LogOutputStream:75 - [STDERR_REDIRECT] May 04, 2026 1:58:13 PM java.util.prefs.WindowsPreferences <init>
2026-05-04 13:58:13,550 [ERROR] LogOutputStream:75 - [STDERR_REDIRECT] WARNING: Could not open/create prefs root node Software\JavaSoft\Prefs at root 0xffffffff80000002. Windows RegCreateKeyEx(...) returned error code 5.
2026-05-04 13:58:13,550 [ERROR] LogOutputStream:75 - [STDERR_REDIRECT] 
2026-05-04 13:58:14,014 [INFO] ThirdPartyUpdaterWithRetryManager:70 - Updater plugin not ready yet. [2/15]
2026-05-04 13:58:14,039 [INFO] MainUpdater:2872 - connection check result : 10
2026-05-04 13:58:14,040 [INFO] MainUpdater:289 - Updater Check For Update Now.
2026-05-04 13:58:14,040 [INFO] MicroXplorer:498 - Change Database Version : DB.6.0.150
2026-05-04 13:58:14,046 [INFO] McuFinderGlobals:63 - Set McuFinder mode to 2 (CubeIDE integrated)
2026-05-04 13:58:14,046 [INFO] UserAuth:171 - activating auth plugin
2026-05-04 13:58:14,048 [INFO] UserAuth:487 - Internet connection configuration mode: 1
2026-05-04 13:58:14,062 [INFO] JxBrowserEngine:152 - Initiate JxBrowser Engine with user profile folder
2026-05-04 13:58:14,204 [INFO] CheckServerUpdateThread:120 - End of CheckServer Thread
2026-05-04 13:58:14,946 [INFO] WebApp:169 - Instantiating new browser for Auth
2026-05-04 13:58:15,440 [INFO] WebApp:463 - Apply proxy settings
2026-05-04 13:58:15,441 [INFO] WebApp:548 - Chromium requires no authentication
2026-05-04 13:58:15,450 [INFO] WebApp:491 - Direct internet connection detected
2026-05-04 13:58:15,470 [INFO] WebApp:900 - Register for checkConnection events
2026-05-04 13:58:15,471 [INFO] WebApp:463 - Apply proxy settings
2026-05-04 13:58:15,471 [INFO] WebApp:548 - Chromium requires no authentication
2026-05-04 13:58:15,471 [INFO] WebApp:491 - Direct internet connection detected
2026-05-04 13:58:15,589 [INFO] WebApp:225 - Starting web application
2026-05-04 13:58:15,589 [INFO] WebApp:593 - Web application path used C:\ST\STM32CubeIDE_1.19.0\STM32CubeIDE\plugins\com.st.stm32cube.common.mx_6.15.0.202507011659\db\plugins\mcufinder\reactClient1\index.html
2026-05-04 13:58:15,755 [INFO] WebApp:191 - Connection restablished
2026-05-04 13:58:15,833 [ERROR] LogOutputStream:75 - [STDERR_REDIRECT] [Fatal Error] :1:1: Premature end of file.
2026-05-04 13:58:15,833 [ERROR] LogOutputStream:75 - [STDERR_REDIRECT] 
2026-05-04 13:58:16,813 [ERROR] LogOutputStream:75 - [STDERR_REDIRECT] [Fatal Error] :1:1: Premature end of file.
2026-05-04 13:58:16,814 [ERROR] LogOutputStream:75 - [STDERR_REDIRECT] 
2026-05-04 13:58:17,208 [WARN] PackLoader:240 - Cannot read IP mode file for STMicroelectronics.X-CUBE-AZRTOS-H7.3.5.0
2026-05-04 13:58:17,220 [WARN] PackLoader:240 - Cannot read IP mode file for STMicroelectronics.FP-ATR-ASTRA1.2.0.2
2026-05-04 13:58:17,229 [WARN] PackLoader:240 - Cannot read IP mode file for STMicroelectronics.X-CUBE-SMBUS.2.1.0
2026-05-04 13:58:17,249 [WARN] PackLoader:240 - Cannot read IP mode file for STMicroelectronics.X-CUBE-AZRTOS-F7.1.1.0
2026-05-04 13:58:17,263 [WARN] PackLoader:240 - Cannot read IP mode file for WES.I-CUBE-Cesium.1.4.0
2026-05-04 13:58:17,271 [WARN] PackLoader:240 - Cannot read IP mode file for STMicroelectronics.X-CUBE-DISPLAY.3.0.0
2026-05-04 13:58:17,283 [WARN] PackLoader:240 - Cannot read IP mode file for STMicroelectronics.X-CUBE-GNSS1.7.1.1
2026-05-04 13:58:17,287 [WARN] PackLoader:240 - Cannot read IP mode file for wolfSSL.I-CUBE-wolfSSL.5.9.1
2026-05-04 13:58:17,291 [WARN] PackLoader:240 - Cannot read IP mode file for STMicroelectronics.X-CUBE-NFC10.1.0.0
2026-05-04 13:58:17,298 [WARN] PackLoader:240 - Cannot read IP mode file for STMicroelectronics.X-CUBE-ST60.1.1.0
2026-05-04 13:58:17,302 [WARN] PackLoader:240 - Cannot read IP mode file for emotas.I-CUBE-CANOPEN.1.3.0
2026-05-04 13:58:17,307 [WARN] PackLoader:240 - Cannot read IP mode file for STMicroelectronics.FP-SNS-SMARTAG2.1.2.0
2026-05-04 13:58:17,314 [WARN] PackLoader:240 - Cannot read IP mode file for STMicroelectronics.FP-SNS-FLIGHT1.5.1.0
2026-05-04 13:58:17,324 [INFO] LogOutputStream:77 - [STDOUT_REDIRECT] 1 : Invalid condition id : UX_CORESTACK_Condition cause : null
2026-05-04 13:58:17,325 [INFO] LogOutputStream:77 - [STDOUT_REDIRECT] 1 : Invalid condition id : UX_CORESTACK_Condition cause : null
2026-05-04 13:58:17,328 [INFO] LogOutputStream:77 - [STDOUT_REDIRECT] 1 : Invalid condition id : UX_CORESTACK_Condition cause : null
2026-05-04 13:58:17,329 [INFO] LogOutputStream:77 - [STDOUT_REDIRECT] 1 : Invalid condition id : UX_CORESTACK_Condition cause : null
2026-05-04 13:58:17,330 [INFO] LogOutputStream:77 - [STDOUT_REDIRECT] 1 : Invalid condition id : UX_CORESTACK_Condition cause : null
2026-05-04 13:58:17,334 [WARN] PackLoader:240 - Cannot read IP mode file for STMicroelectronics.X-CUBE-AZRTOS-WL.2.0.0
2026-05-04 13:58:17,366 [WARN] PackLoader:240 - Cannot read IP mode file for STMicroelectronics.X-CUBE-AZRTOS-H7RS.1.2.0
2026-05-04 13:58:17,376 [WARN] PackLoader:240 - Cannot read IP mode file for STMicroelectronics.X-CUBE-BLE2.3.3.0
2026-05-04 13:58:17,416 [WARN] PackLoader:240 - Cannot read IP mode file for Infineon.AIROC-Wi-Fi-Bluetooth-STM32.1.8.0
2026-05-04 13:58:17,430 [WARN] PackLoader:240 - Cannot read IP mode file for STMicroelectronics.X-CUBE-NFC9.1.0.0
2026-05-04 13:58:17,436 [WARN] PackLoader:240 - Cannot read IP mode file for STMicroelectronics.X-CUBE-BLE1.7.1.0
2026-05-04 13:58:17,440 [WARN] PackLoader:240 - Cannot read IP mode file for wolfSSL.I-CUBE-wolfMQTT.1.19.2
2026-05-04 13:58:17,448 [WARN] PackLoader:240 - Cannot read IP mode file for STMicroelectronics.X-CUBE-EEPRMA1.5.2.0
2026-05-04 13:58:17,455 [WARN] PackLoader:240 - Cannot read IP mode file for STMicroelectronics.FP-SNS-STAIOTCFT.1.1.0
2026-05-04 13:58:17,472 [WARN] PackLoader:240 - Cannot read IP mode file for STMicroelectronics.X-CUBE-AZRTOS-G0.1.1.0
2026-05-04 13:58:17,482 [WARN] PackLoader:240 - Cannot read IP mode file for STMicroelectronics.X-CUBE-NFC4.3.0.0
2026-05-04 13:58:17,490 [WARN] PackLoader:240 - Cannot read IP mode file for EmbeddedOffice.I-CUBE-FS-RTOS.1.0.1
2026-05-04 13:58:17,495 [WARN] PackLoader:240 - Cannot read IP mode file for wolfSSL.I-CUBE-wolfTPM.3.8.0
2026-05-04 13:58:17,499 [WARN] PackLoader:240 - Cannot read IP mode file for STMicroelectronics.X-CUBE-TCPP.4.2.0
2026-05-04 13:58:17,504 [WARN] PackLoader:240 - Cannot read IP mode file for RealThread.X-CUBE-RT-Thread_Nano.4.1.1
2026-05-04 13:58:17,509 [WARN] PackLoader:240 - Cannot read IP mode file for STMicroelectronics.FP-ATR-SIGFOX1.3.2.0
2026-05-04 13:58:17,516 [WARN] PackLoader:240 - Cannot read IP mode file for STMicroelectronics.X-CUBE-FREERTOS.1.5.0
2026-05-04 13:58:17,521 [WARN] PackLoader:240 - Cannot read IP mode file for ITTIA_DB.I-CUBE-ITTIADB.8.9.0
2026-05-04 13:58:17,530 [WARN] PackLoader:240 - Cannot read IP mode file for STMicroelectronics.X-CUBE-NFC6.3.2.0
2026-05-04 13:58:17,584 [WARN] PackLoader:240 - Cannot read IP mode file for STMicroelectronics.X-CUBE-MEMS1.12.1.0
2026-05-04 13:58:17,771 [WARN] PackLoader:240 - Cannot read IP mode file for SEGGER.I-CUBE-embOS.1.3.1
2026-05-04 13:58:17,810 [WARN] PackLoader:240 - Cannot read IP mode file for STMicroelectronics.X-CUBE-ALGOBUILD.1.4.0
2026-05-04 13:58:17,815 [WARN] PackLoader:240 - Cannot read IP mode file for STMicroelectronics.X-CUBE-PM33A1.1.0.0
2026-05-04 13:58:17,820 [ERROR] LogOutputStream:75 - [STDERR_REDIRECT] [Fatal Error] :1:1: Premature end of file.
2026-05-04 13:58:17,821 [ERROR] LogOutputStream:75 - [STDERR_REDIRECT] 
2026-05-04 13:58:17,829 [WARN] PackLoader:240 - Cannot read IP mode file for STMicroelectronics.X-CUBE-AZRTOS-F4.1.1.0
2026-05-04 13:58:17,835 [WARN] PackLoader:240 - Cannot read IP mode file for STMicroelectronics.X-CUBE-ISPU.2.1.0
2026-05-04 13:58:17,847 [WARN] PackLoader:240 - Cannot read IP mode file for STMicroelectronics.X-CUBE-IPS.3.2.0
2026-05-04 13:58:17,852 [WARN] PackLoader:240 - Cannot read IP mode file for STMicroelectronics.eDS-WB_DPC_TT-BIDIR.2.1.1
2026-05-04 13:58:17,856 [WARN] PackLoader:240 - Cannot read IP mode file for STMicroelectronics.X-CUBE-NFC12.1.0.0
2026-05-04 13:58:17,868 [WARN] PackLoader:240 - Cannot read IP mode file for STMicroelectronics.X-CUBE-AZRTOS-L5.2.0.0
2026-05-04 13:58:17,872 [WARN] PackLoader:240 - Cannot read IP mode file for STMicroelectronics.eDS-WB_DPC_VIENNA.1.2.0
2026-05-04 13:58:17,874 [WARN] PackLoader:240 - Cannot read IP mode file for STMicroelectronics.eDS-WB_DPC_3PH2L-BIDIR.1.1.1
2026-05-04 13:58:17,879 [ERROR] Engine:466 - C:\Users\santi\.stm32cubemx\thirdparties\pdsc\STMicroelectronics.X-CUBE-ST67W61.1.3.0.pdsc: PDSC version is not supported
2026-05-04 13:58:17,882 [WARN] PackLoader:240 - Cannot read IP mode file for STMicroelectronics.X-CUBE-TOUCHGFX.4.26.1
2026-05-04 13:58:17,885 [WARN] PackLoader:240 - Cannot read IP mode file for STMicroelectronics.FP-SNS-STAIOTCFT.1.0.0
2026-05-04 13:58:17,888 [WARN] PackLoader:240 - Cannot read IP mode file for STMicroelectronics.X-CUBE-DPower.1.3.0
2026-05-04 13:58:17,900 [WARN] ConditionMgr:438 - getConditionDescription Invalid condition id : LAN8742 Phy interface Condition cause : null
2026-05-04 13:58:17,900 [WARN] PackLoader:240 - Cannot read IP mode file for STMicroelectronics.X-CUBE-AZRTOS-L4.2.0.0
2026-05-04 13:58:17,902 [WARN] ConditionMgr:1044 - genDependencies : Invalid condition id : LAN8742 Phy interface Condition cause : null
2026-05-04 13:58:17,902 [WARN] ConditionMgr:1044 - genDependencies : Invalid condition id : LAN8742 Phy interface Condition cause : null
2026-05-04 13:58:17,902 [WARN] ConditionMgr:1044 - genDependencies : Invalid condition id : LAN8742 Phy interface Condition cause : null
2026-05-04 13:58:17,907 [WARN] PackLoader:240 - Cannot read IP mode file for STMicroelectronics.X-CUBE-SFXS2LP1.4.0.0
2026-05-04 13:58:17,913 [WARN] PackLoader:240 - Cannot read IP mode file for STMicroelectronics.X-CUBE-WB05N.2.1.0
2026-05-04 13:58:17,922 [WARN] ConditionMgr:438 - getConditionDescription Invalid condition id : UX DEVICE CLASS RTOS Condition cause : null
2026-05-04 13:58:17,923 [WARN] ConditionMgr:438 - getConditionDescription Invalid condition id : UX DEVICE CLASS RTOS Condition cause : null
2026-05-04 13:58:17,924 [WARN] PackLoader:240 - Cannot read IP mode file for STMicroelectronics.X-CUBE-AZRTOS-WB.2.0.0
2026-05-04 13:58:17,925 [WARN] ConditionMgr:1044 - genDependencies : Invalid condition id : UX DEVICE CLASS RTOS Condition cause : null
2026-05-04 13:58:17,926 [WARN] ConditionMgr:1044 - genDependencies : Invalid condition id : UX DEVICE CLASS RTOS Condition cause : null
2026-05-04 13:58:17,926 [WARN] ConditionMgr:1044 - genDependencies : Invalid condition id : UX DEVICE CLASS RTOS Condition cause : null
2026-05-04 13:58:17,926 [WARN] ConditionMgr:1044 - genDependencies : Invalid condition id : UX DEVICE CLASS RTOS Condition cause : null
2026-05-04 13:58:17,926 [WARN] ConditionMgr:1044 - genDependencies : Invalid condition id : UX DEVICE CLASS RTOS Condition cause : null
2026-05-04 13:58:17,929 [WARN] ConditionMgr:438 - getConditionDescription Invalid condition id : Cortex-A Device cause : null
2026-05-04 13:58:17,937 [WARN] ConditionMgr:1044 - genDependencies : Invalid condition id : Cortex-A Device cause : null
2026-05-04 13:58:17,937 [WARN] ConditionMgr:1044 - genDependencies : Invalid condition id : Cortex-A Device cause : null
2026-05-04 13:58:17,937 [WARN] ConditionMgr:1044 - genDependencies : Invalid condition id : Cortex-A Device cause : null
2026-05-04 13:58:17,944 [WARN] PackLoader:240 - Cannot read IP mode file for STMicroelectronics.X-CUBE-STSE01.2.0.0
2026-05-04 13:58:17,950 [WARN] PackLoader:240 - Cannot read IP mode file for STMicroelectronics.X-CUBE-SUBG2.5.0.0
2026-05-04 13:58:17,962 [WARN] PackLoader:240 - Cannot read IP mode file for STMicroelectronics.X-CUBE-AZRTOS-G4.2.0.0
2026-05-04 13:58:17,966 [WARN] PackLoader:240 - Cannot read IP mode file for wolfSSL.I-CUBE-wolfSSH.1.4.20
2026-05-04 13:58:17,970 [WARN] PackLoader:240 - Cannot read IP mode file for STMicroelectronics.X-CUBE-NFC7.2.0.0
2026-05-04 13:58:17,973 [WARN] PackLoader:240 - Cannot read IP mode file for STMicroelectronics.X-CUBE-ALS.1.0.2
2026-05-04 13:58:17,981 [WARN] PackLoader:240 - Cannot read IP mode file for STMicroelectronics.X-CUBE-TOF1.3.4.3
2026-05-04 13:58:17,986 [INFO] ThirdParty:978 - Integrity check success = true
2026-05-04 13:58:17,986 [INFO] IntegrityCheckThread:100 - exiting critical section [integrity check]
2026-05-04 13:58:17,986 [INFO] IntegrityCheckThread:103 - End integrity checks thread
2026-05-04 13:58:18,809 [ERROR] LogOutputStream:75 - [STDERR_REDIRECT] [Fatal Error] :1:1: Premature end of file.
2026-05-04 13:58:18,809 [ERROR] LogOutputStream:75 - [STDERR_REDIRECT] 
2026-05-04 13:58:19,826 [ERROR] LogOutputStream:75 - [STDERR_REDIRECT] [Fatal Error] :1:1: Premature end of file.
2026-05-04 13:58:19,826 [ERROR] LogOutputStream:75 - [STDERR_REDIRECT] 
2026-05-04 13:58:20,816 [ERROR] LogOutputStream:75 - [STDERR_REDIRECT] [Fatal Error] :1:1: Premature end of file.
2026-05-04 13:58:20,816 [ERROR] LogOutputStream:75 - [STDERR_REDIRECT] 
2026-05-04 13:58:21,817 [ERROR] LogOutputStream:75 - [STDERR_REDIRECT] [Fatal Error] :1:1: Premature end of file.
2026-05-04 13:58:21,817 [ERROR] LogOutputStream:75 - [STDERR_REDIRECT] 
2026-05-04 13:58:22,816 [ERROR] LogOutputStream:75 - [STDERR_REDIRECT] [Fatal Error] :1:1: Premature end of file.
2026-05-04 13:58:22,816 [ERROR] LogOutputStream:75 - [STDERR_REDIRECT] 
2026-05-04 13:58:23,813 [ERROR] LogOutputStream:75 - [STDERR_REDIRECT] [Fatal Error] :1:1: Premature end of file.
2026-05-04 13:58:23,813 [ERROR] LogOutputStream:75 - [STDERR_REDIRECT] 
2026-05-04 13:58:24,805 [ERROR] LogOutputStream:75 - [STDERR_REDIRECT] [Fatal Error] :1:1: Premature end of file.
2026-05-04 13:58:24,805 [ERROR] LogOutputStream:75 - [STDERR_REDIRECT] 
2026-05-04 13:58:25,806 [ERROR] LogOutputStream:75 - [STDERR_REDIRECT] [Fatal Error] :1:1: Premature end of file.
2026-05-04 13:58:25,807 [ERROR] LogOutputStream:75 - [STDERR_REDIRECT] 
2026-05-04 13:58:26,816 [ERROR] LogOutputStream:75 - [STDERR_REDIRECT] [Fatal Error] :1:1: Premature end of file.
2026-05-04 13:58:26,816 [ERROR] LogOutputStream:75 - [STDERR_REDIRECT] 
2026-05-04 13:58:27,811 [ERROR] LogOutputStream:75 - [STDERR_REDIRECT] [Fatal Error] :1:1: Premature end of file.
2026-05-04 13:58:27,811 [ERROR] LogOutputStream:75 - [STDERR_REDIRECT] 
2026-05-04 13:58:28,820 [ERROR] LogOutputStream:75 - [STDERR_REDIRECT] [Fatal Error] :1:1: Premature end of file.
2026-05-04 13:58:28,821 [ERROR] LogOutputStream:75 - [STDERR_REDIRECT] 
2026-05-04 13:58:29,815 [ERROR] LogOutputStream:75 - [STDERR_REDIRECT] [Fatal Error] :1:1: Premature end of file.
2026-05-04 13:58:29,815 [ERROR] LogOutputStream:75 - [STDERR_REDIRECT] 
2026-05-04 13:58:30,818 [ERROR] LogOutputStream:75 - [STDERR_REDIRECT] [Fatal Error] :1:1: Premature end of file.
2026-05-04 13:58:30,819 [ERROR] LogOutputStream:75 - [STDERR_REDIRECT] 
2026-05-04 13:58:31,821 [ERROR] LogOutputStream:75 - [STDERR_REDIRECT] [Fatal Error] :1:1: Premature end of file.
2026-05-04 13:58:31,821 [ERROR] LogOutputStream:75 - [STDERR_REDIRECT] 
2026-05-04 13:58:32,814 [ERROR] LogOutputStream:75 - [STDERR_REDIRECT] [Fatal Error] :1:1: Premature end of file.
2026-05-04 13:58:32,814 [ERROR] LogOutputStream:75 - [STDERR_REDIRECT] 
2026-05-04 13:58:33,822 [ERROR] LogOutputStream:75 - [STDERR_REDIRECT] [Fatal Error] :1:1: Premature end of file.
2026-05-04 13:58:33,822 [ERROR] LogOutputStream:75 - [STDERR_REDIRECT] 
2026-05-04 13:58:34,816 [ERROR] LogOutputStream:75 - [STDERR_REDIRECT] [Fatal Error] :1:1: Premature end of file.
2026-05-04 13:58:34,816 [ERROR] LogOutputStream:75 - [STDERR_REDIRECT] 
2026-05-04 13:58:35,817 [ERROR] LogOutputStream:75 - [STDERR_REDIRECT] [Fatal Error] :1:1: Premature end of file.
2026-05-04 13:58:35,817 [ERROR] LogOutputStream:75 - [STDERR_REDIRECT] 
2026-05-04 13:58:36,815 [ERROR] LogOutputStream:75 - [STDERR_REDIRECT] [Fatal Error] :1:1: Premature end of file.
2026-05-04 13:58:36,816 [ERROR] LogOutputStream:75 - [STDERR_REDIRECT] 
2026-05-04 13:58:37,815 [ERROR] LogOutputStream:75 - [STDERR_REDIRECT] [Fatal Error] :1:1: Premature end of file.
2026-05-04 13:58:37,815 [ERROR] LogOutputStream:75 - [STDERR_REDIRECT] 
2026-05-04 13:58:38,811 [ERROR] LogOutputStream:75 - [STDERR_REDIRECT] [Fatal Error] :1:1: Premature end of file.
2026-05-04 13:58:38,811 [ERROR] LogOutputStream:75 - [STDERR_REDIRECT] 
2026-05-04 13:58:39,803 [ERROR] LogOutputStream:75 - [STDERR_REDIRECT] [Fatal Error] :1:1: Premature end of file.
2026-05-04 13:58:39,803 [ERROR] LogOutputStream:75 - [STDERR_REDIRECT] 
2026-05-04 13:58:40,802 [ERROR] LogOutputStream:75 - [STDERR_REDIRECT] [Fatal Error] :1:1: Premature end of file.
2026-05-04 13:58:40,802 [ERROR] LogOutputStream:75 - [STDERR_REDIRECT] 
2026-05-04 13:58:41,803 [ERROR] LogOutputStream:75 - [STDERR_REDIRECT] [Fatal Error] :1:1: Premature end of file.
2026-05-04 13:58:41,803 [ERROR] LogOutputStream:75 - [STDERR_REDIRECT] 
2026-05-04 13:58:42,814 [ERROR] LogOutputStream:75 - [STDERR_REDIRECT] [Fatal Error] :1:1: Premature end of file.
2026-05-04 13:58:42,814 [ERROR] LogOutputStream:75 - [STDERR_REDIRECT] 
2026-05-04 13:58:43,816 [ERROR] LogOutputStream:75 - [STDERR_REDIRECT] [Fatal Error] :1:1: Premature end of file.
2026-05-04 13:58:43,816 [ERROR] LogOutputStream:75 - [STDERR_REDIRECT] 
2026-05-04 13:58:44,809 [ERROR] LogOutputStream:75 - [STDERR_REDIRECT] [Fatal Error] :1:1: Premature end of file.
2026-05-04 13:58:44,809 [ERROR] LogOutputStream:75 - [STDERR_REDIRECT] 
2026-05-04 13:58:45,808 [ERROR] LogOutputStream:75 - [STDERR_REDIRECT] [Fatal Error] :1:1: Premature end of file.
2026-05-04 13:58:45,808 [ERROR] LogOutputStream:75 - [STDERR_REDIRECT] 
2026-05-04 13:58:46,802 [ERROR] LogOutputStream:75 - [STDERR_REDIRECT] [Fatal Error] :1:1: Premature end of file.
2026-05-04 13:58:46,802 [ERROR] LogOutputStream:75 - [STDERR_REDIRECT] 
2026-05-04 13:58:47,810 [ERROR] LogOutputStream:75 - [STDERR_REDIRECT] [Fatal Error] :1:1: Premature end of file.
2026-05-04 13:58:47,810 [ERROR] LogOutputStream:75 - [STDERR_REDIRECT] 
2026-05-04 13:58:48,807 [ERROR] LogOutputStream:75 - [STDERR_REDIRECT] [Fatal Error] :1:1: Premature end of file.
2026-05-04 13:58:48,807 [ERROR] LogOutputStream:75 - [STDERR_REDIRECT] 
2026-05-04 13:58:49,806 [ERROR] LogOutputStream:75 - [STDERR_REDIRECT] [Fatal Error] :1:1: Premature end of file.
2026-05-04 13:58:49,806 [ERROR] LogOutputStream:75 - [STDERR_REDIRECT] 
2026-05-04 13:58:50,806 [ERROR] LogOutputStream:75 - [STDERR_REDIRECT] [Fatal Error] :1:1: Premature end of file.
2026-05-04 13:58:50,807 [ERROR] LogOutputStream:75 - [STDERR_REDIRECT] 
2026-05-04 13:58:51,807 [ERROR] LogOutputStream:75 - [STDERR_REDIRECT] [Fatal Error] :1:1: Premature end of file.
2026-05-04 13:58:51,808 [ERROR] LogOutputStream:75 - [STDERR_REDIRECT] 
2026-05-04 13:58:52,810 [ERROR] LogOutputStream:75 - [STDERR_REDIRECT] [Fatal Error] :1:1: Premature end of file.
2026-05-04 13:58:52,810 [ERROR] LogOutputStream:75 - [STDERR_REDIRECT] 
2026-05-04 13:58:53,801 [ERROR] LogOutputStream:75 - [STDERR_REDIRECT] [Fatal Error] :1:1: Premature end of file.
2026-05-04 13:58:53,801 [ERROR] LogOutputStream:75 - [STDERR_REDIRECT] 
2026-05-04 13:58:54,801 [ERROR] LogOutputStream:75 - [STDERR_REDIRECT] [Fatal Error] :1:1: Premature end of file.
2026-05-04 13:58:54,801 [ERROR] LogOutputStream:75 - [STDERR_REDIRECT] 
2026-05-04 13:58:55,815 [ERROR] LogOutputStream:75 - [STDERR_REDIRECT] [Fatal Error] :1:1: Premature end of file.
2026-05-04 13:58:55,815 [ERROR] LogOutputStream:75 - [STDERR_REDIRECT] 
2026-05-04 13:58:56,836 [ERROR] LogOutputStream:75 - [STDERR_REDIRECT] [Fatal Error] :1:1: Premature end of file.
2026-05-04 13:58:56,836 [ERROR] LogOutputStream:75 - [STDERR_REDIRECT] 
2026-05-04 13:58:57,810 [ERROR] LogOutputStream:75 - [STDERR_REDIRECT] [Fatal Error] :1:1: Premature end of file.
2026-05-04 13:58:57,810 [ERROR] LogOutputStream:75 - [STDERR_REDIRECT] 
2026-05-04 13:58:58,815 [ERROR] LogOutputStream:75 - [STDERR_REDIRECT] [Fatal Error] :1:1: Premature end of file.
2026-05-04 13:58:58,816 [ERROR] LogOutputStream:75 - [STDERR_REDIRECT] 
2026-05-04 13:58:59,821 [ERROR] LogOutputStream:75 - [STDERR_REDIRECT] [Fatal Error] :1:1: Premature end of file.
2026-05-04 13:58:59,821 [ERROR] LogOutputStream:75 - [STDERR_REDIRECT] 
2026-05-04 13:59:00,815 [ERROR] LogOutputStream:75 - [STDERR_REDIRECT] [Fatal Error] :1:1: Premature end of file.
2026-05-04 13:59:00,815 [ERROR] LogOutputStream:75 - [STDERR_REDIRECT] 
2026-05-04 13:59:01,811 [ERROR] LogOutputStream:75 - [STDERR_REDIRECT] [Fatal Error] :1:1: Premature end of file.
2026-05-04 13:59:01,811 [ERROR] LogOutputStream:75 - [STDERR_REDIRECT] 
2026-05-04 13:59:02,809 [ERROR] LogOutputStream:75 - [STDERR_REDIRECT] [Fatal Error] :1:1: Premature end of file.
2026-05-04 13:59:02,809 [ERROR] LogOutputStream:75 - [STDERR_REDIRECT] 
2026-05-04 13:59:03,808 [ERROR] LogOutputStream:75 - [STDERR_REDIRECT] [Fatal Error] :1:1: Premature end of file.
2026-05-04 13:59:03,808 [ERROR] LogOutputStream:75 - [STDERR_REDIRECT] 
2026-05-04 13:59:04,832 [ERROR] LogOutputStream:75 - [STDERR_REDIRECT] [Fatal Error] :1:1: Premature end of file.
2026-05-04 13:59:04,834 [ERROR] LogOutputStream:75 - [STDERR_REDIRECT] 
2026-05-04 13:59:05,807 [ERROR] LogOutputStream:75 - [STDERR_REDIRECT] [Fatal Error] :1:1: Premature end of file.
2026-05-04 13:59:05,808 [ERROR] LogOutputStream:75 - [STDERR_REDIRECT] 
2026-05-04 13:59:06,813 [ERROR] LogOutputStream:75 - [STDERR_REDIRECT] [Fatal Error] :1:1: Premature end of file.
2026-05-04 13:59:06,813 [ERROR] LogOutputStream:75 - [STDERR_REDIRECT] 
2026-05-04 13:59:07,805 [ERROR] LogOutputStream:75 - [STDERR_REDIRECT] [Fatal Error] :1:1: Premature end of file.
2026-05-04 13:59:07,805 [ERROR] LogOutputStream:75 - [STDERR_REDIRECT] 
2026-05-04 13:59:08,809 [ERROR] LogOutputStream:75 - [STDERR_REDIRECT] [Fatal Error] :1:1: Premature end of file.
2026-05-04 13:59:08,809 [ERROR] LogOutputStream:75 - [STDERR_REDIRECT] 
2026-05-04 13:59:09,803 [ERROR] LogOutputStream:75 - [STDERR_REDIRECT] [Fatal Error] :1:1: Premature end of file.
2026-05-04 13:59:09,803 [ERROR] LogOutputStream:75 - [STDERR_REDIRECT] 
2026-05-04 13:59:10,807 [ERROR] LogOutputStream:75 - [STDERR_REDIRECT] [Fatal Error] :1:1: Premature end of file.
2026-05-04 13:59:10,807 [ERROR] LogOutputStream:75 - [STDERR_REDIRECT] 
2026-05-04 13:59:11,806 [ERROR] LogOutputStream:75 - [STDERR_REDIRECT] [Fatal Error] :1:1: Premature end of file.
2026-05-04 13:59:11,806 [ERROR] LogOutputStream:75 - [STDERR_REDIRECT] 
2026-05-04 13:59:12,811 [ERROR] LogOutputStream:75 - [STDERR_REDIRECT] [Fatal Error] :1:1: Premature end of file.
2026-05-04 13:59:12,811 [ERROR] LogOutputStream:75 - [STDERR_REDIRECT] 
2026-05-04 13:59:13,811 [ERROR] LogOutputStream:75 - [STDERR_REDIRECT] [Fatal Error] :1:1: Premature end of file.
2026-05-04 13:59:13,811 [ERROR] LogOutputStream:75 - [STDERR_REDIRECT] 
2026-05-04 13:59:14,822 [ERROR] LogOutputStream:75 - [STDERR_REDIRECT] [Fatal Error] :1:1: Premature end of file.
2026-05-04 13:59:14,822 [ERROR] LogOutputStream:75 - [STDERR_REDIRECT] 
2026-05-04 13:59:15,808 [ERROR] LogOutputStream:75 - [STDERR_REDIRECT] [Fatal Error] :1:1: Premature end of file.
2026-05-04 13:59:15,808 [ERROR] LogOutputStream:75 - [STDERR_REDIRECT] 
2026-05-04 13:59:16,813 [ERROR] LogOutputStream:75 - [STDERR_REDIRECT] [Fatal Error] :1:1: Premature end of file.
2026-05-04 13:59:16,813 [ERROR] LogOutputStream:75 - [STDERR_REDIRECT] 
2026-05-04 13:59:17,815 [ERROR] LogOutputStream:75 - [STDERR_REDIRECT] [Fatal Error] :1:1: Premature end of file.
2026-05-04 13:59:17,815 [ERROR] LogOutputStream:75 - [STDERR_REDIRECT] 
2026-05-04 13:59:18,820 [ERROR] LogOutputStream:75 - [STDERR_REDIRECT] [Fatal Error] :1:1: Premature end of file.
2026-05-04 13:59:18,820 [ERROR] LogOutputStream:75 - [STDERR_REDIRECT] 
2026-05-04 13:59:19,803 [ERROR] LogOutputStream:75 - [STDERR_REDIRECT] [Fatal Error] :1:1: Premature end of file.
2026-05-04 13:59:19,803 [ERROR] LogOutputStream:75 - [STDERR_REDIRECT] 
2026-05-04 13:59:20,811 [ERROR] LogOutputStream:75 - [STDERR_REDIRECT] [Fatal Error] :1:1: Premature end of file.
2026-05-04 13:59:20,811 [ERROR] LogOutputStream:75 - [STDERR_REDIRECT] 
2026-05-04 13:59:21,815 [ERROR] LogOutputStream:75 - [STDERR_REDIRECT] [Fatal Error] :1:1: Premature end of file.
2026-05-04 13:59:21,815 [ERROR] LogOutputStream:75 - [STDERR_REDIRECT] 
2026-05-04 13:59:22,808 [ERROR] LogOutputStream:75 - [STDERR_REDIRECT] [Fatal Error] :1:1: Premature end of file.
2026-05-04 13:59:22,808 [ERROR] LogOutputStream:75 - [STDERR_REDIRECT] 
2026-05-04 13:59:23,804 [ERROR] LogOutputStream:75 - [STDERR_REDIRECT] [Fatal Error] :1:1: Premature end of file.
2026-05-04 13:59:23,804 [ERROR] LogOutputStream:75 - [STDERR_REDIRECT] 
2026-05-04 13:59:24,803 [ERROR] LogOutputStream:75 - [STDERR_REDIRECT] [Fatal Error] :1:1: Premature end of file.
2026-05-04 13:59:24,803 [ERROR] LogOutputStream:75 - [STDERR_REDIRECT] 
2026-05-04 13:59:25,803 [ERROR] LogOutputStream:75 - [STDERR_REDIRECT] [Fatal Error] :1:1: Premature end of file.
2026-05-04 13:59:25,803 [ERROR] LogOutputStream:75 - [STDERR_REDIRECT] 
2026-05-04 13:59:26,812 [ERROR] LogOutputStream:75 - [STDERR_REDIRECT] [Fatal Error] :1:1: Premature end of file.
2026-05-04 13:59:26,812 [ERROR] LogOutputStream:75 - [STDERR_REDIRECT] 
2026-05-04 13:59:27,813 [ERROR] LogOutputStream:75 - [STDERR_REDIRECT] [Fatal Error] :1:1: Premature end of file.
2026-05-04 13:59:27,813 [ERROR] LogOutputStream:75 - [STDERR_REDIRECT] 
2026-05-04 13:59:28,813 [ERROR] LogOutputStream:75 - [STDERR_REDIRECT] [Fatal Error] :1:1: Premature end of file.
2026-05-04 13:59:28,813 [ERROR] LogOutputStream:75 - [STDERR_REDIRECT] 
2026-05-04 13:59:29,818 [ERROR] LogOutputStream:75 - [STDERR_REDIRECT] [Fatal Error] :1:1: Premature end of file.
2026-05-04 13:59:29,818 [ERROR] LogOutputStream:75 - [STDERR_REDIRECT] 
2026-05-04 13:59:30,810 [ERROR] LogOutputStream:75 - [STDERR_REDIRECT] [Fatal Error] :1:1: Premature end of file.
2026-05-04 13:59:30,810 [ERROR] LogOutputStream:75 - [STDERR_REDIRECT] 
2026-05-04 13:59:31,809 [ERROR] LogOutputStream:75 - [STDERR_REDIRECT] [Fatal Error] :1:1: Premature end of file.
2026-05-04 13:59:31,809 [ERROR] LogOutputStream:75 - [STDERR_REDIRECT] 
2026-05-04 13:59:32,813 [ERROR] LogOutputStream:75 - [STDERR_REDIRECT] [Fatal Error] :1:1: Premature end of file.
2026-05-04 13:59:32,813 [ERROR] LogOutputStream:75 - [STDERR_REDIRECT] 
2026-05-04 13:59:33,808 [ERROR] LogOutputStream:75 - [STDERR_REDIRECT] [Fatal Error] :1:1: Premature end of file.
2026-05-04 13:59:33,808 [ERROR] LogOutputStream:75 - [STDERR_REDIRECT] 
2026-05-04 13:59:34,825 [ERROR] LogOutputStream:75 - [STDERR_REDIRECT] [Fatal Error] :1:1: Premature end of file.
2026-05-04 13:59:34,826 [ERROR] LogOutputStream:75 - [STDERR_REDIRECT] 
2026-05-04 13:59:35,809 [ERROR] LogOutputStream:75 - [STDERR_REDIRECT] [Fatal Error] :1:1: Premature end of file.
2026-05-04 13:59:35,809 [ERROR] LogOutputStream:75 - [STDERR_REDIRECT] 
2026-05-04 13:59:36,806 [ERROR] LogOutputStream:75 - [STDERR_REDIRECT] [Fatal Error] :1:1: Premature end of file.
2026-05-04 13:59:36,806 [ERROR] LogOutputStream:75 - [STDERR_REDIRECT] 
2026-05-04 13:59:37,816 [ERROR] LogOutputStream:75 - [STDERR_REDIRECT] [Fatal Error] :1:1: Premature end of file.
2026-05-04 13:59:37,816 [ERROR] LogOutputStream:75 - [STDERR_REDIRECT] 
2026-05-04 13:59:38,807 [ERROR] LogOutputStream:75 - [STDERR_REDIRECT] [Fatal Error] :1:1: Premature end of file.
2026-05-04 13:59:38,807 [ERROR] LogOutputStream:75 - [STDERR_REDIRECT] 
2026-05-04 13:59:39,813 [ERROR] LogOutputStream:75 - [STDERR_REDIRECT] [Fatal Error] :1:1: Premature end of file.
2026-05-04 13:59:39,813 [ERROR] LogOutputStream:75 - [STDERR_REDIRECT] 
2026-05-04 13:59:40,813 [ERROR] LogOutputStream:75 - [STDERR_REDIRECT] [Fatal Error] :1:1: Premature end of file.
2026-05-04 13:59:40,813 [ERROR] LogOutputStream:75 - [STDERR_REDIRECT] 
2026-05-04 13:59:41,808 [ERROR] LogOutputStream:75 - [STDERR_REDIRECT] [Fatal Error] :1:1: Premature end of file.
2026-05-04 13:59:41,808 [ERROR] LogOutputStream:75 - [STDERR_REDIRECT] 
2026-05-04 13:59:42,808 [ERROR] LogOutputStream:75 - [STDERR_REDIRECT] [Fatal Error] :1:1: Premature end of file.
2026-05-04 13:59:42,808 [ERROR] LogOutputStream:75 - [STDERR_REDIRECT] 
2026-05-04 13:59:43,818 [ERROR] LogOutputStream:75 - [STDERR_REDIRECT] [Fatal Error] :1:1: Premature end of file.
2026-05-04 13:59:43,818 [ERROR] LogOutputStream:75 - [STDERR_REDIRECT] 
2026-05-04 13:59:44,801 [ERROR] LogOutputStream:75 - [STDERR_REDIRECT] [Fatal Error] :1:1: Premature end of file.
2026-05-04 13:59:44,801 [ERROR] LogOutputStream:75 - [STDERR_REDIRECT] 
2026-05-04 13:59:45,803 [ERROR] LogOutputStream:75 - [STDERR_REDIRECT] [Fatal Error] :1:1: Premature end of file.
2026-05-04 13:59:45,803 [ERROR] LogOutputStream:75 - [STDERR_REDIRECT] 
2026-05-04 13:59:46,802 [ERROR] LogOutputStream:75 - [STDERR_REDIRECT] [Fatal Error] :1:1: Premature end of file.
2026-05-04 13:59:46,803 [ERROR] LogOutputStream:75 - [STDERR_REDIRECT] 
2026-05-04 13:59:47,819 [ERROR] LogOutputStream:75 - [STDERR_REDIRECT] [Fatal Error] :1:1: Premature end of file.
2026-05-04 13:59:47,819 [ERROR] LogOutputStream:75 - [STDERR_REDIRECT] 
2026-05-04 13:59:48,817 [ERROR] LogOutputStream:75 - [STDERR_REDIRECT] [Fatal Error] :1:1: Premature end of file.
2026-05-04 13:59:48,817 [ERROR] LogOutputStream:75 - [STDERR_REDIRECT] 
2026-05-04 13:59:49,815 [ERROR] LogOutputStream:75 - [STDERR_REDIRECT] [Fatal Error] :1:1: Premature end of file.
2026-05-04 13:59:49,815 [ERROR] LogOutputStream:75 - [STDERR_REDIRECT] 
2026-05-04 13:59:50,815 [ERROR] LogOutputStream:75 - [STDERR_REDIRECT] [Fatal Error] :1:1: Premature end of file.
2026-05-04 13:59:50,815 [ERROR] LogOutputStream:75 - [STDERR_REDIRECT] 
2026-05-04 13:59:51,818 [ERROR] LogOutputStream:75 - [STDERR_REDIRECT] [Fatal Error] :1:1: Premature end of file.
2026-05-04 13:59:51,818 [ERROR] LogOutputStream:75 - [STDERR_REDIRECT] 
2026-05-04 13:59:52,811 [ERROR] LogOutputStream:75 - [STDERR_REDIRECT] [Fatal Error] :1:1: Premature end of file.
2026-05-04 13:59:52,811 [ERROR] LogOutputStream:75 - [STDERR_REDIRECT] 
2026-05-04 13:59:53,808 [ERROR] LogOutputStream:75 - [STDERR_REDIRECT] [Fatal Error] :1:1: Premature end of file.
2026-05-04 13:59:53,809 [ERROR] LogOutputStream:75 - [STDERR_REDIRECT] 
2026-05-04 13:59:54,810 [ERROR] LogOutputStream:75 - [STDERR_REDIRECT] [Fatal Error] :1:1: Premature end of file.
2026-05-04 13:59:54,810 [ERROR] LogOutputStream:75 - [STDERR_REDIRECT] 
2026-05-04 13:59:55,811 [ERROR] LogOutputStream:75 - [STDERR_REDIRECT] [Fatal Error] :1:1: Premature end of file.
2026-05-04 13:59:55,811 [ERROR] LogOutputStream:75 - [STDERR_REDIRECT] 
2026-05-04 13:59:56,816 [ERROR] LogOutputStream:75 - [STDERR_REDIRECT] [Fatal Error] :1:1: Premature end of file.
2026-05-04 13:59:56,817 [ERROR] LogOutputStream:75 - [STDERR_REDIRECT] 
2026-05-04 13:59:57,810 [ERROR] LogOutputStream:75 - [STDERR_REDIRECT] [Fatal Error] :1:1: Premature end of file.
2026-05-04 13:59:57,810 [ERROR] LogOutputStream:75 - [STDERR_REDIRECT] 
2026-05-04 13:59:58,806 [ERROR] LogOutputStream:75 - [STDERR_REDIRECT] [Fatal Error] :1:1: Premature end of file.
2026-05-04 13:59:58,807 [ERROR] LogOutputStream:75 - [STDERR_REDIRECT] 
2026-05-04 13:59:59,806 [ERROR] LogOutputStream:75 - [STDERR_REDIRECT] [Fatal Error] :1:1: Premature end of file.
2026-05-04 13:59:59,806 [ERROR] LogOutputStream:75 - [STDERR_REDIRECT] 
2026-05-04 14:00:00,802 [ERROR] LogOutputStream:75 - [STDERR_REDIRECT] [Fatal Error] :1:1: Premature end of file.
2026-05-04 14:00:00,803 [ERROR] LogOutputStream:75 - [STDERR_REDIRECT] 
2026-05-04 14:00:01,804 [ERROR] LogOutputStream:75 - [STDERR_REDIRECT] [Fatal Error] :1:1: Premature end of file.
2026-05-04 14:00:01,804 [ERROR] LogOutputStream:75 - [STDERR_REDIRECT] 
2026-05-04 14:00:02,808 [ERROR] LogOutputStream:75 - [STDERR_REDIRECT] [Fatal Error] :1:1: Premature end of file.
2026-05-04 14:00:02,809 [ERROR] LogOutputStream:75 - [STDERR_REDIRECT] 
2026-05-04 14:00:03,806 [ERROR] LogOutputStream:75 - [STDERR_REDIRECT] [Fatal Error] :1:1: Premature end of file.
2026-05-04 14:00:03,806 [ERROR] LogOutputStream:75 - [STDERR_REDIRECT] 
2026-05-04 14:00:04,836 [ERROR] LogOutputStream:75 - [STDERR_REDIRECT] [Fatal Error] :1:1: Premature end of file.
2026-05-04 14:00:04,836 [ERROR] LogOutputStream:75 - [STDERR_REDIRECT] 
2026-05-04 14:00:05,804 [ERROR] LogOutputStream:75 - [STDERR_REDIRECT] [Fatal Error] :1:1: Premature end of file.
2026-05-04 14:00:05,804 [ERROR] LogOutputStream:75 - [STDERR_REDIRECT] 
2026-05-04 14:00:06,802 [ERROR] LogOutputStream:75 - [STDERR_REDIRECT] [Fatal Error] :1:1: Premature end of file.
2026-05-04 14:00:06,802 [ERROR] LogOutputStream:75 - [STDERR_REDIRECT] 
2026-05-04 14:00:07,807 [ERROR] LogOutputStream:75 - [STDERR_REDIRECT] [Fatal Error] :1:1: Premature end of file.
2026-05-04 14:00:07,807 [ERROR] LogOutputStream:75 - [STDERR_REDIRECT] 
2026-05-04 14:00:08,801 [ERROR] LogOutputStream:75 - [STDERR_REDIRECT] [Fatal Error] :1:1: Premature end of file.
2026-05-04 14:00:08,801 [ERROR] LogOutputStream:75 - [STDERR_REDIRECT] 
2026-05-04 14:00:09,803 [ERROR] LogOutputStream:75 - [STDERR_REDIRECT] [Fatal Error] :1:1: Premature end of file.
2026-05-04 14:00:09,803 [ERROR] LogOutputStream:75 - [STDERR_REDIRECT] 
2026-05-04 14:00:10,808 [ERROR] LogOutputStream:75 - [STDERR_REDIRECT] [Fatal Error] :1:1: Premature end of file.
2026-05-04 14:00:10,808 [ERROR] LogOutputStream:75 - [STDERR_REDIRECT] 
2026-05-04 14:00:11,804 [ERROR] LogOutputStream:75 - [STDERR_REDIRECT] [Fatal Error] :1:1: Premature end of file.
2026-05-04 14:00:11,805 [ERROR] LogOutputStream:75 - [STDERR_REDIRECT] 
2026-05-04 14:00:12,808 [ERROR] LogOutputStream:75 - [STDERR_REDIRECT] [Fatal Error] :1:1: Premature end of file.
2026-05-04 14:00:12,808 [ERROR] LogOutputStream:75 - [STDERR_REDIRECT] 
2026-05-04 14:00:13,803 [ERROR] LogOutputStream:75 - [STDERR_REDIRECT] [Fatal Error] :1:1: Premature end of file.
2026-05-04 14:00:13,803 [ERROR] LogOutputStream:75 - [STDERR_REDIRECT] 
2026-05-04 14:00:14,825 [ERROR] LogOutputStream:75 - [STDERR_REDIRECT] [Fatal Error] :1:1: Premature end of file.
2026-05-04 14:00:14,825 [ERROR] LogOutputStream:75 - [STDERR_REDIRECT] 
2026-05-04 14:00:15,814 [ERROR] LogOutputStream:75 - [STDERR_REDIRECT] [Fatal Error] :1:1: Premature end of file.
2026-05-04 14:00:15,814 [ERROR] LogOutputStream:75 - [STDERR_REDIRECT] 
2026-05-04 14:00:16,804 [ERROR] LogOutputStream:75 - [STDERR_REDIRECT] [Fatal Error] :1:1: Premature end of file.
2026-05-04 14:00:16,805 [ERROR] LogOutputStream:75 - [STDERR_REDIRECT] 
2026-05-04 14:00:17,808 [ERROR] LogOutputStream:75 - [STDERR_REDIRECT] [Fatal Error] :1:1: Premature end of file.
2026-05-04 14:00:17,808 [ERROR] LogOutputStream:75 - [STDERR_REDIRECT] 
2026-05-04 14:00:18,814 [ERROR] LogOutputStream:75 - [STDERR_REDIRECT] [Fatal Error] :1:1: Premature end of file.
2026-05-04 14:00:18,814 [ERROR] LogOutputStream:75 - [STDERR_REDIRECT] 
2026-05-04 14:00:19,824 [ERROR] LogOutputStream:75 - [STDERR_REDIRECT] [Fatal Error] :1:1: Premature end of file.
2026-05-04 14:00:19,825 [ERROR] LogOutputStream:75 - [STDERR_REDIRECT] 
2026-05-04 14:00:20,812 [ERROR] LogOutputStream:75 - [STDERR_REDIRECT] [Fatal Error] :1:1: Premature end of file.
2026-05-04 14:00:20,812 [ERROR] LogOutputStream:75 - [STDERR_REDIRECT] 
2026-05-04 14:00:21,820 [ERROR] LogOutputStream:75 - [STDERR_REDIRECT] [Fatal Error] :1:1: Premature end of file.
2026-05-04 14:00:21,821 [ERROR] LogOutputStream:75 - [STDERR_REDIRECT] 
2026-05-04 14:00:22,806 [ERROR] LogOutputStream:75 - [STDERR_REDIRECT] [Fatal Error] :1:1: Premature end of file.
2026-05-04 14:00:22,807 [ERROR] LogOutputStream:75 - [STDERR_REDIRECT] 
2026-05-04 14:00:23,811 [ERROR] LogOutputStream:75 - [STDERR_REDIRECT] [Fatal Error] :1:1: Premature end of file.
2026-05-04 14:00:23,811 [ERROR] LogOutputStream:75 - [STDERR_REDIRECT] 
2026-05-04 14:00:24,816 [ERROR] LogOutputStream:75 - [STDERR_REDIRECT] [Fatal Error] :1:1: Premature end of file.
2026-05-04 14:00:24,817 [ERROR] LogOutputStream:75 - [STDERR_REDIRECT] 
2026-05-04 14:00:25,811 [ERROR] LogOutputStream:75 - [STDERR_REDIRECT] [Fatal Error] :1:1: Premature end of file.
2026-05-04 14:00:25,812 [ERROR] LogOutputStream:75 - [STDERR_REDIRECT] 
2026-05-04 14:00:26,806 [ERROR] LogOutputStream:75 - [STDERR_REDIRECT] [Fatal Error] :1:1: Premature end of file.
2026-05-04 14:00:26,806 [ERROR] LogOutputStream:75 - [STDERR_REDIRECT] 
2026-05-04 14:00:27,812 [ERROR] LogOutputStream:75 - [STDERR_REDIRECT] [Fatal Error] :1:1: Premature end of file.
2026-05-04 14:00:27,812 [ERROR] LogOutputStream:75 - [STDERR_REDIRECT] 
2026-05-04 14:00:28,855 [ERROR] LogOutputStream:75 - [STDERR_REDIRECT] [Fatal Error] :1:1: Premature end of file.
2026-05-04 14:00:28,855 [ERROR] LogOutputStream:75 - [STDERR_REDIRECT] 
2026-05-04 14:00:29,833 [ERROR] LogOutputStream:75 - [STDERR_REDIRECT] [Fatal Error] :1:1: Premature end of file.
2026-05-04 14:00:29,833 [ERROR] LogOutputStream:75 - [STDERR_REDIRECT] 
2026-05-04 14:00:30,805 [ERROR] LogOutputStream:75 - [STDERR_REDIRECT] [Fatal Error] :1:1: Premature end of file.
2026-05-04 14:00:30,805 [ERROR] LogOutputStream:75 - [STDERR_REDIRECT] 
2026-05-04 14:00:31,803 [ERROR] LogOutputStream:75 - [STDERR_REDIRECT] [Fatal Error] :1:1: Premature end of file.
2026-05-04 14:00:31,803 [ERROR] LogOutputStream:75 - [STDERR_REDIRECT] 
2026-05-04 14:00:32,803 [ERROR] LogOutputStream:75 - [STDERR_REDIRECT] [Fatal Error] :1:1: Premature end of file.
2026-05-04 14:00:32,803 [ERROR] LogOutputStream:75 - [STDERR_REDIRECT] 
2026-05-04 14:00:33,833 [ERROR] LogOutputStream:75 - [STDERR_REDIRECT] [Fatal Error] :1:1: Premature end of file.
2026-05-04 14:00:33,833 [ERROR] LogOutputStream:75 - [STDERR_REDIRECT] 
2026-05-04 14:00:34,812 [ERROR] LogOutputStream:75 - [STDERR_REDIRECT] [Fatal Error] :1:1: Premature end of file.
2026-05-04 14:00:34,812 [ERROR] LogOutputStream:75 - [STDERR_REDIRECT] 
2026-05-04 14:00:35,904 [ERROR] LogOutputStream:75 - [STDERR_REDIRECT] [Fatal Error] :1:1: Premature end of file.
2026-05-04 14:00:35,904 [ERROR] LogOutputStream:75 - [STDERR_REDIRECT] 
2026-05-04 14:00:36,812 [ERROR] LogOutputStream:75 - [STDERR_REDIRECT] [Fatal Error] :1:1: Premature end of file.
2026-05-04 14:00:36,812 [ERROR] LogOutputStream:75 - [STDERR_REDIRECT] 
2026-05-04 14:00:37,803 [ERROR] LogOutputStream:75 - [STDERR_REDIRECT] [Fatal Error] :1:1: Premature end of file.
2026-05-04 14:00:37,803 [ERROR] LogOutputStream:75 - [STDERR_REDIRECT] 
2026-05-04 14:00:38,738 [ERROR] LogOutputStream:75 - [STDERR_REDIRECT] 
2026-05-04 18:47:22,085 [INFO] Activator:176 - 


2026-05-04 18:47:22,087 [INFO] Activator:177 - !SESSION log4j initialized
2026-05-04 18:47:28,908 [INFO] LogOutputStream:77 - [STDOUT_REDIRECT] 
2026-05-04 18:47:31,266 [INFO] ApplicationProperties:184 - Using Application install path: C:\ST\STM32CubeIDE_1.19.0\STM32CubeIDE\plugins\com.st.stm32cube.common.mx_6.15.0.202507011659
2026-05-04 18:47:31,323 [INFO] DbMcusXml:78 - Set database path to: C:\ST\STM32CubeIDE_1.19.0\STM32CubeIDE\plugins\com.st.stm32cube.common.mx_6.15.0.202507011659\\db\/mcu/
2026-05-04 18:47:31,323 [INFO] ApiDb:274 - Set plugin database path to: C:\ST\STM32CubeIDE_1.19.0\STM32CubeIDE\plugins\com.st.stm32cube.common.mx_6.15.0.202507011659\\db\/plugins/boardmanager/
2026-05-04 18:47:31,323 [WARN] ApiDb:259 - Overriding images path with different value:  => C:\ST\STM32CubeIDE_1.19.0\STM32CubeIDE\plugins\com.st.stm32cube.common.mx_6.15.0.202507011659\\db\/plugins/mcufinder/images/
2026-05-04 18:47:31,349 [INFO] ApiDb:250 - Set database path to: C:\Users\santi\.stmcufinder\plugins\mcufinder//mcu/
2026-05-04 18:47:31,349 [INFO] DbMcusAds:125 - Set database path to: C:\Users\santi\.stmcufinder\plugins\mcufinder//mcu/
2026-05-04 18:47:31,357 [INFO] CrossReferenceDbSqlite:203 - Set database path to: C:\Users\santi\.stmcufinder\plugins\mcufinder//mcu/cs/
2026-05-04 18:47:31,756 [INFO] RulesReader:64 - Compatibility file has been processed (317 Rules)
2026-05-04 18:47:32,006 [INFO] DbMcusXml:78 - Set database path to: C:\ST\STM32CubeIDE_1.19.0\STM32CubeIDE\plugins\com.st.stm32cube.common.mx_6.15.0.202507011659\\db\/mcu/
2026-05-04 18:47:32,006 [INFO] ApiDb:274 - Set plugin database path to: C:\ST\STM32CubeIDE_1.19.0\STM32CubeIDE\plugins\com.st.stm32cube.common.mx_6.15.0.202507011659\\db\/plugins/boardmanager/
2026-05-04 18:47:32,006 [INFO] ApiDb:261 - Set plugin images path to: C:\ST\STM32CubeIDE_1.19.0\STM32CubeIDE\plugins\com.st.stm32cube.common.mx_6.15.0.202507011659\\db\/plugins/mcufinder/images/
2026-05-04 18:47:32,006 [WARN] DbFile:41 - Overriding database path with different value: C:\Users\santi\.stmcufinder\plugins\mcufinder/ => C:\Users\santi\.stmcufinder\plugins\mcufinder
2026-05-04 18:47:32,006 [INFO] ApiDb:250 - Set database path to: C:\Users\santi\.stmcufinder\plugins\mcufinder//mcu/
2026-05-04 18:47:32,006 [WARN] DbFile:41 - Overriding database path with different value: C:\Users\santi\.stmcufinder\plugins\mcufinder/ => C:\Users\santi\.stmcufinder\plugins\mcufinder
2026-05-04 18:47:32,006 [INFO] DbMcusAds:125 - Set database path to: C:\Users\santi\.stmcufinder\plugins\mcufinder//mcu/
2026-05-04 18:47:32,006 [WARN] DbFile:41 - Overriding database path with different value: C:\Users\santi\.stmcufinder\plugins\mcufinder/ => C:\Users\santi\.stmcufinder\plugins\mcufinder
2026-05-04 18:47:32,006 [WARN] DbFile:41 - Overriding database path with different value: C:\Users\santi\.stmcufinder\plugins\mcufinder/ => C:\Users\santi\.stmcufinder\plugins\mcufinder
2026-05-04 18:47:32,013 [INFO] CrossReferenceDbSqlite:203 - Set database path to: C:\Users\santi\.stmcufinder\plugins\mcufinder//mcu/cs/
2026-05-04 18:47:32,234 [INFO] MainPanel:274 - HeapMemory: 268435456
2026-05-04 18:47:32,588 [INFO] DbMcusXml:78 - Set database path to: C:\ST\STM32CubeIDE_1.19.0\STM32CubeIDE\plugins\com.st.stm32cube.common.mx_6.15.0.202507011659\\db\/mcu/
2026-05-04 18:47:32,589 [INFO] ApiDb:274 - Set plugin database path to: C:\ST\STM32CubeIDE_1.19.0\STM32CubeIDE\plugins\com.st.stm32cube.common.mx_6.15.0.202507011659\\db\/plugins/boardmanager/
2026-05-04 18:47:32,590 [INFO] ApiDb:261 - Set plugin images path to: C:\ST\STM32CubeIDE_1.19.0\STM32CubeIDE\plugins\com.st.stm32cube.common.mx_6.15.0.202507011659\\db\/plugins/mcufinder/images/
2026-05-04 18:47:32,590 [WARN] DbFile:41 - Overriding database path with different value: C:\Users\santi\.stmcufinder\plugins\mcufinder/ => C:\Users\santi\.stmcufinder\plugins\mcufinder
2026-05-04 18:47:32,591 [INFO] ApiDb:250 - Set database path to: C:\Users\santi\.stmcufinder\plugins\mcufinder//mcu/
2026-05-04 18:47:32,591 [WARN] DbFile:41 - Overriding database path with different value: C:\Users\santi\.stmcufinder\plugins\mcufinder/ => C:\Users\santi\.stmcufinder\plugins\mcufinder
2026-05-04 18:47:32,591 [INFO] DbMcusAds:125 - Set database path to: C:\Users\santi\.stmcufinder\plugins\mcufinder//mcu/
2026-05-04 18:47:32,591 [WARN] DbFile:41 - Overriding database path with different value: C:\Users\santi\.stmcufinder\plugins\mcufinder/ => C:\Users\santi\.stmcufinder\plugins\mcufinder
2026-05-04 18:47:32,592 [WARN] DbFile:41 - Overriding database path with different value: C:\Users\santi\.stmcufinder\plugins\mcufinder/ => C:\Users\santi\.stmcufinder\plugins\mcufinder
2026-05-04 18:47:32,594 [INFO] CrossReferenceDbSqlite:203 - Set database path to: C:\Users\santi\.stmcufinder\plugins\mcufinder//mcu/cs/
2026-05-04 18:47:32,653 [INFO] ApplicationProperties:184 - Using Application install path: C:\ST\STM32CubeIDE_1.19.0\STM32CubeIDE\plugins\com.st.stm32cube.common.mx_6.15.0.202507011659
2026-05-04 18:47:32,658 [INFO] PluginManage:196 - Search for loadable plugins [exclusion list=, ]
2026-05-04 18:47:32,661 [INFO] PluginManage:310 - Check plugin analytics
2026-05-04 18:47:33,252 [INFO] AnalyticsPlugin:253 - Accepted Software Licenses: 
2026-05-04 18:47:33,254 [INFO] AnalyticsPlugin:255 - Accepted CMSIS Pack Licenses: 
2026-05-04 18:47:33,254 [INFO] AnalyticsPlugin:257 - Accepted Firmware Licenses: 
2026-05-04 18:47:33,262 [INFO] PluginManage:359 - Loaded plugin analytics (category:tool,tabindex:-1)
2026-05-04 18:47:33,263 [INFO] PluginManage:310 - Check plugin cadmodel
2026-05-04 18:47:33,276 [INFO] CADModel:105 - Init CAD model plugin
2026-05-04 18:47:33,276 [INFO] PluginManage:359 - Loaded plugin cadmodel (category:power,tabindex:5)
2026-05-04 18:47:33,276 [INFO] PluginManage:310 - Check plugin clock
2026-05-04 18:47:33,301 [INFO] PluginManage:359 - Loaded plugin clock (category:base,tabindex:2)
2026-05-04 18:47:33,301 [INFO] PluginManage:310 - Check plugin ddr
2026-05-04 18:47:33,313 [INFO] PluginManage:359 - Loaded plugin ddr (category:tool,tabindex:6)
2026-05-04 18:47:33,318 [INFO] PluginManage:310 - Check plugin filemanager
2026-05-04 18:47:33,836 [INFO] PluginManage:359 - Loaded plugin filemanager (category:base,tabindex:10)
2026-05-04 18:47:33,836 [INFO] PluginManage:310 - Check plugin ipmanager
2026-05-04 18:47:33,856 [INFO] PluginManage:359 - Loaded plugin ipmanager (category:base,tabindex:5)
2026-05-04 18:47:33,856 [INFO] PluginManage:310 - Check plugin lpbam
2026-05-04 18:47:33,881 [INFO] PluginManage:359 - Loaded plugin lpbam (category:base,tabindex:0)
2026-05-04 18:47:33,881 [INFO] PluginManage:310 - Check plugin memorymap
2026-05-04 18:47:33,931 [INFO] PluginManage:359 - Loaded plugin memorymap (category:base,tabindex:4)
2026-05-04 18:47:33,931 [INFO] PluginManage:310 - Check plugin pinoutandconfiguration
2026-05-04 18:47:33,956 [INFO] PluginManage:359 - Loaded plugin pinoutandconfiguration (category:base,tabindex:1)
2026-05-04 18:47:33,963 [INFO] PluginManage:310 - Check plugin pinoutconfig
2026-05-04 18:47:34,273 [WARN] SupportedApi:132 - Cannot load RTOS API schema: s4s-elt-must-match.1: The content of 'definitions' must match (annotation?, (simpleType | complexType)?, (unique | key | keyref)*)). A problem was found starting at: attribute.
2026-05-04 18:47:34,706 [INFO] PluginManage:359 - Loaded plugin pinoutconfig (category:base,tabindex:0)
2026-05-04 18:47:34,706 [INFO] PluginManage:310 - Check plugin power
2026-05-04 18:47:34,740 [INFO] PluginManage:359 - Loaded plugin power (category:power,tabindex:4)
2026-05-04 18:47:34,740 [INFO] PluginManage:310 - Check plugin projectmanager
2026-05-04 18:47:34,790 [INFO] PluginManage:359 - Loaded plugin projectmanager (category:projectmanager,tabindex:4)
2026-05-04 18:47:34,790 [INFO] PluginManage:310 - Check plugin rif
2026-05-04 18:47:34,823 [INFO] PluginManage:359 - Loaded plugin rif (category:base,tabindex:3)
2026-05-04 18:47:34,823 [INFO] PluginManage:310 - Check plugin thirdparty
2026-05-04 18:47:35,273 [INFO] PluginManage:359 - Loaded plugin thirdparty (category:base,tabindex:-1)
2026-05-04 18:47:35,273 [WARN] IntegrityCheckThread:84 - waiting for thirdparty lock release [integrity check]
2026-05-04 18:47:35,279 [INFO] PluginManage:310 - Check plugin tools
2026-05-04 18:47:35,279 [INFO] IntegrityCheckThread:86 - entering critical section [integrity check]
2026-05-04 18:47:35,279 [INFO] ThirdPartyUpdaterWithRetryManager:70 - Updater plugin not ready yet. [1/15]
2026-05-04 18:47:35,285 [INFO] PluginManage:359 - Loaded plugin tools (category:base,tabindex:7)
2026-05-04 18:47:35,285 [INFO] PluginManage:310 - Check plugin tutovideos
2026-05-04 18:47:35,976 [INFO] PluginManage:359 - Loaded plugin tutovideos (category:base,tabindex:-1)
2026-05-04 18:47:35,978 [INFO] PluginManage:310 - Check plugin updater
2026-05-04 18:47:36,039 [INFO] PluginManage:359 - Loaded plugin updater (category:base,tabindex:12)
2026-05-04 18:47:36,039 [INFO] PluginManage:310 - Check plugin userauth
2026-05-04 18:47:36,054 [INFO] UserAuth:118 - Init User Auth plugin
2026-05-04 18:47:36,058 [INFO] PluginManage:359 - Loaded plugin userauth (category:base,tabindex:14)
2026-05-04 18:47:36,058 [INFO] PluginManage:283 - PluginManage : Loaded plugins [18]
2026-05-04 18:47:36,777 [INFO] PinOutPanel:1589 - setPackage(No Configuration,No Configuration)
2026-05-04 18:47:37,072 [INFO] CADModel:165 - CPN selected for project level
2026-05-04 18:47:37,074 [INFO] CADModel:114 - Register for checkConnection events
2026-05-04 18:47:37,180 [INFO] IPUIPlugin:80 - create IPUIPlugin
2026-05-04 18:47:37,180 [INFO] PluginManager:220 - loadIPPluginJar : add adc
2026-05-04 18:47:37,198 [INFO] IPUIPlugin:80 - create IPUIPlugin
2026-05-04 18:47:37,198 [INFO] PluginManager:220 - loadIPPluginJar : add aes
2026-05-04 18:47:37,208 [INFO] IPUIPlugin:80 - create IPUIPlugin
2026-05-04 18:47:37,208 [INFO] PluginManager:220 - loadIPPluginJar : add can
2026-05-04 18:47:37,213 [INFO] IPUIPlugin:80 - create IPUIPlugin
2026-05-04 18:47:37,213 [INFO] PluginManager:220 - loadIPPluginJar : add comp
2026-05-04 18:47:37,222 [INFO] IPUIPlugin:80 - create IPUIPlugin
2026-05-04 18:47:37,223 [INFO] PluginManager:220 - loadIPPluginJar : add cryp
2026-05-04 18:47:37,231 [INFO] IPUIPlugin:80 - create IPUIPlugin
2026-05-04 18:47:37,233 [INFO] PluginManager:220 - loadIPPluginJar : add ddr_ctrl_phy
2026-05-04 18:47:37,237 [INFO] IPUIPlugin:80 - create IPUIPlugin
2026-05-04 18:47:37,241 [INFO] PluginManager:220 - loadIPPluginJar : add dfsdm
2026-05-04 18:47:37,249 [INFO] IPUIPlugin:80 - create IPUIPlugin
2026-05-04 18:47:37,255 [INFO] PluginManager:220 - loadIPPluginJar : add dma
2026-05-04 18:47:37,264 [INFO] IPUIPlugin:80 - create IPUIPlugin
2026-05-04 18:47:37,265 [INFO] PluginManager:220 - loadIPPluginJar : add dma3
2026-05-04 18:47:37,276 [INFO] IPUIPlugin:80 - create IPUIPlugin
2026-05-04 18:47:37,276 [INFO] PluginManager:220 - loadIPPluginJar : add extmemmanager
2026-05-04 18:47:37,279 [INFO] IPUIPlugin:80 - create IPUIPlugin
2026-05-04 18:47:37,279 [INFO] PluginManager:220 - loadIPPluginJar : add fatfs
2026-05-04 18:47:37,284 [INFO] IPUIPlugin:80 - create IPUIPlugin
2026-05-04 18:47:37,284 [INFO] PluginManager:220 - loadIPPluginJar : add fmc
2026-05-04 18:47:37,308 [INFO] IPUIPlugin:80 - create IPUIPlugin
2026-05-04 18:47:37,308 [INFO] PluginManager:220 - loadIPPluginJar : add freertos
2026-05-04 18:47:37,312 [INFO] IPUIPlugin:80 - create IPUIPlugin
2026-05-04 18:47:37,312 [INFO] PluginManager:220 - loadIPPluginJar : add genericplugin
2026-05-04 18:47:37,318 [INFO] IPUIPlugin:80 - create IPUIPlugin
2026-05-04 18:47:37,318 [INFO] PluginManager:220 - loadIPPluginJar : add gfxmmu
2026-05-04 18:47:37,329 [INFO] IPUIPlugin:80 - create IPUIPlugin
2026-05-04 18:47:37,329 [INFO] PluginManager:220 - loadIPPluginJar : add gic
2026-05-04 18:47:37,349 [INFO] IPUIPlugin:80 - create IPUIPlugin
2026-05-04 18:47:37,349 [INFO] PluginManager:220 - loadIPPluginJar : add gpio
2026-05-04 18:47:37,349 [INFO] IPUIPlugin:80 - create IPUIPlugin
2026-05-04 18:47:37,360 [INFO] PluginManager:220 - loadIPPluginJar : add gtzc
2026-05-04 18:47:37,360 [INFO] IPUIPlugin:80 - create IPUIPlugin
2026-05-04 18:47:37,360 [INFO] PluginManager:220 - loadIPPluginJar : add hash
2026-05-04 18:47:37,370 [INFO] IPUIPlugin:80 - create IPUIPlugin
2026-05-04 18:47:37,370 [INFO] PluginManager:220 - loadIPPluginJar : add i2c
2026-05-04 18:47:37,380 [INFO] IPUIPlugin:80 - create IPUIPlugin
2026-05-04 18:47:37,380 [INFO] PluginManager:220 - loadIPPluginJar : add i2s
2026-05-04 18:47:37,390 [INFO] IPUIPlugin:80 - create IPUIPlugin
2026-05-04 18:47:37,390 [INFO] PluginManager:220 - loadIPPluginJar : add i3c
2026-05-04 18:47:37,405 [INFO] IPUIPlugin:80 - create IPUIPlugin
2026-05-04 18:47:37,405 [INFO] PluginManager:220 - loadIPPluginJar : add ipddr
2026-05-04 18:47:37,424 [INFO] IPUIPlugin:80 - create IPUIPlugin
2026-05-04 18:47:37,424 [INFO] PluginManager:220 - loadIPPluginJar : add linkedlist
2026-05-04 18:47:37,432 [INFO] IPUIPlugin:80 - create IPUIPlugin
2026-05-04 18:47:37,432 [INFO] PluginManager:220 - loadIPPluginJar : add lorawan
2026-05-04 18:47:37,442 [INFO] IPUIPlugin:80 - create IPUIPlugin
2026-05-04 18:47:37,442 [INFO] PluginManager:220 - loadIPPluginJar : add ltdc
2026-05-04 18:47:37,460 [INFO] IPUIPlugin:80 - create IPUIPlugin
2026-05-04 18:47:37,462 [INFO] PluginManager:220 - loadIPPluginJar : add mdma
2026-05-04 18:47:37,473 [INFO] IPUIPlugin:80 - create IPUIPlugin
2026-05-04 18:47:37,473 [INFO] PluginManager:220 - loadIPPluginJar : add nvic
2026-05-04 18:47:37,481 [INFO] IPUIPlugin:80 - create IPUIPlugin
2026-05-04 18:47:37,481 [INFO] PluginManager:220 - loadIPPluginJar : add opamp
2026-05-04 18:47:37,491 [INFO] IPUIPlugin:80 - create IPUIPlugin
2026-05-04 18:47:37,491 [INFO] PluginManager:220 - loadIPPluginJar : add openamp
2026-05-04 18:47:37,503 [INFO] IPUIPlugin:80 - create IPUIPlugin
2026-05-04 18:47:37,503 [INFO] PluginManager:220 - loadIPPluginJar : add pdm2pcm
2026-05-04 18:47:37,516 [INFO] IPUIPlugin:80 - create IPUIPlugin
2026-05-04 18:47:37,527 [INFO] PluginManager:220 - loadIPPluginJar : add plateformsettings
2026-05-04 18:47:37,531 [INFO] IPUIPlugin:80 - create IPUIPlugin
2026-05-04 18:47:37,531 [INFO] PluginManager:220 - loadIPPluginJar : add quadspi
2026-05-04 18:47:37,536 [INFO] IPUIPlugin:80 - create IPUIPlugin
2026-05-04 18:47:37,536 [INFO] PluginManager:220 - loadIPPluginJar : add radio
2026-05-04 18:47:37,549 [INFO] IPUIPlugin:80 - create IPUIPlugin
2026-05-04 18:47:37,549 [INFO] PluginManager:220 - loadIPPluginJar : add resmgrutility
2026-05-04 18:47:37,560 [INFO] IPUIPlugin:80 - create IPUIPlugin
2026-05-04 18:47:37,560 [INFO] PluginManager:220 - loadIPPluginJar : add sai
2026-05-04 18:47:37,568 [INFO] IPUIPlugin:80 - create IPUIPlugin
2026-05-04 18:47:37,570 [INFO] PluginManager:220 - loadIPPluginJar : add spi
2026-05-04 18:47:37,582 [INFO] IPUIPlugin:80 - create IPUIPlugin
2026-05-04 18:47:37,582 [INFO] PluginManager:220 - loadIPPluginJar : add stm32_wpan
2026-05-04 18:47:37,592 [INFO] IPUIPlugin:80 - create IPUIPlugin
2026-05-04 18:47:37,592 [INFO] PluginManager:220 - loadIPPluginJar : add tim
2026-05-04 18:47:37,602 [INFO] IPUIPlugin:80 - create IPUIPlugin
2026-05-04 18:47:37,602 [INFO] PluginManager:220 - loadIPPluginJar : add touchsensing
2026-05-04 18:47:37,613 [INFO] IPUIPlugin:80 - create IPUIPlugin
2026-05-04 18:47:37,613 [INFO] PluginManager:220 - loadIPPluginJar : add tracer_emb
2026-05-04 18:47:37,618 [INFO] IPUIPlugin:80 - create IPUIPlugin
2026-05-04 18:47:37,618 [INFO] PluginManager:220 - loadIPPluginJar : add ts
2026-05-04 18:47:37,627 [INFO] IPUIPlugin:80 - create IPUIPlugin
2026-05-04 18:47:37,627 [INFO] PluginManager:220 - loadIPPluginJar : add tsc
2026-05-04 18:47:37,633 [INFO] IPUIPlugin:80 - create IPUIPlugin
2026-05-04 18:47:37,633 [INFO] PluginManager:220 - loadIPPluginJar : add ucpd
2026-05-04 18:47:37,633 [INFO] IPUIPlugin:80 - create IPUIPlugin
2026-05-04 18:47:37,633 [INFO] PluginManager:220 - loadIPPluginJar : add usart
2026-05-04 18:47:37,643 [INFO] IPUIPlugin:80 - create IPUIPlugin
2026-05-04 18:47:37,643 [INFO] PluginManager:220 - loadIPPluginJar : add usbx
2026-05-04 18:47:37,918 [FATAL] Updater:351 - Updater called before beeing initialized
2026-05-04 18:47:38,024 [INFO] RulesReader:64 - Compatibility file has been processed (317 Rules)
2026-05-04 18:47:38,049 [INFO] RulesReader:64 - Compatibility file has been processed (317 Rules)
2026-05-04 18:47:38,069 [INFO] CADModel:165 - CPN selected for project level
2026-05-04 18:47:38,069 [INFO] CADModel:114 - Register for checkConnection events
2026-05-04 18:47:38,069 [FATAL] Updater:351 - Updater called before beeing initialized
2026-05-04 18:47:38,069 [ERROR] CADModel:125 - Updater not yet initialized, retry later 
2026-05-04 18:47:38,285 [INFO] ThirdPartyUpdaterWithRetryManager:70 - Updater plugin not ready yet. [2/15]
2026-05-04 18:47:38,536 [FATAL] Updater:351 - Updater called before beeing initialized
2026-05-04 18:47:38,541 [INFO] CADModel:165 - CPN selected for project level
2026-05-04 18:47:38,541 [INFO] CADModel:114 - Register for checkConnection events
2026-05-04 18:47:38,541 [FATAL] Updater:351 - Updater called before beeing initialized
2026-05-04 18:47:38,541 [ERROR] CADModel:125 - Updater not yet initialized, retry later 
2026-05-04 18:47:38,541 [FATAL] Updater:351 - Updater called before beeing initialized
2026-05-04 18:47:38,912 [FATAL] Updater:351 - Updater called before beeing initialized
2026-05-04 18:47:38,929 [INFO] DbMcusAds:53 - JSON generation date=Thu Sep 30 03:55:09 ART 2021 (1632984909247)
2026-05-04 18:47:38,929 [FATAL] Updater:351 - Updater called before beeing initialized
2026-05-04 18:47:39,074 [WARN] DetailPanel:346 - Failed to get advertising image, set to default
2026-05-04 18:47:39,373 [FATAL] Updater:351 - Updater called before beeing initialized
2026-05-04 18:47:39,383 [FATAL] Updater:351 - Updater called before beeing initialized
2026-05-04 18:47:39,383 [FATAL] Updater:351 - Updater called before beeing initialized
2026-05-04 18:47:39,383 [WARN] DetailPanel:346 - Failed to get advertising image, set to default
2026-05-04 18:47:39,383 [FATAL] Updater:351 - Updater called before beeing initialized
2026-05-04 18:47:39,545 [ERROR] Updater:1198 - MainUpdater not yet initialized. External WinMGr cannot be set.
2026-05-04 18:47:39,551 [INFO] Updater:1134 - Updater Version found : 6.15.0
2026-05-04 18:47:39,608 [INFO] ApplicationProperties:184 - Using Application install path: C:\ST\STM32CubeIDE_1.19.0\STM32CubeIDE\plugins\com.st.stm32cube.common.mx_6.15.0.202507011659
2026-05-04 18:47:41,251 [ERROR] LogOutputStream:75 - [STDERR_REDIRECT] May 04, 2026 6:47:41 PM java.util.prefs.WindowsPreferences <init>
2026-05-04 18:47:41,256 [ERROR] LogOutputStream:75 - [STDERR_REDIRECT] WARNING: Could not open/create prefs root node Software\JavaSoft\Prefs at root 0xffffffff80000002. Windows RegCreateKeyEx(...) returned error code 5.
2026-05-04 18:47:41,256 [ERROR] LogOutputStream:75 - [STDERR_REDIRECT] 
2026-05-04 18:47:41,295 [FATAL] Updater:351 - Updater called before beeing initialized
2026-05-04 18:47:41,296 [ERROR] IntegrityCheckThread:130 - Cannot retrieve database content from updater: error 21
2026-05-04 18:47:41,296 [INFO] ThirdParty:978 - Integrity check success = false
2026-05-04 18:47:41,296 [INFO] IntegrityCheckThread:100 - exiting critical section [integrity check]
2026-05-04 18:47:41,296 [INFO] IntegrityCheckThread:103 - End integrity checks thread
2026-05-04 18:47:43,224 [INFO] MainUpdater:2872 - connection check result : 10
2026-05-04 18:47:43,226 [INFO] MainUpdater:289 - Updater Check For Update Now.
2026-05-04 18:47:43,226 [INFO] MicroXplorer:498 - Change Database Version : DB.6.0.150
2026-05-04 18:47:43,246 [INFO] McuFinderGlobals:63 - Set McuFinder mode to 2 (CubeIDE integrated)
2026-05-04 18:47:43,246 [INFO] UserAuth:171 - activating auth plugin
2026-05-04 18:47:43,254 [INFO] UserAuth:487 - Internet connection configuration mode: 1
2026-05-04 18:47:43,316 [INFO] JxBrowserEngine:152 - Initiate JxBrowser Engine with user profile folder
2026-05-04 18:47:43,590 [INFO] CheckServerUpdateThread:120 - End of CheckServer Thread
2026-05-04 18:47:45,856 [INFO] WebApp:169 - Instantiating new browser for Auth
2026-05-04 18:47:47,503 [INFO] WebApp:463 - Apply proxy settings
2026-05-04 18:47:47,503 [INFO] WebApp:548 - Chromium requires no authentication
2026-05-04 18:47:47,520 [INFO] WebApp:491 - Direct internet connection detected
2026-05-04 18:47:47,569 [INFO] WebApp:900 - Register for checkConnection events
2026-05-04 18:47:47,569 [INFO] WebApp:463 - Apply proxy settings
2026-05-04 18:47:47,569 [INFO] WebApp:548 - Chromium requires no authentication
2026-05-04 18:47:47,569 [INFO] WebApp:491 - Direct internet connection detected
2026-05-04 18:47:47,855 [INFO] WebApp:225 - Starting web application
2026-05-04 18:47:47,855 [INFO] WebApp:593 - Web application path used C:\ST\STM32CubeIDE_1.19.0\STM32CubeIDE\plugins\com.st.stm32cube.common.mx_6.15.0.202507011659\db\plugins\mcufinder\reactClient1\index.html
2026-05-04 18:47:48,166 [ERROR] LogOutputStream:75 - [STDERR_REDIRECT] [Fatal Error] :1:1: Premature end of file.
2026-05-04 18:47:48,166 [ERROR] LogOutputStream:75 - [STDERR_REDIRECT] 
2026-05-04 18:47:49,021 [INFO] WebApp:191 - Connection restablished
2026-05-04 18:47:49,121 [ERROR] LogOutputStream:75 - [STDERR_REDIRECT] [Fatal Error] :1:1: Premature end of file.
2026-05-04 18:47:49,121 [ERROR] LogOutputStream:75 - [STDERR_REDIRECT] 
2026-05-04 18:47:50,140 [ERROR] LogOutputStream:75 - [STDERR_REDIRECT] [Fatal Error] :1:1: Premature end of file.
2026-05-04 18:47:50,142 [ERROR] LogOutputStream:75 - [STDERR_REDIRECT] 
2026-05-04 18:47:51,129 [ERROR] LogOutputStream:75 - [STDERR_REDIRECT] [Fatal Error] :1:1: Premature end of file.
2026-05-04 18:47:51,131 [ERROR] LogOutputStream:75 - [STDERR_REDIRECT] 
2026-05-04 18:47:52,116 [ERROR] LogOutputStream:75 - [STDERR_REDIRECT] [Fatal Error] :1:1: Premature end of file.
2026-05-04 18:47:52,116 [ERROR] LogOutputStream:75 - [STDERR_REDIRECT] 
2026-05-04 18:47:53,123 [ERROR] LogOutputStream:75 - [STDERR_REDIRECT] [Fatal Error] :1:1: Premature end of file.
2026-05-04 18:47:53,123 [ERROR] LogOutputStream:75 - [STDERR_REDIRECT] 
2026-05-04 18:47:54,128 [ERROR] LogOutputStream:75 - [STDERR_REDIRECT] [Fatal Error] :1:1: Premature end of file.
2026-05-04 18:47:54,128 [ERROR] LogOutputStream:75 - [STDERR_REDIRECT] 
2026-05-04 18:47:54,826 [INFO] WebApp:194 - Connection lost
2026-05-04 18:47:54,996 [INFO] WebApp:191 - Connection restablished
2026-05-04 18:47:55,149 [ERROR] LogOutputStream:75 - [STDERR_REDIRECT] [Fatal Error] :1:1: Premature end of file.
2026-05-04 18:47:55,151 [ERROR] LogOutputStream:75 - [STDERR_REDIRECT] 
2026-05-04 18:47:56,119 [ERROR] LogOutputStream:75 - [STDERR_REDIRECT] [Fatal Error] :1:1: Premature end of file.
2026-05-04 18:47:56,119 [ERROR] LogOutputStream:75 - [STDERR_REDIRECT] 
2026-05-04 18:47:57,130 [ERROR] LogOutputStream:75 - [STDERR_REDIRECT] [Fatal Error] :1:1: Premature end of file.
2026-05-04 18:47:57,130 [ERROR] LogOutputStream:75 - [STDERR_REDIRECT] 
2026-05-04 18:47:58,113 [ERROR] LogOutputStream:75 - [STDERR_REDIRECT] [Fatal Error] :1:1: Premature end of file.
2026-05-04 18:47:58,113 [ERROR] LogOutputStream:75 - [STDERR_REDIRECT] 
2026-05-04 18:47:59,127 [ERROR] LogOutputStream:75 - [STDERR_REDIRECT] [Fatal Error] :1:1: Premature end of file.
2026-05-04 18:47:59,127 [ERROR] LogOutputStream:75 - [STDERR_REDIRECT] 
2026-05-04 18:48:00,119 [ERROR] LogOutputStream:75 - [STDERR_REDIRECT] [Fatal Error] :1:1: Premature end of file.
2026-05-04 18:48:00,119 [ERROR] LogOutputStream:75 - [STDERR_REDIRECT] 
2026-05-04 18:48:01,119 [ERROR] LogOutputStream:75 - [STDERR_REDIRECT] [Fatal Error] :1:1: Premature end of file.
2026-05-04 18:48:01,119 [ERROR] LogOutputStream:75 - [STDERR_REDIRECT] 
2026-05-04 18:48:02,110 [ERROR] LogOutputStream:75 - [STDERR_REDIRECT] [Fatal Error] :1:1: Premature end of file.
2026-05-04 18:48:02,110 [ERROR] LogOutputStream:75 - [STDERR_REDIRECT] 
2026-05-04 18:48:03,115 [ERROR] LogOutputStream:75 - [STDERR_REDIRECT] [Fatal Error] :1:1: Premature end of file.
2026-05-04 18:48:03,120 [ERROR] LogOutputStream:75 - [STDERR_REDIRECT] 
2026-05-04 18:48:04,117 [ERROR] LogOutputStream:75 - [STDERR_REDIRECT] [Fatal Error] :1:1: Premature end of file.
2026-05-04 18:48:04,117 [ERROR] LogOutputStream:75 - [STDERR_REDIRECT] 
2026-05-04 18:48:05,119 [ERROR] LogOutputStream:75 - [STDERR_REDIRECT] [Fatal Error] :1:1: Premature end of file.
2026-05-04 18:48:05,120 [ERROR] LogOutputStream:75 - [STDERR_REDIRECT] 
2026-05-04 18:48:06,122 [ERROR] LogOutputStream:75 - [STDERR_REDIRECT] [Fatal Error] :1:1: Premature end of file.
2026-05-04 18:48:06,122 [ERROR] LogOutputStream:75 - [STDERR_REDIRECT] 
2026-05-04 18:48:07,119 [ERROR] LogOutputStream:75 - [STDERR_REDIRECT] [Fatal Error] :1:1: Premature end of file.
2026-05-04 18:48:07,119 [ERROR] LogOutputStream:75 - [STDERR_REDIRECT] 
2026-05-04 18:48:08,109 [ERROR] LogOutputStream:75 - [STDERR_REDIRECT] [Fatal Error] :1:1: Premature end of file.
2026-05-04 18:48:08,119 [ERROR] LogOutputStream:75 - [STDERR_REDIRECT] 
2026-05-04 18:48:09,129 [ERROR] LogOutputStream:75 - [STDERR_REDIRECT] [Fatal Error] :1:1: Premature end of file.
2026-05-04 18:48:09,129 [ERROR] LogOutputStream:75 - [STDERR_REDIRECT] 
2026-05-04 18:48:10,134 [ERROR] LogOutputStream:75 - [STDERR_REDIRECT] [Fatal Error] :1:1: Premature end of file.
2026-05-04 18:48:10,134 [ERROR] LogOutputStream:75 - [STDERR_REDIRECT] 
2026-05-04 18:48:11,120 [ERROR] LogOutputStream:75 - [STDERR_REDIRECT] [Fatal Error] :1:1: Premature end of file.
2026-05-04 18:48:11,120 [ERROR] LogOutputStream:75 - [STDERR_REDIRECT] 
2026-05-04 18:48:12,136 [ERROR] LogOutputStream:75 - [STDERR_REDIRECT] [Fatal Error] :1:1: Premature end of file.
2026-05-04 18:48:12,138 [ERROR] LogOutputStream:75 - [STDERR_REDIRECT] 
2026-05-04 18:48:13,135 [ERROR] LogOutputStream:75 - [STDERR_REDIRECT] [Fatal Error] :1:1: Premature end of file.
2026-05-04 18:48:13,135 [ERROR] LogOutputStream:75 - [STDERR_REDIRECT] 
2026-05-04 18:48:14,137 [ERROR] LogOutputStream:75 - [STDERR_REDIRECT] [Fatal Error] :1:1: Premature end of file.
2026-05-04 18:48:14,137 [ERROR] LogOutputStream:75 - [STDERR_REDIRECT] 
2026-05-04 18:48:15,127 [ERROR] LogOutputStream:75 - [STDERR_REDIRECT] [Fatal Error] :1:1: Premature end of file.
2026-05-04 18:48:15,127 [ERROR] LogOutputStream:75 - [STDERR_REDIRECT] 
2026-05-04 18:48:16,110 [ERROR] LogOutputStream:75 - [STDERR_REDIRECT] [Fatal Error] :1:1: Premature end of file.
2026-05-04 18:48:16,110 [ERROR] LogOutputStream:75 - [STDERR_REDIRECT] 
2026-05-04 18:48:17,132 [ERROR] LogOutputStream:75 - [STDERR_REDIRECT] [Fatal Error] :1:1: Premature end of file.
2026-05-04 18:48:17,132 [ERROR] LogOutputStream:75 - [STDERR_REDIRECT] 
2026-05-04 18:48:18,150 [ERROR] LogOutputStream:75 - [STDERR_REDIRECT] [Fatal Error] :1:1: Premature end of file.
2026-05-04 18:48:18,151 [ERROR] LogOutputStream:75 - [STDERR_REDIRECT] 
2026-05-04 18:48:19,112 [ERROR] LogOutputStream:75 - [STDERR_REDIRECT] [Fatal Error] :1:1: Premature end of file.
2026-05-04 18:48:19,112 [ERROR] LogOutputStream:75 - [STDERR_REDIRECT] 
2026-05-04 18:48:20,115 [ERROR] LogOutputStream:75 - [STDERR_REDIRECT] [Fatal Error] :1:1: Premature end of file.
2026-05-04 18:48:20,115 [ERROR] LogOutputStream:75 - [STDERR_REDIRECT] 
2026-05-04 18:48:21,112 [ERROR] LogOutputStream:75 - [STDERR_REDIRECT] [Fatal Error] :1:1: Premature end of file.
2026-05-04 18:48:21,113 [ERROR] LogOutputStream:75 - [STDERR_REDIRECT] 
2026-05-04 18:48:22,111 [ERROR] LogOutputStream:75 - [STDERR_REDIRECT] [Fatal Error] :1:1: Premature end of file.
2026-05-04 18:48:22,111 [ERROR] LogOutputStream:75 - [STDERR_REDIRECT] 
2026-05-04 18:48:23,120 [ERROR] LogOutputStream:75 - [STDERR_REDIRECT] [Fatal Error] :1:1: Premature end of file.
2026-05-04 18:48:23,120 [ERROR] LogOutputStream:75 - [STDERR_REDIRECT] 
2026-05-04 18:48:24,126 [ERROR] LogOutputStream:75 - [STDERR_REDIRECT] [Fatal Error] :1:1: Premature end of file.
2026-05-04 18:48:24,126 [ERROR] LogOutputStream:75 - [STDERR_REDIRECT] 
2026-05-04 18:48:25,135 [ERROR] LogOutputStream:75 - [STDERR_REDIRECT] [Fatal Error] :1:1: Premature end of file.
2026-05-04 18:48:25,136 [ERROR] LogOutputStream:75 - [STDERR_REDIRECT] 
2026-05-04 18:48:26,115 [ERROR] LogOutputStream:75 - [STDERR_REDIRECT] [Fatal Error] :1:1: Premature end of file.
2026-05-04 18:48:26,115 [ERROR] LogOutputStream:75 - [STDERR_REDIRECT] 
2026-05-04 18:48:27,115 [ERROR] LogOutputStream:75 - [STDERR_REDIRECT] [Fatal Error] :1:1: Premature end of file.
2026-05-04 18:48:27,115 [ERROR] LogOutputStream:75 - [STDERR_REDIRECT] 
2026-05-04 18:48:28,271 [ERROR] LogOutputStream:75 - [STDERR_REDIRECT] [Fatal Error] :1:1: Premature end of file.
2026-05-04 18:48:28,272 [ERROR] LogOutputStream:75 - [STDERR_REDIRECT] 
2026-05-04 18:48:29,200 [ERROR] LogOutputStream:75 - [STDERR_REDIRECT] [Fatal Error] :1:1: Premature end of file.
2026-05-04 18:48:29,202 [ERROR] LogOutputStream:75 - [STDERR_REDIRECT] 
2026-05-04 18:48:30,731 [ERROR] LogOutputStream:75 - [STDERR_REDIRECT] [Fatal Error] :1:1: Premature end of file.
2026-05-04 18:48:30,731 [ERROR] LogOutputStream:75 - [STDERR_REDIRECT] 
2026-05-04 18:48:31,193 [ERROR] LogOutputStream:75 - [STDERR_REDIRECT] [Fatal Error] :1:1: Premature end of file.
2026-05-04 18:48:31,196 [ERROR] LogOutputStream:75 - [STDERR_REDIRECT] 
2026-05-04 18:48:32,140 [ERROR] LogOutputStream:75 - [STDERR_REDIRECT] [Fatal Error] :1:1: Premature end of file.
2026-05-04 18:48:32,142 [ERROR] LogOutputStream:75 - [STDERR_REDIRECT] 
2026-05-04 18:48:33,170 [ERROR] LogOutputStream:75 - [STDERR_REDIRECT] [Fatal Error] :1:1: Premature end of file.
2026-05-04 18:48:33,170 [ERROR] LogOutputStream:75 - [STDERR_REDIRECT] 
2026-05-04 18:48:34,132 [ERROR] LogOutputStream:75 - [STDERR_REDIRECT] [Fatal Error] :1:1: Premature end of file.
2026-05-04 18:48:34,132 [ERROR] LogOutputStream:75 - [STDERR_REDIRECT] 
2026-05-04 18:48:35,119 [ERROR] LogOutputStream:75 - [STDERR_REDIRECT] [Fatal Error] :1:1: Premature end of file.
2026-05-04 18:48:35,119 [ERROR] LogOutputStream:75 - [STDERR_REDIRECT] 
2026-05-04 18:48:36,150 [ERROR] LogOutputStream:75 - [STDERR_REDIRECT] [Fatal Error] :1:1: Premature end of file.
2026-05-04 18:48:36,152 [ERROR] LogOutputStream:75 - [STDERR_REDIRECT] 
2026-05-04 18:48:37,189 [ERROR] LogOutputStream:75 - [STDERR_REDIRECT] [Fatal Error] :1:1: Premature end of file.
2026-05-04 18:48:37,189 [ERROR] LogOutputStream:75 - [STDERR_REDIRECT] 
2026-05-04 18:48:38,116 [ERROR] LogOutputStream:75 - [STDERR_REDIRECT] [Fatal Error] :1:1: Premature end of file.
2026-05-04 18:48:38,116 [ERROR] LogOutputStream:75 - [STDERR_REDIRECT] 
2026-05-04 18:48:39,150 [ERROR] LogOutputStream:75 - [STDERR_REDIRECT] [Fatal Error] :1:1: Premature end of file.
2026-05-04 18:48:39,151 [ERROR] LogOutputStream:75 - [STDERR_REDIRECT] 
2026-05-04 18:48:40,134 [ERROR] LogOutputStream:75 - [STDERR_REDIRECT] [Fatal Error] :1:1: Premature end of file.
2026-05-04 18:48:40,134 [ERROR] LogOutputStream:75 - [STDERR_REDIRECT] 
2026-05-04 18:48:41,130 [ERROR] LogOutputStream:75 - [STDERR_REDIRECT] [Fatal Error] :1:1: Premature end of file.
2026-05-04 18:48:41,132 [ERROR] LogOutputStream:75 - [STDERR_REDIRECT] 
2026-05-04 18:48:42,126 [ERROR] LogOutputStream:75 - [STDERR_REDIRECT] [Fatal Error] :1:1: Premature end of file.
2026-05-04 18:48:42,126 [ERROR] LogOutputStream:75 - [STDERR_REDIRECT] 
2026-05-04 18:48:43,152 [ERROR] LogOutputStream:75 - [STDERR_REDIRECT] [Fatal Error] :1:1: Premature end of file.
2026-05-04 18:48:43,154 [ERROR] LogOutputStream:75 - [STDERR_REDIRECT] 
2026-05-04 18:48:44,122 [ERROR] LogOutputStream:75 - [STDERR_REDIRECT] [Fatal Error] :1:1: Premature end of file.
2026-05-04 18:48:44,122 [ERROR] LogOutputStream:75 - [STDERR_REDIRECT] 
2026-05-04 18:48:45,179 [ERROR] LogOutputStream:75 - [STDERR_REDIRECT] [Fatal Error] :1:1: Premature end of file.
2026-05-04 18:48:45,179 [ERROR] LogOutputStream:75 - [STDERR_REDIRECT] 
2026-05-04 18:48:46,127 [ERROR] LogOutputStream:75 - [STDERR_REDIRECT] [Fatal Error] :1:1: Premature end of file.
2026-05-04 18:48:46,127 [ERROR] LogOutputStream:75 - [STDERR_REDIRECT] 
2026-05-04 18:48:47,194 [ERROR] LogOutputStream:75 - [STDERR_REDIRECT] [Fatal Error] :1:1: Premature end of file.
2026-05-04 18:48:47,194 [ERROR] LogOutputStream:75 - [STDERR_REDIRECT] 
2026-05-04 18:48:48,278 [ERROR] LogOutputStream:75 - [STDERR_REDIRECT] [Fatal Error] :1:1: Premature end of file.
2026-05-04 18:48:48,280 [ERROR] LogOutputStream:75 - [STDERR_REDIRECT] 
2026-05-04 18:48:49,126 [ERROR] LogOutputStream:75 - [STDERR_REDIRECT] [Fatal Error] :1:1: Premature end of file.
2026-05-04 18:48:49,126 [ERROR] LogOutputStream:75 - [STDERR_REDIRECT] 
2026-05-04 18:48:50,131 [ERROR] LogOutputStream:75 - [STDERR_REDIRECT] [Fatal Error] :1:1: Premature end of file.
2026-05-04 18:48:50,133 [ERROR] LogOutputStream:75 - [STDERR_REDIRECT] 
2026-05-04 18:48:51,134 [ERROR] LogOutputStream:75 - [STDERR_REDIRECT] [Fatal Error] :1:1: Premature end of file.
2026-05-04 18:48:51,134 [ERROR] LogOutputStream:75 - [STDERR_REDIRECT] 
2026-05-04 18:48:52,132 [ERROR] LogOutputStream:75 - [STDERR_REDIRECT] [Fatal Error] :1:1: Premature end of file.
2026-05-04 18:48:52,132 [ERROR] LogOutputStream:75 - [STDERR_REDIRECT] 
2026-05-04 18:48:53,124 [ERROR] LogOutputStream:75 - [STDERR_REDIRECT] [Fatal Error] :1:1: Premature end of file.
2026-05-04 18:48:53,125 [ERROR] LogOutputStream:75 - [STDERR_REDIRECT] 
2026-05-04 18:48:54,132 [ERROR] LogOutputStream:75 - [STDERR_REDIRECT] [Fatal Error] :1:1: Premature end of file.
2026-05-04 18:48:54,132 [ERROR] LogOutputStream:75 - [STDERR_REDIRECT] 
2026-05-04 18:48:55,124 [ERROR] LogOutputStream:75 - [STDERR_REDIRECT] [Fatal Error] :1:1: Premature end of file.
2026-05-04 18:48:55,125 [ERROR] LogOutputStream:75 - [STDERR_REDIRECT] 
2026-05-04 18:48:56,124 [ERROR] LogOutputStream:75 - [STDERR_REDIRECT] [Fatal Error] :1:1: Premature end of file.
2026-05-04 18:48:56,124 [ERROR] LogOutputStream:75 - [STDERR_REDIRECT] 
2026-05-04 18:48:57,123 [ERROR] LogOutputStream:75 - [STDERR_REDIRECT] [Fatal Error] :1:1: Premature end of file.
2026-05-04 18:48:57,123 [ERROR] LogOutputStream:75 - [STDERR_REDIRECT] 
2026-05-04 18:48:58,112 [ERROR] LogOutputStream:75 - [STDERR_REDIRECT] [Fatal Error] :1:1: Premature end of file.
2026-05-04 18:48:58,112 [ERROR] LogOutputStream:75 - [STDERR_REDIRECT] 
2026-05-04 18:48:59,112 [ERROR] LogOutputStream:75 - [STDERR_REDIRECT] [Fatal Error] :1:1: Premature end of file.
2026-05-04 18:48:59,112 [ERROR] LogOutputStream:75 - [STDERR_REDIRECT] 
2026-05-04 18:49:00,128 [ERROR] LogOutputStream:75 - [STDERR_REDIRECT] [Fatal Error] :1:1: Premature end of file.
2026-05-04 18:49:00,128 [ERROR] LogOutputStream:75 - [STDERR_REDIRECT] 
2026-05-04 18:49:01,126 [ERROR] LogOutputStream:75 - [STDERR_REDIRECT] [Fatal Error] :1:1: Premature end of file.
2026-05-04 18:49:01,126 [ERROR] LogOutputStream:75 - [STDERR_REDIRECT] 
2026-05-04 18:49:02,128 [ERROR] LogOutputStream:75 - [STDERR_REDIRECT] [Fatal Error] :1:1: Premature end of file.
2026-05-04 18:49:02,128 [ERROR] LogOutputStream:75 - [STDERR_REDIRECT] 
2026-05-04 18:49:03,126 [ERROR] LogOutputStream:75 - [STDERR_REDIRECT] [Fatal Error] :1:1: Premature end of file.
2026-05-04 18:49:03,126 [ERROR] LogOutputStream:75 - [STDERR_REDIRECT] 
2026-05-04 18:49:04,124 [ERROR] LogOutputStream:75 - [STDERR_REDIRECT] [Fatal Error] :1:1: Premature end of file.
2026-05-04 18:49:04,124 [ERROR] LogOutputStream:75 - [STDERR_REDIRECT] 
2026-05-04 18:49:05,109 [ERROR] LogOutputStream:75 - [STDERR_REDIRECT] [Fatal Error] :1:1: Premature end of file.
2026-05-04 18:49:05,111 [ERROR] LogOutputStream:75 - [STDERR_REDIRECT] 
2026-05-04 18:49:06,121 [ERROR] LogOutputStream:75 - [STDERR_REDIRECT] [Fatal Error] :1:1: Premature end of file.
2026-05-04 18:49:06,121 [ERROR] LogOutputStream:75 - [STDERR_REDIRECT] 
2026-05-04 18:49:07,130 [ERROR] LogOutputStream:75 - [STDERR_REDIRECT] [Fatal Error] :1:1: Premature end of file.
2026-05-04 18:49:07,131 [ERROR] LogOutputStream:75 - [STDERR_REDIRECT] 
2026-05-04 18:49:08,120 [ERROR] LogOutputStream:75 - [STDERR_REDIRECT] [Fatal Error] :1:1: Premature end of file.
2026-05-04 18:49:08,126 [ERROR] LogOutputStream:75 - [STDERR_REDIRECT] 
2026-05-04 18:49:09,119 [ERROR] LogOutputStream:75 - [STDERR_REDIRECT] [Fatal Error] :1:1: Premature end of file.
2026-05-04 18:49:09,119 [ERROR] LogOutputStream:75 - [STDERR_REDIRECT] 
2026-05-04 18:49:10,136 [ERROR] LogOutputStream:75 - [STDERR_REDIRECT] [Fatal Error] :1:1: Premature end of file.
2026-05-04 18:49:10,136 [ERROR] LogOutputStream:75 - [STDERR_REDIRECT] 
2026-05-04 18:49:11,109 [ERROR] LogOutputStream:75 - [STDERR_REDIRECT] [Fatal Error] :1:1: Premature end of file.
2026-05-04 18:49:11,109 [ERROR] LogOutputStream:75 - [STDERR_REDIRECT] 
2026-05-04 18:49:12,127 [ERROR] LogOutputStream:75 - [STDERR_REDIRECT] [Fatal Error] :1:1: Premature end of file.
2026-05-04 18:49:12,129 [ERROR] LogOutputStream:75 - [STDERR_REDIRECT] 
2026-05-04 18:49:13,125 [ERROR] LogOutputStream:75 - [STDERR_REDIRECT] [Fatal Error] :1:1: Premature end of file.
2026-05-04 18:49:13,125 [ERROR] LogOutputStream:75 - [STDERR_REDIRECT] 
2026-05-04 18:49:14,128 [ERROR] LogOutputStream:75 - [STDERR_REDIRECT] [Fatal Error] :1:1: Premature end of file.
2026-05-04 18:49:14,128 [ERROR] LogOutputStream:75 - [STDERR_REDIRECT] 
2026-05-04 18:49:15,134 [ERROR] LogOutputStream:75 - [STDERR_REDIRECT] [Fatal Error] :1:1: Premature end of file.
2026-05-04 18:49:15,134 [ERROR] LogOutputStream:75 - [STDERR_REDIRECT] 
2026-05-04 18:49:16,133 [ERROR] LogOutputStream:75 - [STDERR_REDIRECT] [Fatal Error] :1:1: Premature end of file.
2026-05-04 18:49:16,133 [ERROR] LogOutputStream:75 - [STDERR_REDIRECT] 
2026-05-04 18:49:17,110 [ERROR] LogOutputStream:75 - [STDERR_REDIRECT] [Fatal Error] :1:1: Premature end of file.
2026-05-04 18:49:17,117 [ERROR] LogOutputStream:75 - [STDERR_REDIRECT] 
2026-05-04 18:49:18,126 [ERROR] LogOutputStream:75 - [STDERR_REDIRECT] [Fatal Error] :1:1: Premature end of file.
2026-05-04 18:49:18,126 [ERROR] LogOutputStream:75 - [STDERR_REDIRECT] 
2026-05-04 18:49:19,116 [ERROR] LogOutputStream:75 - [STDERR_REDIRECT] [Fatal Error] :1:1: Premature end of file.
2026-05-04 18:49:19,116 [ERROR] LogOutputStream:75 - [STDERR_REDIRECT] 
2026-05-04 18:49:20,126 [ERROR] LogOutputStream:75 - [STDERR_REDIRECT] [Fatal Error] :1:1: Premature end of file.
2026-05-04 18:49:20,126 [ERROR] LogOutputStream:75 - [STDERR_REDIRECT] 
2026-05-04 18:49:21,129 [ERROR] LogOutputStream:75 - [STDERR_REDIRECT] [Fatal Error] :1:1: Premature end of file.
2026-05-04 18:49:21,129 [ERROR] LogOutputStream:75 - [STDERR_REDIRECT] 
2026-05-04 18:49:22,123 [ERROR] LogOutputStream:75 - [STDERR_REDIRECT] [Fatal Error] :1:1: Premature end of file.
2026-05-04 18:49:22,125 [ERROR] LogOutputStream:75 - [STDERR_REDIRECT] 
2026-05-04 18:49:23,123 [ERROR] LogOutputStream:75 - [STDERR_REDIRECT] [Fatal Error] :1:1: Premature end of file.
2026-05-04 18:49:23,123 [ERROR] LogOutputStream:75 - [STDERR_REDIRECT] 
2026-05-04 18:49:24,126 [ERROR] LogOutputStream:75 - [STDERR_REDIRECT] [Fatal Error] :1:1: Premature end of file.
2026-05-04 18:49:24,126 [ERROR] LogOutputStream:75 - [STDERR_REDIRECT] 
2026-05-04 18:49:25,118 [ERROR] LogOutputStream:75 - [STDERR_REDIRECT] [Fatal Error] :1:1: Premature end of file.
2026-05-04 18:49:25,118 [ERROR] LogOutputStream:75 - [STDERR_REDIRECT] 
2026-05-04 18:49:26,135 [ERROR] LogOutputStream:75 - [STDERR_REDIRECT] [Fatal Error] :1:1: Premature end of file.
2026-05-04 18:49:26,135 [ERROR] LogOutputStream:75 - [STDERR_REDIRECT] 
2026-05-04 18:49:27,118 [ERROR] LogOutputStream:75 - [STDERR_REDIRECT] [Fatal Error] :1:1: Premature end of file.
2026-05-04 18:49:27,126 [ERROR] LogOutputStream:75 - [STDERR_REDIRECT] 
2026-05-04 18:49:28,118 [ERROR] LogOutputStream:75 - [STDERR_REDIRECT] [Fatal Error] :1:1: Premature end of file.
2026-05-04 18:49:28,118 [ERROR] LogOutputStream:75 - [STDERR_REDIRECT] 
2026-05-04 18:49:29,121 [ERROR] LogOutputStream:75 - [STDERR_REDIRECT] [Fatal Error] :1:1: Premature end of file.
2026-05-04 18:49:29,121 [ERROR] LogOutputStream:75 - [STDERR_REDIRECT] 
2026-05-04 18:49:30,123 [ERROR] LogOutputStream:75 - [STDERR_REDIRECT] [Fatal Error] :1:1: Premature end of file.
2026-05-04 18:49:30,123 [ERROR] LogOutputStream:75 - [STDERR_REDIRECT] 
2026-05-04 18:49:31,120 [ERROR] LogOutputStream:75 - [STDERR_REDIRECT] [Fatal Error] :1:1: Premature end of file.
2026-05-04 18:49:31,121 [ERROR] LogOutputStream:75 - [STDERR_REDIRECT] 
2026-05-04 18:49:32,118 [ERROR] LogOutputStream:75 - [STDERR_REDIRECT] [Fatal Error] :1:1: Premature end of file.
2026-05-04 18:49:32,118 [ERROR] LogOutputStream:75 - [STDERR_REDIRECT] 
2026-05-04 18:49:33,115 [ERROR] LogOutputStream:75 - [STDERR_REDIRECT] [Fatal Error] :1:1: Premature end of file.
2026-05-04 18:49:33,115 [ERROR] LogOutputStream:75 - [STDERR_REDIRECT] 
2026-05-04 18:49:34,128 [ERROR] LogOutputStream:75 - [STDERR_REDIRECT] [Fatal Error] :1:1: Premature end of file.
2026-05-04 18:49:34,128 [ERROR] LogOutputStream:75 - [STDERR_REDIRECT] 
2026-05-04 18:49:35,139 [ERROR] LogOutputStream:75 - [STDERR_REDIRECT] [Fatal Error] :1:1: Premature end of file.
2026-05-04 18:49:35,139 [ERROR] LogOutputStream:75 - [STDERR_REDIRECT] 
2026-05-04 18:49:36,115 [ERROR] LogOutputStream:75 - [STDERR_REDIRECT] [Fatal Error] :1:1: Premature end of file.
2026-05-04 18:49:36,115 [ERROR] LogOutputStream:75 - [STDERR_REDIRECT] 
2026-05-04 18:49:37,131 [ERROR] LogOutputStream:75 - [STDERR_REDIRECT] [Fatal Error] :1:1: Premature end of file.
2026-05-04 18:49:37,138 [ERROR] LogOutputStream:75 - [STDERR_REDIRECT] 
2026-05-04 18:49:37,360 [INFO] WebApp:194 - Connection lost
2026-05-04 18:49:37,708 [INFO] WebApp:191 - Connection restablished
2026-05-04 18:49:38,137 [ERROR] LogOutputStream:75 - [STDERR_REDIRECT] [Fatal Error] :1:1: Premature end of file.
2026-05-04 18:49:38,137 [ERROR] LogOutputStream:75 - [STDERR_REDIRECT] 
2026-05-04 18:49:39,125 [ERROR] LogOutputStream:75 - [STDERR_REDIRECT] [Fatal Error] :1:1: Premature end of file.
2026-05-04 18:49:39,126 [ERROR] LogOutputStream:75 - [STDERR_REDIRECT] 
2026-05-04 18:49:40,124 [ERROR] LogOutputStream:75 - [STDERR_REDIRECT] [Fatal Error] :1:1: Premature end of file.
2026-05-04 18:49:40,124 [ERROR] LogOutputStream:75 - [STDERR_REDIRECT] 
2026-05-04 18:49:41,138 [ERROR] LogOutputStream:75 - [STDERR_REDIRECT] [Fatal Error] :1:1: Premature end of file.
2026-05-04 18:49:41,138 [ERROR] LogOutputStream:75 - [STDERR_REDIRECT] 
2026-05-04 18:49:42,149 [ERROR] LogOutputStream:75 - [STDERR_REDIRECT] [Fatal Error] :1:1: Premature end of file.
2026-05-04 18:49:42,149 [ERROR] LogOutputStream:75 - [STDERR_REDIRECT] 
2026-05-04 18:49:43,120 [ERROR] LogOutputStream:75 - [STDERR_REDIRECT] [Fatal Error] :1:1: Premature end of file.
2026-05-04 18:49:43,120 [ERROR] LogOutputStream:75 - [STDERR_REDIRECT] 
2026-05-04 18:49:44,139 [ERROR] LogOutputStream:75 - [STDERR_REDIRECT] [Fatal Error] :1:1: Premature end of file.
2026-05-04 18:49:44,139 [ERROR] LogOutputStream:75 - [STDERR_REDIRECT] 
2026-05-04 18:49:45,137 [ERROR] LogOutputStream:75 - [STDERR_REDIRECT] [Fatal Error] :1:1: Premature end of file.
2026-05-04 18:49:45,137 [ERROR] LogOutputStream:75 - [STDERR_REDIRECT] 
2026-05-04 18:49:46,136 [ERROR] LogOutputStream:75 - [STDERR_REDIRECT] [Fatal Error] :1:1: Premature end of file.
2026-05-04 18:49:46,136 [ERROR] LogOutputStream:75 - [STDERR_REDIRECT] 
2026-05-04 18:49:47,209 [ERROR] LogOutputStream:75 - [STDERR_REDIRECT] [Fatal Error] :1:1: Premature end of file.
2026-05-04 18:49:47,210 [ERROR] LogOutputStream:75 - [STDERR_REDIRECT] 
