2026-04-30 21:33:00,387 [INFO] Activator:176 - 


2026-04-30 21:33:00,402 [INFO] Activator:177 - !SESSION log4j initialized
2026-04-30 21:33:18,481 [INFO] LogOutputStream:77 - [STDOUT_REDIRECT] 
2026-04-30 21:33:20,905 [INFO] ApplicationProperties:184 - Using Application install path: C:\ST\STM32CubeIDE_1.19.0\STM32CubeIDE\plugins\com.st.stm32cube.common.mx_6.15.0.202507011659
2026-04-30 21:33:20,963 [INFO] DbMcusXml:78 - Set database path to: C:\ST\STM32CubeIDE_1.19.0\STM32CubeIDE\plugins\com.st.stm32cube.common.mx_6.15.0.202507011659\\db\/mcu/
2026-04-30 21:33:20,965 [INFO] ApiDb:274 - Set plugin database path to: C:\ST\STM32CubeIDE_1.19.0\STM32CubeIDE\plugins\com.st.stm32cube.common.mx_6.15.0.202507011659\\db\/plugins/boardmanager/
2026-04-30 21:33:20,965 [WARN] ApiDb:259 - Overriding images path with different value:  => C:\ST\STM32CubeIDE_1.19.0\STM32CubeIDE\plugins\com.st.stm32cube.common.mx_6.15.0.202507011659\\db\/plugins/mcufinder/images/
2026-04-30 21:33:20,989 [INFO] ApiDb:250 - Set database path to: C:\Users\santi\.stmcufinder\plugins\mcufinder//mcu/
2026-04-30 21:33:20,995 [INFO] DbMcusAds:125 - Set database path to: C:\Users\santi\.stmcufinder\plugins\mcufinder//mcu/
2026-04-30 21:33:21,004 [INFO] CrossReferenceDbSqlite:203 - Set database path to: C:\Users\santi\.stmcufinder\plugins\mcufinder//mcu/cs/
2026-04-30 21:33:21,402 [INFO] RulesReader:64 - Compatibility file has been processed (317 Rules)
2026-04-30 21:33:21,660 [INFO] DbMcusXml:78 - Set database path to: C:\ST\STM32CubeIDE_1.19.0\STM32CubeIDE\plugins\com.st.stm32cube.common.mx_6.15.0.202507011659\\db\/mcu/
2026-04-30 21:33:21,660 [INFO] ApiDb:274 - Set plugin database path to: C:\ST\STM32CubeIDE_1.19.0\STM32CubeIDE\plugins\com.st.stm32cube.common.mx_6.15.0.202507011659\\db\/plugins/boardmanager/
2026-04-30 21:33:21,660 [INFO] ApiDb:261 - Set plugin images path to: C:\ST\STM32CubeIDE_1.19.0\STM32CubeIDE\plugins\com.st.stm32cube.common.mx_6.15.0.202507011659\\db\/plugins/mcufinder/images/
2026-04-30 21:33:21,660 [WARN] DbFile:41 - Overriding database path with different value: C:\Users\santi\.stmcufinder\plugins\mcufinder/ => C:\Users\santi\.stmcufinder\plugins\mcufinder
2026-04-30 21:33:21,663 [INFO] ApiDb:250 - Set database path to: C:\Users\santi\.stmcufinder\plugins\mcufinder//mcu/
2026-04-30 21:33:21,663 [WARN] DbFile:41 - Overriding database path with different value: C:\Users\santi\.stmcufinder\plugins\mcufinder/ => C:\Users\santi\.stmcufinder\plugins\mcufinder
2026-04-30 21:33:21,663 [INFO] DbMcusAds:125 - Set database path to: C:\Users\santi\.stmcufinder\plugins\mcufinder//mcu/
2026-04-30 21:33:21,663 [WARN] DbFile:41 - Overriding database path with different value: C:\Users\santi\.stmcufinder\plugins\mcufinder/ => C:\Users\santi\.stmcufinder\plugins\mcufinder
2026-04-30 21:33:21,663 [WARN] DbFile:41 - Overriding database path with different value: C:\Users\santi\.stmcufinder\plugins\mcufinder/ => C:\Users\santi\.stmcufinder\plugins\mcufinder
2026-04-30 21:33:21,663 [INFO] CrossReferenceDbSqlite:203 - Set database path to: C:\Users\santi\.stmcufinder\plugins\mcufinder//mcu/cs/
2026-04-30 21:33:21,896 [INFO] MainPanel:274 - HeapMemory: 268435456
2026-04-30 21:33:22,225 [INFO] DbMcusXml:78 - Set database path to: C:\ST\STM32CubeIDE_1.19.0\STM32CubeIDE\plugins\com.st.stm32cube.common.mx_6.15.0.202507011659\\db\/mcu/
2026-04-30 21:33:22,225 [INFO] ApiDb:274 - Set plugin database path to: C:\ST\STM32CubeIDE_1.19.0\STM32CubeIDE\plugins\com.st.stm32cube.common.mx_6.15.0.202507011659\\db\/plugins/boardmanager/
2026-04-30 21:33:22,225 [INFO] ApiDb:261 - Set plugin images path to: C:\ST\STM32CubeIDE_1.19.0\STM32CubeIDE\plugins\com.st.stm32cube.common.mx_6.15.0.202507011659\\db\/plugins/mcufinder/images/
2026-04-30 21:33:22,225 [WARN] DbFile:41 - Overriding database path with different value: C:\Users\santi\.stmcufinder\plugins\mcufinder/ => C:\Users\santi\.stmcufinder\plugins\mcufinder
2026-04-30 21:33:22,225 [INFO] ApiDb:250 - Set database path to: C:\Users\santi\.stmcufinder\plugins\mcufinder//mcu/
2026-04-30 21:33:22,225 [WARN] DbFile:41 - Overriding database path with different value: C:\Users\santi\.stmcufinder\plugins\mcufinder/ => C:\Users\santi\.stmcufinder\plugins\mcufinder
2026-04-30 21:33:22,227 [INFO] DbMcusAds:125 - Set database path to: C:\Users\santi\.stmcufinder\plugins\mcufinder//mcu/
2026-04-30 21:33:22,227 [WARN] DbFile:41 - Overriding database path with different value: C:\Users\santi\.stmcufinder\plugins\mcufinder/ => C:\Users\santi\.stmcufinder\plugins\mcufinder
2026-04-30 21:33:22,228 [WARN] DbFile:41 - Overriding database path with different value: C:\Users\santi\.stmcufinder\plugins\mcufinder/ => C:\Users\santi\.stmcufinder\plugins\mcufinder
2026-04-30 21:33:22,228 [INFO] CrossReferenceDbSqlite:203 - Set database path to: C:\Users\santi\.stmcufinder\plugins\mcufinder//mcu/cs/
2026-04-30 21:33:22,284 [INFO] ApplicationProperties:184 - Using Application install path: C:\ST\STM32CubeIDE_1.19.0\STM32CubeIDE\plugins\com.st.stm32cube.common.mx_6.15.0.202507011659
2026-04-30 21:33:22,289 [INFO] PluginManage:196 - Search for loadable plugins [exclusion list=, ]
2026-04-30 21:33:22,292 [INFO] PluginManage:310 - Check plugin analytics
2026-04-30 21:33:22,891 [INFO] AnalyticsPlugin:253 - Accepted Software Licenses: 
2026-04-30 21:33:22,891 [INFO] AnalyticsPlugin:255 - Accepted CMSIS Pack Licenses: 
2026-04-30 21:33:22,891 [INFO] AnalyticsPlugin:257 - Accepted Firmware Licenses: 
2026-04-30 21:33:22,898 [INFO] PluginManage:359 - Loaded plugin analytics (category:tool,tabindex:-1)
2026-04-30 21:33:22,898 [INFO] PluginManage:310 - Check plugin cadmodel
2026-04-30 21:33:22,912 [INFO] CADModel:105 - Init CAD model plugin
2026-04-30 21:33:22,913 [INFO] PluginManage:359 - Loaded plugin cadmodel (category:power,tabindex:5)
2026-04-30 21:33:22,913 [INFO] PluginManage:310 - Check plugin clock
2026-04-30 21:33:22,944 [INFO] PluginManage:359 - Loaded plugin clock (category:base,tabindex:2)
2026-04-30 21:33:22,944 [INFO] PluginManage:310 - Check plugin ddr
2026-04-30 21:33:22,952 [INFO] PluginManage:359 - Loaded plugin ddr (category:tool,tabindex:6)
2026-04-30 21:33:22,953 [INFO] PluginManage:310 - Check plugin filemanager
2026-04-30 21:33:23,464 [INFO] PluginManage:359 - Loaded plugin filemanager (category:base,tabindex:10)
2026-04-30 21:33:23,464 [INFO] PluginManage:310 - Check plugin ipmanager
2026-04-30 21:33:23,485 [INFO] PluginManage:359 - Loaded plugin ipmanager (category:base,tabindex:5)
2026-04-30 21:33:23,485 [INFO] PluginManage:310 - Check plugin lpbam
2026-04-30 21:33:23,512 [INFO] PluginManage:359 - Loaded plugin lpbam (category:base,tabindex:0)
2026-04-30 21:33:23,512 [INFO] PluginManage:310 - Check plugin memorymap
2026-04-30 21:33:23,559 [INFO] PluginManage:359 - Loaded plugin memorymap (category:base,tabindex:4)
2026-04-30 21:33:23,559 [INFO] PluginManage:310 - Check plugin pinoutandconfiguration
2026-04-30 21:33:23,586 [INFO] PluginManage:359 - Loaded plugin pinoutandconfiguration (category:base,tabindex:1)
2026-04-30 21:33:23,588 [INFO] PluginManage:310 - Check plugin pinoutconfig
2026-04-30 21:33:23,885 [WARN] SupportedApi:132 - Cannot load RTOS API schema: s4s-elt-must-match.1: The content of 'definitions' must match (annotation?, (simpleType | complexType)?, (unique | key | keyref)*)). A problem was found starting at: attribute.
2026-04-30 21:33:24,354 [INFO] PluginManage:359 - Loaded plugin pinoutconfig (category:base,tabindex:0)
2026-04-30 21:33:24,357 [INFO] PluginManage:310 - Check plugin power
2026-04-30 21:33:24,384 [INFO] PluginManage:359 - Loaded plugin power (category:power,tabindex:4)
2026-04-30 21:33:24,384 [INFO] PluginManage:310 - Check plugin projectmanager
2026-04-30 21:33:24,430 [INFO] PluginManage:359 - Loaded plugin projectmanager (category:projectmanager,tabindex:4)
2026-04-30 21:33:24,432 [INFO] PluginManage:310 - Check plugin rif
2026-04-30 21:33:24,457 [INFO] PluginManage:359 - Loaded plugin rif (category:base,tabindex:3)
2026-04-30 21:33:24,457 [INFO] PluginManage:310 - Check plugin thirdparty
2026-04-30 21:33:24,909 [INFO] PluginManage:359 - Loaded plugin thirdparty (category:base,tabindex:-1)
2026-04-30 21:33:24,909 [WARN] IntegrityCheckThread:84 - waiting for thirdparty lock release [integrity check]
2026-04-30 21:33:24,910 [INFO] IntegrityCheckThread:86 - entering critical section [integrity check]
2026-04-30 21:33:24,910 [INFO] PluginManage:310 - Check plugin tools
2026-04-30 21:33:24,912 [INFO] ThirdPartyUpdaterWithRetryManager:70 - Updater plugin not ready yet. [1/15]
2026-04-30 21:33:24,919 [INFO] PluginManage:359 - Loaded plugin tools (category:base,tabindex:7)
2026-04-30 21:33:24,920 [INFO] PluginManage:310 - Check plugin tutovideos
2026-04-30 21:33:25,653 [INFO] PluginManage:359 - Loaded plugin tutovideos (category:base,tabindex:-1)
2026-04-30 21:33:25,653 [INFO] PluginManage:310 - Check plugin updater
2026-04-30 21:33:25,725 [INFO] PluginManage:359 - Loaded plugin updater (category:base,tabindex:12)
2026-04-30 21:33:25,726 [INFO] PluginManage:310 - Check plugin userauth
2026-04-30 21:33:25,731 [INFO] UserAuth:118 - Init User Auth plugin
2026-04-30 21:33:25,731 [INFO] PluginManage:359 - Loaded plugin userauth (category:base,tabindex:14)
2026-04-30 21:33:25,741 [INFO] PluginManage:283 - PluginManage : Loaded plugins [18]
2026-04-30 21:33:26,407 [INFO] PinOutPanel:1589 - setPackage(No Configuration,No Configuration)
2026-04-30 21:33:26,696 [INFO] CADModel:165 - CPN selected for project level
2026-04-30 21:33:26,696 [INFO] CADModel:114 - Register for checkConnection events
2026-04-30 21:33:26,756 [INFO] IPUIPlugin:80 - create IPUIPlugin
2026-04-30 21:33:26,756 [INFO] PluginManager:220 - loadIPPluginJar : add adc
2026-04-30 21:33:26,763 [INFO] IPUIPlugin:80 - create IPUIPlugin
2026-04-30 21:33:26,765 [INFO] PluginManager:220 - loadIPPluginJar : add aes
2026-04-30 21:33:26,774 [INFO] IPUIPlugin:80 - create IPUIPlugin
2026-04-30 21:33:26,774 [INFO] PluginManager:220 - loadIPPluginJar : add can
2026-04-30 21:33:26,779 [INFO] IPUIPlugin:80 - create IPUIPlugin
2026-04-30 21:33:26,779 [INFO] PluginManager:220 - loadIPPluginJar : add comp
2026-04-30 21:33:26,789 [INFO] IPUIPlugin:80 - create IPUIPlugin
2026-04-30 21:33:26,789 [INFO] PluginManager:220 - loadIPPluginJar : add cryp
2026-04-30 21:33:26,797 [INFO] IPUIPlugin:80 - create IPUIPlugin
2026-04-30 21:33:26,797 [INFO] PluginManager:220 - loadIPPluginJar : add ddr_ctrl_phy
2026-04-30 21:33:26,807 [INFO] IPUIPlugin:80 - create IPUIPlugin
2026-04-30 21:33:26,807 [INFO] PluginManager:220 - loadIPPluginJar : add dfsdm
2026-04-30 21:33:26,827 [INFO] IPUIPlugin:80 - create IPUIPlugin
2026-04-30 21:33:26,831 [INFO] PluginManager:220 - loadIPPluginJar : add dma
2026-04-30 21:33:26,838 [INFO] IPUIPlugin:80 - create IPUIPlugin
2026-04-30 21:33:26,838 [INFO] PluginManager:220 - loadIPPluginJar : add dma3
2026-04-30 21:33:26,848 [INFO] IPUIPlugin:80 - create IPUIPlugin
2026-04-30 21:33:26,848 [INFO] PluginManager:220 - loadIPPluginJar : add extmemmanager
2026-04-30 21:33:26,854 [INFO] IPUIPlugin:80 - create IPUIPlugin
2026-04-30 21:33:26,854 [INFO] PluginManager:220 - loadIPPluginJar : add fatfs
2026-04-30 21:33:26,868 [INFO] IPUIPlugin:80 - create IPUIPlugin
2026-04-30 21:33:26,868 [INFO] PluginManager:220 - loadIPPluginJar : add fmc
2026-04-30 21:33:26,884 [INFO] IPUIPlugin:80 - create IPUIPlugin
2026-04-30 21:33:26,886 [INFO] PluginManager:220 - loadIPPluginJar : add freertos
2026-04-30 21:33:26,891 [INFO] IPUIPlugin:80 - create IPUIPlugin
2026-04-30 21:33:26,891 [INFO] PluginManager:220 - loadIPPluginJar : add genericplugin
2026-04-30 21:33:26,899 [INFO] IPUIPlugin:80 - create IPUIPlugin
2026-04-30 21:33:26,899 [INFO] PluginManager:220 - loadIPPluginJar : add gfxmmu
2026-04-30 21:33:26,915 [INFO] IPUIPlugin:80 - create IPUIPlugin
2026-04-30 21:33:26,915 [INFO] PluginManager:220 - loadIPPluginJar : add gic
2026-04-30 21:33:26,927 [INFO] IPUIPlugin:80 - create IPUIPlugin
2026-04-30 21:33:26,927 [INFO] PluginManager:220 - loadIPPluginJar : add gpio
2026-04-30 21:33:26,938 [INFO] IPUIPlugin:80 - create IPUIPlugin
2026-04-30 21:33:26,938 [INFO] PluginManager:220 - loadIPPluginJar : add gtzc
2026-04-30 21:33:26,946 [INFO] IPUIPlugin:80 - create IPUIPlugin
2026-04-30 21:33:26,946 [INFO] PluginManager:220 - loadIPPluginJar : add hash
2026-04-30 21:33:26,953 [INFO] IPUIPlugin:80 - create IPUIPlugin
2026-04-30 21:33:26,953 [INFO] PluginManager:220 - loadIPPluginJar : add i2c
2026-04-30 21:33:26,965 [INFO] IPUIPlugin:80 - create IPUIPlugin
2026-04-30 21:33:26,965 [INFO] PluginManager:220 - loadIPPluginJar : add i2s
2026-04-30 21:33:26,977 [INFO] IPUIPlugin:80 - create IPUIPlugin
2026-04-30 21:33:26,977 [INFO] PluginManager:220 - loadIPPluginJar : add i3c
2026-04-30 21:33:26,988 [INFO] IPUIPlugin:80 - create IPUIPlugin
2026-04-30 21:33:26,988 [INFO] PluginManager:220 - loadIPPluginJar : add ipddr
2026-04-30 21:33:27,013 [INFO] IPUIPlugin:80 - create IPUIPlugin
2026-04-30 21:33:27,013 [INFO] PluginManager:220 - loadIPPluginJar : add linkedlist
2026-04-30 21:33:27,023 [INFO] IPUIPlugin:80 - create IPUIPlugin
2026-04-30 21:33:27,023 [INFO] PluginManager:220 - loadIPPluginJar : add lorawan
2026-04-30 21:33:27,027 [INFO] IPUIPlugin:80 - create IPUIPlugin
2026-04-30 21:33:27,027 [INFO] PluginManager:220 - loadIPPluginJar : add ltdc
2026-04-30 21:33:27,045 [INFO] IPUIPlugin:80 - create IPUIPlugin
2026-04-30 21:33:27,045 [INFO] PluginManager:220 - loadIPPluginJar : add mdma
2026-04-30 21:33:27,057 [INFO] IPUIPlugin:80 - create IPUIPlugin
2026-04-30 21:33:27,058 [INFO] PluginManager:220 - loadIPPluginJar : add nvic
2026-04-30 21:33:27,067 [INFO] IPUIPlugin:80 - create IPUIPlugin
2026-04-30 21:33:27,067 [INFO] PluginManager:220 - loadIPPluginJar : add opamp
2026-04-30 21:33:27,077 [INFO] IPUIPlugin:80 - create IPUIPlugin
2026-04-30 21:33:27,077 [INFO] PluginManager:220 - loadIPPluginJar : add openamp
2026-04-30 21:33:27,082 [INFO] IPUIPlugin:80 - create IPUIPlugin
2026-04-30 21:33:27,082 [INFO] PluginManager:220 - loadIPPluginJar : add pdm2pcm
2026-04-30 21:33:27,108 [INFO] IPUIPlugin:80 - create IPUIPlugin
2026-04-30 21:33:27,115 [INFO] PluginManager:220 - loadIPPluginJar : add plateformsettings
2026-04-30 21:33:27,120 [INFO] IPUIPlugin:80 - create IPUIPlugin
2026-04-30 21:33:27,120 [INFO] PluginManager:220 - loadIPPluginJar : add quadspi
2026-04-30 21:33:27,127 [INFO] IPUIPlugin:80 - create IPUIPlugin
2026-04-30 21:33:27,130 [INFO] PluginManager:220 - loadIPPluginJar : add radio
2026-04-30 21:33:27,140 [INFO] IPUIPlugin:80 - create IPUIPlugin
2026-04-30 21:33:27,142 [INFO] PluginManager:220 - loadIPPluginJar : add resmgrutility
2026-04-30 21:33:27,150 [INFO] IPUIPlugin:80 - create IPUIPlugin
2026-04-30 21:33:27,150 [INFO] PluginManager:220 - loadIPPluginJar : add sai
2026-04-30 21:33:27,160 [INFO] IPUIPlugin:80 - create IPUIPlugin
2026-04-30 21:33:27,160 [INFO] PluginManager:220 - loadIPPluginJar : add spi
2026-04-30 21:33:27,180 [INFO] IPUIPlugin:80 - create IPUIPlugin
2026-04-30 21:33:27,180 [INFO] PluginManager:220 - loadIPPluginJar : add stm32_wpan
2026-04-30 21:33:27,184 [INFO] IPUIPlugin:80 - create IPUIPlugin
2026-04-30 21:33:27,184 [INFO] PluginManager:220 - loadIPPluginJar : add tim
2026-04-30 21:33:27,193 [INFO] IPUIPlugin:80 - create IPUIPlugin
2026-04-30 21:33:27,193 [INFO] PluginManager:220 - loadIPPluginJar : add touchsensing
2026-04-30 21:33:27,203 [INFO] IPUIPlugin:80 - create IPUIPlugin
2026-04-30 21:33:27,203 [INFO] PluginManager:220 - loadIPPluginJar : add tracer_emb
2026-04-30 21:33:27,210 [INFO] IPUIPlugin:80 - create IPUIPlugin
2026-04-30 21:33:27,210 [INFO] PluginManager:220 - loadIPPluginJar : add ts
2026-04-30 21:33:27,218 [INFO] IPUIPlugin:80 - create IPUIPlugin
2026-04-30 21:33:27,218 [INFO] PluginManager:220 - loadIPPluginJar : add tsc
2026-04-30 21:33:27,223 [INFO] IPUIPlugin:80 - create IPUIPlugin
2026-04-30 21:33:27,223 [INFO] PluginManager:220 - loadIPPluginJar : add ucpd
2026-04-30 21:33:27,230 [INFO] IPUIPlugin:80 - create IPUIPlugin
2026-04-30 21:33:27,230 [INFO] PluginManager:220 - loadIPPluginJar : add usart
2026-04-30 21:33:27,240 [INFO] IPUIPlugin:80 - create IPUIPlugin
2026-04-30 21:33:27,240 [INFO] PluginManager:220 - loadIPPluginJar : add usbx
2026-04-30 21:33:27,501 [FATAL] Updater:351 - Updater called before beeing initialized
2026-04-30 21:33:27,567 [INFO] RulesReader:64 - Compatibility file has been processed (317 Rules)
2026-04-30 21:33:27,597 [INFO] RulesReader:64 - Compatibility file has been processed (317 Rules)
2026-04-30 21:33:27,626 [INFO] CADModel:165 - CPN selected for project level
2026-04-30 21:33:27,626 [INFO] CADModel:114 - Register for checkConnection events
2026-04-30 21:33:27,627 [FATAL] Updater:351 - Updater called before beeing initialized
2026-04-30 21:33:27,627 [ERROR] CADModel:125 - Updater not yet initialized, retry later 
2026-04-30 21:33:27,919 [INFO] ThirdPartyUpdaterWithRetryManager:70 - Updater plugin not ready yet. [2/15]
2026-04-30 21:33:28,185 [FATAL] Updater:351 - Updater called before beeing initialized
2026-04-30 21:33:28,190 [INFO] CADModel:165 - CPN selected for project level
2026-04-30 21:33:28,190 [INFO] CADModel:114 - Register for checkConnection events
2026-04-30 21:33:28,190 [FATAL] Updater:351 - Updater called before beeing initialized
2026-04-30 21:33:28,192 [ERROR] CADModel:125 - Updater not yet initialized, retry later 
2026-04-30 21:33:28,201 [FATAL] Updater:351 - Updater called before beeing initialized
2026-04-30 21:33:28,549 [FATAL] Updater:351 - Updater called before beeing initialized
2026-04-30 21:33:28,562 [INFO] DbMcusAds:53 - JSON generation date=Thu Sep 30 03:55:09 ART 2021 (1632984909247)
2026-04-30 21:33:28,564 [FATAL] Updater:351 - Updater called before beeing initialized
2026-04-30 21:33:28,705 [WARN] DetailPanel:346 - Failed to get advertising image, set to default
2026-04-30 21:33:29,011 [FATAL] Updater:351 - Updater called before beeing initialized
2026-04-30 21:33:29,022 [FATAL] Updater:351 - Updater called before beeing initialized
2026-04-30 21:33:29,022 [FATAL] Updater:351 - Updater called before beeing initialized
2026-04-30 21:33:29,022 [WARN] DetailPanel:346 - Failed to get advertising image, set to default
2026-04-30 21:33:29,026 [FATAL] Updater:351 - Updater called before beeing initialized
2026-04-30 21:33:29,187 [ERROR] Updater:1198 - MainUpdater not yet initialized. External WinMGr cannot be set.
2026-04-30 21:33:29,195 [INFO] Updater:1134 - Updater Version found : 6.15.0
2026-04-30 21:33:29,252 [INFO] ApplicationProperties:184 - Using Application install path: C:\ST\STM32CubeIDE_1.19.0\STM32CubeIDE\plugins\com.st.stm32cube.common.mx_6.15.0.202507011659
2026-04-30 21:33:30,886 [ERROR] LogOutputStream:75 - [STDERR_REDIRECT] Apr 30, 2026 9:33:30 PM java.util.prefs.WindowsPreferences <init>
2026-04-30 21:33:30,897 [ERROR] LogOutputStream:75 - [STDERR_REDIRECT] WARNING: Could not open/create prefs root node Software\JavaSoft\Prefs at root 0xffffffff80000002. Windows RegCreateKeyEx(...) returned error code 5.
2026-04-30 21:33:30,897 [ERROR] LogOutputStream:75 - [STDERR_REDIRECT] 
2026-04-30 21:33:30,925 [FATAL] Updater:351 - Updater called before beeing initialized
2026-04-30 21:33:30,926 [ERROR] IntegrityCheckThread:130 - Cannot retrieve database content from updater: error 21
2026-04-30 21:33:30,927 [INFO] ThirdParty:978 - Integrity check success = false
2026-04-30 21:33:30,927 [INFO] IntegrityCheckThread:100 - exiting critical section [integrity check]
2026-04-30 21:33:30,927 [INFO] IntegrityCheckThread:103 - End integrity checks thread
2026-04-30 21:33:32,839 [INFO] MainUpdater:2872 - connection check result : 10
2026-04-30 21:33:32,843 [INFO] MainUpdater:289 - Updater Check For Update Now.
2026-04-30 21:33:32,843 [INFO] MicroXplorer:498 - Change Database Version : DB.6.0.150
2026-04-30 21:33:32,858 [INFO] McuFinderGlobals:63 - Set McuFinder mode to 2 (CubeIDE integrated)
2026-04-30 21:33:32,859 [INFO] UserAuth:171 - activating auth plugin
2026-04-30 21:33:32,866 [INFO] UserAuth:487 - Internet connection configuration mode: 1
2026-04-30 21:33:32,919 [INFO] JxBrowserEngine:152 - Initiate JxBrowser Engine with user profile folder
2026-04-30 21:33:33,259 [INFO] CheckServerUpdateThread:120 - End of CheckServer Thread
2026-04-30 21:33:36,317 [INFO] WebApp:169 - Instantiating new browser for Auth
2026-04-30 21:33:38,036 [INFO] WebApp:463 - Apply proxy settings
2026-04-30 21:33:38,036 [INFO] WebApp:548 - Chromium requires no authentication
2026-04-30 21:33:38,067 [INFO] WebApp:491 - Direct internet connection detected
2026-04-30 21:33:38,142 [INFO] WebApp:900 - Register for checkConnection events
2026-04-30 21:33:38,142 [INFO] WebApp:463 - Apply proxy settings
2026-04-30 21:33:38,142 [INFO] WebApp:548 - Chromium requires no authentication
2026-04-30 21:33:38,142 [INFO] WebApp:491 - Direct internet connection detected
2026-04-30 21:33:38,716 [INFO] WebApp:225 - Starting web application
2026-04-30 21:33:38,716 [INFO] WebApp:593 - Web application path used C:\ST\STM32CubeIDE_1.19.0\STM32CubeIDE\plugins\com.st.stm32cube.common.mx_6.15.0.202507011659\db\plugins\mcufinder\reactClient1\index.html
2026-04-30 21:33:39,476 [ERROR] LogOutputStream:75 - [STDERR_REDIRECT] [Fatal Error] :1:1: Premature end of file.
2026-04-30 21:33:39,479 [ERROR] LogOutputStream:75 - [STDERR_REDIRECT] 
2026-04-30 21:33:39,492 [INFO] WebApp:191 - Connection restablished
2026-04-30 21:33:40,406 [ERROR] LogOutputStream:75 - [STDERR_REDIRECT] [Fatal Error] :1:1: Premature end of file.
2026-04-30 21:33:40,406 [ERROR] LogOutputStream:75 - [STDERR_REDIRECT] 
2026-04-30 21:33:41,442 [ERROR] LogOutputStream:75 - [STDERR_REDIRECT] [Fatal Error] :1:1: Premature end of file.
2026-04-30 21:33:41,444 [ERROR] LogOutputStream:75 - [STDERR_REDIRECT] 
2026-04-30 21:33:42,396 [ERROR] LogOutputStream:75 - [STDERR_REDIRECT] [Fatal Error] :1:1: Premature end of file.
2026-04-30 21:33:42,396 [ERROR] LogOutputStream:75 - [STDERR_REDIRECT] 
2026-04-30 21:33:43,403 [ERROR] LogOutputStream:75 - [STDERR_REDIRECT] [Fatal Error] :1:1: Premature end of file.
2026-04-30 21:33:43,403 [ERROR] LogOutputStream:75 - [STDERR_REDIRECT] 
2026-04-30 21:33:44,384 [ERROR] LogOutputStream:75 - [STDERR_REDIRECT] [Fatal Error] :1:1: Premature end of file.
2026-04-30 21:33:44,384 [ERROR] LogOutputStream:75 - [STDERR_REDIRECT] 
2026-04-30 21:33:45,415 [ERROR] LogOutputStream:75 - [STDERR_REDIRECT] [Fatal Error] :1:1: Premature end of file.
2026-04-30 21:33:45,415 [ERROR] LogOutputStream:75 - [STDERR_REDIRECT] 
2026-04-30 21:33:46,404 [ERROR] LogOutputStream:75 - [STDERR_REDIRECT] [Fatal Error] :1:1: Premature end of file.
2026-04-30 21:33:46,404 [ERROR] LogOutputStream:75 - [STDERR_REDIRECT] 
2026-04-30 21:33:47,396 [ERROR] LogOutputStream:75 - [STDERR_REDIRECT] [Fatal Error] :1:1: Premature end of file.
2026-04-30 21:33:47,396 [ERROR] LogOutputStream:75 - [STDERR_REDIRECT] 
2026-04-30 21:33:48,384 [ERROR] LogOutputStream:75 - [STDERR_REDIRECT] [Fatal Error] :1:1: Premature end of file.
2026-04-30 21:33:48,384 [ERROR] LogOutputStream:75 - [STDERR_REDIRECT] 
2026-04-30 21:33:49,382 [ERROR] LogOutputStream:75 - [STDERR_REDIRECT] [Fatal Error] :1:1: Premature end of file.
2026-04-30 21:33:49,385 [ERROR] LogOutputStream:75 - [STDERR_REDIRECT] 
2026-04-30 21:33:50,385 [ERROR] LogOutputStream:75 - [STDERR_REDIRECT] [Fatal Error] :1:1: Premature end of file.
2026-04-30 21:33:50,385 [ERROR] LogOutputStream:75 - [STDERR_REDIRECT] 
2026-04-30 21:33:51,396 [ERROR] LogOutputStream:75 - [STDERR_REDIRECT] [Fatal Error] :1:1: Premature end of file.
2026-04-30 21:33:51,397 [ERROR] LogOutputStream:75 - [STDERR_REDIRECT] 
2026-04-30 21:33:52,391 [ERROR] LogOutputStream:75 - [STDERR_REDIRECT] [Fatal Error] :1:1: Premature end of file.
2026-04-30 21:33:52,394 [ERROR] LogOutputStream:75 - [STDERR_REDIRECT] 
2026-04-30 21:33:53,392 [ERROR] LogOutputStream:75 - [STDERR_REDIRECT] [Fatal Error] :1:1: Premature end of file.
2026-04-30 21:33:53,394 [ERROR] LogOutputStream:75 - [STDERR_REDIRECT] 
2026-04-30 21:33:54,404 [ERROR] LogOutputStream:75 - [STDERR_REDIRECT] [Fatal Error] :1:1: Premature end of file.
2026-04-30 21:33:54,404 [ERROR] LogOutputStream:75 - [STDERR_REDIRECT] 
2026-04-30 21:33:55,394 [ERROR] LogOutputStream:75 - [STDERR_REDIRECT] [Fatal Error] :1:1: Premature end of file.
2026-04-30 21:33:55,399 [ERROR] LogOutputStream:75 - [STDERR_REDIRECT] 
2026-04-30 21:33:56,390 [ERROR] LogOutputStream:75 - [STDERR_REDIRECT] [Fatal Error] :1:1: Premature end of file.
2026-04-30 21:33:56,390 [ERROR] LogOutputStream:75 - [STDERR_REDIRECT] 
2026-04-30 21:33:57,380 [ERROR] LogOutputStream:75 - [STDERR_REDIRECT] [Fatal Error] :1:1: Premature end of file.
2026-04-30 21:33:57,380 [ERROR] LogOutputStream:75 - [STDERR_REDIRECT] 
2026-04-30 21:33:58,401 [ERROR] LogOutputStream:75 - [STDERR_REDIRECT] [Fatal Error] :1:1: Premature end of file.
2026-04-30 21:33:58,401 [ERROR] LogOutputStream:75 - [STDERR_REDIRECT] 
2026-04-30 21:33:59,400 [ERROR] LogOutputStream:75 - [STDERR_REDIRECT] [Fatal Error] :1:1: Premature end of file.
2026-04-30 21:33:59,402 [ERROR] LogOutputStream:75 - [STDERR_REDIRECT] 
2026-04-30 21:34:00,401 [ERROR] LogOutputStream:75 - [STDERR_REDIRECT] [Fatal Error] :1:1: Premature end of file.
2026-04-30 21:34:00,401 [ERROR] LogOutputStream:75 - [STDERR_REDIRECT] 
2026-04-30 21:34:01,396 [ERROR] LogOutputStream:75 - [STDERR_REDIRECT] [Fatal Error] :1:1: Premature end of file.
2026-04-30 21:34:01,396 [ERROR] LogOutputStream:75 - [STDERR_REDIRECT] 
2026-04-30 21:34:02,378 [ERROR] LogOutputStream:75 - [STDERR_REDIRECT] [Fatal Error] :1:1: Premature end of file.
2026-04-30 21:34:02,380 [ERROR] LogOutputStream:75 - [STDERR_REDIRECT] 
2026-04-30 21:34:03,394 [ERROR] LogOutputStream:75 - [STDERR_REDIRECT] [Fatal Error] :1:1: Premature end of file.
2026-04-30 21:34:03,394 [ERROR] LogOutputStream:75 - [STDERR_REDIRECT] 
2026-04-30 21:34:04,396 [ERROR] LogOutputStream:75 - [STDERR_REDIRECT] [Fatal Error] :1:1: Premature end of file.
2026-04-30 21:34:04,405 [ERROR] LogOutputStream:75 - [STDERR_REDIRECT] 
2026-04-30 21:34:05,399 [ERROR] LogOutputStream:75 - [STDERR_REDIRECT] [Fatal Error] :1:1: Premature end of file.
2026-04-30 21:34:05,399 [ERROR] LogOutputStream:75 - [STDERR_REDIRECT] 
2026-04-30 21:34:06,453 [ERROR] LogOutputStream:75 - [STDERR_REDIRECT] [Fatal Error] :1:1: Premature end of file.
2026-04-30 21:34:06,457 [ERROR] LogOutputStream:75 - [STDERR_REDIRECT] 
2026-04-30 21:34:07,394 [ERROR] LogOutputStream:75 - [STDERR_REDIRECT] [Fatal Error] :1:1: Premature end of file.
2026-04-30 21:34:07,394 [ERROR] LogOutputStream:75 - [STDERR_REDIRECT] 
2026-04-30 21:34:08,389 [ERROR] LogOutputStream:75 - [STDERR_REDIRECT] [Fatal Error] :1:1: Premature end of file.
2026-04-30 21:34:08,390 [ERROR] LogOutputStream:75 - [STDERR_REDIRECT] 
2026-04-30 21:34:09,398 [ERROR] LogOutputStream:75 - [STDERR_REDIRECT] [Fatal Error] :1:1: Premature end of file.
2026-04-30 21:34:09,398 [ERROR] LogOutputStream:75 - [STDERR_REDIRECT] 
2026-04-30 21:34:10,393 [ERROR] LogOutputStream:75 - [STDERR_REDIRECT] [Fatal Error] :1:1: Premature end of file.
2026-04-30 21:34:10,395 [ERROR] LogOutputStream:75 - [STDERR_REDIRECT] 
2026-04-30 21:34:11,394 [ERROR] LogOutputStream:75 - [STDERR_REDIRECT] [Fatal Error] :1:1: Premature end of file.
2026-04-30 21:34:11,394 [ERROR] LogOutputStream:75 - [STDERR_REDIRECT] 
2026-04-30 21:34:12,384 [ERROR] LogOutputStream:75 - [STDERR_REDIRECT] [Fatal Error] :1:1: Premature end of file.
2026-04-30 21:34:12,386 [ERROR] LogOutputStream:75 - [STDERR_REDIRECT] 
2026-04-30 21:34:13,387 [ERROR] LogOutputStream:75 - [STDERR_REDIRECT] [Fatal Error] :1:1: Premature end of file.
2026-04-30 21:34:13,387 [ERROR] LogOutputStream:75 - [STDERR_REDIRECT] 
2026-04-30 21:34:14,399 [ERROR] LogOutputStream:75 - [STDERR_REDIRECT] [Fatal Error] :1:1: Premature end of file.
2026-04-30 21:34:14,400 [ERROR] LogOutputStream:75 - [STDERR_REDIRECT] 
2026-04-30 21:34:15,390 [ERROR] LogOutputStream:75 - [STDERR_REDIRECT] [Fatal Error] :1:1: Premature end of file.
2026-04-30 21:34:15,392 [ERROR] LogOutputStream:75 - [STDERR_REDIRECT] 
2026-04-30 21:34:16,394 [ERROR] LogOutputStream:75 - [STDERR_REDIRECT] [Fatal Error] :1:1: Premature end of file.
2026-04-30 21:34:16,396 [ERROR] LogOutputStream:75 - [STDERR_REDIRECT] 
2026-04-30 21:34:17,398 [ERROR] LogOutputStream:75 - [STDERR_REDIRECT] [Fatal Error] :1:1: Premature end of file.
2026-04-30 21:34:17,399 [ERROR] LogOutputStream:75 - [STDERR_REDIRECT] 
2026-04-30 21:34:18,409 [ERROR] LogOutputStream:75 - [STDERR_REDIRECT] [Fatal Error] :1:1: Premature end of file.
2026-04-30 21:34:18,411 [ERROR] LogOutputStream:75 - [STDERR_REDIRECT] 
2026-04-30 21:34:19,402 [ERROR] LogOutputStream:75 - [STDERR_REDIRECT] [Fatal Error] :1:1: Premature end of file.
2026-04-30 21:34:19,404 [ERROR] LogOutputStream:75 - [STDERR_REDIRECT] 
2026-04-30 21:34:20,396 [ERROR] LogOutputStream:75 - [STDERR_REDIRECT] [Fatal Error] :1:1: Premature end of file.
2026-04-30 21:34:20,396 [ERROR] LogOutputStream:75 - [STDERR_REDIRECT] 
2026-04-30 21:34:21,389 [ERROR] LogOutputStream:75 - [STDERR_REDIRECT] [Fatal Error] :1:1: Premature end of file.
2026-04-30 21:34:21,389 [ERROR] LogOutputStream:75 - [STDERR_REDIRECT] 
2026-04-30 21:34:22,394 [ERROR] LogOutputStream:75 - [STDERR_REDIRECT] [Fatal Error] :1:1: Premature end of file.
2026-04-30 21:34:22,394 [ERROR] LogOutputStream:75 - [STDERR_REDIRECT] 
2026-04-30 21:34:23,396 [ERROR] LogOutputStream:75 - [STDERR_REDIRECT] [Fatal Error] :1:1: Premature end of file.
2026-04-30 21:34:23,398 [ERROR] LogOutputStream:75 - [STDERR_REDIRECT] 
2026-04-30 21:34:24,411 [ERROR] LogOutputStream:75 - [STDERR_REDIRECT] [Fatal Error] :1:1: Premature end of file.
2026-04-30 21:34:24,411 [ERROR] LogOutputStream:75 - [STDERR_REDIRECT] 
2026-04-30 21:34:25,390 [ERROR] LogOutputStream:75 - [STDERR_REDIRECT] [Fatal Error] :1:1: Premature end of file.
2026-04-30 21:34:25,390 [ERROR] LogOutputStream:75 - [STDERR_REDIRECT] 
2026-04-30 21:34:26,387 [ERROR] LogOutputStream:75 - [STDERR_REDIRECT] [Fatal Error] :1:1: Premature end of file.
2026-04-30 21:34:26,389 [ERROR] LogOutputStream:75 - [STDERR_REDIRECT] 
2026-04-30 21:34:27,404 [ERROR] LogOutputStream:75 - [STDERR_REDIRECT] [Fatal Error] :1:1: Premature end of file.
2026-04-30 21:34:27,404 [ERROR] LogOutputStream:75 - [STDERR_REDIRECT] 
2026-04-30 21:34:28,387 [ERROR] LogOutputStream:75 - [STDERR_REDIRECT] [Fatal Error] :1:1: Premature end of file.
2026-04-30 21:34:28,387 [ERROR] LogOutputStream:75 - [STDERR_REDIRECT] 
2026-04-30 21:34:29,394 [ERROR] LogOutputStream:75 - [STDERR_REDIRECT] [Fatal Error] :1:1: Premature end of file.
2026-04-30 21:34:29,394 [ERROR] LogOutputStream:75 - [STDERR_REDIRECT] 
2026-04-30 21:34:30,393 [ERROR] LogOutputStream:75 - [STDERR_REDIRECT] [Fatal Error] :1:1: Premature end of file.
2026-04-30 21:34:30,393 [ERROR] LogOutputStream:75 - [STDERR_REDIRECT] 
2026-04-30 21:34:31,394 [ERROR] LogOutputStream:75 - [STDERR_REDIRECT] [Fatal Error] :1:1: Premature end of file.
2026-04-30 21:34:31,394 [ERROR] LogOutputStream:75 - [STDERR_REDIRECT] 
2026-04-30 21:34:32,403 [ERROR] LogOutputStream:75 - [STDERR_REDIRECT] [Fatal Error] :1:1: Premature end of file.
2026-04-30 21:34:32,403 [ERROR] LogOutputStream:75 - [STDERR_REDIRECT] 
2026-04-30 21:34:33,403 [ERROR] LogOutputStream:75 - [STDERR_REDIRECT] [Fatal Error] :1:1: Premature end of file.
2026-04-30 21:34:33,403 [ERROR] LogOutputStream:75 - [STDERR_REDIRECT] 
2026-04-30 21:34:34,396 [ERROR] LogOutputStream:75 - [STDERR_REDIRECT] [Fatal Error] :1:1: Premature end of file.
2026-04-30 21:34:34,397 [ERROR] LogOutputStream:75 - [STDERR_REDIRECT] 
2026-04-30 21:34:35,376 [ERROR] LogOutputStream:75 - [STDERR_REDIRECT] [Fatal Error] :1:1: Premature end of file.
2026-04-30 21:34:35,376 [ERROR] LogOutputStream:75 - [STDERR_REDIRECT] 
2026-04-30 21:34:36,386 [ERROR] LogOutputStream:75 - [STDERR_REDIRECT] [Fatal Error] :1:1: Premature end of file.
2026-04-30 21:34:36,387 [ERROR] LogOutputStream:75 - [STDERR_REDIRECT] 
2026-04-30 21:34:37,395 [ERROR] LogOutputStream:75 - [STDERR_REDIRECT] [Fatal Error] :1:1: Premature end of file.
2026-04-30 21:34:37,395 [ERROR] LogOutputStream:75 - [STDERR_REDIRECT] 
2026-04-30 21:34:38,405 [ERROR] LogOutputStream:75 - [STDERR_REDIRECT] [Fatal Error] :1:1: Premature end of file.
2026-04-30 21:34:38,405 [ERROR] LogOutputStream:75 - [STDERR_REDIRECT] 
2026-04-30 21:34:39,403 [ERROR] LogOutputStream:75 - [STDERR_REDIRECT] [Fatal Error] :1:1: Premature end of file.
2026-04-30 21:34:39,403 [ERROR] LogOutputStream:75 - [STDERR_REDIRECT] 
2026-04-30 21:34:40,380 [ERROR] LogOutputStream:75 - [STDERR_REDIRECT] [Fatal Error] :1:1: Premature end of file.
2026-04-30 21:34:40,380 [ERROR] LogOutputStream:75 - [STDERR_REDIRECT] 
2026-04-30 21:34:41,389 [ERROR] LogOutputStream:75 - [STDERR_REDIRECT] [Fatal Error] :1:1: Premature end of file.
2026-04-30 21:34:41,389 [ERROR] LogOutputStream:75 - [STDERR_REDIRECT] 
2026-04-30 21:34:42,386 [ERROR] LogOutputStream:75 - [STDERR_REDIRECT] [Fatal Error] :1:1: Premature end of file.
2026-04-30 21:34:42,386 [ERROR] LogOutputStream:75 - [STDERR_REDIRECT] 
2026-04-30 21:34:43,398 [ERROR] LogOutputStream:75 - [STDERR_REDIRECT] [Fatal Error] :1:1: Premature end of file.
2026-04-30 21:34:43,400 [ERROR] LogOutputStream:75 - [STDERR_REDIRECT] 
2026-04-30 21:34:44,406 [ERROR] LogOutputStream:75 - [STDERR_REDIRECT] [Fatal Error] :1:1: Premature end of file.
2026-04-30 21:34:44,406 [ERROR] LogOutputStream:75 - [STDERR_REDIRECT] 
2026-04-30 21:34:45,392 [ERROR] LogOutputStream:75 - [STDERR_REDIRECT] [Fatal Error] :1:1: Premature end of file.
2026-04-30 21:34:45,392 [ERROR] LogOutputStream:75 - [STDERR_REDIRECT] 
2026-04-30 21:34:46,392 [ERROR] LogOutputStream:75 - [STDERR_REDIRECT] [Fatal Error] :1:1: Premature end of file.
2026-04-30 21:34:46,397 [ERROR] LogOutputStream:75 - [STDERR_REDIRECT] 
2026-04-30 21:34:47,382 [ERROR] LogOutputStream:75 - [STDERR_REDIRECT] [Fatal Error] :1:1: Premature end of file.
2026-04-30 21:34:47,382 [ERROR] LogOutputStream:75 - [STDERR_REDIRECT] 
2026-04-30 21:34:48,402 [ERROR] LogOutputStream:75 - [STDERR_REDIRECT] [Fatal Error] :1:1: Premature end of file.
2026-04-30 21:34:48,402 [ERROR] LogOutputStream:75 - [STDERR_REDIRECT] 
2026-04-30 21:34:49,395 [ERROR] LogOutputStream:75 - [STDERR_REDIRECT] [Fatal Error] :1:1: Premature end of file.
2026-04-30 21:34:49,395 [ERROR] LogOutputStream:75 - [STDERR_REDIRECT] 
2026-04-30 21:34:50,397 [ERROR] LogOutputStream:75 - [STDERR_REDIRECT] [Fatal Error] :1:1: Premature end of file.
2026-04-30 21:34:50,397 [ERROR] LogOutputStream:75 - [STDERR_REDIRECT] 
2026-04-30 21:34:51,382 [ERROR] LogOutputStream:75 - [STDERR_REDIRECT] [Fatal Error] :1:1: Premature end of file.
2026-04-30 21:34:51,382 [ERROR] LogOutputStream:75 - [STDERR_REDIRECT] 
2026-04-30 21:34:52,389 [ERROR] LogOutputStream:75 - [STDERR_REDIRECT] [Fatal Error] :1:1: Premature end of file.
2026-04-30 21:34:52,389 [ERROR] LogOutputStream:75 - [STDERR_REDIRECT] 
2026-04-30 21:34:53,389 [ERROR] LogOutputStream:75 - [STDERR_REDIRECT] [Fatal Error] :1:1: Premature end of file.
2026-04-30 21:34:53,389 [ERROR] LogOutputStream:75 - [STDERR_REDIRECT] 
2026-04-30 21:34:54,393 [ERROR] LogOutputStream:75 - [STDERR_REDIRECT] [Fatal Error] :1:1: Premature end of file.
2026-04-30 21:34:54,393 [ERROR] LogOutputStream:75 - [STDERR_REDIRECT] 
2026-04-30 21:34:55,383 [ERROR] LogOutputStream:75 - [STDERR_REDIRECT] [Fatal Error] :1:1: Premature end of file.
2026-04-30 21:34:55,383 [ERROR] LogOutputStream:75 - [STDERR_REDIRECT] 
2026-04-30 21:34:56,392 [ERROR] LogOutputStream:75 - [STDERR_REDIRECT] [Fatal Error] :1:1: Premature end of file.
2026-04-30 21:34:56,394 [ERROR] LogOutputStream:75 - [STDERR_REDIRECT] 
2026-04-30 21:34:57,378 [ERROR] LogOutputStream:75 - [STDERR_REDIRECT] [Fatal Error] :1:1: Premature end of file.
2026-04-30 21:34:57,378 [ERROR] LogOutputStream:75 - [STDERR_REDIRECT] 
2026-04-30 21:34:58,382 [ERROR] LogOutputStream:75 - [STDERR_REDIRECT] [Fatal Error] :1:1: Premature end of file.
2026-04-30 21:34:58,382 [ERROR] LogOutputStream:75 - [STDERR_REDIRECT] 
2026-04-30 21:34:59,391 [ERROR] LogOutputStream:75 - [STDERR_REDIRECT] [Fatal Error] :1:1: Premature end of file.
2026-04-30 21:34:59,391 [ERROR] LogOutputStream:75 - [STDERR_REDIRECT] 
2026-04-30 21:35:00,440 [ERROR] LogOutputStream:75 - [STDERR_REDIRECT] [Fatal Error] :1:1: Premature end of file.
2026-04-30 21:35:00,440 [ERROR] LogOutputStream:75 - [STDERR_REDIRECT] 
2026-04-30 21:35:01,393 [ERROR] LogOutputStream:75 - [STDERR_REDIRECT] [Fatal Error] :1:1: Premature end of file.
2026-04-30 21:35:01,393 [ERROR] LogOutputStream:75 - [STDERR_REDIRECT] 
2026-04-30 21:35:02,432 [ERROR] LogOutputStream:75 - [STDERR_REDIRECT] [Fatal Error] :1:1: Premature end of file.
2026-04-30 21:35:02,433 [ERROR] LogOutputStream:75 - [STDERR_REDIRECT] 
2026-04-30 21:35:03,385 [ERROR] LogOutputStream:75 - [STDERR_REDIRECT] [Fatal Error] :1:1: Premature end of file.
2026-04-30 21:35:03,385 [ERROR] LogOutputStream:75 - [STDERR_REDIRECT] 
2026-04-30 21:35:04,384 [ERROR] LogOutputStream:75 - [STDERR_REDIRECT] [Fatal Error] :1:1: Premature end of file.
2026-04-30 21:35:04,384 [ERROR] LogOutputStream:75 - [STDERR_REDIRECT] 
2026-04-30 21:35:05,389 [ERROR] LogOutputStream:75 - [STDERR_REDIRECT] [Fatal Error] :1:1: Premature end of file.
2026-04-30 21:35:05,389 [ERROR] LogOutputStream:75 - [STDERR_REDIRECT] 
2026-04-30 21:35:06,387 [ERROR] LogOutputStream:75 - [STDERR_REDIRECT] [Fatal Error] :1:1: Premature end of file.
2026-04-30 21:35:06,387 [ERROR] LogOutputStream:75 - [STDERR_REDIRECT] 
2026-04-30 21:35:07,379 [ERROR] LogOutputStream:75 - [STDERR_REDIRECT] [Fatal Error] :1:1: Premature end of file.
2026-04-30 21:35:07,379 [ERROR] LogOutputStream:75 - [STDERR_REDIRECT] 
2026-04-30 21:35:08,374 [ERROR] LogOutputStream:75 - [STDERR_REDIRECT] [Fatal Error] :1:1: Premature end of file.
2026-04-30 21:35:08,374 [ERROR] LogOutputStream:75 - [STDERR_REDIRECT] 
2026-04-30 21:35:09,411 [ERROR] LogOutputStream:75 - [STDERR_REDIRECT] [Fatal Error] :1:1: Premature end of file.
2026-04-30 21:35:09,413 [ERROR] LogOutputStream:75 - [STDERR_REDIRECT] 
2026-04-30 21:35:10,402 [ERROR] LogOutputStream:75 - [STDERR_REDIRECT] [Fatal Error] :1:1: Premature end of file.
2026-04-30 21:35:10,402 [ERROR] LogOutputStream:75 - [STDERR_REDIRECT] 
2026-04-30 21:35:11,386 [ERROR] LogOutputStream:75 - [STDERR_REDIRECT] [Fatal Error] :1:1: Premature end of file.
2026-04-30 21:35:11,386 [ERROR] LogOutputStream:75 - [STDERR_REDIRECT] 
2026-04-30 21:35:12,395 [ERROR] LogOutputStream:75 - [STDERR_REDIRECT] [Fatal Error] :1:1: Premature end of file.
2026-04-30 21:35:12,396 [ERROR] LogOutputStream:75 - [STDERR_REDIRECT] 
2026-04-30 21:35:13,393 [ERROR] LogOutputStream:75 - [STDERR_REDIRECT] [Fatal Error] :1:1: Premature end of file.
2026-04-30 21:35:13,393 [ERROR] LogOutputStream:75 - [STDERR_REDIRECT] 
2026-04-30 21:35:14,396 [ERROR] LogOutputStream:75 - [STDERR_REDIRECT] [Fatal Error] :1:1: Premature end of file.
2026-04-30 21:35:14,396 [ERROR] LogOutputStream:75 - [STDERR_REDIRECT] 
2026-04-30 21:35:15,397 [ERROR] LogOutputStream:75 - [STDERR_REDIRECT] [Fatal Error] :1:1: Premature end of file.
2026-04-30 21:35:15,397 [ERROR] LogOutputStream:75 - [STDERR_REDIRECT] 
2026-04-30 21:35:16,412 [ERROR] LogOutputStream:75 - [STDERR_REDIRECT] [Fatal Error] :1:1: Premature end of file.
2026-04-30 21:35:16,414 [ERROR] LogOutputStream:75 - [STDERR_REDIRECT] 
2026-04-30 21:35:17,397 [ERROR] LogOutputStream:75 - [STDERR_REDIRECT] [Fatal Error] :1:1: Premature end of file.
2026-04-30 21:35:17,397 [ERROR] LogOutputStream:75 - [STDERR_REDIRECT] 
2026-04-30 21:35:18,652 [ERROR] LogOutputStream:75 - [STDERR_REDIRECT] [Fatal Error] :1:1: Premature end of file.
2026-04-30 21:35:18,652 [ERROR] LogOutputStream:75 - [STDERR_REDIRECT] 
2026-04-30 21:35:19,441 [ERROR] LogOutputStream:75 - [STDERR_REDIRECT] [Fatal Error] :1:1: Premature end of file.
2026-04-30 21:35:19,441 [ERROR] LogOutputStream:75 - [STDERR_REDIRECT] 
2026-04-30 21:35:20,392 [ERROR] LogOutputStream:75 - [STDERR_REDIRECT] [Fatal Error] :1:1: Premature end of file.
2026-04-30 21:35:20,392 [ERROR] LogOutputStream:75 - [STDERR_REDIRECT] 
2026-04-30 21:35:21,395 [ERROR] LogOutputStream:75 - [STDERR_REDIRECT] [Fatal Error] :1:1: Premature end of file.
2026-04-30 21:35:21,397 [ERROR] LogOutputStream:75 - [STDERR_REDIRECT] 
2026-04-30 21:35:22,390 [ERROR] LogOutputStream:75 - [STDERR_REDIRECT] [Fatal Error] :1:1: Premature end of file.
2026-04-30 21:35:22,390 [ERROR] LogOutputStream:75 - [STDERR_REDIRECT] 
2026-04-30 21:35:23,382 [ERROR] LogOutputStream:75 - [STDERR_REDIRECT] [Fatal Error] :1:1: Premature end of file.
2026-04-30 21:35:23,385 [ERROR] LogOutputStream:75 - [STDERR_REDIRECT] 
2026-04-30 21:35:24,381 [ERROR] LogOutputStream:75 - [STDERR_REDIRECT] [Fatal Error] :1:1: Premature end of file.
2026-04-30 21:35:24,381 [ERROR] LogOutputStream:75 - [STDERR_REDIRECT] 
2026-04-30 21:35:25,385 [ERROR] LogOutputStream:75 - [STDERR_REDIRECT] [Fatal Error] :1:1: Premature end of file.
2026-04-30 21:35:25,385 [ERROR] LogOutputStream:75 - [STDERR_REDIRECT] 
2026-04-30 21:35:26,404 [ERROR] LogOutputStream:75 - [STDERR_REDIRECT] [Fatal Error] :1:1: Premature end of file.
2026-04-30 21:35:26,404 [ERROR] LogOutputStream:75 - [STDERR_REDIRECT] 
2026-04-30 21:35:27,402 [ERROR] LogOutputStream:75 - [STDERR_REDIRECT] [Fatal Error] :1:1: Premature end of file.
2026-04-30 21:35:27,411 [ERROR] LogOutputStream:75 - [STDERR_REDIRECT] 
2026-04-30 21:35:28,382 [ERROR] LogOutputStream:75 - [STDERR_REDIRECT] [Fatal Error] :1:1: Premature end of file.
2026-04-30 21:35:28,382 [ERROR] LogOutputStream:75 - [STDERR_REDIRECT] 
2026-04-30 21:35:29,397 [ERROR] LogOutputStream:75 - [STDERR_REDIRECT] [Fatal Error] :1:1: Premature end of file.
2026-04-30 21:35:29,397 [ERROR] LogOutputStream:75 - [STDERR_REDIRECT] 
2026-04-30 21:35:30,388 [ERROR] LogOutputStream:75 - [STDERR_REDIRECT] [Fatal Error] :1:1: Premature end of file.
2026-04-30 21:35:30,388 [ERROR] LogOutputStream:75 - [STDERR_REDIRECT] 
2026-04-30 21:35:31,396 [ERROR] LogOutputStream:75 - [STDERR_REDIRECT] [Fatal Error] :1:1: Premature end of file.
2026-04-30 21:35:31,396 [ERROR] LogOutputStream:75 - [STDERR_REDIRECT] 
2026-04-30 21:35:32,382 [ERROR] LogOutputStream:75 - [STDERR_REDIRECT] [Fatal Error] :1:1: Premature end of file.
2026-04-30 21:35:32,382 [ERROR] LogOutputStream:75 - [STDERR_REDIRECT] 
2026-04-30 21:35:33,455 [ERROR] LogOutputStream:75 - [STDERR_REDIRECT] [Fatal Error] :1:1: Premature end of file.
2026-04-30 21:35:33,457 [ERROR] LogOutputStream:75 - [STDERR_REDIRECT] 
2026-04-30 21:35:34,399 [ERROR] LogOutputStream:75 - [STDERR_REDIRECT] [Fatal Error] :1:1: Premature end of file.
2026-04-30 21:35:34,399 [ERROR] LogOutputStream:75 - [STDERR_REDIRECT] 
2026-04-30 21:35:35,388 [ERROR] LogOutputStream:75 - [STDERR_REDIRECT] [Fatal Error] :1:1: Premature end of file.
2026-04-30 21:35:35,388 [ERROR] LogOutputStream:75 - [STDERR_REDIRECT] 
2026-04-30 21:35:36,384 [ERROR] LogOutputStream:75 - [STDERR_REDIRECT] [Fatal Error] :1:1: Premature end of file.
2026-04-30 21:35:36,384 [ERROR] LogOutputStream:75 - [STDERR_REDIRECT] 
2026-04-30 21:35:37,383 [ERROR] LogOutputStream:75 - [STDERR_REDIRECT] [Fatal Error] :1:1: Premature end of file.
2026-04-30 21:35:37,383 [ERROR] LogOutputStream:75 - [STDERR_REDIRECT] 
2026-04-30 21:35:38,393 [ERROR] LogOutputStream:75 - [STDERR_REDIRECT] [Fatal Error] :1:1: Premature end of file.
2026-04-30 21:35:38,393 [ERROR] LogOutputStream:75 - [STDERR_REDIRECT] 
2026-04-30 21:35:39,380 [ERROR] LogOutputStream:75 - [STDERR_REDIRECT] [Fatal Error] :1:1: Premature end of file.
2026-04-30 21:35:39,380 [ERROR] LogOutputStream:75 - [STDERR_REDIRECT] 
2026-04-30 21:35:40,386 [ERROR] LogOutputStream:75 - [STDERR_REDIRECT] [Fatal Error] :1:1: Premature end of file.
2026-04-30 21:35:40,390 [ERROR] LogOutputStream:75 - [STDERR_REDIRECT] 
2026-04-30 21:35:41,391 [ERROR] LogOutputStream:75 - [STDERR_REDIRECT] [Fatal Error] :1:1: Premature end of file.
2026-04-30 21:35:41,392 [ERROR] LogOutputStream:75 - [STDERR_REDIRECT] 
2026-04-30 21:35:42,394 [ERROR] LogOutputStream:75 - [STDERR_REDIRECT] [Fatal Error] :1:1: Premature end of file.
2026-04-30 21:35:42,396 [ERROR] LogOutputStream:75 - [STDERR_REDIRECT] 
2026-04-30 21:35:43,392 [ERROR] LogOutputStream:75 - [STDERR_REDIRECT] [Fatal Error] :1:1: Premature end of file.
2026-04-30 21:35:43,393 [ERROR] LogOutputStream:75 - [STDERR_REDIRECT] 
2026-04-30 21:35:44,402 [ERROR] LogOutputStream:75 - [STDERR_REDIRECT] [Fatal Error] :1:1: Premature end of file.
2026-04-30 21:35:44,402 [ERROR] LogOutputStream:75 - [STDERR_REDIRECT] 
2026-04-30 21:35:45,393 [ERROR] LogOutputStream:75 - [STDERR_REDIRECT] [Fatal Error] :1:1: Premature end of file.
2026-04-30 21:35:45,393 [ERROR] LogOutputStream:75 - [STDERR_REDIRECT] 
2026-04-30 21:35:46,376 [ERROR] LogOutputStream:75 - [STDERR_REDIRECT] [Fatal Error] :1:1: Premature end of file.
2026-04-30 21:35:46,383 [ERROR] LogOutputStream:75 - [STDERR_REDIRECT] 
2026-04-30 21:35:47,413 [ERROR] LogOutputStream:75 - [STDERR_REDIRECT] [Fatal Error] :1:1: Premature end of file.
2026-04-30 21:35:47,413 [ERROR] LogOutputStream:75 - [STDERR_REDIRECT] 
2026-04-30 21:35:48,399 [ERROR] LogOutputStream:75 - [STDERR_REDIRECT] [Fatal Error] :1:1: Premature end of file.
2026-04-30 21:35:48,401 [ERROR] LogOutputStream:75 - [STDERR_REDIRECT] 
2026-04-30 21:35:49,387 [ERROR] LogOutputStream:75 - [STDERR_REDIRECT] [Fatal Error] :1:1: Premature end of file.
2026-04-30 21:35:49,387 [ERROR] LogOutputStream:75 - [STDERR_REDIRECT] 
2026-04-30 21:35:50,394 [ERROR] LogOutputStream:75 - [STDERR_REDIRECT] [Fatal Error] :1:1: Premature end of file.
2026-04-30 21:35:50,394 [ERROR] LogOutputStream:75 - [STDERR_REDIRECT] 
2026-04-30 21:35:51,385 [ERROR] LogOutputStream:75 - [STDERR_REDIRECT] [Fatal Error] :1:1: Premature end of file.
2026-04-30 21:35:51,385 [ERROR] LogOutputStream:75 - [STDERR_REDIRECT] 
2026-04-30 21:35:52,442 [ERROR] LogOutputStream:75 - [STDERR_REDIRECT] [Fatal Error] :1:1: Premature end of file.
2026-04-30 21:35:52,444 [ERROR] LogOutputStream:75 - [STDERR_REDIRECT] 
2026-04-30 21:35:53,392 [ERROR] LogOutputStream:75 - [STDERR_REDIRECT] [Fatal Error] :1:1: Premature end of file.
2026-04-30 21:35:53,392 [ERROR] LogOutputStream:75 - [STDERR_REDIRECT] 
2026-04-30 21:35:54,400 [ERROR] LogOutputStream:75 - [STDERR_REDIRECT] [Fatal Error] :1:1: Premature end of file.
2026-04-30 21:35:54,400 [ERROR] LogOutputStream:75 - [STDERR_REDIRECT] 
2026-04-30 21:35:55,390 [ERROR] LogOutputStream:75 - [STDERR_REDIRECT] [Fatal Error] :1:1: Premature end of file.
2026-04-30 21:35:55,390 [ERROR] LogOutputStream:75 - [STDERR_REDIRECT] 
2026-04-30 21:35:56,388 [ERROR] LogOutputStream:75 - [STDERR_REDIRECT] [Fatal Error] :1:1: Premature end of file.
2026-04-30 21:35:56,388 [ERROR] LogOutputStream:75 - [STDERR_REDIRECT] 
2026-04-30 21:35:57,398 [ERROR] LogOutputStream:75 - [STDERR_REDIRECT] [Fatal Error] :1:1: Premature end of file.
2026-04-30 21:35:57,406 [ERROR] LogOutputStream:75 - [STDERR_REDIRECT] 
2026-04-30 21:35:58,417 [ERROR] LogOutputStream:75 - [STDERR_REDIRECT] [Fatal Error] :1:1: Premature end of file.
2026-04-30 21:35:58,417 [ERROR] LogOutputStream:75 - [STDERR_REDIRECT] 
2026-04-30 21:35:59,407 [ERROR] LogOutputStream:75 - [STDERR_REDIRECT] [Fatal Error] :1:1: Premature end of file.
2026-04-30 21:35:59,407 [ERROR] LogOutputStream:75 - [STDERR_REDIRECT] 
2026-04-30 21:36:00,384 [ERROR] LogOutputStream:75 - [STDERR_REDIRECT] [Fatal Error] :1:1: Premature end of file.
2026-04-30 21:36:00,389 [ERROR] LogOutputStream:75 - [STDERR_REDIRECT] 
2026-04-30 21:36:01,413 [ERROR] LogOutputStream:75 - [STDERR_REDIRECT] [Fatal Error] :1:1: Premature end of file.
2026-04-30 21:36:01,413 [ERROR] LogOutputStream:75 - [STDERR_REDIRECT] 
2026-04-30 21:36:02,397 [ERROR] LogOutputStream:75 - [STDERR_REDIRECT] [Fatal Error] :1:1: Premature end of file.
2026-04-30 21:36:02,397 [ERROR] LogOutputStream:75 - [STDERR_REDIRECT] 
2026-04-30 21:36:03,410 [ERROR] LogOutputStream:75 - [STDERR_REDIRECT] [Fatal Error] :1:1: Premature end of file.
2026-04-30 21:36:03,412 [ERROR] LogOutputStream:75 - [STDERR_REDIRECT] 
2026-04-30 21:36:04,400 [ERROR] LogOutputStream:75 - [STDERR_REDIRECT] [Fatal Error] :1:1: Premature end of file.
2026-04-30 21:36:04,400 [ERROR] LogOutputStream:75 - [STDERR_REDIRECT] 
2026-04-30 21:36:05,390 [ERROR] LogOutputStream:75 - [STDERR_REDIRECT] [Fatal Error] :1:1: Premature end of file.
2026-04-30 21:36:05,391 [ERROR] LogOutputStream:75 - [STDERR_REDIRECT] 
2026-04-30 21:36:06,394 [ERROR] LogOutputStream:75 - [STDERR_REDIRECT] [Fatal Error] :1:1: Premature end of file.
2026-04-30 21:36:06,394 [ERROR] LogOutputStream:75 - [STDERR_REDIRECT] 
2026-04-30 21:36:07,391 [ERROR] LogOutputStream:75 - [STDERR_REDIRECT] [Fatal Error] :1:1: Premature end of file.
2026-04-30 21:36:07,391 [ERROR] LogOutputStream:75 - [STDERR_REDIRECT] 
2026-04-30 21:36:08,384 [ERROR] LogOutputStream:75 - [STDERR_REDIRECT] [Fatal Error] :1:1: Premature end of file.
2026-04-30 21:36:08,386 [ERROR] LogOutputStream:75 - [STDERR_REDIRECT] 
2026-04-30 21:36:09,413 [ERROR] LogOutputStream:75 - [STDERR_REDIRECT] [Fatal Error] :1:1: Premature end of file.
2026-04-30 21:36:09,413 [ERROR] LogOutputStream:75 - [STDERR_REDIRECT] 
2026-04-30 21:36:10,389 [ERROR] LogOutputStream:75 - [STDERR_REDIRECT] [Fatal Error] :1:1: Premature end of file.
2026-04-30 21:36:10,390 [ERROR] LogOutputStream:75 - [STDERR_REDIRECT] 
2026-04-30 21:36:11,402 [ERROR] LogOutputStream:75 - [STDERR_REDIRECT] [Fatal Error] :1:1: Premature end of file.
2026-04-30 21:36:11,404 [ERROR] LogOutputStream:75 - [STDERR_REDIRECT] 
2026-04-30 21:36:12,416 [ERROR] LogOutputStream:75 - [STDERR_REDIRECT] [Fatal Error] :1:1: Premature end of file.
2026-04-30 21:36:12,416 [ERROR] LogOutputStream:75 - [STDERR_REDIRECT] 
2026-04-30 21:36:13,390 [ERROR] LogOutputStream:75 - [STDERR_REDIRECT] [Fatal Error] :1:1: Premature end of file.
2026-04-30 21:36:13,390 [ERROR] LogOutputStream:75 - [STDERR_REDIRECT] 
2026-04-30 21:36:14,397 [ERROR] LogOutputStream:75 - [STDERR_REDIRECT] [Fatal Error] :1:1: Premature end of file.
2026-04-30 21:36:14,397 [ERROR] LogOutputStream:75 - [STDERR_REDIRECT] 
2026-04-30 21:36:15,502 [ERROR] LogOutputStream:75 - [STDERR_REDIRECT] [Fatal Error] :1:1: Premature end of file.
2026-04-30 21:36:15,502 [ERROR] LogOutputStream:75 - [STDERR_REDIRECT] 
2026-04-30 21:36:16,395 [ERROR] LogOutputStream:75 - [STDERR_REDIRECT] [Fatal Error] :1:1: Premature end of file.
2026-04-30 21:36:16,396 [ERROR] LogOutputStream:75 - [STDERR_REDIRECT] 
2026-04-30 21:36:17,480 [ERROR] LogOutputStream:75 - [STDERR_REDIRECT] [Fatal Error] :1:1: Premature end of file.
2026-04-30 21:36:17,480 [ERROR] LogOutputStream:75 - [STDERR_REDIRECT] 
2026-04-30 21:36:18,384 [ERROR] LogOutputStream:75 - [STDERR_REDIRECT] [Fatal Error] :1:1: Premature end of file.
2026-04-30 21:36:18,384 [ERROR] LogOutputStream:75 - [STDERR_REDIRECT] 
2026-04-30 21:36:19,389 [ERROR] LogOutputStream:75 - [STDERR_REDIRECT] [Fatal Error] :1:1: Premature end of file.
2026-04-30 21:36:19,389 [ERROR] LogOutputStream:75 - [STDERR_REDIRECT] 
2026-04-30 21:36:20,385 [ERROR] LogOutputStream:75 - [STDERR_REDIRECT] [Fatal Error] :1:1: Premature end of file.
2026-04-30 21:36:20,388 [ERROR] LogOutputStream:75 - [STDERR_REDIRECT] 
2026-04-30 21:36:21,382 [ERROR] LogOutputStream:75 - [STDERR_REDIRECT] [Fatal Error] :1:1: Premature end of file.
2026-04-30 21:36:21,384 [ERROR] LogOutputStream:75 - [STDERR_REDIRECT] 
2026-04-30 21:36:22,396 [ERROR] LogOutputStream:75 - [STDERR_REDIRECT] [Fatal Error] :1:1: Premature end of file.
2026-04-30 21:36:22,396 [ERROR] LogOutputStream:75 - [STDERR_REDIRECT] 
2026-04-30 21:36:23,388 [ERROR] LogOutputStream:75 - [STDERR_REDIRECT] [Fatal Error] :1:1: Premature end of file.
2026-04-30 21:36:23,388 [ERROR] LogOutputStream:75 - [STDERR_REDIRECT] 
2026-04-30 21:36:24,396 [ERROR] LogOutputStream:75 - [STDERR_REDIRECT] [Fatal Error] :1:1: Premature end of file.
2026-04-30 21:36:24,396 [ERROR] LogOutputStream:75 - [STDERR_REDIRECT] 
2026-04-30 21:36:25,408 [ERROR] LogOutputStream:75 - [STDERR_REDIRECT] [Fatal Error] :1:1: Premature end of file.
2026-04-30 21:36:25,408 [ERROR] LogOutputStream:75 - [STDERR_REDIRECT] 
2026-04-30 21:36:26,401 [ERROR] LogOutputStream:75 - [STDERR_REDIRECT] [Fatal Error] :1:1: Premature end of file.
2026-04-30 21:36:26,403 [ERROR] LogOutputStream:75 - [STDERR_REDIRECT] 
2026-04-30 21:36:27,413 [ERROR] LogOutputStream:75 - [STDERR_REDIRECT] [Fatal Error] :1:1: Premature end of file.
2026-04-30 21:36:27,413 [ERROR] LogOutputStream:75 - [STDERR_REDIRECT] 
2026-04-30 21:36:28,395 [ERROR] LogOutputStream:75 - [STDERR_REDIRECT] [Fatal Error] :1:1: Premature end of file.
2026-04-30 21:36:28,395 [ERROR] LogOutputStream:75 - [STDERR_REDIRECT] 
2026-04-30 21:36:29,388 [ERROR] LogOutputStream:75 - [STDERR_REDIRECT] [Fatal Error] :1:1: Premature end of file.
2026-04-30 21:36:29,388 [ERROR] LogOutputStream:75 - [STDERR_REDIRECT] 
2026-04-30 21:36:30,396 [ERROR] LogOutputStream:75 - [STDERR_REDIRECT] [Fatal Error] :1:1: Premature end of file.
2026-04-30 21:36:30,396 [ERROR] LogOutputStream:75 - [STDERR_REDIRECT] 
2026-04-30 21:36:31,399 [ERROR] LogOutputStream:75 - [STDERR_REDIRECT] [Fatal Error] :1:1: Premature end of file.
2026-04-30 21:36:31,399 [ERROR] LogOutputStream:75 - [STDERR_REDIRECT] 
2026-04-30 21:36:32,399 [ERROR] LogOutputStream:75 - [STDERR_REDIRECT] [Fatal Error] :1:1: Premature end of file.
2026-04-30 21:36:32,399 [ERROR] LogOutputStream:75 - [STDERR_REDIRECT] 
2026-04-30 21:36:33,409 [ERROR] LogOutputStream:75 - [STDERR_REDIRECT] [Fatal Error] :1:1: Premature end of file.
2026-04-30 21:36:33,409 [ERROR] LogOutputStream:75 - [STDERR_REDIRECT] 
2026-04-30 21:36:34,417 [ERROR] LogOutputStream:75 - [STDERR_REDIRECT] [Fatal Error] :1:1: Premature end of file.
2026-04-30 21:36:34,418 [ERROR] LogOutputStream:75 - [STDERR_REDIRECT] 
2026-04-30 21:36:35,394 [ERROR] LogOutputStream:75 - [STDERR_REDIRECT] [Fatal Error] :1:1: Premature end of file.
2026-04-30 21:36:35,394 [ERROR] LogOutputStream:75 - [STDERR_REDIRECT] 
2026-04-30 21:36:36,391 [ERROR] LogOutputStream:75 - [STDERR_REDIRECT] [Fatal Error] :1:1: Premature end of file.
2026-04-30 21:36:36,394 [ERROR] LogOutputStream:75 - [STDERR_REDIRECT] 
2026-04-30 21:36:37,387 [ERROR] LogOutputStream:75 - [STDERR_REDIRECT] [Fatal Error] :1:1: Premature end of file.
2026-04-30 21:36:37,389 [ERROR] LogOutputStream:75 - [STDERR_REDIRECT] 
2026-04-30 21:36:38,393 [ERROR] LogOutputStream:75 - [STDERR_REDIRECT] [Fatal Error] :1:1: Premature end of file.
2026-04-30 21:36:38,393 [ERROR] LogOutputStream:75 - [STDERR_REDIRECT] 
2026-04-30 21:36:39,397 [ERROR] LogOutputStream:75 - [STDERR_REDIRECT] [Fatal Error] :1:1: Premature end of file.
2026-04-30 21:36:39,397 [ERROR] LogOutputStream:75 - [STDERR_REDIRECT] 
2026-04-30 21:36:40,392 [ERROR] LogOutputStream:75 - [STDERR_REDIRECT] [Fatal Error] :1:1: Premature end of file.
2026-04-30 21:36:40,394 [ERROR] LogOutputStream:75 - [STDERR_REDIRECT] 
2026-04-30 21:36:41,409 [ERROR] LogOutputStream:75 - [STDERR_REDIRECT] [Fatal Error] :1:1: Premature end of file.
2026-04-30 21:36:41,409 [ERROR] LogOutputStream:75 - [STDERR_REDIRECT] 
2026-04-30 21:36:42,391 [ERROR] LogOutputStream:75 - [STDERR_REDIRECT] [Fatal Error] :1:1: Premature end of file.
2026-04-30 21:36:42,391 [ERROR] LogOutputStream:75 - [STDERR_REDIRECT] 
2026-04-30 21:36:43,412 [ERROR] LogOutputStream:75 - [STDERR_REDIRECT] [Fatal Error] :1:1: Premature end of file.
2026-04-30 21:36:43,412 [ERROR] LogOutputStream:75 - [STDERR_REDIRECT] 
2026-04-30 21:36:44,495 [ERROR] LogOutputStream:75 - [STDERR_REDIRECT] [Fatal Error] :1:1: Premature end of file.
2026-04-30 21:36:44,496 [ERROR] LogOutputStream:75 - [STDERR_REDIRECT] 
2026-04-30 21:36:45,392 [ERROR] LogOutputStream:75 - [STDERR_REDIRECT] [Fatal Error] :1:1: Premature end of file.
2026-04-30 21:36:45,393 [ERROR] LogOutputStream:75 - [STDERR_REDIRECT] 
2026-04-30 21:36:46,375 [ERROR] LogOutputStream:75 - [STDERR_REDIRECT] [Fatal Error] :1:1: Premature end of file.
2026-04-30 21:36:46,376 [ERROR] LogOutputStream:75 - [STDERR_REDIRECT] 
2026-04-30 21:36:47,403 [ERROR] LogOutputStream:75 - [STDERR_REDIRECT] [Fatal Error] :1:1: Premature end of file.
2026-04-30 21:36:47,413 [ERROR] LogOutputStream:75 - [STDERR_REDIRECT] 
2026-04-30 21:36:48,398 [ERROR] LogOutputStream:75 - [STDERR_REDIRECT] [Fatal Error] :1:1: Premature end of file.
2026-04-30 21:36:48,398 [ERROR] LogOutputStream:75 - [STDERR_REDIRECT] 
2026-04-30 21:36:49,401 [ERROR] LogOutputStream:75 - [STDERR_REDIRECT] [Fatal Error] :1:1: Premature end of file.
2026-04-30 21:36:49,401 [ERROR] LogOutputStream:75 - [STDERR_REDIRECT] 
2026-04-30 21:36:50,388 [ERROR] LogOutputStream:75 - [STDERR_REDIRECT] [Fatal Error] :1:1: Premature end of file.
2026-04-30 21:36:50,388 [ERROR] LogOutputStream:75 - [STDERR_REDIRECT] 
2026-04-30 21:36:51,392 [ERROR] LogOutputStream:75 - [STDERR_REDIRECT] [Fatal Error] :1:1: Premature end of file.
2026-04-30 21:36:51,392 [ERROR] LogOutputStream:75 - [STDERR_REDIRECT] 
2026-04-30 21:36:52,389 [ERROR] LogOutputStream:75 - [STDERR_REDIRECT] [Fatal Error] :1:1: Premature end of file.
2026-04-30 21:36:52,389 [ERROR] LogOutputStream:75 - [STDERR_REDIRECT] 
2026-04-30 21:36:53,393 [ERROR] LogOutputStream:75 - [STDERR_REDIRECT] [Fatal Error] :1:1: Premature end of file.
2026-04-30 21:36:53,393 [ERROR] LogOutputStream:75 - [STDERR_REDIRECT] 
2026-04-30 21:36:54,389 [ERROR] LogOutputStream:75 - [STDERR_REDIRECT] [Fatal Error] :1:1: Premature end of file.
2026-04-30 21:36:54,389 [ERROR] LogOutputStream:75 - [STDERR_REDIRECT] 
2026-04-30 21:36:55,392 [ERROR] LogOutputStream:75 - [STDERR_REDIRECT] [Fatal Error] :1:1: Premature end of file.
2026-04-30 21:36:55,392 [ERROR] LogOutputStream:75 - [STDERR_REDIRECT] 
2026-04-30 21:36:56,382 [ERROR] LogOutputStream:75 - [STDERR_REDIRECT] [Fatal Error] :1:1: Premature end of file.
2026-04-30 21:36:56,382 [ERROR] LogOutputStream:75 - [STDERR_REDIRECT] 
2026-04-30 21:36:57,400 [ERROR] LogOutputStream:75 - [STDERR_REDIRECT] [Fatal Error] :1:1: Premature end of file.
2026-04-30 21:36:57,400 [ERROR] LogOutputStream:75 - [STDERR_REDIRECT] 
2026-04-30 21:36:58,384 [ERROR] LogOutputStream:75 - [STDERR_REDIRECT] [Fatal Error] :1:1: Premature end of file.
2026-04-30 21:36:58,384 [ERROR] LogOutputStream:75 - [STDERR_REDIRECT] 
2026-04-30 21:36:59,387 [ERROR] LogOutputStream:75 - [STDERR_REDIRECT] [Fatal Error] :1:1: Premature end of file.
2026-04-30 21:36:59,387 [ERROR] LogOutputStream:75 - [STDERR_REDIRECT] 
2026-04-30 21:37:00,390 [ERROR] LogOutputStream:75 - [STDERR_REDIRECT] [Fatal Error] :1:1: Premature end of file.
2026-04-30 21:37:00,390 [ERROR] LogOutputStream:75 - [STDERR_REDIRECT] 
2026-04-30 21:37:01,417 [ERROR] LogOutputStream:75 - [STDERR_REDIRECT] [Fatal Error] :1:1: Premature end of file.
2026-04-30 21:37:01,417 [ERROR] LogOutputStream:75 - [STDERR_REDIRECT] 
2026-04-30 21:37:02,391 [ERROR] LogOutputStream:75 - [STDERR_REDIRECT] [Fatal Error] :1:1: Premature end of file.
2026-04-30 21:37:02,391 [ERROR] LogOutputStream:75 - [STDERR_REDIRECT] 
2026-04-30 21:37:03,376 [ERROR] LogOutputStream:75 - [STDERR_REDIRECT] [Fatal Error] :1:1: Premature end of file.
2026-04-30 21:37:03,378 [ERROR] LogOutputStream:75 - [STDERR_REDIRECT] 
2026-04-30 21:37:04,399 [ERROR] LogOutputStream:75 - [STDERR_REDIRECT] [Fatal Error] :1:1: Premature end of file.
2026-04-30 21:37:04,399 [ERROR] LogOutputStream:75 - [STDERR_REDIRECT] 
2026-04-30 21:37:05,393 [ERROR] LogOutputStream:75 - [STDERR_REDIRECT] [Fatal Error] :1:1: Premature end of file.
2026-04-30 21:37:05,393 [ERROR] LogOutputStream:75 - [STDERR_REDIRECT] 
2026-04-30 21:37:06,397 [ERROR] LogOutputStream:75 - [STDERR_REDIRECT] [Fatal Error] :1:1: Premature end of file.
2026-04-30 21:37:06,397 [ERROR] LogOutputStream:75 - [STDERR_REDIRECT] 
2026-04-30 21:37:07,376 [ERROR] LogOutputStream:75 - [STDERR_REDIRECT] [Fatal Error] :1:1: Premature end of file.
2026-04-30 21:37:07,376 [ERROR] LogOutputStream:75 - [STDERR_REDIRECT] 
2026-04-30 21:37:08,394 [ERROR] LogOutputStream:75 - [STDERR_REDIRECT] [Fatal Error] :1:1: Premature end of file.
2026-04-30 21:37:08,396 [ERROR] LogOutputStream:75 - [STDERR_REDIRECT] 
2026-04-30 21:37:09,395 [ERROR] LogOutputStream:75 - [STDERR_REDIRECT] [Fatal Error] :1:1: Premature end of file.
2026-04-30 21:37:09,395 [ERROR] LogOutputStream:75 - [STDERR_REDIRECT] 
2026-04-30 21:37:10,403 [ERROR] LogOutputStream:75 - [STDERR_REDIRECT] [Fatal Error] :1:1: Premature end of file.
2026-04-30 21:37:10,403 [ERROR] LogOutputStream:75 - [STDERR_REDIRECT] 
2026-04-30 21:37:11,408 [ERROR] LogOutputStream:75 - [STDERR_REDIRECT] [Fatal Error] :1:1: Premature end of file.
2026-04-30 21:37:11,408 [ERROR] LogOutputStream:75 - [STDERR_REDIRECT] 
2026-04-30 21:37:12,398 [ERROR] LogOutputStream:75 - [STDERR_REDIRECT] [Fatal Error] :1:1: Premature end of file.
2026-04-30 21:37:12,399 [ERROR] LogOutputStream:75 - [STDERR_REDIRECT] 
2026-04-30 21:37:13,403 [ERROR] LogOutputStream:75 - [STDERR_REDIRECT] [Fatal Error] :1:1: Premature end of file.
2026-04-30 21:37:13,403 [ERROR] LogOutputStream:75 - [STDERR_REDIRECT] 
2026-04-30 21:37:14,385 [ERROR] LogOutputStream:75 - [STDERR_REDIRECT] [Fatal Error] :1:1: Premature end of file.
2026-04-30 21:37:14,385 [ERROR] LogOutputStream:75 - [STDERR_REDIRECT] 
2026-04-30 21:37:15,391 [ERROR] LogOutputStream:75 - [STDERR_REDIRECT] [Fatal Error] :1:1: Premature end of file.
2026-04-30 21:37:15,391 [ERROR] LogOutputStream:75 - [STDERR_REDIRECT] 
2026-04-30 21:37:16,403 [ERROR] LogOutputStream:75 - [STDERR_REDIRECT] [Fatal Error] :1:1: Premature end of file.
2026-04-30 21:37:16,403 [ERROR] LogOutputStream:75 - [STDERR_REDIRECT] 
2026-04-30 21:37:17,385 [ERROR] LogOutputStream:75 - [STDERR_REDIRECT] [Fatal Error] :1:1: Premature end of file.
2026-04-30 21:37:17,385 [ERROR] LogOutputStream:75 - [STDERR_REDIRECT] 
2026-04-30 21:37:18,441 [ERROR] LogOutputStream:75 - [STDERR_REDIRECT] [Fatal Error] :1:1: Premature end of file.
2026-04-30 21:37:18,441 [ERROR] LogOutputStream:75 - [STDERR_REDIRECT] 
2026-04-30 21:37:19,391 [ERROR] LogOutputStream:75 - [STDERR_REDIRECT] [Fatal Error] :1:1: Premature end of file.
2026-04-30 21:37:19,391 [ERROR] LogOutputStream:75 - [STDERR_REDIRECT] 
2026-04-30 21:37:20,383 [ERROR] LogOutputStream:75 - [STDERR_REDIRECT] [Fatal Error] :1:1: Premature end of file.
2026-04-30 21:37:20,383 [ERROR] LogOutputStream:75 - [STDERR_REDIRECT] 
2026-04-30 21:37:21,401 [ERROR] LogOutputStream:75 - [STDERR_REDIRECT] [Fatal Error] :1:1: Premature end of file.
2026-04-30 21:37:21,401 [ERROR] LogOutputStream:75 - [STDERR_REDIRECT] 
2026-04-30 21:37:22,397 [ERROR] LogOutputStream:75 - [STDERR_REDIRECT] [Fatal Error] :1:1: Premature end of file.
2026-04-30 21:37:22,397 [ERROR] LogOutputStream:75 - [STDERR_REDIRECT] 
2026-04-30 21:37:23,395 [ERROR] LogOutputStream:75 - [STDERR_REDIRECT] [Fatal Error] :1:1: Premature end of file.
2026-04-30 21:37:23,395 [ERROR] LogOutputStream:75 - [STDERR_REDIRECT] 
2026-04-30 21:37:24,418 [ERROR] LogOutputStream:75 - [STDERR_REDIRECT] [Fatal Error] :1:1: Premature end of file.
2026-04-30 21:37:24,420 [ERROR] LogOutputStream:75 - [STDERR_REDIRECT] 
2026-04-30 21:37:25,403 [ERROR] LogOutputStream:75 - [STDERR_REDIRECT] [Fatal Error] :1:1: Premature end of file.
2026-04-30 21:37:25,403 [ERROR] LogOutputStream:75 - [STDERR_REDIRECT] 
2026-04-30 21:37:26,399 [ERROR] LogOutputStream:75 - [STDERR_REDIRECT] [Fatal Error] :1:1: Premature end of file.
2026-04-30 21:37:26,401 [ERROR] LogOutputStream:75 - [STDERR_REDIRECT] 
2026-04-30 21:37:27,383 [ERROR] LogOutputStream:75 - [STDERR_REDIRECT] [Fatal Error] :1:1: Premature end of file.
2026-04-30 21:37:27,383 [ERROR] LogOutputStream:75 - [STDERR_REDIRECT] 
2026-04-30 21:37:28,380 [ERROR] LogOutputStream:75 - [STDERR_REDIRECT] [Fatal Error] :1:1: Premature end of file.
2026-04-30 21:37:28,380 [ERROR] LogOutputStream:75 - [STDERR_REDIRECT] 
2026-04-30 21:37:29,382 [ERROR] LogOutputStream:75 - [STDERR_REDIRECT] [Fatal Error] :1:1: Premature end of file.
2026-04-30 21:37:29,382 [ERROR] LogOutputStream:75 - [STDERR_REDIRECT] 
2026-04-30 21:37:30,398 [ERROR] LogOutputStream:75 - [STDERR_REDIRECT] [Fatal Error] :1:1: Premature end of file.
2026-04-30 21:37:30,398 [ERROR] LogOutputStream:75 - [STDERR_REDIRECT] 
2026-04-30 21:37:31,383 [ERROR] LogOutputStream:75 - [STDERR_REDIRECT] [Fatal Error] :1:1: Premature end of file.
2026-04-30 21:37:31,383 [ERROR] LogOutputStream:75 - [STDERR_REDIRECT] 
2026-04-30 21:37:32,384 [ERROR] LogOutputStream:75 - [STDERR_REDIRECT] [Fatal Error] :1:1: Premature end of file.
2026-04-30 21:37:32,384 [ERROR] LogOutputStream:75 - [STDERR_REDIRECT] 
2026-04-30 21:37:33,388 [ERROR] LogOutputStream:75 - [STDERR_REDIRECT] [Fatal Error] :1:1: Premature end of file.
2026-04-30 21:37:33,395 [ERROR] LogOutputStream:75 - [STDERR_REDIRECT] 
2026-04-30 21:37:34,390 [ERROR] LogOutputStream:75 - [STDERR_REDIRECT] [Fatal Error] :1:1: Premature end of file.
2026-04-30 21:37:34,390 [ERROR] LogOutputStream:75 - [STDERR_REDIRECT] 
2026-04-30 21:37:35,428 [ERROR] LogOutputStream:75 - [STDERR_REDIRECT] [Fatal Error] :1:1: Premature end of file.
2026-04-30 21:37:35,429 [ERROR] LogOutputStream:75 - [STDERR_REDIRECT] 
2026-04-30 21:37:36,389 [ERROR] LogOutputStream:75 - [STDERR_REDIRECT] [Fatal Error] :1:1: Premature end of file.
2026-04-30 21:37:36,391 [ERROR] LogOutputStream:75 - [STDERR_REDIRECT] 
2026-04-30 21:37:37,392 [ERROR] LogOutputStream:75 - [STDERR_REDIRECT] [Fatal Error] :1:1: Premature end of file.
2026-04-30 21:37:37,392 [ERROR] LogOutputStream:75 - [STDERR_REDIRECT] 
2026-04-30 21:37:38,386 [ERROR] LogOutputStream:75 - [STDERR_REDIRECT] [Fatal Error] :1:1: Premature end of file.
2026-04-30 21:37:38,387 [ERROR] LogOutputStream:75 - [STDERR_REDIRECT] 
2026-04-30 21:37:39,381 [ERROR] LogOutputStream:75 - [STDERR_REDIRECT] [Fatal Error] :1:1: Premature end of file.
2026-04-30 21:37:39,381 [ERROR] LogOutputStream:75 - [STDERR_REDIRECT] 
2026-04-30 21:37:40,382 [ERROR] LogOutputStream:75 - [STDERR_REDIRECT] [Fatal Error] :1:1: Premature end of file.
2026-04-30 21:37:40,387 [ERROR] LogOutputStream:75 - [STDERR_REDIRECT] 
2026-04-30 21:37:41,381 [ERROR] LogOutputStream:75 - [STDERR_REDIRECT] [Fatal Error] :1:1: Premature end of file.
2026-04-30 21:37:41,381 [ERROR] LogOutputStream:75 - [STDERR_REDIRECT] 
2026-04-30 21:37:42,386 [ERROR] LogOutputStream:75 - [STDERR_REDIRECT] [Fatal Error] :1:1: Premature end of file.
2026-04-30 21:37:42,386 [ERROR] LogOutputStream:75 - [STDERR_REDIRECT] 
2026-04-30 21:37:43,388 [ERROR] LogOutputStream:75 - [STDERR_REDIRECT] [Fatal Error] :1:1: Premature end of file.
2026-04-30 21:37:43,388 [ERROR] LogOutputStream:75 - [STDERR_REDIRECT] 
2026-04-30 21:37:44,390 [ERROR] LogOutputStream:75 - [STDERR_REDIRECT] [Fatal Error] :1:1: Premature end of file.
2026-04-30 21:37:44,390 [ERROR] LogOutputStream:75 - [STDERR_REDIRECT] 
2026-04-30 21:37:45,390 [ERROR] LogOutputStream:75 - [STDERR_REDIRECT] [Fatal Error] :1:1: Premature end of file.
2026-04-30 21:37:45,390 [ERROR] LogOutputStream:75 - [STDERR_REDIRECT] 
2026-04-30 21:37:46,382 [ERROR] LogOutputStream:75 - [STDERR_REDIRECT] [Fatal Error] :1:1: Premature end of file.
2026-04-30 21:37:46,382 [ERROR] LogOutputStream:75 - [STDERR_REDIRECT] 
2026-04-30 21:37:47,387 [ERROR] LogOutputStream:75 - [STDERR_REDIRECT] [Fatal Error] :1:1: Premature end of file.
2026-04-30 21:37:47,387 [ERROR] LogOutputStream:75 - [STDERR_REDIRECT] 
2026-04-30 21:37:48,397 [ERROR] LogOutputStream:75 - [STDERR_REDIRECT] [Fatal Error] :1:1: Premature end of file.
2026-04-30 21:37:48,397 [ERROR] LogOutputStream:75 - [STDERR_REDIRECT] 
2026-04-30 21:37:49,383 [ERROR] LogOutputStream:75 - [STDERR_REDIRECT] [Fatal Error] :1:1: Premature end of file.
2026-04-30 21:37:49,386 [ERROR] LogOutputStream:75 - [STDERR_REDIRECT] 
2026-04-30 21:37:50,389 [ERROR] LogOutputStream:75 - [STDERR_REDIRECT] [Fatal Error] :1:1: Premature end of file.
2026-04-30 21:37:50,389 [ERROR] LogOutputStream:75 - [STDERR_REDIRECT] 
2026-04-30 21:37:51,396 [ERROR] LogOutputStream:75 - [STDERR_REDIRECT] [Fatal Error] :1:1: Premature end of file.
2026-04-30 21:37:51,406 [ERROR] LogOutputStream:75 - [STDERR_REDIRECT] 
2026-04-30 21:37:52,383 [ERROR] LogOutputStream:75 - [STDERR_REDIRECT] [Fatal Error] :1:1: Premature end of file.
2026-04-30 21:37:52,392 [ERROR] LogOutputStream:75 - [STDERR_REDIRECT] 
2026-04-30 21:37:53,403 [ERROR] LogOutputStream:75 - [STDERR_REDIRECT] [Fatal Error] :1:1: Premature end of file.
2026-04-30 21:37:53,403 [ERROR] LogOutputStream:75 - [STDERR_REDIRECT] 
2026-04-30 21:37:54,382 [ERROR] LogOutputStream:75 - [STDERR_REDIRECT] [Fatal Error] :1:1: Premature end of file.
2026-04-30 21:37:54,382 [ERROR] LogOutputStream:75 - [STDERR_REDIRECT] 
2026-04-30 21:37:55,405 [ERROR] LogOutputStream:75 - [STDERR_REDIRECT] [Fatal Error] :1:1: Premature end of file.
2026-04-30 21:37:55,405 [ERROR] LogOutputStream:75 - [STDERR_REDIRECT] 
2026-04-30 21:37:56,389 [ERROR] LogOutputStream:75 - [STDERR_REDIRECT] [Fatal Error] :1:1: Premature end of file.
2026-04-30 21:37:56,389 [ERROR] LogOutputStream:75 - [STDERR_REDIRECT] 
2026-04-30 21:37:57,388 [ERROR] LogOutputStream:75 - [STDERR_REDIRECT] [Fatal Error] :1:1: Premature end of file.
2026-04-30 21:37:57,388 [ERROR] LogOutputStream:75 - [STDERR_REDIRECT] 
2026-04-30 21:37:58,385 [ERROR] LogOutputStream:75 - [STDERR_REDIRECT] [Fatal Error] :1:1: Premature end of file.
2026-04-30 21:37:58,385 [ERROR] LogOutputStream:75 - [STDERR_REDIRECT] 
2026-04-30 21:37:59,385 [ERROR] LogOutputStream:75 - [STDERR_REDIRECT] [Fatal Error] :1:1: Premature end of file.
2026-04-30 21:37:59,391 [ERROR] LogOutputStream:75 - [STDERR_REDIRECT] 
2026-04-30 21:38:00,392 [ERROR] LogOutputStream:75 - [STDERR_REDIRECT] [Fatal Error] :1:1: Premature end of file.
2026-04-30 21:38:00,392 [ERROR] LogOutputStream:75 - [STDERR_REDIRECT] 
2026-04-30 21:38:01,388 [ERROR] LogOutputStream:75 - [STDERR_REDIRECT] [Fatal Error] :1:1: Premature end of file.
2026-04-30 21:38:01,388 [ERROR] LogOutputStream:75 - [STDERR_REDIRECT] 
2026-04-30 21:38:02,378 [ERROR] LogOutputStream:75 - [STDERR_REDIRECT] [Fatal Error] :1:1: Premature end of file.
2026-04-30 21:38:02,380 [ERROR] LogOutputStream:75 - [STDERR_REDIRECT] 
2026-04-30 21:38:03,398 [ERROR] LogOutputStream:75 - [STDERR_REDIRECT] [Fatal Error] :1:1: Premature end of file.
2026-04-30 21:38:03,398 [ERROR] LogOutputStream:75 - [STDERR_REDIRECT] 
2026-04-30 21:38:04,387 [ERROR] LogOutputStream:75 - [STDERR_REDIRECT] [Fatal Error] :1:1: Premature end of file.
2026-04-30 21:38:04,387 [ERROR] LogOutputStream:75 - [STDERR_REDIRECT] 
2026-04-30 21:38:05,388 [ERROR] LogOutputStream:75 - [STDERR_REDIRECT] [Fatal Error] :1:1: Premature end of file.
2026-04-30 21:38:05,388 [ERROR] LogOutputStream:75 - [STDERR_REDIRECT] 
2026-04-30 21:38:06,390 [ERROR] LogOutputStream:75 - [STDERR_REDIRECT] [Fatal Error] :1:1: Premature end of file.
2026-04-30 21:38:06,391 [ERROR] LogOutputStream:75 - [STDERR_REDIRECT] 
2026-04-30 21:38:07,383 [ERROR] LogOutputStream:75 - [STDERR_REDIRECT] [Fatal Error] :1:1: Premature end of file.
2026-04-30 21:38:07,383 [ERROR] LogOutputStream:75 - [STDERR_REDIRECT] 
2026-04-30 21:38:08,381 [ERROR] LogOutputStream:75 - [STDERR_REDIRECT] [Fatal Error] :1:1: Premature end of file.
2026-04-30 21:38:08,381 [ERROR] LogOutputStream:75 - [STDERR_REDIRECT] 
2026-04-30 21:38:09,383 [ERROR] LogOutputStream:75 - [STDERR_REDIRECT] [Fatal Error] :1:1: Premature end of file.
2026-04-30 21:38:09,383 [ERROR] LogOutputStream:75 - [STDERR_REDIRECT] 
2026-04-30 21:38:10,383 [ERROR] LogOutputStream:75 - [STDERR_REDIRECT] [Fatal Error] :1:1: Premature end of file.
2026-04-30 21:38:10,385 [ERROR] LogOutputStream:75 - [STDERR_REDIRECT] 
2026-04-30 21:38:11,385 [ERROR] LogOutputStream:75 - [STDERR_REDIRECT] [Fatal Error] :1:1: Premature end of file.
2026-04-30 21:38:11,385 [ERROR] LogOutputStream:75 - [STDERR_REDIRECT] 
2026-04-30 21:38:12,386 [ERROR] LogOutputStream:75 - [STDERR_REDIRECT] [Fatal Error] :1:1: Premature end of file.
2026-04-30 21:38:12,389 [ERROR] LogOutputStream:75 - [STDERR_REDIRECT] 
2026-04-30 21:38:13,391 [ERROR] LogOutputStream:75 - [STDERR_REDIRECT] [Fatal Error] :1:1: Premature end of file.
2026-04-30 21:38:13,391 [ERROR] LogOutputStream:75 - [STDERR_REDIRECT] 
2026-04-30 21:38:14,383 [ERROR] LogOutputStream:75 - [STDERR_REDIRECT] [Fatal Error] :1:1: Premature end of file.
2026-04-30 21:38:14,383 [ERROR] LogOutputStream:75 - [STDERR_REDIRECT] 
2026-04-30 21:38:15,385 [ERROR] LogOutputStream:75 - [STDERR_REDIRECT] [Fatal Error] :1:1: Premature end of file.
2026-04-30 21:38:15,385 [ERROR] LogOutputStream:75 - [STDERR_REDIRECT] 
2026-04-30 21:38:16,376 [ERROR] LogOutputStream:75 - [STDERR_REDIRECT] [Fatal Error] :1:1: Premature end of file.
2026-04-30 21:38:16,376 [ERROR] LogOutputStream:75 - [STDERR_REDIRECT] 
2026-04-30 21:38:17,386 [ERROR] LogOutputStream:75 - [STDERR_REDIRECT] [Fatal Error] :1:1: Premature end of file.
2026-04-30 21:38:17,388 [ERROR] LogOutputStream:75 - [STDERR_REDIRECT] 
2026-04-30 21:38:18,386 [ERROR] LogOutputStream:75 - [STDERR_REDIRECT] [Fatal Error] :1:1: Premature end of file.
2026-04-30 21:38:18,386 [ERROR] LogOutputStream:75 - [STDERR_REDIRECT] 
2026-04-30 21:38:19,384 [ERROR] LogOutputStream:75 - [STDERR_REDIRECT] [Fatal Error] :1:1: Premature end of file.
2026-04-30 21:38:19,386 [ERROR] LogOutputStream:75 - [STDERR_REDIRECT] 
2026-04-30 21:38:20,396 [ERROR] LogOutputStream:75 - [STDERR_REDIRECT] [Fatal Error] :1:1: Premature end of file.
2026-04-30 21:38:20,396 [ERROR] LogOutputStream:75 - [STDERR_REDIRECT] 
2026-04-30 21:38:21,385 [ERROR] LogOutputStream:75 - [STDERR_REDIRECT] [Fatal Error] :1:1: Premature end of file.
2026-04-30 21:38:21,385 [ERROR] LogOutputStream:75 - [STDERR_REDIRECT] 
2026-04-30 21:38:22,382 [ERROR] LogOutputStream:75 - [STDERR_REDIRECT] [Fatal Error] :1:1: Premature end of file.
2026-04-30 21:38:22,384 [ERROR] LogOutputStream:75 - [STDERR_REDIRECT] 
2026-04-30 21:38:23,389 [ERROR] LogOutputStream:75 - [STDERR_REDIRECT] [Fatal Error] :1:1: Premature end of file.
2026-04-30 21:38:23,389 [ERROR] LogOutputStream:75 - [STDERR_REDIRECT] 
2026-04-30 21:38:24,392 [ERROR] LogOutputStream:75 - [STDERR_REDIRECT] [Fatal Error] :1:1: Premature end of file.
2026-04-30 21:38:24,392 [ERROR] LogOutputStream:75 - [STDERR_REDIRECT] 
2026-04-30 21:38:25,389 [ERROR] LogOutputStream:75 - [STDERR_REDIRECT] [Fatal Error] :1:1: Premature end of file.
2026-04-30 21:38:25,389 [ERROR] LogOutputStream:75 - [STDERR_REDIRECT] 
2026-04-30 21:38:26,391 [ERROR] LogOutputStream:75 - [STDERR_REDIRECT] [Fatal Error] :1:1: Premature end of file.
2026-04-30 21:38:26,391 [ERROR] LogOutputStream:75 - [STDERR_REDIRECT] 
2026-04-30 21:38:27,387 [ERROR] LogOutputStream:75 - [STDERR_REDIRECT] [Fatal Error] :1:1: Premature end of file.
2026-04-30 21:38:27,389 [ERROR] LogOutputStream:75 - [STDERR_REDIRECT] 
2026-04-30 21:38:28,389 [ERROR] LogOutputStream:75 - [STDERR_REDIRECT] [Fatal Error] :1:1: Premature end of file.
2026-04-30 21:38:28,389 [ERROR] LogOutputStream:75 - [STDERR_REDIRECT] 
2026-04-30 21:38:29,372 [ERROR] LogOutputStream:75 - [STDERR_REDIRECT] [Fatal Error] :1:1: Premature end of file.
2026-04-30 21:38:29,381 [ERROR] LogOutputStream:75 - [STDERR_REDIRECT] 
2026-04-30 21:38:30,377 [ERROR] LogOutputStream:75 - [STDERR_REDIRECT] [Fatal Error] :1:1: Premature end of file.
2026-04-30 21:38:30,377 [ERROR] LogOutputStream:75 - [STDERR_REDIRECT] 
2026-04-30 21:38:31,374 [ERROR] LogOutputStream:75 - [STDERR_REDIRECT] [Fatal Error] :1:1: Premature end of file.
2026-04-30 21:38:31,374 [ERROR] LogOutputStream:75 - [STDERR_REDIRECT] 
2026-04-30 21:38:32,382 [ERROR] LogOutputStream:75 - [STDERR_REDIRECT] [Fatal Error] :1:1: Premature end of file.
2026-04-30 21:38:32,382 [ERROR] LogOutputStream:75 - [STDERR_REDIRECT] 
2026-04-30 21:38:33,382 [ERROR] LogOutputStream:75 - [STDERR_REDIRECT] [Fatal Error] :1:1: Premature end of file.
2026-04-30 21:38:33,382 [ERROR] LogOutputStream:75 - [STDERR_REDIRECT] 
2026-04-30 21:38:34,387 [ERROR] LogOutputStream:75 - [STDERR_REDIRECT] [Fatal Error] :1:1: Premature end of file.
2026-04-30 21:38:34,387 [ERROR] LogOutputStream:75 - [STDERR_REDIRECT] 
2026-04-30 21:38:35,379 [ERROR] LogOutputStream:75 - [STDERR_REDIRECT] [Fatal Error] :1:1: Premature end of file.
2026-04-30 21:38:35,379 [ERROR] LogOutputStream:75 - [STDERR_REDIRECT] 
2026-04-30 21:38:36,384 [ERROR] LogOutputStream:75 - [STDERR_REDIRECT] [Fatal Error] :1:1: Premature end of file.
2026-04-30 21:38:36,384 [ERROR] LogOutputStream:75 - [STDERR_REDIRECT] 
2026-04-30 21:38:37,379 [ERROR] LogOutputStream:75 - [STDERR_REDIRECT] [Fatal Error] :1:1: Premature end of file.
2026-04-30 21:38:37,381 [ERROR] LogOutputStream:75 - [STDERR_REDIRECT] 
2026-04-30 21:38:38,390 [ERROR] LogOutputStream:75 - [STDERR_REDIRECT] [Fatal Error] :1:1: Premature end of file.
2026-04-30 21:38:38,390 [ERROR] LogOutputStream:75 - [STDERR_REDIRECT] 
2026-04-30 21:38:39,384 [ERROR] LogOutputStream:75 - [STDERR_REDIRECT] [Fatal Error] :1:1: Premature end of file.
2026-04-30 21:38:39,384 [ERROR] LogOutputStream:75 - [STDERR_REDIRECT] 
2026-04-30 21:38:40,389 [ERROR] LogOutputStream:75 - [STDERR_REDIRECT] [Fatal Error] :1:1: Premature end of file.
2026-04-30 21:38:40,389 [ERROR] LogOutputStream:75 - [STDERR_REDIRECT] 
2026-04-30 21:38:41,393 [ERROR] LogOutputStream:75 - [STDERR_REDIRECT] [Fatal Error] :1:1: Premature end of file.
2026-04-30 21:38:41,393 [ERROR] LogOutputStream:75 - [STDERR_REDIRECT] 
2026-04-30 21:38:42,390 [ERROR] LogOutputStream:75 - [STDERR_REDIRECT] [Fatal Error] :1:1: Premature end of file.
2026-04-30 21:38:42,390 [ERROR] LogOutputStream:75 - [STDERR_REDIRECT] 
2026-04-30 21:38:43,392 [ERROR] LogOutputStream:75 - [STDERR_REDIRECT] [Fatal Error] :1:1: Premature end of file.
2026-04-30 21:38:43,392 [ERROR] LogOutputStream:75 - [STDERR_REDIRECT] 
2026-04-30 21:38:44,394 [ERROR] LogOutputStream:75 - [STDERR_REDIRECT] [Fatal Error] :1:1: Premature end of file.
2026-04-30 21:38:44,394 [ERROR] LogOutputStream:75 - [STDERR_REDIRECT] 
2026-04-30 21:38:45,376 [ERROR] LogOutputStream:75 - [STDERR_REDIRECT] [Fatal Error] :1:1: Premature end of file.
2026-04-30 21:38:45,376 [ERROR] LogOutputStream:75 - [STDERR_REDIRECT] 
2026-04-30 21:38:46,393 [ERROR] LogOutputStream:75 - [STDERR_REDIRECT] [Fatal Error] :1:1: Premature end of file.
2026-04-30 21:38:46,393 [ERROR] LogOutputStream:75 - [STDERR_REDIRECT] 
2026-04-30 21:38:47,386 [ERROR] LogOutputStream:75 - [STDERR_REDIRECT] [Fatal Error] :1:1: Premature end of file.
2026-04-30 21:38:47,386 [ERROR] LogOutputStream:75 - [STDERR_REDIRECT] 
2026-04-30 21:38:48,393 [ERROR] LogOutputStream:75 - [STDERR_REDIRECT] [Fatal Error] :1:1: Premature end of file.
2026-04-30 21:38:48,393 [ERROR] LogOutputStream:75 - [STDERR_REDIRECT] 
2026-04-30 21:38:49,402 [ERROR] LogOutputStream:75 - [STDERR_REDIRECT] [Fatal Error] :1:1: Premature end of file.
2026-04-30 21:38:49,402 [ERROR] LogOutputStream:75 - [STDERR_REDIRECT] 
2026-04-30 21:38:50,395 [ERROR] LogOutputStream:75 - [STDERR_REDIRECT] [Fatal Error] :1:1: Premature end of file.
2026-04-30 21:38:50,395 [ERROR] LogOutputStream:75 - [STDERR_REDIRECT] 
2026-04-30 21:38:51,393 [ERROR] LogOutputStream:75 - [STDERR_REDIRECT] [Fatal Error] :1:1: Premature end of file.
2026-04-30 21:38:51,393 [ERROR] LogOutputStream:75 - [STDERR_REDIRECT] 
2026-04-30 21:38:52,397 [ERROR] LogOutputStream:75 - [STDERR_REDIRECT] [Fatal Error] :1:1: Premature end of file.
2026-04-30 21:38:52,397 [ERROR] LogOutputStream:75 - [STDERR_REDIRECT] 
2026-04-30 21:38:53,393 [ERROR] LogOutputStream:75 - [STDERR_REDIRECT] [Fatal Error] :1:1: Premature end of file.
2026-04-30 21:38:53,396 [ERROR] LogOutputStream:75 - [STDERR_REDIRECT] 
2026-04-30 21:38:54,401 [ERROR] LogOutputStream:75 - [STDERR_REDIRECT] [Fatal Error] :1:1: Premature end of file.
2026-04-30 21:38:54,402 [ERROR] LogOutputStream:75 - [STDERR_REDIRECT] 
2026-04-30 21:38:55,401 [ERROR] LogOutputStream:75 - [STDERR_REDIRECT] [Fatal Error] :1:1: Premature end of file.
2026-04-30 21:38:55,401 [ERROR] LogOutputStream:75 - [STDERR_REDIRECT] 
2026-04-30 21:38:56,385 [ERROR] LogOutputStream:75 - [STDERR_REDIRECT] [Fatal Error] :1:1: Premature end of file.
2026-04-30 21:38:56,385 [ERROR] LogOutputStream:75 - [STDERR_REDIRECT] 
2026-04-30 21:38:57,393 [ERROR] LogOutputStream:75 - [STDERR_REDIRECT] [Fatal Error] :1:1: Premature end of file.
2026-04-30 21:38:57,393 [ERROR] LogOutputStream:75 - [STDERR_REDIRECT] 
2026-04-30 21:38:58,381 [ERROR] LogOutputStream:75 - [STDERR_REDIRECT] [Fatal Error] :1:1: Premature end of file.
2026-04-30 21:38:58,383 [ERROR] LogOutputStream:75 - [STDERR_REDIRECT] 
2026-04-30 21:38:59,385 [ERROR] LogOutputStream:75 - [STDERR_REDIRECT] [Fatal Error] :1:1: Premature end of file.
2026-04-30 21:38:59,393 [ERROR] LogOutputStream:75 - [STDERR_REDIRECT] 
2026-04-30 21:39:00,401 [ERROR] LogOutputStream:75 - [STDERR_REDIRECT] [Fatal Error] :1:1: Premature end of file.
2026-04-30 21:39:00,401 [ERROR] LogOutputStream:75 - [STDERR_REDIRECT] 
2026-04-30 21:39:01,408 [ERROR] LogOutputStream:75 - [STDERR_REDIRECT] [Fatal Error] :1:1: Premature end of file.
2026-04-30 21:39:01,408 [ERROR] LogOutputStream:75 - [STDERR_REDIRECT] 
2026-04-30 21:39:02,408 [ERROR] LogOutputStream:75 - [STDERR_REDIRECT] [Fatal Error] :1:1: Premature end of file.
2026-04-30 21:39:02,408 [ERROR] LogOutputStream:75 - [STDERR_REDIRECT] 
2026-04-30 21:39:03,383 [ERROR] LogOutputStream:75 - [STDERR_REDIRECT] [Fatal Error] :1:1: Premature end of file.
2026-04-30 21:39:03,383 [ERROR] LogOutputStream:75 - [STDERR_REDIRECT] 
2026-04-30 21:39:04,408 [ERROR] LogOutputStream:75 - [STDERR_REDIRECT] [Fatal Error] :1:1: Premature end of file.
2026-04-30 21:39:04,408 [ERROR] LogOutputStream:75 - [STDERR_REDIRECT] 
2026-04-30 21:39:05,397 [ERROR] LogOutputStream:75 - [STDERR_REDIRECT] [Fatal Error] :1:1: Premature end of file.
2026-04-30 21:39:05,397 [ERROR] LogOutputStream:75 - [STDERR_REDIRECT] 
2026-04-30 21:39:06,395 [ERROR] LogOutputStream:75 - [STDERR_REDIRECT] [Fatal Error] :1:1: Premature end of file.
2026-04-30 21:39:06,395 [ERROR] LogOutputStream:75 - [STDERR_REDIRECT] 
2026-04-30 21:39:07,386 [ERROR] LogOutputStream:75 - [STDERR_REDIRECT] [Fatal Error] :1:1: Premature end of file.
2026-04-30 21:39:07,386 [ERROR] LogOutputStream:75 - [STDERR_REDIRECT] 
2026-04-30 21:39:08,403 [ERROR] LogOutputStream:75 - [STDERR_REDIRECT] [Fatal Error] :1:1: Premature end of file.
2026-04-30 21:39:08,403 [ERROR] LogOutputStream:75 - [STDERR_REDIRECT] 
2026-04-30 21:39:09,400 [ERROR] LogOutputStream:75 - [STDERR_REDIRECT] [Fatal Error] :1:1: Premature end of file.
2026-04-30 21:39:09,400 [ERROR] LogOutputStream:75 - [STDERR_REDIRECT] 
2026-04-30 21:39:10,386 [ERROR] LogOutputStream:75 - [STDERR_REDIRECT] [Fatal Error] :1:1: Premature end of file.
2026-04-30 21:39:10,386 [ERROR] LogOutputStream:75 - [STDERR_REDIRECT] 
2026-04-30 21:39:11,389 [ERROR] LogOutputStream:75 - [STDERR_REDIRECT] [Fatal Error] :1:1: Premature end of file.
2026-04-30 21:39:11,389 [ERROR] LogOutputStream:75 - [STDERR_REDIRECT] 
2026-04-30 21:39:12,424 [ERROR] LogOutputStream:75 - [STDERR_REDIRECT] [Fatal Error] :1:1: Premature end of file.
2026-04-30 21:39:12,424 [ERROR] LogOutputStream:75 - [STDERR_REDIRECT] 
2026-04-30 21:39:13,392 [ERROR] LogOutputStream:75 - [STDERR_REDIRECT] [Fatal Error] :1:1: Premature end of file.
2026-04-30 21:39:13,392 [ERROR] LogOutputStream:75 - [STDERR_REDIRECT] 
2026-04-30 21:39:14,399 [ERROR] LogOutputStream:75 - [STDERR_REDIRECT] [Fatal Error] :1:1: Premature end of file.
2026-04-30 21:39:14,399 [ERROR] LogOutputStream:75 - [STDERR_REDIRECT] 
2026-04-30 21:39:15,390 [ERROR] LogOutputStream:75 - [STDERR_REDIRECT] [Fatal Error] :1:1: Premature end of file.
2026-04-30 21:39:15,393 [ERROR] LogOutputStream:75 - [STDERR_REDIRECT] 
2026-04-30 21:39:16,386 [ERROR] LogOutputStream:75 - [STDERR_REDIRECT] [Fatal Error] :1:1: Premature end of file.
2026-04-30 21:39:16,386 [ERROR] LogOutputStream:75 - [STDERR_REDIRECT] 
2026-04-30 21:39:17,416 [ERROR] LogOutputStream:75 - [STDERR_REDIRECT] [Fatal Error] :1:1: Premature end of file.
2026-04-30 21:39:17,416 [ERROR] LogOutputStream:75 - [STDERR_REDIRECT] 
2026-04-30 21:39:18,410 [ERROR] LogOutputStream:75 - [STDERR_REDIRECT] [Fatal Error] :1:1: Premature end of file.
2026-04-30 21:39:18,410 [ERROR] LogOutputStream:75 - [STDERR_REDIRECT] 
2026-04-30 21:39:19,401 [ERROR] LogOutputStream:75 - [STDERR_REDIRECT] [Fatal Error] :1:1: Premature end of file.
2026-04-30 21:39:19,401 [ERROR] LogOutputStream:75 - [STDERR_REDIRECT] 
2026-04-30 21:39:20,391 [ERROR] LogOutputStream:75 - [STDERR_REDIRECT] [Fatal Error] :1:1: Premature end of file.
2026-04-30 21:39:20,395 [ERROR] LogOutputStream:75 - [STDERR_REDIRECT] 
2026-04-30 21:39:21,382 [ERROR] LogOutputStream:75 - [STDERR_REDIRECT] [Fatal Error] :1:1: Premature end of file.
2026-04-30 21:39:21,390 [ERROR] LogOutputStream:75 - [STDERR_REDIRECT] 
2026-04-30 21:39:22,392 [ERROR] LogOutputStream:75 - [STDERR_REDIRECT] [Fatal Error] :1:1: Premature end of file.
2026-04-30 21:39:22,392 [ERROR] LogOutputStream:75 - [STDERR_REDIRECT] 
2026-04-30 21:39:23,385 [ERROR] LogOutputStream:75 - [STDERR_REDIRECT] [Fatal Error] :1:1: Premature end of file.
2026-04-30 21:39:23,385 [ERROR] LogOutputStream:75 - [STDERR_REDIRECT] 
2026-04-30 21:39:24,405 [ERROR] LogOutputStream:75 - [STDERR_REDIRECT] [Fatal Error] :1:1: Premature end of file.
2026-04-30 21:39:24,405 [ERROR] LogOutputStream:75 - [STDERR_REDIRECT] 
2026-04-30 21:39:25,404 [ERROR] LogOutputStream:75 - [STDERR_REDIRECT] [Fatal Error] :1:1: Premature end of file.
2026-04-30 21:39:25,404 [ERROR] LogOutputStream:75 - [STDERR_REDIRECT] 
2026-04-30 21:39:26,414 [ERROR] LogOutputStream:75 - [STDERR_REDIRECT] [Fatal Error] :1:1: Premature end of file.
2026-04-30 21:39:26,414 [ERROR] LogOutputStream:75 - [STDERR_REDIRECT] 
2026-04-30 21:39:27,418 [ERROR] LogOutputStream:75 - [STDERR_REDIRECT] [Fatal Error] :1:1: Premature end of file.
2026-04-30 21:39:27,418 [ERROR] LogOutputStream:75 - [STDERR_REDIRECT] 
2026-04-30 21:39:28,406 [ERROR] LogOutputStream:75 - [STDERR_REDIRECT] [Fatal Error] :1:1: Premature end of file.
2026-04-30 21:39:28,406 [ERROR] LogOutputStream:75 - [STDERR_REDIRECT] 
2026-04-30 21:39:29,408 [ERROR] LogOutputStream:75 - [STDERR_REDIRECT] [Fatal Error] :1:1: Premature end of file.
2026-04-30 21:39:29,408 [ERROR] LogOutputStream:75 - [STDERR_REDIRECT] 
2026-04-30 21:39:30,402 [ERROR] LogOutputStream:75 - [STDERR_REDIRECT] [Fatal Error] :1:1: Premature end of file.
2026-04-30 21:39:30,402 [ERROR] LogOutputStream:75 - [STDERR_REDIRECT] 
2026-04-30 21:39:31,413 [ERROR] LogOutputStream:75 - [STDERR_REDIRECT] [Fatal Error] :1:1: Premature end of file.
2026-04-30 21:39:31,415 [ERROR] LogOutputStream:75 - [STDERR_REDIRECT] 
2026-04-30 21:39:32,416 [ERROR] LogOutputStream:75 - [STDERR_REDIRECT] [Fatal Error] :1:1: Premature end of file.
2026-04-30 21:39:32,416 [ERROR] LogOutputStream:75 - [STDERR_REDIRECT] 
2026-04-30 21:39:33,414 [ERROR] LogOutputStream:75 - [STDERR_REDIRECT] [Fatal Error] :1:1: Premature end of file.
2026-04-30 21:39:33,415 [ERROR] LogOutputStream:75 - [STDERR_REDIRECT] 
2026-04-30 21:39:34,404 [ERROR] LogOutputStream:75 - [STDERR_REDIRECT] [Fatal Error] :1:1: Premature end of file.
2026-04-30 21:39:34,404 [ERROR] LogOutputStream:75 - [STDERR_REDIRECT] 
2026-04-30 21:39:35,388 [ERROR] LogOutputStream:75 - [STDERR_REDIRECT] [Fatal Error] :1:1: Premature end of file.
2026-04-30 21:39:35,388 [ERROR] LogOutputStream:75 - [STDERR_REDIRECT] 
2026-04-30 21:39:36,407 [ERROR] LogOutputStream:75 - [STDERR_REDIRECT] [Fatal Error] :1:1: Premature end of file.
2026-04-30 21:39:36,407 [ERROR] LogOutputStream:75 - [STDERR_REDIRECT] 
2026-04-30 21:39:37,405 [ERROR] LogOutputStream:75 - [STDERR_REDIRECT] [Fatal Error] :1:1: Premature end of file.
2026-04-30 21:39:37,405 [ERROR] LogOutputStream:75 - [STDERR_REDIRECT] 
2026-04-30 21:39:38,409 [ERROR] LogOutputStream:75 - [STDERR_REDIRECT] [Fatal Error] :1:1: Premature end of file.
2026-04-30 21:39:38,409 [ERROR] LogOutputStream:75 - [STDERR_REDIRECT] 
2026-04-30 21:39:39,405 [ERROR] LogOutputStream:75 - [STDERR_REDIRECT] [Fatal Error] :1:1: Premature end of file.
2026-04-30 21:39:39,405 [ERROR] LogOutputStream:75 - [STDERR_REDIRECT] 
2026-04-30 21:39:40,400 [ERROR] LogOutputStream:75 - [STDERR_REDIRECT] [Fatal Error] :1:1: Premature end of file.
2026-04-30 21:39:40,409 [ERROR] LogOutputStream:75 - [STDERR_REDIRECT] 
2026-04-30 21:39:41,383 [ERROR] LogOutputStream:75 - [STDERR_REDIRECT] [Fatal Error] :1:1: Premature end of file.
2026-04-30 21:39:41,383 [ERROR] LogOutputStream:75 - [STDERR_REDIRECT] 
2026-04-30 21:39:42,406 [ERROR] LogOutputStream:75 - [STDERR_REDIRECT] [Fatal Error] :1:1: Premature end of file.
2026-04-30 21:39:42,408 [ERROR] LogOutputStream:75 - [STDERR_REDIRECT] 
2026-04-30 21:39:43,400 [ERROR] LogOutputStream:75 - [STDERR_REDIRECT] [Fatal Error] :1:1: Premature end of file.
2026-04-30 21:39:43,400 [ERROR] LogOutputStream:75 - [STDERR_REDIRECT] 
2026-04-30 21:39:44,385 [ERROR] LogOutputStream:75 - [STDERR_REDIRECT] [Fatal Error] :1:1: Premature end of file.
2026-04-30 21:39:44,394 [ERROR] LogOutputStream:75 - [STDERR_REDIRECT] 
2026-04-30 21:39:45,405 [ERROR] LogOutputStream:75 - [STDERR_REDIRECT] [Fatal Error] :1:1: Premature end of file.
2026-04-30 21:39:45,405 [ERROR] LogOutputStream:75 - [STDERR_REDIRECT] 
2026-04-30 21:39:46,392 [ERROR] LogOutputStream:75 - [STDERR_REDIRECT] [Fatal Error] :1:1: Premature end of file.
2026-04-30 21:39:46,394 [ERROR] LogOutputStream:75 - [STDERR_REDIRECT] 
2026-04-30 21:39:47,379 [ERROR] LogOutputStream:75 - [STDERR_REDIRECT] [Fatal Error] :1:1: Premature end of file.
2026-04-30 21:39:47,379 [ERROR] LogOutputStream:75 - [STDERR_REDIRECT] 
2026-04-30 21:39:48,418 [ERROR] LogOutputStream:75 - [STDERR_REDIRECT] [Fatal Error] :1:1: Premature end of file.
2026-04-30 21:39:48,418 [ERROR] LogOutputStream:75 - [STDERR_REDIRECT] 
2026-04-30 21:39:49,406 [ERROR] LogOutputStream:75 - [STDERR_REDIRECT] [Fatal Error] :1:1: Premature end of file.
2026-04-30 21:39:49,406 [ERROR] LogOutputStream:75 - [STDERR_REDIRECT] 
2026-04-30 21:39:50,401 [ERROR] LogOutputStream:75 - [STDERR_REDIRECT] [Fatal Error] :1:1: Premature end of file.
2026-04-30 21:39:50,401 [ERROR] LogOutputStream:75 - [STDERR_REDIRECT] 
2026-04-30 21:39:51,411 [ERROR] LogOutputStream:75 - [STDERR_REDIRECT] [Fatal Error] :1:1: Premature end of file.
2026-04-30 21:39:51,411 [ERROR] LogOutputStream:75 - [STDERR_REDIRECT] 
2026-04-30 21:39:52,395 [ERROR] LogOutputStream:75 - [STDERR_REDIRECT] [Fatal Error] :1:1: Premature end of file.
2026-04-30 21:39:52,395 [ERROR] LogOutputStream:75 - [STDERR_REDIRECT] 
2026-04-30 21:39:53,410 [ERROR] LogOutputStream:75 - [STDERR_REDIRECT] [Fatal Error] :1:1: Premature end of file.
2026-04-30 21:39:53,410 [ERROR] LogOutputStream:75 - [STDERR_REDIRECT] 
2026-04-30 21:39:54,406 [ERROR] LogOutputStream:75 - [STDERR_REDIRECT] [Fatal Error] :1:1: Premature end of file.
2026-04-30 21:39:54,406 [ERROR] LogOutputStream:75 - [STDERR_REDIRECT] 
2026-04-30 21:39:55,402 [ERROR] LogOutputStream:75 - [STDERR_REDIRECT] [Fatal Error] :1:1: Premature end of file.
2026-04-30 21:39:55,402 [ERROR] LogOutputStream:75 - [STDERR_REDIRECT] 
2026-04-30 21:39:56,411 [ERROR] LogOutputStream:75 - [STDERR_REDIRECT] [Fatal Error] :1:1: Premature end of file.
2026-04-30 21:39:56,411 [ERROR] LogOutputStream:75 - [STDERR_REDIRECT] 
2026-04-30 21:39:57,403 [ERROR] LogOutputStream:75 - [STDERR_REDIRECT] [Fatal Error] :1:1: Premature end of file.
2026-04-30 21:39:57,406 [ERROR] LogOutputStream:75 - [STDERR_REDIRECT] 
2026-04-30 21:39:58,397 [ERROR] LogOutputStream:75 - [STDERR_REDIRECT] [Fatal Error] :1:1: Premature end of file.
2026-04-30 21:39:58,397 [ERROR] LogOutputStream:75 - [STDERR_REDIRECT] 
2026-04-30 21:39:59,414 [ERROR] LogOutputStream:75 - [STDERR_REDIRECT] [Fatal Error] :1:1: Premature end of file.
2026-04-30 21:39:59,414 [ERROR] LogOutputStream:75 - [STDERR_REDIRECT] 
2026-04-30 21:40:00,409 [ERROR] LogOutputStream:75 - [STDERR_REDIRECT] [Fatal Error] :1:1: Premature end of file.
2026-04-30 21:40:00,409 [ERROR] LogOutputStream:75 - [STDERR_REDIRECT] 
2026-04-30 21:40:01,411 [ERROR] LogOutputStream:75 - [STDERR_REDIRECT] [Fatal Error] :1:1: Premature end of file.
2026-04-30 21:40:01,411 [ERROR] LogOutputStream:75 - [STDERR_REDIRECT] 
2026-04-30 21:40:02,410 [ERROR] LogOutputStream:75 - [STDERR_REDIRECT] [Fatal Error] :1:1: Premature end of file.
2026-04-30 21:40:02,410 [ERROR] LogOutputStream:75 - [STDERR_REDIRECT] 
2026-04-30 21:40:03,409 [ERROR] LogOutputStream:75 - [STDERR_REDIRECT] [Fatal Error] :1:1: Premature end of file.
2026-04-30 21:40:03,409 [ERROR] LogOutputStream:75 - [STDERR_REDIRECT] 
2026-04-30 21:40:04,408 [ERROR] LogOutputStream:75 - [STDERR_REDIRECT] [Fatal Error] :1:1: Premature end of file.
2026-04-30 21:40:04,410 [ERROR] LogOutputStream:75 - [STDERR_REDIRECT] 
2026-04-30 21:40:05,416 [ERROR] LogOutputStream:75 - [STDERR_REDIRECT] [Fatal Error] :1:1: Premature end of file.
2026-04-30 21:40:05,416 [ERROR] LogOutputStream:75 - [STDERR_REDIRECT] 
2026-04-30 21:40:06,410 [ERROR] LogOutputStream:75 - [STDERR_REDIRECT] [Fatal Error] :1:1: Premature end of file.
2026-04-30 21:40:06,410 [ERROR] LogOutputStream:75 - [STDERR_REDIRECT] 
2026-04-30 21:40:07,413 [ERROR] LogOutputStream:75 - [STDERR_REDIRECT] [Fatal Error] :1:1: Premature end of file.
2026-04-30 21:40:07,413 [ERROR] LogOutputStream:75 - [STDERR_REDIRECT] 
2026-04-30 21:40:08,416 [ERROR] LogOutputStream:75 - [STDERR_REDIRECT] [Fatal Error] :1:1: Premature end of file.
2026-04-30 21:40:08,416 [ERROR] LogOutputStream:75 - [STDERR_REDIRECT] 
2026-04-30 21:40:09,414 [ERROR] LogOutputStream:75 - [STDERR_REDIRECT] [Fatal Error] :1:1: Premature end of file.
2026-04-30 21:40:09,415 [ERROR] LogOutputStream:75 - [STDERR_REDIRECT] 
2026-04-30 21:40:10,386 [ERROR] LogOutputStream:75 - [STDERR_REDIRECT] [Fatal Error] :1:1: Premature end of file.
2026-04-30 21:40:10,386 [ERROR] LogOutputStream:75 - [STDERR_REDIRECT] 
2026-04-30 21:40:11,391 [ERROR] LogOutputStream:75 - [STDERR_REDIRECT] [Fatal Error] :1:1: Premature end of file.
2026-04-30 21:40:11,392 [ERROR] LogOutputStream:75 - [STDERR_REDIRECT] 
2026-04-30 21:40:12,378 [ERROR] LogOutputStream:75 - [STDERR_REDIRECT] [Fatal Error] :1:1: Premature end of file.
2026-04-30 21:40:12,378 [ERROR] LogOutputStream:75 - [STDERR_REDIRECT] 
2026-04-30 21:40:13,385 [ERROR] LogOutputStream:75 - [STDERR_REDIRECT] [Fatal Error] :1:1: Premature end of file.
2026-04-30 21:40:13,385 [ERROR] LogOutputStream:75 - [STDERR_REDIRECT] 
2026-04-30 21:40:14,378 [ERROR] LogOutputStream:75 - [STDERR_REDIRECT] [Fatal Error] :1:1: Premature end of file.
2026-04-30 21:40:14,379 [ERROR] LogOutputStream:75 - [STDERR_REDIRECT] 
2026-04-30 21:40:15,384 [ERROR] LogOutputStream:75 - [STDERR_REDIRECT] [Fatal Error] :1:1: Premature end of file.
2026-04-30 21:40:15,384 [ERROR] LogOutputStream:75 - [STDERR_REDIRECT] 
2026-04-30 21:40:16,401 [ERROR] LogOutputStream:75 - [STDERR_REDIRECT] [Fatal Error] :1:1: Premature end of file.
2026-04-30 21:40:16,401 [ERROR] LogOutputStream:75 - [STDERR_REDIRECT] 
2026-04-30 21:40:17,384 [ERROR] LogOutputStream:75 - [STDERR_REDIRECT] [Fatal Error] :1:1: Premature end of file.
2026-04-30 21:40:17,384 [ERROR] LogOutputStream:75 - [STDERR_REDIRECT] 
2026-04-30 21:40:18,387 [ERROR] LogOutputStream:75 - [STDERR_REDIRECT] [Fatal Error] :1:1: Premature end of file.
2026-04-30 21:40:18,387 [ERROR] LogOutputStream:75 - [STDERR_REDIRECT] 
2026-04-30 21:40:19,401 [ERROR] LogOutputStream:75 - [STDERR_REDIRECT] [Fatal Error] :1:1: Premature end of file.
2026-04-30 21:40:19,401 [ERROR] LogOutputStream:75 - [STDERR_REDIRECT] 
2026-04-30 21:40:20,399 [ERROR] LogOutputStream:75 - [STDERR_REDIRECT] [Fatal Error] :1:1: Premature end of file.
2026-04-30 21:40:20,399 [ERROR] LogOutputStream:75 - [STDERR_REDIRECT] 
2026-04-30 21:40:21,387 [ERROR] LogOutputStream:75 - [STDERR_REDIRECT] [Fatal Error] :1:1: Premature end of file.
2026-04-30 21:40:21,387 [ERROR] LogOutputStream:75 - [STDERR_REDIRECT] 
2026-04-30 21:40:22,408 [ERROR] LogOutputStream:75 - [STDERR_REDIRECT] [Fatal Error] :1:1: Premature end of file.
2026-04-30 21:40:22,408 [ERROR] LogOutputStream:75 - [STDERR_REDIRECT] 
2026-04-30 21:40:23,392 [ERROR] LogOutputStream:75 - [STDERR_REDIRECT] [Fatal Error] :1:1: Premature end of file.
2026-04-30 21:40:23,399 [ERROR] LogOutputStream:75 - [STDERR_REDIRECT] 
2026-04-30 21:40:24,398 [ERROR] LogOutputStream:75 - [STDERR_REDIRECT] [Fatal Error] :1:1: Premature end of file.
2026-04-30 21:40:24,400 [ERROR] LogOutputStream:75 - [STDERR_REDIRECT] 
2026-04-30 21:40:25,395 [ERROR] LogOutputStream:75 - [STDERR_REDIRECT] [Fatal Error] :1:1: Premature end of file.
2026-04-30 21:40:25,397 [ERROR] LogOutputStream:75 - [STDERR_REDIRECT] 
2026-04-30 21:40:26,377 [ERROR] LogOutputStream:75 - [STDERR_REDIRECT] [Fatal Error] :1:1: Premature end of file.
2026-04-30 21:40:26,377 [ERROR] LogOutputStream:75 - [STDERR_REDIRECT] 
2026-04-30 21:40:27,392 [ERROR] LogOutputStream:75 - [STDERR_REDIRECT] [Fatal Error] :1:1: Premature end of file.
2026-04-30 21:40:27,396 [ERROR] LogOutputStream:75 - [STDERR_REDIRECT] 
2026-04-30 21:40:28,388 [ERROR] LogOutputStream:75 - [STDERR_REDIRECT] [Fatal Error] :1:1: Premature end of file.
2026-04-30 21:40:28,388 [ERROR] LogOutputStream:75 - [STDERR_REDIRECT] 
2026-04-30 21:40:29,388 [ERROR] LogOutputStream:75 - [STDERR_REDIRECT] [Fatal Error] :1:1: Premature end of file.
2026-04-30 21:40:29,388 [ERROR] LogOutputStream:75 - [STDERR_REDIRECT] 
2026-04-30 21:40:30,396 [ERROR] LogOutputStream:75 - [STDERR_REDIRECT] [Fatal Error] :1:1: Premature end of file.
2026-04-30 21:40:30,396 [ERROR] LogOutputStream:75 - [STDERR_REDIRECT] 
2026-04-30 21:40:31,390 [ERROR] LogOutputStream:75 - [STDERR_REDIRECT] [Fatal Error] :1:1: Premature end of file.
2026-04-30 21:40:31,394 [ERROR] LogOutputStream:75 - [STDERR_REDIRECT] 
2026-04-30 21:40:32,391 [ERROR] LogOutputStream:75 - [STDERR_REDIRECT] [Fatal Error] :1:1: Premature end of file.
2026-04-30 21:40:32,391 [ERROR] LogOutputStream:75 - [STDERR_REDIRECT] 
2026-04-30 21:40:33,399 [ERROR] LogOutputStream:75 - [STDERR_REDIRECT] [Fatal Error] :1:1: Premature end of file.
2026-04-30 21:40:33,399 [ERROR] LogOutputStream:75 - [STDERR_REDIRECT] 
2026-04-30 21:40:34,390 [ERROR] LogOutputStream:75 - [STDERR_REDIRECT] [Fatal Error] :1:1: Premature end of file.
2026-04-30 21:40:34,390 [ERROR] LogOutputStream:75 - [STDERR_REDIRECT] 
2026-04-30 21:40:35,393 [ERROR] LogOutputStream:75 - [STDERR_REDIRECT] [Fatal Error] :1:1: Premature end of file.
2026-04-30 21:40:35,393 [ERROR] LogOutputStream:75 - [STDERR_REDIRECT] 
2026-04-30 21:40:36,404 [ERROR] LogOutputStream:75 - [STDERR_REDIRECT] [Fatal Error] :1:1: Premature end of file.
2026-04-30 21:40:36,404 [ERROR] LogOutputStream:75 - [STDERR_REDIRECT] 
2026-04-30 21:40:37,398 [ERROR] LogOutputStream:75 - [STDERR_REDIRECT] [Fatal Error] :1:1: Premature end of file.
2026-04-30 21:40:37,398 [ERROR] LogOutputStream:75 - [STDERR_REDIRECT] 
2026-04-30 21:40:38,391 [ERROR] LogOutputStream:75 - [STDERR_REDIRECT] [Fatal Error] :1:1: Premature end of file.
2026-04-30 21:40:38,393 [ERROR] LogOutputStream:75 - [STDERR_REDIRECT] 
2026-04-30 21:40:39,390 [ERROR] LogOutputStream:75 - [STDERR_REDIRECT] [Fatal Error] :1:1: Premature end of file.
2026-04-30 21:40:39,390 [ERROR] LogOutputStream:75 - [STDERR_REDIRECT] 
2026-04-30 21:40:40,398 [ERROR] LogOutputStream:75 - [STDERR_REDIRECT] [Fatal Error] :1:1: Premature end of file.
2026-04-30 21:40:40,398 [ERROR] LogOutputStream:75 - [STDERR_REDIRECT] 
2026-04-30 21:40:41,378 [ERROR] LogOutputStream:75 - [STDERR_REDIRECT] [Fatal Error] :1:1: Premature end of file.
2026-04-30 21:40:41,378 [ERROR] LogOutputStream:75 - [STDERR_REDIRECT] 
2026-04-30 21:40:42,381 [ERROR] LogOutputStream:75 - [STDERR_REDIRECT] [Fatal Error] :1:1: Premature end of file.
2026-04-30 21:40:42,384 [ERROR] LogOutputStream:75 - [STDERR_REDIRECT] 
2026-04-30 21:40:43,397 [ERROR] LogOutputStream:75 - [STDERR_REDIRECT] [Fatal Error] :1:1: Premature end of file.
2026-04-30 21:40:43,397 [ERROR] LogOutputStream:75 - [STDERR_REDIRECT] 
2026-04-30 21:40:44,392 [ERROR] LogOutputStream:75 - [STDERR_REDIRECT] [Fatal Error] :1:1: Premature end of file.
2026-04-30 21:40:44,392 [ERROR] LogOutputStream:75 - [STDERR_REDIRECT] 
2026-04-30 21:40:45,387 [ERROR] LogOutputStream:75 - [STDERR_REDIRECT] [Fatal Error] :1:1: Premature end of file.
2026-04-30 21:40:45,387 [ERROR] LogOutputStream:75 - [STDERR_REDIRECT] 
2026-04-30 21:40:46,403 [ERROR] LogOutputStream:75 - [STDERR_REDIRECT] [Fatal Error] :1:1: Premature end of file.
2026-04-30 21:40:46,405 [ERROR] LogOutputStream:75 - [STDERR_REDIRECT] 
2026-04-30 21:40:47,404 [ERROR] LogOutputStream:75 - [STDERR_REDIRECT] [Fatal Error] :1:1: Premature end of file.
2026-04-30 21:40:47,404 [ERROR] LogOutputStream:75 - [STDERR_REDIRECT] 
2026-04-30 21:40:48,402 [ERROR] LogOutputStream:75 - [STDERR_REDIRECT] [Fatal Error] :1:1: Premature end of file.
2026-04-30 21:40:48,404 [ERROR] LogOutputStream:75 - [STDERR_REDIRECT] 
2026-04-30 21:40:49,397 [ERROR] LogOutputStream:75 - [STDERR_REDIRECT] [Fatal Error] :1:1: Premature end of file.
2026-04-30 21:40:49,397 [ERROR] LogOutputStream:75 - [STDERR_REDIRECT] 
2026-04-30 21:40:50,397 [ERROR] LogOutputStream:75 - [STDERR_REDIRECT] [Fatal Error] :1:1: Premature end of file.
2026-04-30 21:40:50,401 [ERROR] LogOutputStream:75 - [STDERR_REDIRECT] 
2026-04-30 21:40:51,394 [ERROR] LogOutputStream:75 - [STDERR_REDIRECT] [Fatal Error] :1:1: Premature end of file.
2026-04-30 21:40:51,394 [ERROR] LogOutputStream:75 - [STDERR_REDIRECT] 
2026-04-30 21:40:52,410 [ERROR] LogOutputStream:75 - [STDERR_REDIRECT] [Fatal Error] :1:1: Premature end of file.
2026-04-30 21:40:52,410 [ERROR] LogOutputStream:75 - [STDERR_REDIRECT] 
2026-04-30 21:40:53,393 [ERROR] LogOutputStream:75 - [STDERR_REDIRECT] [Fatal Error] :1:1: Premature end of file.
2026-04-30 21:40:53,393 [ERROR] LogOutputStream:75 - [STDERR_REDIRECT] 
2026-04-30 21:40:54,411 [ERROR] LogOutputStream:75 - [STDERR_REDIRECT] [Fatal Error] :1:1: Premature end of file.
2026-04-30 21:40:54,411 [ERROR] LogOutputStream:75 - [STDERR_REDIRECT] 
2026-04-30 21:40:55,387 [ERROR] LogOutputStream:75 - [STDERR_REDIRECT] [Fatal Error] :1:1: Premature end of file.
2026-04-30 21:40:55,387 [ERROR] LogOutputStream:75 - [STDERR_REDIRECT] 
2026-04-30 21:40:56,403 [ERROR] LogOutputStream:75 - [STDERR_REDIRECT] [Fatal Error] :1:1: Premature end of file.
2026-04-30 21:40:56,411 [ERROR] LogOutputStream:75 - [STDERR_REDIRECT] 
2026-04-30 21:40:57,410 [ERROR] LogOutputStream:75 - [STDERR_REDIRECT] [Fatal Error] :1:1: Premature end of file.
2026-04-30 21:40:57,410 [ERROR] LogOutputStream:75 - [STDERR_REDIRECT] 
2026-04-30 21:40:58,387 [ERROR] LogOutputStream:75 - [STDERR_REDIRECT] [Fatal Error] :1:1: Premature end of file.
2026-04-30 21:40:58,387 [ERROR] LogOutputStream:75 - [STDERR_REDIRECT] 
2026-04-30 21:40:59,387 [ERROR] LogOutputStream:75 - [STDERR_REDIRECT] [Fatal Error] :1:1: Premature end of file.
2026-04-30 21:40:59,387 [ERROR] LogOutputStream:75 - [STDERR_REDIRECT] 
2026-04-30 21:41:00,387 [ERROR] LogOutputStream:75 - [STDERR_REDIRECT] [Fatal Error] :1:1: Premature end of file.
2026-04-30 21:41:00,387 [ERROR] LogOutputStream:75 - [STDERR_REDIRECT] 
2026-04-30 21:41:01,378 [ERROR] LogOutputStream:75 - [STDERR_REDIRECT] [Fatal Error] :1:1: Premature end of file.
2026-04-30 21:41:01,381 [ERROR] LogOutputStream:75 - [STDERR_REDIRECT] 
2026-04-30 21:41:02,392 [ERROR] LogOutputStream:75 - [STDERR_REDIRECT] [Fatal Error] :1:1: Premature end of file.
2026-04-30 21:41:02,392 [ERROR] LogOutputStream:75 - [STDERR_REDIRECT] 
2026-04-30 21:41:03,384 [ERROR] LogOutputStream:75 - [STDERR_REDIRECT] [Fatal Error] :1:1: Premature end of file.
2026-04-30 21:41:03,385 [ERROR] LogOutputStream:75 - [STDERR_REDIRECT] 
2026-04-30 21:41:04,385 [ERROR] LogOutputStream:75 - [STDERR_REDIRECT] [Fatal Error] :1:1: Premature end of file.
2026-04-30 21:41:04,390 [ERROR] LogOutputStream:75 - [STDERR_REDIRECT] 
2026-04-30 21:41:05,396 [ERROR] LogOutputStream:75 - [STDERR_REDIRECT] [Fatal Error] :1:1: Premature end of file.
2026-04-30 21:41:05,396 [ERROR] LogOutputStream:75 - [STDERR_REDIRECT] 
2026-04-30 21:41:06,388 [ERROR] LogOutputStream:75 - [STDERR_REDIRECT] [Fatal Error] :1:1: Premature end of file.
2026-04-30 21:41:06,388 [ERROR] LogOutputStream:75 - [STDERR_REDIRECT] 
2026-04-30 21:41:07,385 [ERROR] LogOutputStream:75 - [STDERR_REDIRECT] [Fatal Error] :1:1: Premature end of file.
2026-04-30 21:41:07,385 [ERROR] LogOutputStream:75 - [STDERR_REDIRECT] 
2026-04-30 21:41:08,386 [ERROR] LogOutputStream:75 - [STDERR_REDIRECT] [Fatal Error] :1:1: Premature end of file.
2026-04-30 21:41:08,388 [ERROR] LogOutputStream:75 - [STDERR_REDIRECT] 
2026-04-30 21:41:09,380 [ERROR] LogOutputStream:75 - [STDERR_REDIRECT] [Fatal Error] :1:1: Premature end of file.
2026-04-30 21:41:09,380 [ERROR] LogOutputStream:75 - [STDERR_REDIRECT] 
2026-04-30 21:41:10,388 [ERROR] LogOutputStream:75 - [STDERR_REDIRECT] [Fatal Error] :1:1: Premature end of file.
2026-04-30 21:41:10,388 [ERROR] LogOutputStream:75 - [STDERR_REDIRECT] 
2026-04-30 21:41:11,392 [ERROR] LogOutputStream:75 - [STDERR_REDIRECT] [Fatal Error] :1:1: Premature end of file.
2026-04-30 21:41:11,392 [ERROR] LogOutputStream:75 - [STDERR_REDIRECT] 
2026-04-30 21:41:12,376 [ERROR] LogOutputStream:75 - [STDERR_REDIRECT] [Fatal Error] :1:1: Premature end of file.
2026-04-30 21:41:12,376 [ERROR] LogOutputStream:75 - [STDERR_REDIRECT] 
2026-04-30 21:41:13,385 [ERROR] LogOutputStream:75 - [STDERR_REDIRECT] [Fatal Error] :1:1: Premature end of file.
2026-04-30 21:41:13,385 [ERROR] LogOutputStream:75 - [STDERR_REDIRECT] 
2026-04-30 21:41:14,390 [ERROR] LogOutputStream:75 - [STDERR_REDIRECT] [Fatal Error] :1:1: Premature end of file.
2026-04-30 21:41:14,390 [ERROR] LogOutputStream:75 - [STDERR_REDIRECT] 
2026-04-30 21:41:15,388 [ERROR] LogOutputStream:75 - [STDERR_REDIRECT] [Fatal Error] :1:1: Premature end of file.
2026-04-30 21:41:15,388 [ERROR] LogOutputStream:75 - [STDERR_REDIRECT] 
2026-04-30 21:41:16,390 [ERROR] LogOutputStream:75 - [STDERR_REDIRECT] [Fatal Error] :1:1: Premature end of file.
2026-04-30 21:41:16,390 [ERROR] LogOutputStream:75 - [STDERR_REDIRECT] 
2026-04-30 21:41:17,403 [ERROR] LogOutputStream:75 - [STDERR_REDIRECT] [Fatal Error] :1:1: Premature end of file.
2026-04-30 21:41:17,405 [ERROR] LogOutputStream:75 - [STDERR_REDIRECT] 
2026-04-30 21:41:18,387 [ERROR] LogOutputStream:75 - [STDERR_REDIRECT] [Fatal Error] :1:1: Premature end of file.
2026-04-30 21:41:18,387 [ERROR] LogOutputStream:75 - [STDERR_REDIRECT] 
2026-04-30 21:41:19,391 [ERROR] LogOutputStream:75 - [STDERR_REDIRECT] [Fatal Error] :1:1: Premature end of file.
2026-04-30 21:41:19,391 [ERROR] LogOutputStream:75 - [STDERR_REDIRECT] 
2026-04-30 21:41:20,382 [ERROR] LogOutputStream:75 - [STDERR_REDIRECT] [Fatal Error] :1:1: Premature end of file.
2026-04-30 21:41:20,382 [ERROR] LogOutputStream:75 - [STDERR_REDIRECT] 
2026-04-30 21:41:21,406 [ERROR] LogOutputStream:75 - [STDERR_REDIRECT] [Fatal Error] :1:1: Premature end of file.
2026-04-30 21:41:21,406 [ERROR] LogOutputStream:75 - [STDERR_REDIRECT] 
2026-04-30 21:41:22,408 [ERROR] LogOutputStream:75 - [STDERR_REDIRECT] [Fatal Error] :1:1: Premature end of file.
2026-04-30 21:41:22,411 [ERROR] LogOutputStream:75 - [STDERR_REDIRECT] 
2026-04-30 21:41:23,385 [ERROR] LogOutputStream:75 - [STDERR_REDIRECT] [Fatal Error] :1:1: Premature end of file.
2026-04-30 21:41:23,385 [ERROR] LogOutputStream:75 - [STDERR_REDIRECT] 
2026-04-30 21:41:24,380 [ERROR] LogOutputStream:75 - [STDERR_REDIRECT] [Fatal Error] :1:1: Premature end of file.
2026-04-30 21:41:24,388 [ERROR] LogOutputStream:75 - [STDERR_REDIRECT] 
2026-04-30 21:41:25,390 [ERROR] LogOutputStream:75 - [STDERR_REDIRECT] [Fatal Error] :1:1: Premature end of file.
2026-04-30 21:41:25,390 [ERROR] LogOutputStream:75 - [STDERR_REDIRECT] 
2026-04-30 21:41:26,408 [ERROR] LogOutputStream:75 - [STDERR_REDIRECT] [Fatal Error] :1:1: Premature end of file.
2026-04-30 21:41:26,408 [ERROR] LogOutputStream:75 - [STDERR_REDIRECT] 
2026-04-30 21:41:27,403 [ERROR] LogOutputStream:75 - [STDERR_REDIRECT] [Fatal Error] :1:1: Premature end of file.
2026-04-30 21:41:27,403 [ERROR] LogOutputStream:75 - [STDERR_REDIRECT] 
2026-04-30 21:41:28,419 [ERROR] LogOutputStream:75 - [STDERR_REDIRECT] [Fatal Error] :1:1: Premature end of file.
2026-04-30 21:41:28,419 [ERROR] LogOutputStream:75 - [STDERR_REDIRECT] 
2026-04-30 21:41:29,391 [ERROR] LogOutputStream:75 - [STDERR_REDIRECT] [Fatal Error] :1:1: Premature end of file.
2026-04-30 21:41:29,393 [ERROR] LogOutputStream:75 - [STDERR_REDIRECT] 
2026-04-30 21:41:30,385 [ERROR] LogOutputStream:75 - [STDERR_REDIRECT] [Fatal Error] :1:1: Premature end of file.
2026-04-30 21:41:30,385 [ERROR] LogOutputStream:75 - [STDERR_REDIRECT] 
2026-04-30 21:41:31,391 [ERROR] LogOutputStream:75 - [STDERR_REDIRECT] [Fatal Error] :1:1: Premature end of file.
2026-04-30 21:41:31,394 [ERROR] LogOutputStream:75 - [STDERR_REDIRECT] 
2026-04-30 21:41:32,419 [ERROR] LogOutputStream:75 - [STDERR_REDIRECT] [Fatal Error] :1:1: Premature end of file.
2026-04-30 21:41:32,419 [ERROR] LogOutputStream:75 - [STDERR_REDIRECT] 
2026-04-30 21:41:33,402 [ERROR] LogOutputStream:75 - [STDERR_REDIRECT] [Fatal Error] :1:1: Premature end of file.
2026-04-30 21:41:33,404 [ERROR] LogOutputStream:75 - [STDERR_REDIRECT] 
2026-04-30 21:41:34,401 [ERROR] LogOutputStream:75 - [STDERR_REDIRECT] [Fatal Error] :1:1: Premature end of file.
2026-04-30 21:41:34,401 [ERROR] LogOutputStream:75 - [STDERR_REDIRECT] 
2026-04-30 21:41:35,417 [ERROR] LogOutputStream:75 - [STDERR_REDIRECT] [Fatal Error] :1:1: Premature end of file.
2026-04-30 21:41:35,417 [ERROR] LogOutputStream:75 - [STDERR_REDIRECT] 
2026-04-30 21:41:36,417 [ERROR] LogOutputStream:75 - [STDERR_REDIRECT] [Fatal Error] :1:1: Premature end of file.
2026-04-30 21:41:36,417 [ERROR] LogOutputStream:75 - [STDERR_REDIRECT] 
2026-04-30 21:41:37,414 [ERROR] LogOutputStream:75 - [STDERR_REDIRECT] [Fatal Error] :1:1: Premature end of file.
2026-04-30 21:41:37,415 [ERROR] LogOutputStream:75 - [STDERR_REDIRECT] 
2026-04-30 21:41:38,385 [ERROR] LogOutputStream:75 - [STDERR_REDIRECT] [Fatal Error] :1:1: Premature end of file.
2026-04-30 21:41:38,385 [ERROR] LogOutputStream:75 - [STDERR_REDIRECT] 
2026-04-30 21:41:39,397 [ERROR] LogOutputStream:75 - [STDERR_REDIRECT] [Fatal Error] :1:1: Premature end of file.
2026-04-30 21:41:39,397 [ERROR] LogOutputStream:75 - [STDERR_REDIRECT] 
2026-04-30 21:41:40,401 [ERROR] LogOutputStream:75 - [STDERR_REDIRECT] [Fatal Error] :1:1: Premature end of file.
2026-04-30 21:41:40,401 [ERROR] LogOutputStream:75 - [STDERR_REDIRECT] 
2026-04-30 21:41:41,397 [ERROR] LogOutputStream:75 - [STDERR_REDIRECT] [Fatal Error] :1:1: Premature end of file.
2026-04-30 21:41:41,397 [ERROR] LogOutputStream:75 - [STDERR_REDIRECT] 
2026-04-30 21:41:42,410 [ERROR] LogOutputStream:75 - [STDERR_REDIRECT] [Fatal Error] :1:1: Premature end of file.
2026-04-30 21:41:42,410 [ERROR] LogOutputStream:75 - [STDERR_REDIRECT] 
2026-04-30 21:41:43,392 [ERROR] LogOutputStream:75 - [STDERR_REDIRECT] [Fatal Error] :1:1: Premature end of file.
2026-04-30 21:41:43,392 [ERROR] LogOutputStream:75 - [STDERR_REDIRECT] 
2026-04-30 21:41:44,384 [ERROR] LogOutputStream:75 - [STDERR_REDIRECT] [Fatal Error] :1:1: Premature end of file.
2026-04-30 21:41:44,384 [ERROR] LogOutputStream:75 - [STDERR_REDIRECT] 
2026-04-30 21:41:45,386 [ERROR] LogOutputStream:75 - [STDERR_REDIRECT] [Fatal Error] :1:1: Premature end of file.
2026-04-30 21:41:45,386 [ERROR] LogOutputStream:75 - [STDERR_REDIRECT] 
2026-04-30 21:41:46,395 [ERROR] LogOutputStream:75 - [STDERR_REDIRECT] [Fatal Error] :1:1: Premature end of file.
2026-04-30 21:41:46,397 [ERROR] LogOutputStream:75 - [STDERR_REDIRECT] 
2026-04-30 21:41:47,389 [ERROR] LogOutputStream:75 - [STDERR_REDIRECT] [Fatal Error] :1:1: Premature end of file.
2026-04-30 21:41:47,389 [ERROR] LogOutputStream:75 - [STDERR_REDIRECT] 
2026-04-30 21:41:48,386 [ERROR] LogOutputStream:75 - [STDERR_REDIRECT] [Fatal Error] :1:1: Premature end of file.
2026-04-30 21:41:48,386 [ERROR] LogOutputStream:75 - [STDERR_REDIRECT] 
2026-04-30 21:41:49,390 [ERROR] LogOutputStream:75 - [STDERR_REDIRECT] [Fatal Error] :1:1: Premature end of file.
2026-04-30 21:41:49,390 [ERROR] LogOutputStream:75 - [STDERR_REDIRECT] 
2026-04-30 21:41:50,389 [ERROR] LogOutputStream:75 - [STDERR_REDIRECT] [Fatal Error] :1:1: Premature end of file.
2026-04-30 21:41:50,389 [ERROR] LogOutputStream:75 - [STDERR_REDIRECT] 
2026-04-30 21:41:51,396 [ERROR] LogOutputStream:75 - [STDERR_REDIRECT] [Fatal Error] :1:1: Premature end of file.
2026-04-30 21:41:51,396 [ERROR] LogOutputStream:75 - [STDERR_REDIRECT] 
2026-04-30 21:41:52,391 [ERROR] LogOutputStream:75 - [STDERR_REDIRECT] [Fatal Error] :1:1: Premature end of file.
2026-04-30 21:41:52,391 [ERROR] LogOutputStream:75 - [STDERR_REDIRECT] 
2026-04-30 21:41:53,392 [ERROR] LogOutputStream:75 - [STDERR_REDIRECT] [Fatal Error] :1:1: Premature end of file.
2026-04-30 21:41:53,392 [ERROR] LogOutputStream:75 - [STDERR_REDIRECT] 
2026-04-30 21:41:54,385 [ERROR] LogOutputStream:75 - [STDERR_REDIRECT] [Fatal Error] :1:1: Premature end of file.
2026-04-30 21:41:54,385 [ERROR] LogOutputStream:75 - [STDERR_REDIRECT] 
2026-04-30 21:41:55,383 [ERROR] LogOutputStream:75 - [STDERR_REDIRECT] [Fatal Error] :1:1: Premature end of file.
2026-04-30 21:41:55,383 [ERROR] LogOutputStream:75 - [STDERR_REDIRECT] 
2026-04-30 21:41:56,386 [ERROR] LogOutputStream:75 - [STDERR_REDIRECT] [Fatal Error] :1:1: Premature end of file.
2026-04-30 21:41:56,386 [ERROR] LogOutputStream:75 - [STDERR_REDIRECT] 
2026-04-30 21:41:57,401 [ERROR] LogOutputStream:75 - [STDERR_REDIRECT] [Fatal Error] :1:1: Premature end of file.
2026-04-30 21:41:57,401 [ERROR] LogOutputStream:75 - [STDERR_REDIRECT] 
2026-04-30 21:41:58,382 [ERROR] LogOutputStream:75 - [STDERR_REDIRECT] [Fatal Error] :1:1: Premature end of file.
2026-04-30 21:41:58,382 [ERROR] LogOutputStream:75 - [STDERR_REDIRECT] 
2026-04-30 21:41:59,393 [ERROR] LogOutputStream:75 - [STDERR_REDIRECT] [Fatal Error] :1:1: Premature end of file.
2026-04-30 21:41:59,393 [ERROR] LogOutputStream:75 - [STDERR_REDIRECT] 
2026-04-30 21:42:00,402 [ERROR] LogOutputStream:75 - [STDERR_REDIRECT] [Fatal Error] :1:1: Premature end of file.
2026-04-30 21:42:00,402 [ERROR] LogOutputStream:75 - [STDERR_REDIRECT] 
2026-04-30 21:42:01,385 [ERROR] LogOutputStream:75 - [STDERR_REDIRECT] [Fatal Error] :1:1: Premature end of file.
2026-04-30 21:42:01,385 [ERROR] LogOutputStream:75 - [STDERR_REDIRECT] 
2026-04-30 21:42:02,396 [ERROR] LogOutputStream:75 - [STDERR_REDIRECT] [Fatal Error] :1:1: Premature end of file.
2026-04-30 21:42:02,396 [ERROR] LogOutputStream:75 - [STDERR_REDIRECT] 
2026-04-30 21:42:03,390 [ERROR] LogOutputStream:75 - [STDERR_REDIRECT] [Fatal Error] :1:1: Premature end of file.
2026-04-30 21:42:03,390 [ERROR] LogOutputStream:75 - [STDERR_REDIRECT] 
2026-04-30 21:42:04,384 [ERROR] LogOutputStream:75 - [STDERR_REDIRECT] [Fatal Error] :1:1: Premature end of file.
2026-04-30 21:42:04,384 [ERROR] LogOutputStream:75 - [STDERR_REDIRECT] 
2026-04-30 21:42:05,385 [ERROR] LogOutputStream:75 - [STDERR_REDIRECT] [Fatal Error] :1:1: Premature end of file.
2026-04-30 21:42:05,385 [ERROR] LogOutputStream:75 - [STDERR_REDIRECT] 
2026-04-30 21:42:06,386 [ERROR] LogOutputStream:75 - [STDERR_REDIRECT] [Fatal Error] :1:1: Premature end of file.
2026-04-30 21:42:06,386 [ERROR] LogOutputStream:75 - [STDERR_REDIRECT] 
2026-04-30 21:42:07,390 [ERROR] LogOutputStream:75 - [STDERR_REDIRECT] [Fatal Error] :1:1: Premature end of file.
2026-04-30 21:42:07,390 [ERROR] LogOutputStream:75 - [STDERR_REDIRECT] 
2026-04-30 21:42:08,385 [ERROR] LogOutputStream:75 - [STDERR_REDIRECT] [Fatal Error] :1:1: Premature end of file.
2026-04-30 21:42:08,385 [ERROR] LogOutputStream:75 - [STDERR_REDIRECT] 
2026-04-30 21:42:09,392 [ERROR] LogOutputStream:75 - [STDERR_REDIRECT] [Fatal Error] :1:1: Premature end of file.
2026-04-30 21:42:09,392 [ERROR] LogOutputStream:75 - [STDERR_REDIRECT] 
2026-04-30 21:42:10,419 [ERROR] LogOutputStream:75 - [STDERR_REDIRECT] [Fatal Error] :1:1: Premature end of file.
2026-04-30 21:42:10,419 [ERROR] LogOutputStream:75 - [STDERR_REDIRECT] 
2026-04-30 21:42:11,422 [ERROR] LogOutputStream:75 - [STDERR_REDIRECT] [Fatal Error] :1:1: Premature end of file.
2026-04-30 21:42:11,422 [ERROR] LogOutputStream:75 - [STDERR_REDIRECT] 
2026-04-30 21:42:12,406 [ERROR] LogOutputStream:75 - [STDERR_REDIRECT] [Fatal Error] :1:1: Premature end of file.
2026-04-30 21:42:12,406 [ERROR] LogOutputStream:75 - [STDERR_REDIRECT] 
2026-04-30 21:42:13,409 [ERROR] LogOutputStream:75 - [STDERR_REDIRECT] [Fatal Error] :1:1: Premature end of file.
2026-04-30 21:42:13,409 [ERROR] LogOutputStream:75 - [STDERR_REDIRECT] 
2026-04-30 21:42:14,401 [ERROR] LogOutputStream:75 - [STDERR_REDIRECT] [Fatal Error] :1:1: Premature end of file.
2026-04-30 21:42:14,401 [ERROR] LogOutputStream:75 - [STDERR_REDIRECT] 
2026-04-30 21:42:15,404 [ERROR] LogOutputStream:75 - [STDERR_REDIRECT] [Fatal Error] :1:1: Premature end of file.
2026-04-30 21:42:15,404 [ERROR] LogOutputStream:75 - [STDERR_REDIRECT] 
2026-04-30 21:42:16,400 [ERROR] LogOutputStream:75 - [STDERR_REDIRECT] [Fatal Error] :1:1: Premature end of file.
2026-04-30 21:42:16,400 [ERROR] LogOutputStream:75 - [STDERR_REDIRECT] 
2026-04-30 21:42:17,412 [ERROR] LogOutputStream:75 - [STDERR_REDIRECT] [Fatal Error] :1:1: Premature end of file.
2026-04-30 21:42:17,412 [ERROR] LogOutputStream:75 - [STDERR_REDIRECT] 
2026-04-30 21:42:18,395 [ERROR] LogOutputStream:75 - [STDERR_REDIRECT] [Fatal Error] :1:1: Premature end of file.
2026-04-30 21:42:18,395 [ERROR] LogOutputStream:75 - [STDERR_REDIRECT] 
2026-04-30 21:42:19,410 [ERROR] LogOutputStream:75 - [STDERR_REDIRECT] [Fatal Error] :1:1: Premature end of file.
2026-04-30 21:42:19,410 [ERROR] LogOutputStream:75 - [STDERR_REDIRECT] 
2026-04-30 21:42:20,408 [ERROR] LogOutputStream:75 - [STDERR_REDIRECT] [Fatal Error] :1:1: Premature end of file.
2026-04-30 21:42:20,408 [ERROR] LogOutputStream:75 - [STDERR_REDIRECT] 
2026-04-30 21:42:21,409 [ERROR] LogOutputStream:75 - [STDERR_REDIRECT] [Fatal Error] :1:1: Premature end of file.
2026-04-30 21:42:21,409 [ERROR] LogOutputStream:75 - [STDERR_REDIRECT] 
2026-04-30 21:42:22,412 [ERROR] LogOutputStream:75 - [STDERR_REDIRECT] [Fatal Error] :1:1: Premature end of file.
2026-04-30 21:42:22,413 [ERROR] LogOutputStream:75 - [STDERR_REDIRECT] 
2026-04-30 21:42:23,405 [ERROR] LogOutputStream:75 - [STDERR_REDIRECT] [Fatal Error] :1:1: Premature end of file.
2026-04-30 21:42:23,405 [ERROR] LogOutputStream:75 - [STDERR_REDIRECT] 
2026-04-30 21:42:24,394 [ERROR] LogOutputStream:75 - [STDERR_REDIRECT] [Fatal Error] :1:1: Premature end of file.
2026-04-30 21:42:24,394 [ERROR] LogOutputStream:75 - [STDERR_REDIRECT] 
2026-04-30 21:42:25,394 [ERROR] LogOutputStream:75 - [STDERR_REDIRECT] [Fatal Error] :1:1: Premature end of file.
2026-04-30 21:42:25,394 [ERROR] LogOutputStream:75 - [STDERR_REDIRECT] 
2026-04-30 21:42:26,395 [ERROR] LogOutputStream:75 - [STDERR_REDIRECT] [Fatal Error] :1:1: Premature end of file.
2026-04-30 21:42:26,395 [ERROR] LogOutputStream:75 - [STDERR_REDIRECT] 
2026-04-30 21:42:27,402 [ERROR] LogOutputStream:75 - [STDERR_REDIRECT] [Fatal Error] :1:1: Premature end of file.
2026-04-30 21:42:27,402 [ERROR] LogOutputStream:75 - [STDERR_REDIRECT] 
2026-04-30 21:42:28,407 [ERROR] LogOutputStream:75 - [STDERR_REDIRECT] [Fatal Error] :1:1: Premature end of file.
2026-04-30 21:42:28,407 [ERROR] LogOutputStream:75 - [STDERR_REDIRECT] 
2026-04-30 21:42:29,402 [ERROR] LogOutputStream:75 - [STDERR_REDIRECT] [Fatal Error] :1:1: Premature end of file.
2026-04-30 21:42:29,402 [ERROR] LogOutputStream:75 - [STDERR_REDIRECT] 
2026-04-30 21:42:30,414 [ERROR] LogOutputStream:75 - [STDERR_REDIRECT] [Fatal Error] :1:1: Premature end of file.
2026-04-30 21:42:30,414 [ERROR] LogOutputStream:75 - [STDERR_REDIRECT] 
2026-04-30 21:42:31,407 [ERROR] LogOutputStream:75 - [STDERR_REDIRECT] [Fatal Error] :1:1: Premature end of file.
2026-04-30 21:42:31,407 [ERROR] LogOutputStream:75 - [STDERR_REDIRECT] 
2026-04-30 21:42:32,411 [ERROR] LogOutputStream:75 - [STDERR_REDIRECT] [Fatal Error] :1:1: Premature end of file.
2026-04-30 21:42:32,411 [ERROR] LogOutputStream:75 - [STDERR_REDIRECT] 
2026-04-30 21:42:33,408 [ERROR] LogOutputStream:75 - [STDERR_REDIRECT] [Fatal Error] :1:1: Premature end of file.
2026-04-30 21:42:33,408 [ERROR] LogOutputStream:75 - [STDERR_REDIRECT] 
2026-04-30 21:42:34,413 [ERROR] LogOutputStream:75 - [STDERR_REDIRECT] [Fatal Error] :1:1: Premature end of file.
2026-04-30 21:42:34,413 [ERROR] LogOutputStream:75 - [STDERR_REDIRECT] 
2026-04-30 21:42:35,412 [ERROR] LogOutputStream:75 - [STDERR_REDIRECT] [Fatal Error] :1:1: Premature end of file.
2026-04-30 21:42:35,412 [ERROR] LogOutputStream:75 - [STDERR_REDIRECT] 
2026-04-30 21:42:36,415 [ERROR] LogOutputStream:75 - [STDERR_REDIRECT] [Fatal Error] :1:1: Premature end of file.
2026-04-30 21:42:36,415 [ERROR] LogOutputStream:75 - [STDERR_REDIRECT] 
2026-04-30 21:42:37,414 [ERROR] LogOutputStream:75 - [STDERR_REDIRECT] [Fatal Error] :1:1: Premature end of file.
2026-04-30 21:42:37,414 [ERROR] LogOutputStream:75 - [STDERR_REDIRECT] 
2026-04-30 21:42:38,396 [ERROR] LogOutputStream:75 - [STDERR_REDIRECT] [Fatal Error] :1:1: Premature end of file.
2026-04-30 21:42:38,396 [ERROR] LogOutputStream:75 - [STDERR_REDIRECT] 
2026-04-30 21:42:39,412 [ERROR] LogOutputStream:75 - [STDERR_REDIRECT] [Fatal Error] :1:1: Premature end of file.
2026-04-30 21:42:39,412 [ERROR] LogOutputStream:75 - [STDERR_REDIRECT] 
2026-04-30 21:42:40,406 [ERROR] LogOutputStream:75 - [STDERR_REDIRECT] [Fatal Error] :1:1: Premature end of file.
2026-04-30 21:42:40,406 [ERROR] LogOutputStream:75 - [STDERR_REDIRECT] 
2026-04-30 21:42:41,417 [ERROR] LogOutputStream:75 - [STDERR_REDIRECT] [Fatal Error] :1:1: Premature end of file.
2026-04-30 21:42:41,417 [ERROR] LogOutputStream:75 - [STDERR_REDIRECT] 
2026-04-30 21:42:42,406 [ERROR] LogOutputStream:75 - [STDERR_REDIRECT] [Fatal Error] :1:1: Premature end of file.
2026-04-30 21:42:42,410 [ERROR] LogOutputStream:75 - [STDERR_REDIRECT] 
2026-04-30 21:42:43,377 [ERROR] LogOutputStream:75 - [STDERR_REDIRECT] [Fatal Error] :1:1: Premature end of file.
2026-04-30 21:42:43,377 [ERROR] LogOutputStream:75 - [STDERR_REDIRECT] 
2026-04-30 21:42:44,401 [ERROR] LogOutputStream:75 - [STDERR_REDIRECT] [Fatal Error] :1:1: Premature end of file.
2026-04-30 21:42:44,401 [ERROR] LogOutputStream:75 - [STDERR_REDIRECT] 
2026-04-30 21:42:45,407 [ERROR] LogOutputStream:75 - [STDERR_REDIRECT] [Fatal Error] :1:1: Premature end of file.
2026-04-30 21:42:45,409 [ERROR] LogOutputStream:75 - [STDERR_REDIRECT] 
2026-04-30 21:42:46,405 [ERROR] LogOutputStream:75 - [STDERR_REDIRECT] [Fatal Error] :1:1: Premature end of file.
2026-04-30 21:42:46,405 [ERROR] LogOutputStream:75 - [STDERR_REDIRECT] 
2026-04-30 21:42:47,406 [ERROR] LogOutputStream:75 - [STDERR_REDIRECT] [Fatal Error] :1:1: Premature end of file.
2026-04-30 21:42:47,406 [ERROR] LogOutputStream:75 - [STDERR_REDIRECT] 
2026-04-30 21:42:48,409 [ERROR] LogOutputStream:75 - [STDERR_REDIRECT] [Fatal Error] :1:1: Premature end of file.
2026-04-30 21:42:48,409 [ERROR] LogOutputStream:75 - [STDERR_REDIRECT] 
2026-04-30 21:42:49,406 [ERROR] LogOutputStream:75 - [STDERR_REDIRECT] [Fatal Error] :1:1: Premature end of file.
2026-04-30 21:42:49,406 [ERROR] LogOutputStream:75 - [STDERR_REDIRECT] 
2026-04-30 21:42:50,406 [ERROR] LogOutputStream:75 - [STDERR_REDIRECT] [Fatal Error] :1:1: Premature end of file.
2026-04-30 21:42:50,406 [ERROR] LogOutputStream:75 - [STDERR_REDIRECT] 
2026-04-30 21:42:51,408 [ERROR] LogOutputStream:75 - [STDERR_REDIRECT] [Fatal Error] :1:1: Premature end of file.
2026-04-30 21:42:51,408 [ERROR] LogOutputStream:75 - [STDERR_REDIRECT] 
2026-04-30 21:42:52,395 [ERROR] LogOutputStream:75 - [STDERR_REDIRECT] [Fatal Error] :1:1: Premature end of file.
2026-04-30 21:42:52,401 [ERROR] LogOutputStream:75 - [STDERR_REDIRECT] 
2026-04-30 21:42:53,405 [ERROR] LogOutputStream:75 - [STDERR_REDIRECT] [Fatal Error] :1:1: Premature end of file.
2026-04-30 21:42:53,405 [ERROR] LogOutputStream:75 - [STDERR_REDIRECT] 
2026-04-30 21:42:54,416 [ERROR] LogOutputStream:75 - [STDERR_REDIRECT] [Fatal Error] :1:1: Premature end of file.
2026-04-30 21:42:54,417 [ERROR] LogOutputStream:75 - [STDERR_REDIRECT] 
2026-04-30 21:42:55,413 [ERROR] LogOutputStream:75 - [STDERR_REDIRECT] [Fatal Error] :1:1: Premature end of file.
2026-04-30 21:42:55,413 [ERROR] LogOutputStream:75 - [STDERR_REDIRECT] 
2026-04-30 21:42:56,407 [ERROR] LogOutputStream:75 - [STDERR_REDIRECT] [Fatal Error] :1:1: Premature end of file.
2026-04-30 21:42:56,409 [ERROR] LogOutputStream:75 - [STDERR_REDIRECT] 
2026-04-30 21:42:57,402 [ERROR] LogOutputStream:75 - [STDERR_REDIRECT] [Fatal Error] :1:1: Premature end of file.
2026-04-30 21:42:57,402 [ERROR] LogOutputStream:75 - [STDERR_REDIRECT] 
2026-04-30 21:42:58,402 [ERROR] LogOutputStream:75 - [STDERR_REDIRECT] [Fatal Error] :1:1: Premature end of file.
2026-04-30 21:42:58,402 [ERROR] LogOutputStream:75 - [STDERR_REDIRECT] 
2026-04-30 21:42:59,377 [ERROR] LogOutputStream:75 - [STDERR_REDIRECT] [Fatal Error] :1:1: Premature end of file.
2026-04-30 21:42:59,377 [ERROR] LogOutputStream:75 - [STDERR_REDIRECT] 
2026-04-30 21:43:00,393 [ERROR] LogOutputStream:75 - [STDERR_REDIRECT] [Fatal Error] :1:1: Premature end of file.
2026-04-30 21:43:00,393 [ERROR] LogOutputStream:75 - [STDERR_REDIRECT] 
2026-04-30 21:43:01,386 [ERROR] LogOutputStream:75 - [STDERR_REDIRECT] [Fatal Error] :1:1: Premature end of file.
2026-04-30 21:43:01,386 [ERROR] LogOutputStream:75 - [STDERR_REDIRECT] 
2026-04-30 21:43:02,393 [ERROR] LogOutputStream:75 - [STDERR_REDIRECT] [Fatal Error] :1:1: Premature end of file.
2026-04-30 21:43:02,393 [ERROR] LogOutputStream:75 - [STDERR_REDIRECT] 
2026-04-30 21:43:03,388 [ERROR] LogOutputStream:75 - [STDERR_REDIRECT] [Fatal Error] :1:1: Premature end of file.
2026-04-30 21:43:03,388 [ERROR] LogOutputStream:75 - [STDERR_REDIRECT] 
2026-04-30 21:43:04,394 [ERROR] LogOutputStream:75 - [STDERR_REDIRECT] [Fatal Error] :1:1: Premature end of file.
2026-04-30 21:43:04,394 [ERROR] LogOutputStream:75 - [STDERR_REDIRECT] 
2026-04-30 21:43:05,395 [ERROR] LogOutputStream:75 - [STDERR_REDIRECT] [Fatal Error] :1:1: Premature end of file.
2026-04-30 21:43:05,395 [ERROR] LogOutputStream:75 - [STDERR_REDIRECT] 
2026-04-30 21:43:06,393 [ERROR] LogOutputStream:75 - [STDERR_REDIRECT] [Fatal Error] :1:1: Premature end of file.
2026-04-30 21:43:06,393 [ERROR] LogOutputStream:75 - [STDERR_REDIRECT] 
2026-04-30 21:43:07,398 [ERROR] LogOutputStream:75 - [STDERR_REDIRECT] [Fatal Error] :1:1: Premature end of file.
2026-04-30 21:43:07,398 [ERROR] LogOutputStream:75 - [STDERR_REDIRECT] 
2026-04-30 21:43:08,385 [ERROR] LogOutputStream:75 - [STDERR_REDIRECT] [Fatal Error] :1:1: Premature end of file.
2026-04-30 21:43:08,389 [ERROR] LogOutputStream:75 - [STDERR_REDIRECT] 
2026-04-30 21:43:09,379 [ERROR] LogOutputStream:75 - [STDERR_REDIRECT] [Fatal Error] :1:1: Premature end of file.
2026-04-30 21:43:09,384 [ERROR] LogOutputStream:75 - [STDERR_REDIRECT] 
2026-04-30 21:43:10,383 [ERROR] LogOutputStream:75 - [STDERR_REDIRECT] [Fatal Error] :1:1: Premature end of file.
2026-04-30 21:43:10,383 [ERROR] LogOutputStream:75 - [STDERR_REDIRECT] 
2026-04-30 21:43:11,386 [ERROR] LogOutputStream:75 - [STDERR_REDIRECT] [Fatal Error] :1:1: Premature end of file.
2026-04-30 21:43:11,386 [ERROR] LogOutputStream:75 - [STDERR_REDIRECT] 
2026-04-30 21:43:12,383 [ERROR] LogOutputStream:75 - [STDERR_REDIRECT] [Fatal Error] :1:1: Premature end of file.
2026-04-30 21:43:12,383 [ERROR] LogOutputStream:75 - [STDERR_REDIRECT] 
2026-04-30 21:43:13,393 [ERROR] LogOutputStream:75 - [STDERR_REDIRECT] [Fatal Error] :1:1: Premature end of file.
2026-04-30 21:43:13,393 [ERROR] LogOutputStream:75 - [STDERR_REDIRECT] 
2026-04-30 21:43:14,384 [ERROR] LogOutputStream:75 - [STDERR_REDIRECT] [Fatal Error] :1:1: Premature end of file.
2026-04-30 21:43:14,384 [ERROR] LogOutputStream:75 - [STDERR_REDIRECT] 
2026-04-30 21:43:15,387 [ERROR] LogOutputStream:75 - [STDERR_REDIRECT] [Fatal Error] :1:1: Premature end of file.
2026-04-30 21:43:15,387 [ERROR] LogOutputStream:75 - [STDERR_REDIRECT] 
2026-04-30 21:43:16,389 [ERROR] LogOutputStream:75 - [STDERR_REDIRECT] [Fatal Error] :1:1: Premature end of file.
2026-04-30 21:43:16,389 [ERROR] LogOutputStream:75 - [STDERR_REDIRECT] 
2026-04-30 21:43:17,392 [ERROR] LogOutputStream:75 - [STDERR_REDIRECT] [Fatal Error] :1:1: Premature end of file.
2026-04-30 21:43:17,392 [ERROR] LogOutputStream:75 - [STDERR_REDIRECT] 
2026-04-30 21:43:18,395 [ERROR] LogOutputStream:75 - [STDERR_REDIRECT] [Fatal Error] :1:1: Premature end of file.
2026-04-30 21:43:18,395 [ERROR] LogOutputStream:75 - [STDERR_REDIRECT] 
2026-04-30 21:43:19,393 [ERROR] LogOutputStream:75 - [STDERR_REDIRECT] [Fatal Error] :1:1: Premature end of file.
2026-04-30 21:43:19,393 [ERROR] LogOutputStream:75 - [STDERR_REDIRECT] 
2026-04-30 21:43:20,383 [ERROR] LogOutputStream:75 - [STDERR_REDIRECT] [Fatal Error] :1:1: Premature end of file.
2026-04-30 21:43:20,383 [ERROR] LogOutputStream:75 - [STDERR_REDIRECT] 
2026-04-30 21:43:21,383 [ERROR] LogOutputStream:75 - [STDERR_REDIRECT] [Fatal Error] :1:1: Premature end of file.
2026-04-30 21:43:21,383 [ERROR] LogOutputStream:75 - [STDERR_REDIRECT] 
2026-04-30 21:43:22,386 [ERROR] LogOutputStream:75 - [STDERR_REDIRECT] [Fatal Error] :1:1: Premature end of file.
2026-04-30 21:43:22,386 [ERROR] LogOutputStream:75 - [STDERR_REDIRECT] 
2026-04-30 21:43:23,411 [ERROR] LogOutputStream:75 - [STDERR_REDIRECT] [Fatal Error] :1:1: Premature end of file.
2026-04-30 21:43:23,411 [ERROR] LogOutputStream:75 - [STDERR_REDIRECT] 
2026-04-30 21:43:24,409 [ERROR] LogOutputStream:75 - [STDERR_REDIRECT] [Fatal Error] :1:1: Premature end of file.
2026-04-30 21:43:24,409 [ERROR] LogOutputStream:75 - [STDERR_REDIRECT] 
2026-04-30 21:43:25,414 [ERROR] LogOutputStream:75 - [STDERR_REDIRECT] [Fatal Error] :1:1: Premature end of file.
2026-04-30 21:43:25,414 [ERROR] LogOutputStream:75 - [STDERR_REDIRECT] 
2026-04-30 21:43:26,404 [ERROR] LogOutputStream:75 - [STDERR_REDIRECT] [Fatal Error] :1:1: Premature end of file.
2026-04-30 21:43:26,404 [ERROR] LogOutputStream:75 - [STDERR_REDIRECT] 
2026-04-30 21:43:27,400 [ERROR] LogOutputStream:75 - [STDERR_REDIRECT] [Fatal Error] :1:1: Premature end of file.
2026-04-30 21:43:27,400 [ERROR] LogOutputStream:75 - [STDERR_REDIRECT] 
2026-04-30 21:43:28,407 [ERROR] LogOutputStream:75 - [STDERR_REDIRECT] [Fatal Error] :1:1: Premature end of file.
2026-04-30 21:43:28,407 [ERROR] LogOutputStream:75 - [STDERR_REDIRECT] 
2026-04-30 21:43:29,405 [ERROR] LogOutputStream:75 - [STDERR_REDIRECT] [Fatal Error] :1:1: Premature end of file.
2026-04-30 21:43:29,415 [ERROR] LogOutputStream:75 - [STDERR_REDIRECT] 
2026-04-30 21:43:30,411 [ERROR] LogOutputStream:75 - [STDERR_REDIRECT] [Fatal Error] :1:1: Premature end of file.
2026-04-30 21:43:30,411 [ERROR] LogOutputStream:75 - [STDERR_REDIRECT] 
2026-04-30 21:43:31,404 [ERROR] LogOutputStream:75 - [STDERR_REDIRECT] [Fatal Error] :1:1: Premature end of file.
2026-04-30 21:43:31,404 [ERROR] LogOutputStream:75 - [STDERR_REDIRECT] 
2026-04-30 21:43:32,394 [ERROR] LogOutputStream:75 - [STDERR_REDIRECT] [Fatal Error] :1:1: Premature end of file.
2026-04-30 21:43:32,394 [ERROR] LogOutputStream:75 - [STDERR_REDIRECT] 
2026-04-30 21:43:33,409 [ERROR] LogOutputStream:75 - [STDERR_REDIRECT] [Fatal Error] :1:1: Premature end of file.
2026-04-30 21:43:33,409 [ERROR] LogOutputStream:75 - [STDERR_REDIRECT] 
2026-04-30 21:43:34,403 [ERROR] LogOutputStream:75 - [STDERR_REDIRECT] [Fatal Error] :1:1: Premature end of file.
2026-04-30 21:43:34,403 [ERROR] LogOutputStream:75 - [STDERR_REDIRECT] 
2026-04-30 21:43:35,406 [ERROR] LogOutputStream:75 - [STDERR_REDIRECT] [Fatal Error] :1:1: Premature end of file.
2026-04-30 21:43:35,406 [ERROR] LogOutputStream:75 - [STDERR_REDIRECT] 
2026-04-30 21:43:36,415 [ERROR] LogOutputStream:75 - [STDERR_REDIRECT] [Fatal Error] :1:1: Premature end of file.
2026-04-30 21:43:36,415 [ERROR] LogOutputStream:75 - [STDERR_REDIRECT] 
2026-04-30 21:43:37,415 [ERROR] LogOutputStream:75 - [STDERR_REDIRECT] [Fatal Error] :1:1: Premature end of file.
2026-04-30 21:43:37,415 [ERROR] LogOutputStream:75 - [STDERR_REDIRECT] 
2026-04-30 21:43:38,401 [ERROR] LogOutputStream:75 - [STDERR_REDIRECT] [Fatal Error] :1:1: Premature end of file.
2026-04-30 21:43:38,401 [ERROR] LogOutputStream:75 - [STDERR_REDIRECT] 
2026-04-30 21:43:39,404 [ERROR] LogOutputStream:75 - [STDERR_REDIRECT] [Fatal Error] :1:1: Premature end of file.
2026-04-30 21:43:39,404 [ERROR] LogOutputStream:75 - [STDERR_REDIRECT] 
2026-04-30 21:43:40,407 [ERROR] LogOutputStream:75 - [STDERR_REDIRECT] [Fatal Error] :1:1: Premature end of file.
2026-04-30 21:43:40,407 [ERROR] LogOutputStream:75 - [STDERR_REDIRECT] 
2026-04-30 21:43:41,416 [ERROR] LogOutputStream:75 - [STDERR_REDIRECT] [Fatal Error] :1:1: Premature end of file.
2026-04-30 21:43:41,416 [ERROR] LogOutputStream:75 - [STDERR_REDIRECT] 
2026-04-30 21:43:42,401 [ERROR] LogOutputStream:75 - [STDERR_REDIRECT] [Fatal Error] :1:1: Premature end of file.
2026-04-30 21:43:42,401 [ERROR] LogOutputStream:75 - [STDERR_REDIRECT] 
2026-04-30 21:43:43,399 [ERROR] LogOutputStream:75 - [STDERR_REDIRECT] [Fatal Error] :1:1: Premature end of file.
2026-04-30 21:43:43,399 [ERROR] LogOutputStream:75 - [STDERR_REDIRECT] 
2026-04-30 21:43:44,396 [ERROR] LogOutputStream:75 - [STDERR_REDIRECT] [Fatal Error] :1:1: Premature end of file.
2026-04-30 21:43:44,407 [ERROR] LogOutputStream:75 - [STDERR_REDIRECT] 
2026-04-30 21:43:45,404 [ERROR] LogOutputStream:75 - [STDERR_REDIRECT] [Fatal Error] :1:1: Premature end of file.
2026-04-30 21:43:45,404 [ERROR] LogOutputStream:75 - [STDERR_REDIRECT] 
2026-04-30 21:43:46,408 [ERROR] LogOutputStream:75 - [STDERR_REDIRECT] [Fatal Error] :1:1: Premature end of file.
2026-04-30 21:43:46,408 [ERROR] LogOutputStream:75 - [STDERR_REDIRECT] 
2026-04-30 21:43:47,418 [ERROR] LogOutputStream:75 - [STDERR_REDIRECT] [Fatal Error] :1:1: Premature end of file.
2026-04-30 21:43:47,418 [ERROR] LogOutputStream:75 - [STDERR_REDIRECT] 
2026-04-30 21:43:48,414 [ERROR] LogOutputStream:75 - [STDERR_REDIRECT] [Fatal Error] :1:1: Premature end of file.
2026-04-30 21:43:48,414 [ERROR] LogOutputStream:75 - [STDERR_REDIRECT] 
2026-04-30 21:43:49,404 [ERROR] LogOutputStream:75 - [STDERR_REDIRECT] [Fatal Error] :1:1: Premature end of file.
2026-04-30 21:43:49,404 [ERROR] LogOutputStream:75 - [STDERR_REDIRECT] 
2026-04-30 21:43:50,409 [ERROR] LogOutputStream:75 - [STDERR_REDIRECT] [Fatal Error] :1:1: Premature end of file.
2026-04-30 21:43:50,409 [ERROR] LogOutputStream:75 - [STDERR_REDIRECT] 
2026-04-30 21:43:51,404 [ERROR] LogOutputStream:75 - [STDERR_REDIRECT] [Fatal Error] :1:1: Premature end of file.
2026-04-30 21:43:51,404 [ERROR] LogOutputStream:75 - [STDERR_REDIRECT] 
2026-04-30 21:43:52,403 [ERROR] LogOutputStream:75 - [STDERR_REDIRECT] [Fatal Error] :1:1: Premature end of file.
2026-04-30 21:43:52,403 [ERROR] LogOutputStream:75 - [STDERR_REDIRECT] 
2026-04-30 21:43:53,415 [ERROR] LogOutputStream:75 - [STDERR_REDIRECT] [Fatal Error] :1:1: Premature end of file.
2026-04-30 21:43:53,415 [ERROR] LogOutputStream:75 - [STDERR_REDIRECT] 
2026-04-30 21:43:54,412 [ERROR] LogOutputStream:75 - [STDERR_REDIRECT] [Fatal Error] :1:1: Premature end of file.
2026-04-30 21:43:54,412 [ERROR] LogOutputStream:75 - [STDERR_REDIRECT] 
2026-04-30 21:43:55,406 [ERROR] LogOutputStream:75 - [STDERR_REDIRECT] [Fatal Error] :1:1: Premature end of file.
2026-04-30 21:43:55,406 [ERROR] LogOutputStream:75 - [STDERR_REDIRECT] 
2026-04-30 21:43:56,403 [ERROR] LogOutputStream:75 - [STDERR_REDIRECT] [Fatal Error] :1:1: Premature end of file.
2026-04-30 21:43:56,403 [ERROR] LogOutputStream:75 - [STDERR_REDIRECT] 
2026-04-30 21:43:57,405 [ERROR] LogOutputStream:75 - [STDERR_REDIRECT] [Fatal Error] :1:1: Premature end of file.
2026-04-30 21:43:57,405 [ERROR] LogOutputStream:75 - [STDERR_REDIRECT] 
2026-04-30 21:43:58,406 [ERROR] LogOutputStream:75 - [STDERR_REDIRECT] [Fatal Error] :1:1: Premature end of file.
2026-04-30 21:43:58,406 [ERROR] LogOutputStream:75 - [STDERR_REDIRECT] 
2026-04-30 21:43:59,405 [ERROR] LogOutputStream:75 - [STDERR_REDIRECT] [Fatal Error] :1:1: Premature end of file.
2026-04-30 21:43:59,405 [ERROR] LogOutputStream:75 - [STDERR_REDIRECT] 
2026-04-30 21:44:00,403 [ERROR] LogOutputStream:75 - [STDERR_REDIRECT] [Fatal Error] :1:1: Premature end of file.
2026-04-30 21:44:00,403 [ERROR] LogOutputStream:75 - [STDERR_REDIRECT] 
2026-04-30 21:44:01,416 [ERROR] LogOutputStream:75 - [STDERR_REDIRECT] [Fatal Error] :1:1: Premature end of file.
2026-04-30 21:44:01,416 [ERROR] LogOutputStream:75 - [STDERR_REDIRECT] 
2026-04-30 21:44:02,406 [ERROR] LogOutputStream:75 - [STDERR_REDIRECT] [Fatal Error] :1:1: Premature end of file.
2026-04-30 21:44:02,406 [ERROR] LogOutputStream:75 - [STDERR_REDIRECT] 
2026-04-30 21:44:03,405 [ERROR] LogOutputStream:75 - [STDERR_REDIRECT] [Fatal Error] :1:1: Premature end of file.
2026-04-30 21:44:03,405 [ERROR] LogOutputStream:75 - [STDERR_REDIRECT] 
2026-04-30 21:44:04,411 [ERROR] LogOutputStream:75 - [STDERR_REDIRECT] [Fatal Error] :1:1: Premature end of file.
2026-04-30 21:44:04,411 [ERROR] LogOutputStream:75 - [STDERR_REDIRECT] 
2026-04-30 21:44:05,402 [ERROR] LogOutputStream:75 - [STDERR_REDIRECT] [Fatal Error] :1:1: Premature end of file.
2026-04-30 21:44:05,402 [ERROR] LogOutputStream:75 - [STDERR_REDIRECT] 
2026-04-30 21:44:06,405 [ERROR] LogOutputStream:75 - [STDERR_REDIRECT] [Fatal Error] :1:1: Premature end of file.
2026-04-30 21:44:06,405 [ERROR] LogOutputStream:75 - [STDERR_REDIRECT] 
2026-04-30 21:44:07,406 [ERROR] LogOutputStream:75 - [STDERR_REDIRECT] [Fatal Error] :1:1: Premature end of file.
2026-04-30 21:44:07,406 [ERROR] LogOutputStream:75 - [STDERR_REDIRECT] 
2026-04-30 21:44:08,410 [ERROR] LogOutputStream:75 - [STDERR_REDIRECT] [Fatal Error] :1:1: Premature end of file.
2026-04-30 21:44:08,410 [ERROR] LogOutputStream:75 - [STDERR_REDIRECT] 
2026-04-30 21:44:09,408 [ERROR] LogOutputStream:75 - [STDERR_REDIRECT] [Fatal Error] :1:1: Premature end of file.
2026-04-30 21:44:09,410 [ERROR] LogOutputStream:75 - [STDERR_REDIRECT] 
2026-04-30 21:44:10,405 [ERROR] LogOutputStream:75 - [STDERR_REDIRECT] [Fatal Error] :1:1: Premature end of file.
2026-04-30 21:44:10,405 [ERROR] LogOutputStream:75 - [STDERR_REDIRECT] 
2026-04-30 21:44:11,407 [ERROR] LogOutputStream:75 - [STDERR_REDIRECT] [Fatal Error] :1:1: Premature end of file.
2026-04-30 21:44:11,411 [ERROR] LogOutputStream:75 - [STDERR_REDIRECT] 
2026-04-30 21:44:12,406 [ERROR] LogOutputStream:75 - [STDERR_REDIRECT] [Fatal Error] :1:1: Premature end of file.
2026-04-30 21:44:12,406 [ERROR] LogOutputStream:75 - [STDERR_REDIRECT] 
2026-04-30 21:44:13,404 [ERROR] LogOutputStream:75 - [STDERR_REDIRECT] [Fatal Error] :1:1: Premature end of file.
2026-04-30 21:44:13,404 [ERROR] LogOutputStream:75 - [STDERR_REDIRECT] 
2026-04-30 21:44:14,373 [ERROR] LogOutputStream:75 - [STDERR_REDIRECT] [Fatal Error] :1:1: Premature end of file.
2026-04-30 21:44:14,373 [ERROR] LogOutputStream:75 - [STDERR_REDIRECT] 
2026-04-30 21:44:15,405 [ERROR] LogOutputStream:75 - [STDERR_REDIRECT] [Fatal Error] :1:1: Premature end of file.
2026-04-30 21:44:15,405 [ERROR] LogOutputStream:75 - [STDERR_REDIRECT] 
2026-04-30 21:44:16,406 [ERROR] LogOutputStream:75 - [STDERR_REDIRECT] [Fatal Error] :1:1: Premature end of file.
2026-04-30 21:44:16,406 [ERROR] LogOutputStream:75 - [STDERR_REDIRECT] 
2026-04-30 21:44:17,415 [ERROR] LogOutputStream:75 - [STDERR_REDIRECT] [Fatal Error] :1:1: Premature end of file.
2026-04-30 21:44:17,415 [ERROR] LogOutputStream:75 - [STDERR_REDIRECT] 
2026-04-30 21:44:18,402 [ERROR] LogOutputStream:75 - [STDERR_REDIRECT] [Fatal Error] :1:1: Premature end of file.
2026-04-30 21:44:18,406 [ERROR] LogOutputStream:75 - [STDERR_REDIRECT] 
2026-04-30 21:44:19,404 [ERROR] LogOutputStream:75 - [STDERR_REDIRECT] [Fatal Error] :1:1: Premature end of file.
2026-04-30 21:44:19,404 [ERROR] LogOutputStream:75 - [STDERR_REDIRECT] 
2026-04-30 21:44:20,416 [ERROR] LogOutputStream:75 - [STDERR_REDIRECT] [Fatal Error] :1:1: Premature end of file.
2026-04-30 21:44:20,416 [ERROR] LogOutputStream:75 - [STDERR_REDIRECT] 
2026-04-30 21:44:21,404 [ERROR] LogOutputStream:75 - [STDERR_REDIRECT] [Fatal Error] :1:1: Premature end of file.
2026-04-30 21:44:21,404 [ERROR] LogOutputStream:75 - [STDERR_REDIRECT] 
2026-04-30 21:44:22,415 [ERROR] LogOutputStream:75 - [STDERR_REDIRECT] [Fatal Error] :1:1: Premature end of file.
2026-04-30 21:44:22,415 [ERROR] LogOutputStream:75 - [STDERR_REDIRECT] 
2026-04-30 21:44:23,414 [ERROR] LogOutputStream:75 - [STDERR_REDIRECT] [Fatal Error] :1:1: Premature end of file.
2026-04-30 21:44:23,414 [ERROR] LogOutputStream:75 - [STDERR_REDIRECT] 
2026-04-30 21:44:24,397 [ERROR] LogOutputStream:75 - [STDERR_REDIRECT] [Fatal Error] :1:1: Premature end of file.
2026-04-30 21:44:24,407 [ERROR] LogOutputStream:75 - [STDERR_REDIRECT] 
2026-04-30 21:44:25,410 [ERROR] LogOutputStream:75 - [STDERR_REDIRECT] [Fatal Error] :1:1: Premature end of file.
2026-04-30 21:44:25,410 [ERROR] LogOutputStream:75 - [STDERR_REDIRECT] 
2026-04-30 21:44:26,418 [ERROR] LogOutputStream:75 - [STDERR_REDIRECT] [Fatal Error] :1:1: Premature end of file.
2026-04-30 21:44:26,418 [ERROR] LogOutputStream:75 - [STDERR_REDIRECT] 
2026-04-30 21:44:27,407 [ERROR] LogOutputStream:75 - [STDERR_REDIRECT] [Fatal Error] :1:1: Premature end of file.
2026-04-30 21:44:27,407 [ERROR] LogOutputStream:75 - [STDERR_REDIRECT] 
2026-04-30 21:44:28,400 [ERROR] LogOutputStream:75 - [STDERR_REDIRECT] [Fatal Error] :1:1: Premature end of file.
2026-04-30 21:44:28,400 [ERROR] LogOutputStream:75 - [STDERR_REDIRECT] 
2026-04-30 21:44:29,406 [ERROR] LogOutputStream:75 - [STDERR_REDIRECT] [Fatal Error] :1:1: Premature end of file.
2026-04-30 21:44:29,406 [ERROR] LogOutputStream:75 - [STDERR_REDIRECT] 
2026-04-30 21:44:30,414 [ERROR] LogOutputStream:75 - [STDERR_REDIRECT] [Fatal Error] :1:1: Premature end of file.
2026-04-30 21:44:30,414 [ERROR] LogOutputStream:75 - [STDERR_REDIRECT] 
2026-04-30 21:44:31,408 [ERROR] LogOutputStream:75 - [STDERR_REDIRECT] [Fatal Error] :1:1: Premature end of file.
2026-04-30 21:44:31,408 [ERROR] LogOutputStream:75 - [STDERR_REDIRECT] 
2026-04-30 21:44:32,414 [ERROR] LogOutputStream:75 - [STDERR_REDIRECT] [Fatal Error] :1:1: Premature end of file.
2026-04-30 21:44:32,414 [ERROR] LogOutputStream:75 - [STDERR_REDIRECT] 
2026-04-30 21:44:33,411 [ERROR] LogOutputStream:75 - [STDERR_REDIRECT] [Fatal Error] :1:1: Premature end of file.
2026-04-30 21:44:33,411 [ERROR] LogOutputStream:75 - [STDERR_REDIRECT] 
2026-04-30 21:44:34,408 [ERROR] LogOutputStream:75 - [STDERR_REDIRECT] [Fatal Error] :1:1: Premature end of file.
2026-04-30 21:44:34,408 [ERROR] LogOutputStream:75 - [STDERR_REDIRECT] 
2026-04-30 21:44:35,409 [ERROR] LogOutputStream:75 - [STDERR_REDIRECT] [Fatal Error] :1:1: Premature end of file.
2026-04-30 21:44:35,409 [ERROR] LogOutputStream:75 - [STDERR_REDIRECT] 
2026-04-30 21:44:36,407 [ERROR] LogOutputStream:75 - [STDERR_REDIRECT] [Fatal Error] :1:1: Premature end of file.
2026-04-30 21:44:36,407 [ERROR] LogOutputStream:75 - [STDERR_REDIRECT] 
2026-04-30 21:44:37,405 [ERROR] LogOutputStream:75 - [STDERR_REDIRECT] [Fatal Error] :1:1: Premature end of file.
2026-04-30 21:44:37,405 [ERROR] LogOutputStream:75 - [STDERR_REDIRECT] 
2026-04-30 21:44:38,394 [ERROR] LogOutputStream:75 - [STDERR_REDIRECT] [Fatal Error] :1:1: Premature end of file.
2026-04-30 21:44:38,404 [ERROR] LogOutputStream:75 - [STDERR_REDIRECT] 
2026-04-30 21:44:39,381 [ERROR] LogOutputStream:75 - [STDERR_REDIRECT] [Fatal Error] :1:1: Premature end of file.
2026-04-30 21:44:39,381 [ERROR] LogOutputStream:75 - [STDERR_REDIRECT] 
2026-04-30 21:44:40,394 [ERROR] LogOutputStream:75 - [STDERR_REDIRECT] [Fatal Error] :1:1: Premature end of file.
2026-04-30 21:44:40,397 [ERROR] LogOutputStream:75 - [STDERR_REDIRECT] 
2026-04-30 21:44:41,374 [ERROR] LogOutputStream:75 - [STDERR_REDIRECT] [Fatal Error] :1:1: Premature end of file.
2026-04-30 21:44:41,374 [ERROR] LogOutputStream:75 - [STDERR_REDIRECT] 
2026-04-30 21:44:42,383 [ERROR] LogOutputStream:75 - [STDERR_REDIRECT] [Fatal Error] :1:1: Premature end of file.
2026-04-30 21:44:42,383 [ERROR] LogOutputStream:75 - [STDERR_REDIRECT] 
2026-04-30 21:44:43,395 [ERROR] LogOutputStream:75 - [STDERR_REDIRECT] [Fatal Error] :1:1: Premature end of file.
2026-04-30 21:44:43,395 [ERROR] LogOutputStream:75 - [STDERR_REDIRECT] 
2026-04-30 21:44:44,375 [ERROR] LogOutputStream:75 - [STDERR_REDIRECT] [Fatal Error] :1:1: Premature end of file.
2026-04-30 21:44:44,375 [ERROR] LogOutputStream:75 - [STDERR_REDIRECT] 
2026-04-30 21:44:45,384 [ERROR] LogOutputStream:75 - [STDERR_REDIRECT] [Fatal Error] :1:1: Premature end of file.
2026-04-30 21:44:45,384 [ERROR] LogOutputStream:75 - [STDERR_REDIRECT] 
2026-04-30 21:44:46,384 [ERROR] LogOutputStream:75 - [STDERR_REDIRECT] [Fatal Error] :1:1: Premature end of file.
2026-04-30 21:44:46,384 [ERROR] LogOutputStream:75 - [STDERR_REDIRECT] 
2026-04-30 21:44:47,391 [ERROR] LogOutputStream:75 - [STDERR_REDIRECT] [Fatal Error] :1:1: Premature end of file.
2026-04-30 21:44:47,392 [ERROR] LogOutputStream:75 - [STDERR_REDIRECT] 
2026-04-30 21:44:48,389 [ERROR] LogOutputStream:75 - [STDERR_REDIRECT] [Fatal Error] :1:1: Premature end of file.
2026-04-30 21:44:48,389 [ERROR] LogOutputStream:75 - [STDERR_REDIRECT] 
2026-04-30 21:44:49,389 [ERROR] LogOutputStream:75 - [STDERR_REDIRECT] [Fatal Error] :1:1: Premature end of file.
2026-04-30 21:44:49,389 [ERROR] LogOutputStream:75 - [STDERR_REDIRECT] 
2026-04-30 21:44:50,391 [ERROR] LogOutputStream:75 - [STDERR_REDIRECT] [Fatal Error] :1:1: Premature end of file.
2026-04-30 21:44:50,391 [ERROR] LogOutputStream:75 - [STDERR_REDIRECT] 
2026-04-30 21:44:51,407 [ERROR] LogOutputStream:75 - [STDERR_REDIRECT] [Fatal Error] :1:1: Premature end of file.
2026-04-30 21:44:51,407 [ERROR] LogOutputStream:75 - [STDERR_REDIRECT] 
2026-04-30 21:44:52,405 [ERROR] LogOutputStream:75 - [STDERR_REDIRECT] [Fatal Error] :1:1: Premature end of file.
2026-04-30 21:44:52,405 [ERROR] LogOutputStream:75 - [STDERR_REDIRECT] 
2026-04-30 21:44:53,415 [ERROR] LogOutputStream:75 - [STDERR_REDIRECT] [Fatal Error] :1:1: Premature end of file.
2026-04-30 21:44:53,415 [ERROR] LogOutputStream:75 - [STDERR_REDIRECT] 
2026-04-30 21:44:54,404 [ERROR] LogOutputStream:75 - [STDERR_REDIRECT] [Fatal Error] :1:1: Premature end of file.
2026-04-30 21:44:54,404 [ERROR] LogOutputStream:75 - [STDERR_REDIRECT] 
2026-04-30 21:44:55,407 [ERROR] LogOutputStream:75 - [STDERR_REDIRECT] [Fatal Error] :1:1: Premature end of file.
2026-04-30 21:44:55,409 [ERROR] LogOutputStream:75 - [STDERR_REDIRECT] 
2026-04-30 21:44:56,408 [ERROR] LogOutputStream:75 - [STDERR_REDIRECT] [Fatal Error] :1:1: Premature end of file.
2026-04-30 21:44:56,408 [ERROR] LogOutputStream:75 - [STDERR_REDIRECT] 
2026-04-30 21:44:57,408 [ERROR] LogOutputStream:75 - [STDERR_REDIRECT] [Fatal Error] :1:1: Premature end of file.
2026-04-30 21:44:57,408 [ERROR] LogOutputStream:75 - [STDERR_REDIRECT] 
2026-04-30 21:44:58,402 [ERROR] LogOutputStream:75 - [STDERR_REDIRECT] [Fatal Error] :1:1: Premature end of file.
2026-04-30 21:44:58,402 [ERROR] LogOutputStream:75 - [STDERR_REDIRECT] 
2026-04-30 21:44:59,397 [ERROR] LogOutputStream:75 - [STDERR_REDIRECT] [Fatal Error] :1:1: Premature end of file.
2026-04-30 21:44:59,405 [ERROR] LogOutputStream:75 - [STDERR_REDIRECT] 
2026-04-30 21:45:00,408 [ERROR] LogOutputStream:75 - [STDERR_REDIRECT] [Fatal Error] :1:1: Premature end of file.
2026-04-30 21:45:00,408 [ERROR] LogOutputStream:75 - [STDERR_REDIRECT] 
2026-04-30 21:45:01,406 [ERROR] LogOutputStream:75 - [STDERR_REDIRECT] [Fatal Error] :1:1: Premature end of file.
2026-04-30 21:45:01,406 [ERROR] LogOutputStream:75 - [STDERR_REDIRECT] 
2026-04-30 21:45:02,407 [ERROR] LogOutputStream:75 - [STDERR_REDIRECT] [Fatal Error] :1:1: Premature end of file.
2026-04-30 21:45:02,407 [ERROR] LogOutputStream:75 - [STDERR_REDIRECT] 
2026-04-30 21:45:03,419 [ERROR] LogOutputStream:75 - [STDERR_REDIRECT] [Fatal Error] :1:1: Premature end of file.
2026-04-30 21:45:03,419 [ERROR] LogOutputStream:75 - [STDERR_REDIRECT] 
2026-04-30 21:45:04,407 [ERROR] LogOutputStream:75 - [STDERR_REDIRECT] [Fatal Error] :1:1: Premature end of file.
2026-04-30 21:45:04,407 [ERROR] LogOutputStream:75 - [STDERR_REDIRECT] 
2026-04-30 21:45:05,404 [ERROR] LogOutputStream:75 - [STDERR_REDIRECT] [Fatal Error] :1:1: Premature end of file.
2026-04-30 21:45:05,404 [ERROR] LogOutputStream:75 - [STDERR_REDIRECT] 
2026-04-30 21:45:06,415 [ERROR] LogOutputStream:75 - [STDERR_REDIRECT] [Fatal Error] :1:1: Premature end of file.
2026-04-30 21:45:06,415 [ERROR] LogOutputStream:75 - [STDERR_REDIRECT] 
2026-04-30 21:45:07,411 [ERROR] LogOutputStream:75 - [STDERR_REDIRECT] [Fatal Error] :1:1: Premature end of file.
2026-04-30 21:45:07,411 [ERROR] LogOutputStream:75 - [STDERR_REDIRECT] 
2026-04-30 21:45:08,404 [ERROR] LogOutputStream:75 - [STDERR_REDIRECT] [Fatal Error] :1:1: Premature end of file.
2026-04-30 21:45:08,404 [ERROR] LogOutputStream:75 - [STDERR_REDIRECT] 
2026-04-30 21:45:09,401 [ERROR] LogOutputStream:75 - [STDERR_REDIRECT] [Fatal Error] :1:1: Premature end of file.
2026-04-30 21:45:09,401 [ERROR] LogOutputStream:75 - [STDERR_REDIRECT] 
2026-04-30 21:45:10,415 [ERROR] LogOutputStream:75 - [STDERR_REDIRECT] [Fatal Error] :1:1: Premature end of file.
2026-04-30 21:45:10,415 [ERROR] LogOutputStream:75 - [STDERR_REDIRECT] 
2026-04-30 21:45:11,406 [ERROR] LogOutputStream:75 - [STDERR_REDIRECT] [Fatal Error] :1:1: Premature end of file.
2026-04-30 21:45:11,406 [ERROR] LogOutputStream:75 - [STDERR_REDIRECT] 
2026-04-30 21:45:12,409 [ERROR] LogOutputStream:75 - [STDERR_REDIRECT] [Fatal Error] :1:1: Premature end of file.
2026-04-30 21:45:12,409 [ERROR] LogOutputStream:75 - [STDERR_REDIRECT] 
2026-04-30 21:45:13,405 [ERROR] LogOutputStream:75 - [STDERR_REDIRECT] [Fatal Error] :1:1: Premature end of file.
2026-04-30 21:45:13,405 [ERROR] LogOutputStream:75 - [STDERR_REDIRECT] 
2026-04-30 21:45:14,410 [ERROR] LogOutputStream:75 - [STDERR_REDIRECT] [Fatal Error] :1:1: Premature end of file.
2026-04-30 21:45:14,410 [ERROR] LogOutputStream:75 - [STDERR_REDIRECT] 
2026-04-30 21:45:15,411 [ERROR] LogOutputStream:75 - [STDERR_REDIRECT] [Fatal Error] :1:1: Premature end of file.
2026-04-30 21:45:15,411 [ERROR] LogOutputStream:75 - [STDERR_REDIRECT] 
2026-04-30 21:45:16,393 [ERROR] LogOutputStream:75 - [STDERR_REDIRECT] [Fatal Error] :1:1: Premature end of file.
2026-04-30 21:45:16,402 [ERROR] LogOutputStream:75 - [STDERR_REDIRECT] 
2026-04-30 21:45:17,404 [ERROR] LogOutputStream:75 - [STDERR_REDIRECT] [Fatal Error] :1:1: Premature end of file.
2026-04-30 21:45:17,404 [ERROR] LogOutputStream:75 - [STDERR_REDIRECT] 
2026-04-30 21:45:18,408 [ERROR] LogOutputStream:75 - [STDERR_REDIRECT] [Fatal Error] :1:1: Premature end of file.
2026-04-30 21:45:18,408 [ERROR] LogOutputStream:75 - [STDERR_REDIRECT] 
2026-04-30 21:45:19,403 [ERROR] LogOutputStream:75 - [STDERR_REDIRECT] [Fatal Error] :1:1: Premature end of file.
2026-04-30 21:45:19,403 [ERROR] LogOutputStream:75 - [STDERR_REDIRECT] 
2026-04-30 21:45:20,407 [ERROR] LogOutputStream:75 - [STDERR_REDIRECT] [Fatal Error] :1:1: Premature end of file.
2026-04-30 21:45:20,407 [ERROR] LogOutputStream:75 - [STDERR_REDIRECT] 
2026-04-30 21:45:21,414 [ERROR] LogOutputStream:75 - [STDERR_REDIRECT] [Fatal Error] :1:1: Premature end of file.
2026-04-30 21:45:21,414 [ERROR] LogOutputStream:75 - [STDERR_REDIRECT] 
2026-04-30 21:45:22,408 [ERROR] LogOutputStream:75 - [STDERR_REDIRECT] [Fatal Error] :1:1: Premature end of file.
2026-04-30 21:45:22,408 [ERROR] LogOutputStream:75 - [STDERR_REDIRECT] 
2026-04-30 21:45:23,406 [ERROR] LogOutputStream:75 - [STDERR_REDIRECT] [Fatal Error] :1:1: Premature end of file.
2026-04-30 21:45:23,406 [ERROR] LogOutputStream:75 - [STDERR_REDIRECT] 
2026-04-30 21:45:24,401 [ERROR] LogOutputStream:75 - [STDERR_REDIRECT] [Fatal Error] :1:1: Premature end of file.
2026-04-30 21:45:24,401 [ERROR] LogOutputStream:75 - [STDERR_REDIRECT] 
2026-04-30 21:45:25,388 [ERROR] LogOutputStream:75 - [STDERR_REDIRECT] [Fatal Error] :1:1: Premature end of file.
2026-04-30 21:45:25,388 [ERROR] LogOutputStream:75 - [STDERR_REDIRECT] 
2026-04-30 21:45:26,384 [ERROR] LogOutputStream:75 - [STDERR_REDIRECT] [Fatal Error] :1:1: Premature end of file.
2026-04-30 21:45:26,384 [ERROR] LogOutputStream:75 - [STDERR_REDIRECT] 
2026-04-30 21:45:27,390 [ERROR] LogOutputStream:75 - [STDERR_REDIRECT] [Fatal Error] :1:1: Premature end of file.
2026-04-30 21:45:27,390 [ERROR] LogOutputStream:75 - [STDERR_REDIRECT] 
2026-04-30 21:45:28,388 [ERROR] LogOutputStream:75 - [STDERR_REDIRECT] [Fatal Error] :1:1: Premature end of file.
2026-04-30 21:45:28,388 [ERROR] LogOutputStream:75 - [STDERR_REDIRECT] 
2026-04-30 21:45:29,384 [ERROR] LogOutputStream:75 - [STDERR_REDIRECT] [Fatal Error] :1:1: Premature end of file.
2026-04-30 21:45:29,384 [ERROR] LogOutputStream:75 - [STDERR_REDIRECT] 
2026-04-30 21:45:30,392 [ERROR] LogOutputStream:75 - [STDERR_REDIRECT] [Fatal Error] :1:1: Premature end of file.
2026-04-30 21:45:30,392 [ERROR] LogOutputStream:75 - [STDERR_REDIRECT] 
2026-04-30 21:45:31,393 [ERROR] LogOutputStream:75 - [STDERR_REDIRECT] [Fatal Error] :1:1: Premature end of file.
2026-04-30 21:45:31,393 [ERROR] LogOutputStream:75 - [STDERR_REDIRECT] 
2026-04-30 21:45:32,385 [ERROR] LogOutputStream:75 - [STDERR_REDIRECT] [Fatal Error] :1:1: Premature end of file.
2026-04-30 21:45:32,385 [ERROR] LogOutputStream:75 - [STDERR_REDIRECT] 
2026-04-30 21:45:33,381 [ERROR] LogOutputStream:75 - [STDERR_REDIRECT] [Fatal Error] :1:1: Premature end of file.
2026-04-30 21:45:33,383 [ERROR] LogOutputStream:75 - [STDERR_REDIRECT] 
2026-04-30 21:45:34,386 [ERROR] LogOutputStream:75 - [STDERR_REDIRECT] [Fatal Error] :1:1: Premature end of file.
2026-04-30 21:45:34,386 [ERROR] LogOutputStream:75 - [STDERR_REDIRECT] 
2026-04-30 21:45:35,384 [ERROR] LogOutputStream:75 - [STDERR_REDIRECT] [Fatal Error] :1:1: Premature end of file.
2026-04-30 21:45:35,384 [ERROR] LogOutputStream:75 - [STDERR_REDIRECT] 
2026-04-30 21:45:36,383 [ERROR] LogOutputStream:75 - [STDERR_REDIRECT] [Fatal Error] :1:1: Premature end of file.
2026-04-30 21:45:36,383 [ERROR] LogOutputStream:75 - [STDERR_REDIRECT] 
2026-04-30 21:45:37,386 [ERROR] LogOutputStream:75 - [STDERR_REDIRECT] [Fatal Error] :1:1: Premature end of file.
2026-04-30 21:45:37,386 [ERROR] LogOutputStream:75 - [STDERR_REDIRECT] 
2026-04-30 21:45:38,407 [ERROR] LogOutputStream:75 - [STDERR_REDIRECT] [Fatal Error] :1:1: Premature end of file.
2026-04-30 21:45:38,407 [ERROR] LogOutputStream:75 - [STDERR_REDIRECT] 
2026-04-30 21:45:39,408 [ERROR] LogOutputStream:75 - [STDERR_REDIRECT] [Fatal Error] :1:1: Premature end of file.
2026-04-30 21:45:39,408 [ERROR] LogOutputStream:75 - [STDERR_REDIRECT] 
2026-04-30 21:45:40,408 [ERROR] LogOutputStream:75 - [STDERR_REDIRECT] [Fatal Error] :1:1: Premature end of file.
2026-04-30 21:45:40,408 [ERROR] LogOutputStream:75 - [STDERR_REDIRECT] 
2026-04-30 21:45:41,407 [ERROR] LogOutputStream:75 - [STDERR_REDIRECT] [Fatal Error] :1:1: Premature end of file.
2026-04-30 21:45:41,407 [ERROR] LogOutputStream:75 - [STDERR_REDIRECT] 
2026-04-30 21:45:42,405 [ERROR] LogOutputStream:75 - [STDERR_REDIRECT] [Fatal Error] :1:1: Premature end of file.
2026-04-30 21:45:42,405 [ERROR] LogOutputStream:75 - [STDERR_REDIRECT] 
2026-04-30 21:45:43,411 [ERROR] LogOutputStream:75 - [STDERR_REDIRECT] [Fatal Error] :1:1: Premature end of file.
2026-04-30 21:45:43,411 [ERROR] LogOutputStream:75 - [STDERR_REDIRECT] 
2026-04-30 21:45:44,407 [ERROR] LogOutputStream:75 - [STDERR_REDIRECT] [Fatal Error] :1:1: Premature end of file.
2026-04-30 21:45:44,407 [ERROR] LogOutputStream:75 - [STDERR_REDIRECT] 
2026-04-30 21:45:45,390 [ERROR] LogOutputStream:75 - [STDERR_REDIRECT] [Fatal Error] :1:1: Premature end of file.
2026-04-30 21:45:45,390 [ERROR] LogOutputStream:75 - [STDERR_REDIRECT] 
2026-04-30 21:45:46,414 [ERROR] LogOutputStream:75 - [STDERR_REDIRECT] [Fatal Error] :1:1: Premature end of file.
2026-04-30 21:45:46,414 [ERROR] LogOutputStream:75 - [STDERR_REDIRECT] 
2026-04-30 21:45:47,413 [ERROR] LogOutputStream:75 - [STDERR_REDIRECT] [Fatal Error] :1:1: Premature end of file.
2026-04-30 21:45:47,413 [ERROR] LogOutputStream:75 - [STDERR_REDIRECT] 
2026-04-30 21:45:48,410 [ERROR] LogOutputStream:75 - [STDERR_REDIRECT] [Fatal Error] :1:1: Premature end of file.
2026-04-30 21:45:48,410 [ERROR] LogOutputStream:75 - [STDERR_REDIRECT] 
2026-04-30 21:45:49,403 [ERROR] LogOutputStream:75 - [STDERR_REDIRECT] [Fatal Error] :1:1: Premature end of file.
2026-04-30 21:45:49,403 [ERROR] LogOutputStream:75 - [STDERR_REDIRECT] 
2026-04-30 21:45:50,397 [ERROR] LogOutputStream:75 - [STDERR_REDIRECT] [Fatal Error] :1:1: Premature end of file.
2026-04-30 21:45:50,397 [ERROR] LogOutputStream:75 - [STDERR_REDIRECT] 
2026-04-30 21:45:51,408 [ERROR] LogOutputStream:75 - [STDERR_REDIRECT] [Fatal Error] :1:1: Premature end of file.
2026-04-30 21:45:51,408 [ERROR] LogOutputStream:75 - [STDERR_REDIRECT] 
2026-04-30 21:45:52,402 [ERROR] LogOutputStream:75 - [STDERR_REDIRECT] [Fatal Error] :1:1: Premature end of file.
2026-04-30 21:45:52,402 [ERROR] LogOutputStream:75 - [STDERR_REDIRECT] 
2026-04-30 21:45:53,396 [ERROR] LogOutputStream:75 - [STDERR_REDIRECT] [Fatal Error] :1:1: Premature end of file.
2026-04-30 21:45:53,396 [ERROR] LogOutputStream:75 - [STDERR_REDIRECT] 
2026-04-30 21:45:54,406 [ERROR] LogOutputStream:75 - [STDERR_REDIRECT] [Fatal Error] :1:1: Premature end of file.
2026-04-30 21:45:54,406 [ERROR] LogOutputStream:75 - [STDERR_REDIRECT] 
2026-04-30 21:45:55,413 [ERROR] LogOutputStream:75 - [STDERR_REDIRECT] [Fatal Error] :1:1: Premature end of file.
2026-04-30 21:45:55,413 [ERROR] LogOutputStream:75 - [STDERR_REDIRECT] 
2026-04-30 21:45:56,414 [ERROR] LogOutputStream:75 - [STDERR_REDIRECT] [Fatal Error] :1:1: Premature end of file.
2026-04-30 21:45:56,414 [ERROR] LogOutputStream:75 - [STDERR_REDIRECT] 
2026-04-30 21:45:57,404 [ERROR] LogOutputStream:75 - [STDERR_REDIRECT] [Fatal Error] :1:1: Premature end of file.
2026-04-30 21:45:57,404 [ERROR] LogOutputStream:75 - [STDERR_REDIRECT] 
2026-04-30 21:45:58,412 [ERROR] LogOutputStream:75 - [STDERR_REDIRECT] [Fatal Error] :1:1: Premature end of file.
2026-04-30 21:45:58,412 [ERROR] LogOutputStream:75 - [STDERR_REDIRECT] 
2026-04-30 21:45:59,410 [ERROR] LogOutputStream:75 - [STDERR_REDIRECT] [Fatal Error] :1:1: Premature end of file.
2026-04-30 21:45:59,410 [ERROR] LogOutputStream:75 - [STDERR_REDIRECT] 
2026-04-30 21:46:00,416 [ERROR] LogOutputStream:75 - [STDERR_REDIRECT] [Fatal Error] :1:1: Premature end of file.
2026-04-30 21:46:00,416 [ERROR] LogOutputStream:75 - [STDERR_REDIRECT] 
2026-04-30 21:46:01,413 [ERROR] LogOutputStream:75 - [STDERR_REDIRECT] [Fatal Error] :1:1: Premature end of file.
2026-04-30 21:46:01,413 [ERROR] LogOutputStream:75 - [STDERR_REDIRECT] 
2026-04-30 21:46:02,416 [ERROR] LogOutputStream:75 - [STDERR_REDIRECT] [Fatal Error] :1:1: Premature end of file.
2026-04-30 21:46:02,416 [ERROR] LogOutputStream:75 - [STDERR_REDIRECT] 
2026-04-30 21:46:03,420 [ERROR] LogOutputStream:75 - [STDERR_REDIRECT] [Fatal Error] :1:1: Premature end of file.
2026-04-30 21:46:03,420 [ERROR] LogOutputStream:75 - [STDERR_REDIRECT] 
2026-04-30 21:46:04,417 [ERROR] LogOutputStream:75 - [STDERR_REDIRECT] [Fatal Error] :1:1: Premature end of file.
2026-04-30 21:46:04,419 [ERROR] LogOutputStream:75 - [STDERR_REDIRECT] 
2026-04-30 21:46:05,421 [ERROR] LogOutputStream:75 - [STDERR_REDIRECT] [Fatal Error] :1:1: Premature end of file.
2026-04-30 21:46:05,424 [ERROR] LogOutputStream:75 - [STDERR_REDIRECT] 
2026-04-30 21:46:06,432 [ERROR] LogOutputStream:75 - [STDERR_REDIRECT] [Fatal Error] :1:1: Premature end of file.
2026-04-30 21:46:06,432 [ERROR] LogOutputStream:75 - [STDERR_REDIRECT] 
2026-04-30 21:46:07,422 [ERROR] LogOutputStream:75 - [STDERR_REDIRECT] [Fatal Error] :1:1: Premature end of file.
2026-04-30 21:46:07,422 [ERROR] LogOutputStream:75 - [STDERR_REDIRECT] 
2026-04-30 21:46:08,422 [ERROR] LogOutputStream:75 - [STDERR_REDIRECT] [Fatal Error] :1:1: Premature end of file.
2026-04-30 21:46:08,422 [ERROR] LogOutputStream:75 - [STDERR_REDIRECT] 
2026-04-30 21:46:09,425 [ERROR] LogOutputStream:75 - [STDERR_REDIRECT] [Fatal Error] :1:1: Premature end of file.
2026-04-30 21:46:09,425 [ERROR] LogOutputStream:75 - [STDERR_REDIRECT] 
2026-04-30 21:46:10,425 [ERROR] LogOutputStream:75 - [STDERR_REDIRECT] [Fatal Error] :1:1: Premature end of file.
2026-04-30 21:46:10,425 [ERROR] LogOutputStream:75 - [STDERR_REDIRECT] 
2026-04-30 21:46:11,422 [ERROR] LogOutputStream:75 - [STDERR_REDIRECT] [Fatal Error] :1:1: Premature end of file.
2026-04-30 21:46:11,422 [ERROR] LogOutputStream:75 - [STDERR_REDIRECT] 
2026-04-30 21:46:12,420 [ERROR] LogOutputStream:75 - [STDERR_REDIRECT] [Fatal Error] :1:1: Premature end of file.
2026-04-30 21:46:12,420 [ERROR] LogOutputStream:75 - [STDERR_REDIRECT] 
2026-04-30 21:46:13,427 [ERROR] LogOutputStream:75 - [STDERR_REDIRECT] [Fatal Error] :1:1: Premature end of file.
2026-04-30 21:46:13,427 [ERROR] LogOutputStream:75 - [STDERR_REDIRECT] 
2026-04-30 21:46:14,414 [ERROR] LogOutputStream:75 - [STDERR_REDIRECT] [Fatal Error] :1:1: Premature end of file.
2026-04-30 21:46:14,414 [ERROR] LogOutputStream:75 - [STDERR_REDIRECT] 
2026-04-30 21:46:15,417 [ERROR] LogOutputStream:75 - [STDERR_REDIRECT] [Fatal Error] :1:1: Premature end of file.
2026-04-30 21:46:15,417 [ERROR] LogOutputStream:75 - [STDERR_REDIRECT] 
2026-04-30 21:46:16,418 [ERROR] LogOutputStream:75 - [STDERR_REDIRECT] [Fatal Error] :1:1: Premature end of file.
2026-04-30 21:46:16,418 [ERROR] LogOutputStream:75 - [STDERR_REDIRECT] 
2026-04-30 21:46:17,418 [ERROR] LogOutputStream:75 - [STDERR_REDIRECT] [Fatal Error] :1:1: Premature end of file.
2026-04-30 21:46:17,418 [ERROR] LogOutputStream:75 - [STDERR_REDIRECT] 
2026-04-30 21:46:18,416 [ERROR] LogOutputStream:75 - [STDERR_REDIRECT] [Fatal Error] :1:1: Premature end of file.
2026-04-30 21:46:18,424 [ERROR] LogOutputStream:75 - [STDERR_REDIRECT] 
2026-04-30 21:46:19,419 [ERROR] LogOutputStream:75 - [STDERR_REDIRECT] [Fatal Error] :1:1: Premature end of file.
2026-04-30 21:46:19,419 [ERROR] LogOutputStream:75 - [STDERR_REDIRECT] 
2026-04-30 21:46:20,425 [ERROR] LogOutputStream:75 - [STDERR_REDIRECT] [Fatal Error] :1:1: Premature end of file.
2026-04-30 21:46:20,425 [ERROR] LogOutputStream:75 - [STDERR_REDIRECT] 
2026-04-30 21:46:21,416 [ERROR] LogOutputStream:75 - [STDERR_REDIRECT] [Fatal Error] :1:1: Premature end of file.
2026-04-30 21:46:21,416 [ERROR] LogOutputStream:75 - [STDERR_REDIRECT] 
2026-04-30 21:46:22,421 [ERROR] LogOutputStream:75 - [STDERR_REDIRECT] [Fatal Error] :1:1: Premature end of file.
2026-04-30 21:46:22,423 [ERROR] LogOutputStream:75 - [STDERR_REDIRECT] 
2026-04-30 21:46:23,421 [ERROR] LogOutputStream:75 - [STDERR_REDIRECT] [Fatal Error] :1:1: Premature end of file.
2026-04-30 21:46:23,421 [ERROR] LogOutputStream:75 - [STDERR_REDIRECT] 
2026-04-30 21:46:24,415 [ERROR] LogOutputStream:75 - [STDERR_REDIRECT] [Fatal Error] :1:1: Premature end of file.
2026-04-30 21:46:24,419 [ERROR] LogOutputStream:75 - [STDERR_REDIRECT] 
2026-04-30 21:46:25,422 [ERROR] LogOutputStream:75 - [STDERR_REDIRECT] [Fatal Error] :1:1: Premature end of file.
2026-04-30 21:46:25,422 [ERROR] LogOutputStream:75 - [STDERR_REDIRECT] 
2026-04-30 21:46:26,429 [ERROR] LogOutputStream:75 - [STDERR_REDIRECT] [Fatal Error] :1:1: Premature end of file.
2026-04-30 21:46:26,429 [ERROR] LogOutputStream:75 - [STDERR_REDIRECT] 
2026-04-30 21:46:27,421 [ERROR] LogOutputStream:75 - [STDERR_REDIRECT] [Fatal Error] :1:1: Premature end of file.
2026-04-30 21:46:27,421 [ERROR] LogOutputStream:75 - [STDERR_REDIRECT] 
2026-04-30 21:46:28,411 [ERROR] LogOutputStream:75 - [STDERR_REDIRECT] [Fatal Error] :1:1: Premature end of file.
2026-04-30 21:46:28,420 [ERROR] LogOutputStream:75 - [STDERR_REDIRECT] 
2026-04-30 21:46:29,405 [ERROR] LogOutputStream:75 - [STDERR_REDIRECT] [Fatal Error] :1:1: Premature end of file.
2026-04-30 21:46:29,405 [ERROR] LogOutputStream:75 - [STDERR_REDIRECT] 
2026-04-30 21:46:30,388 [ERROR] LogOutputStream:75 - [STDERR_REDIRECT] [Fatal Error] :1:1: Premature end of file.
2026-04-30 21:46:30,388 [ERROR] LogOutputStream:75 - [STDERR_REDIRECT] 
2026-04-30 21:46:31,376 [ERROR] LogOutputStream:75 - [STDERR_REDIRECT] [Fatal Error] :1:1: Premature end of file.
2026-04-30 21:46:31,376 [ERROR] LogOutputStream:75 - [STDERR_REDIRECT] 
2026-04-30 21:46:32,419 [ERROR] LogOutputStream:75 - [STDERR_REDIRECT] [Fatal Error] :1:1: Premature end of file.
2026-04-30 21:46:32,419 [ERROR] LogOutputStream:75 - [STDERR_REDIRECT] 
2026-04-30 21:46:33,416 [ERROR] LogOutputStream:75 - [STDERR_REDIRECT] [Fatal Error] :1:1: Premature end of file.
2026-04-30 21:46:33,416 [ERROR] LogOutputStream:75 - [STDERR_REDIRECT] 
2026-04-30 21:46:34,417 [ERROR] LogOutputStream:75 - [STDERR_REDIRECT] [Fatal Error] :1:1: Premature end of file.
2026-04-30 21:46:34,417 [ERROR] LogOutputStream:75 - [STDERR_REDIRECT] 
2026-04-30 21:46:35,425 [ERROR] LogOutputStream:75 - [STDERR_REDIRECT] [Fatal Error] :1:1: Premature end of file.
2026-04-30 21:46:35,426 [ERROR] LogOutputStream:75 - [STDERR_REDIRECT] 
2026-04-30 21:46:36,432 [ERROR] LogOutputStream:75 - [STDERR_REDIRECT] [Fatal Error] :1:1: Premature end of file.
2026-04-30 21:46:36,432 [ERROR] LogOutputStream:75 - [STDERR_REDIRECT] 
2026-04-30 21:46:37,416 [ERROR] LogOutputStream:75 - [STDERR_REDIRECT] [Fatal Error] :1:1: Premature end of file.
2026-04-30 21:46:37,416 [ERROR] LogOutputStream:75 - [STDERR_REDIRECT] 
2026-04-30 21:46:38,427 [ERROR] LogOutputStream:75 - [STDERR_REDIRECT] [Fatal Error] :1:1: Premature end of file.
2026-04-30 21:46:38,427 [ERROR] LogOutputStream:75 - [STDERR_REDIRECT] 
2026-04-30 21:46:39,430 [ERROR] LogOutputStream:75 - [STDERR_REDIRECT] [Fatal Error] :1:1: Premature end of file.
2026-04-30 21:46:39,430 [ERROR] LogOutputStream:75 - [STDERR_REDIRECT] 
2026-04-30 21:46:40,426 [ERROR] LogOutputStream:75 - [STDERR_REDIRECT] [Fatal Error] :1:1: Premature end of file.
2026-04-30 21:46:40,428 [ERROR] LogOutputStream:75 - [STDERR_REDIRECT] 
2026-04-30 21:46:41,425 [ERROR] LogOutputStream:75 - [STDERR_REDIRECT] [Fatal Error] :1:1: Premature end of file.
2026-04-30 21:46:41,425 [ERROR] LogOutputStream:75 - [STDERR_REDIRECT] 
2026-04-30 21:46:42,430 [ERROR] LogOutputStream:75 - [STDERR_REDIRECT] [Fatal Error] :1:1: Premature end of file.
2026-04-30 21:46:42,430 [ERROR] LogOutputStream:75 - [STDERR_REDIRECT] 
2026-04-30 21:46:43,428 [ERROR] LogOutputStream:75 - [STDERR_REDIRECT] [Fatal Error] :1:1: Premature end of file.
2026-04-30 21:46:43,428 [ERROR] LogOutputStream:75 - [STDERR_REDIRECT] 
2026-04-30 21:46:44,430 [ERROR] LogOutputStream:75 - [STDERR_REDIRECT] [Fatal Error] :1:1: Premature end of file.
2026-04-30 21:46:44,430 [ERROR] LogOutputStream:75 - [STDERR_REDIRECT] 
2026-04-30 21:46:45,440 [ERROR] LogOutputStream:75 - [STDERR_REDIRECT] [Fatal Error] :1:1: Premature end of file.
2026-04-30 21:46:45,440 [ERROR] LogOutputStream:75 - [STDERR_REDIRECT] 
2026-04-30 21:46:46,427 [ERROR] LogOutputStream:75 - [STDERR_REDIRECT] [Fatal Error] :1:1: Premature end of file.
2026-04-30 21:46:46,427 [ERROR] LogOutputStream:75 - [STDERR_REDIRECT] 
2026-04-30 21:46:47,432 [ERROR] LogOutputStream:75 - [STDERR_REDIRECT] [Fatal Error] :1:1: Premature end of file.
2026-04-30 21:46:47,432 [ERROR] LogOutputStream:75 - [STDERR_REDIRECT] 
2026-04-30 21:46:48,425 [ERROR] LogOutputStream:75 - [STDERR_REDIRECT] [Fatal Error] :1:1: Premature end of file.
2026-04-30 21:46:48,425 [ERROR] LogOutputStream:75 - [STDERR_REDIRECT] 
2026-04-30 21:46:49,422 [ERROR] LogOutputStream:75 - [STDERR_REDIRECT] [Fatal Error] :1:1: Premature end of file.
2026-04-30 21:46:49,422 [ERROR] LogOutputStream:75 - [STDERR_REDIRECT] 
2026-04-30 21:46:50,424 [ERROR] LogOutputStream:75 - [STDERR_REDIRECT] [Fatal Error] :1:1: Premature end of file.
2026-04-30 21:46:50,424 [ERROR] LogOutputStream:75 - [STDERR_REDIRECT] 
2026-04-30 21:46:51,426 [ERROR] LogOutputStream:75 - [STDERR_REDIRECT] [Fatal Error] :1:1: Premature end of file.
2026-04-30 21:46:51,426 [ERROR] LogOutputStream:75 - [STDERR_REDIRECT] 
2026-04-30 21:46:52,424 [ERROR] LogOutputStream:75 - [STDERR_REDIRECT] [Fatal Error] :1:1: Premature end of file.
2026-04-30 21:46:52,424 [ERROR] LogOutputStream:75 - [STDERR_REDIRECT] 
2026-04-30 21:46:53,432 [ERROR] LogOutputStream:75 - [STDERR_REDIRECT] [Fatal Error] :1:1: Premature end of file.
2026-04-30 21:46:53,434 [ERROR] LogOutputStream:75 - [STDERR_REDIRECT] 
2026-04-30 21:46:54,421 [ERROR] LogOutputStream:75 - [STDERR_REDIRECT] [Fatal Error] :1:1: Premature end of file.
2026-04-30 21:46:54,421 [ERROR] LogOutputStream:75 - [STDERR_REDIRECT] 
2026-04-30 21:46:55,413 [ERROR] LogOutputStream:75 - [STDERR_REDIRECT] [Fatal Error] :1:1: Premature end of file.
2026-04-30 21:46:55,413 [ERROR] LogOutputStream:75 - [STDERR_REDIRECT] 
2026-04-30 21:46:56,419 [ERROR] LogOutputStream:75 - [STDERR_REDIRECT] [Fatal Error] :1:1: Premature end of file.
2026-04-30 21:46:56,419 [ERROR] LogOutputStream:75 - [STDERR_REDIRECT] 
2026-04-30 21:46:57,424 [ERROR] LogOutputStream:75 - [STDERR_REDIRECT] [Fatal Error] :1:1: Premature end of file.
2026-04-30 21:46:57,424 [ERROR] LogOutputStream:75 - [STDERR_REDIRECT] 
2026-04-30 21:46:58,417 [ERROR] LogOutputStream:75 - [STDERR_REDIRECT] [Fatal Error] :1:1: Premature end of file.
2026-04-30 21:46:58,417 [ERROR] LogOutputStream:75 - [STDERR_REDIRECT] 
2026-04-30 21:46:59,425 [ERROR] LogOutputStream:75 - [STDERR_REDIRECT] [Fatal Error] :1:1: Premature end of file.
2026-04-30 21:46:59,425 [ERROR] LogOutputStream:75 - [STDERR_REDIRECT] 
2026-04-30 21:47:00,417 [ERROR] LogOutputStream:75 - [STDERR_REDIRECT] [Fatal Error] :1:1: Premature end of file.
2026-04-30 21:47:00,417 [ERROR] LogOutputStream:75 - [STDERR_REDIRECT] 
2026-04-30 21:47:01,419 [ERROR] LogOutputStream:75 - [STDERR_REDIRECT] [Fatal Error] :1:1: Premature end of file.
2026-04-30 21:47:01,419 [ERROR] LogOutputStream:75 - [STDERR_REDIRECT] 
2026-04-30 21:47:02,420 [ERROR] LogOutputStream:75 - [STDERR_REDIRECT] [Fatal Error] :1:1: Premature end of file.
2026-04-30 21:47:02,420 [ERROR] LogOutputStream:75 - [STDERR_REDIRECT] 
2026-04-30 21:47:03,422 [ERROR] LogOutputStream:75 - [STDERR_REDIRECT] [Fatal Error] :1:1: Premature end of file.
2026-04-30 21:47:03,422 [ERROR] LogOutputStream:75 - [STDERR_REDIRECT] 
2026-04-30 21:47:04,420 [ERROR] LogOutputStream:75 - [STDERR_REDIRECT] [Fatal Error] :1:1: Premature end of file.
2026-04-30 21:47:04,420 [ERROR] LogOutputStream:75 - [STDERR_REDIRECT] 
2026-04-30 21:47:05,424 [ERROR] LogOutputStream:75 - [STDERR_REDIRECT] [Fatal Error] :1:1: Premature end of file.
2026-04-30 21:47:05,424 [ERROR] LogOutputStream:75 - [STDERR_REDIRECT] 
2026-04-30 21:47:06,423 [ERROR] LogOutputStream:75 - [STDERR_REDIRECT] [Fatal Error] :1:1: Premature end of file.
2026-04-30 21:47:06,423 [ERROR] LogOutputStream:75 - [STDERR_REDIRECT] 
2026-04-30 21:47:07,415 [ERROR] LogOutputStream:75 - [STDERR_REDIRECT] [Fatal Error] :1:1: Premature end of file.
2026-04-30 21:47:07,415 [ERROR] LogOutputStream:75 - [STDERR_REDIRECT] 
2026-04-30 21:47:08,420 [ERROR] LogOutputStream:75 - [STDERR_REDIRECT] [Fatal Error] :1:1: Premature end of file.
2026-04-30 21:47:08,420 [ERROR] LogOutputStream:75 - [STDERR_REDIRECT] 
2026-04-30 21:47:09,419 [ERROR] LogOutputStream:75 - [STDERR_REDIRECT] [Fatal Error] :1:1: Premature end of file.
2026-04-30 21:47:09,419 [ERROR] LogOutputStream:75 - [STDERR_REDIRECT] 
2026-04-30 21:47:10,409 [ERROR] LogOutputStream:75 - [STDERR_REDIRECT] [Fatal Error] :1:1: Premature end of file.
2026-04-30 21:47:10,409 [ERROR] LogOutputStream:75 - [STDERR_REDIRECT] 
2026-04-30 21:47:11,414 [ERROR] LogOutputStream:75 - [STDERR_REDIRECT] [Fatal Error] :1:1: Premature end of file.
2026-04-30 21:47:11,417 [ERROR] LogOutputStream:75 - [STDERR_REDIRECT] 
2026-04-30 21:47:12,421 [ERROR] LogOutputStream:75 - [STDERR_REDIRECT] [Fatal Error] :1:1: Premature end of file.
2026-04-30 21:47:12,421 [ERROR] LogOutputStream:75 - [STDERR_REDIRECT] 
2026-04-30 21:47:13,440 [ERROR] LogOutputStream:75 - [STDERR_REDIRECT] [Fatal Error] :1:1: Premature end of file.
2026-04-30 21:47:13,440 [ERROR] LogOutputStream:75 - [STDERR_REDIRECT] 
2026-04-30 21:47:14,429 [ERROR] LogOutputStream:75 - [STDERR_REDIRECT] [Fatal Error] :1:1: Premature end of file.
2026-04-30 21:47:14,429 [ERROR] LogOutputStream:75 - [STDERR_REDIRECT] 
2026-04-30 21:47:15,429 [ERROR] LogOutputStream:75 - [STDERR_REDIRECT] [Fatal Error] :1:1: Premature end of file.
2026-04-30 21:47:15,429 [ERROR] LogOutputStream:75 - [STDERR_REDIRECT] 
2026-04-30 21:47:16,409 [ERROR] LogOutputStream:75 - [STDERR_REDIRECT] [Fatal Error] :1:1: Premature end of file.
2026-04-30 21:47:16,409 [ERROR] LogOutputStream:75 - [STDERR_REDIRECT] 
2026-04-30 21:47:17,404 [ERROR] LogOutputStream:75 - [STDERR_REDIRECT] [Fatal Error] :1:1: Premature end of file.
2026-04-30 21:47:17,404 [ERROR] LogOutputStream:75 - [STDERR_REDIRECT] 
2026-04-30 21:47:18,422 [ERROR] LogOutputStream:75 - [STDERR_REDIRECT] [Fatal Error] :1:1: Premature end of file.
2026-04-30 21:47:18,422 [ERROR] LogOutputStream:75 - [STDERR_REDIRECT] 
2026-04-30 21:47:19,405 [ERROR] LogOutputStream:75 - [STDERR_REDIRECT] [Fatal Error] :1:1: Premature end of file.
2026-04-30 21:47:19,405 [ERROR] LogOutputStream:75 - [STDERR_REDIRECT] 
2026-04-30 21:47:20,427 [ERROR] LogOutputStream:75 - [STDERR_REDIRECT] [Fatal Error] :1:1: Premature end of file.
2026-04-30 21:47:20,427 [ERROR] LogOutputStream:75 - [STDERR_REDIRECT] 
2026-04-30 21:47:21,422 [ERROR] LogOutputStream:75 - [STDERR_REDIRECT] [Fatal Error] :1:1: Premature end of file.
2026-04-30 21:47:21,422 [ERROR] LogOutputStream:75 - [STDERR_REDIRECT] 
2026-04-30 21:47:22,424 [ERROR] LogOutputStream:75 - [STDERR_REDIRECT] [Fatal Error] :1:1: Premature end of file.
2026-04-30 21:47:22,424 [ERROR] LogOutputStream:75 - [STDERR_REDIRECT] 
2026-04-30 21:47:23,428 [ERROR] LogOutputStream:75 - [STDERR_REDIRECT] [Fatal Error] :1:1: Premature end of file.
2026-04-30 21:47:23,428 [ERROR] LogOutputStream:75 - [STDERR_REDIRECT] 
2026-04-30 21:47:24,422 [ERROR] LogOutputStream:75 - [STDERR_REDIRECT] [Fatal Error] :1:1: Premature end of file.
2026-04-30 21:47:24,422 [ERROR] LogOutputStream:75 - [STDERR_REDIRECT] 
2026-04-30 21:47:25,416 [ERROR] LogOutputStream:75 - [STDERR_REDIRECT] [Fatal Error] :1:1: Premature end of file.
2026-04-30 21:47:25,416 [ERROR] LogOutputStream:75 - [STDERR_REDIRECT] 
2026-04-30 21:47:26,413 [ERROR] LogOutputStream:75 - [STDERR_REDIRECT] [Fatal Error] :1:1: Premature end of file.
2026-04-30 21:47:26,416 [ERROR] LogOutputStream:75 - [STDERR_REDIRECT] 
2026-04-30 21:47:27,419 [ERROR] LogOutputStream:75 - [STDERR_REDIRECT] [Fatal Error] :1:1: Premature end of file.
2026-04-30 21:47:27,419 [ERROR] LogOutputStream:75 - [STDERR_REDIRECT] 
2026-04-30 21:47:28,425 [ERROR] LogOutputStream:75 - [STDERR_REDIRECT] [Fatal Error] :1:1: Premature end of file.
2026-04-30 21:47:28,425 [ERROR] LogOutputStream:75 - [STDERR_REDIRECT] 
2026-04-30 21:47:29,418 [ERROR] LogOutputStream:75 - [STDERR_REDIRECT] [Fatal Error] :1:1: Premature end of file.
2026-04-30 21:47:29,423 [ERROR] LogOutputStream:75 - [STDERR_REDIRECT] 
2026-04-30 21:47:30,424 [ERROR] LogOutputStream:75 - [STDERR_REDIRECT] [Fatal Error] :1:1: Premature end of file.
2026-04-30 21:47:30,424 [ERROR] LogOutputStream:75 - [STDERR_REDIRECT] 
2026-04-30 21:47:31,422 [ERROR] LogOutputStream:75 - [STDERR_REDIRECT] [Fatal Error] :1:1: Premature end of file.
2026-04-30 21:47:31,422 [ERROR] LogOutputStream:75 - [STDERR_REDIRECT] 
2026-04-30 21:47:32,420 [ERROR] LogOutputStream:75 - [STDERR_REDIRECT] [Fatal Error] :1:1: Premature end of file.
2026-04-30 21:47:32,420 [ERROR] LogOutputStream:75 - [STDERR_REDIRECT] 
2026-04-30 21:47:33,429 [ERROR] LogOutputStream:75 - [STDERR_REDIRECT] [Fatal Error] :1:1: Premature end of file.
2026-04-30 21:47:33,430 [ERROR] LogOutputStream:75 - [STDERR_REDIRECT] 
2026-04-30 21:47:34,421 [ERROR] LogOutputStream:75 - [STDERR_REDIRECT] [Fatal Error] :1:1: Premature end of file.
2026-04-30 21:47:34,421 [ERROR] LogOutputStream:75 - [STDERR_REDIRECT] 
2026-04-30 21:47:35,408 [ERROR] LogOutputStream:75 - [STDERR_REDIRECT] [Fatal Error] :1:1: Premature end of file.
2026-04-30 21:47:35,418 [ERROR] LogOutputStream:75 - [STDERR_REDIRECT] 
2026-04-30 21:47:36,416 [ERROR] LogOutputStream:75 - [STDERR_REDIRECT] [Fatal Error] :1:1: Premature end of file.
2026-04-30 21:47:36,416 [ERROR] LogOutputStream:75 - [STDERR_REDIRECT] 
2026-04-30 21:47:37,421 [ERROR] LogOutputStream:75 - [STDERR_REDIRECT] [Fatal Error] :1:1: Premature end of file.
2026-04-30 21:47:37,421 [ERROR] LogOutputStream:75 - [STDERR_REDIRECT] 
2026-04-30 21:47:38,419 [ERROR] LogOutputStream:75 - [STDERR_REDIRECT] [Fatal Error] :1:1: Premature end of file.
2026-04-30 21:47:38,419 [ERROR] LogOutputStream:75 - [STDERR_REDIRECT] 
2026-04-30 21:47:39,418 [ERROR] LogOutputStream:75 - [STDERR_REDIRECT] [Fatal Error] :1:1: Premature end of file.
2026-04-30 21:47:39,418 [ERROR] LogOutputStream:75 - [STDERR_REDIRECT] 
2026-04-30 21:47:40,407 [ERROR] LogOutputStream:75 - [STDERR_REDIRECT] [Fatal Error] :1:1: Premature end of file.
2026-04-30 21:47:40,407 [ERROR] LogOutputStream:75 - [STDERR_REDIRECT] 
2026-04-30 21:47:41,420 [ERROR] LogOutputStream:75 - [STDERR_REDIRECT] [Fatal Error] :1:1: Premature end of file.
2026-04-30 21:47:41,420 [ERROR] LogOutputStream:75 - [STDERR_REDIRECT] 
2026-04-30 21:47:42,425 [ERROR] LogOutputStream:75 - [STDERR_REDIRECT] [Fatal Error] :1:1: Premature end of file.
2026-04-30 21:47:42,425 [ERROR] LogOutputStream:75 - [STDERR_REDIRECT] 
2026-04-30 21:47:43,413 [ERROR] LogOutputStream:75 - [STDERR_REDIRECT] [Fatal Error] :1:1: Premature end of file.
2026-04-30 21:47:43,413 [ERROR] LogOutputStream:75 - [STDERR_REDIRECT] 
2026-04-30 21:47:44,417 [ERROR] LogOutputStream:75 - [STDERR_REDIRECT] [Fatal Error] :1:1: Premature end of file.
2026-04-30 21:47:44,417 [ERROR] LogOutputStream:75 - [STDERR_REDIRECT] 
2026-04-30 21:47:45,430 [ERROR] LogOutputStream:75 - [STDERR_REDIRECT] [Fatal Error] :1:1: Premature end of file.
2026-04-30 21:47:45,430 [ERROR] LogOutputStream:75 - [STDERR_REDIRECT] 
2026-04-30 21:47:46,417 [ERROR] LogOutputStream:75 - [STDERR_REDIRECT] [Fatal Error] :1:1: Premature end of file.
2026-04-30 21:47:46,417 [ERROR] LogOutputStream:75 - [STDERR_REDIRECT] 
2026-04-30 21:47:47,416 [ERROR] LogOutputStream:75 - [STDERR_REDIRECT] [Fatal Error] :1:1: Premature end of file.
2026-04-30 21:47:47,416 [ERROR] LogOutputStream:75 - [STDERR_REDIRECT] 
2026-04-30 21:47:48,420 [ERROR] LogOutputStream:75 - [STDERR_REDIRECT] [Fatal Error] :1:1: Premature end of file.
2026-04-30 21:47:48,420 [ERROR] LogOutputStream:75 - [STDERR_REDIRECT] 
2026-04-30 21:47:49,417 [ERROR] LogOutputStream:75 - [STDERR_REDIRECT] [Fatal Error] :1:1: Premature end of file.
2026-04-30 21:47:49,423 [ERROR] LogOutputStream:75 - [STDERR_REDIRECT] 
2026-04-30 21:47:50,417 [ERROR] LogOutputStream:75 - [STDERR_REDIRECT] [Fatal Error] :1:1: Premature end of file.
2026-04-30 21:47:50,417 [ERROR] LogOutputStream:75 - [STDERR_REDIRECT] 
2026-04-30 21:47:51,423 [ERROR] LogOutputStream:75 - [STDERR_REDIRECT] [Fatal Error] :1:1: Premature end of file.
2026-04-30 21:47:51,423 [ERROR] LogOutputStream:75 - [STDERR_REDIRECT] 
2026-04-30 21:47:52,415 [ERROR] LogOutputStream:75 - [STDERR_REDIRECT] [Fatal Error] :1:1: Premature end of file.
2026-04-30 21:47:52,415 [ERROR] LogOutputStream:75 - [STDERR_REDIRECT] 
2026-04-30 21:47:53,415 [ERROR] LogOutputStream:75 - [STDERR_REDIRECT] [Fatal Error] :1:1: Premature end of file.
2026-04-30 21:47:53,415 [ERROR] LogOutputStream:75 - [STDERR_REDIRECT] 
2026-04-30 21:47:54,416 [ERROR] LogOutputStream:75 - [STDERR_REDIRECT] [Fatal Error] :1:1: Premature end of file.
2026-04-30 21:47:54,416 [ERROR] LogOutputStream:75 - [STDERR_REDIRECT] 
2026-04-30 21:47:55,419 [ERROR] LogOutputStream:75 - [STDERR_REDIRECT] [Fatal Error] :1:1: Premature end of file.
2026-04-30 21:47:55,419 [ERROR] LogOutputStream:75 - [STDERR_REDIRECT] 
2026-04-30 21:47:56,419 [ERROR] LogOutputStream:75 - [STDERR_REDIRECT] [Fatal Error] :1:1: Premature end of file.
2026-04-30 21:47:56,419 [ERROR] LogOutputStream:75 - [STDERR_REDIRECT] 
2026-04-30 21:47:57,414 [ERROR] LogOutputStream:75 - [STDERR_REDIRECT] [Fatal Error] :1:1: Premature end of file.
2026-04-30 21:47:57,414 [ERROR] LogOutputStream:75 - [STDERR_REDIRECT] 
2026-04-30 21:47:58,414 [ERROR] LogOutputStream:75 - [STDERR_REDIRECT] [Fatal Error] :1:1: Premature end of file.
2026-04-30 21:47:58,414 [ERROR] LogOutputStream:75 - [STDERR_REDIRECT] 
2026-04-30 21:47:59,421 [ERROR] LogOutputStream:75 - [STDERR_REDIRECT] [Fatal Error] :1:1: Premature end of file.
2026-04-30 21:47:59,421 [ERROR] LogOutputStream:75 - [STDERR_REDIRECT] 
2026-04-30 21:48:00,412 [ERROR] LogOutputStream:75 - [STDERR_REDIRECT] [Fatal Error] :1:1: Premature end of file.
2026-04-30 21:48:00,412 [ERROR] LogOutputStream:75 - [STDERR_REDIRECT] 
2026-04-30 21:48:01,415 [ERROR] LogOutputStream:75 - [STDERR_REDIRECT] [Fatal Error] :1:1: Premature end of file.
2026-04-30 21:48:01,415 [ERROR] LogOutputStream:75 - [STDERR_REDIRECT] 
2026-04-30 21:48:02,426 [ERROR] LogOutputStream:75 - [STDERR_REDIRECT] [Fatal Error] :1:1: Premature end of file.
2026-04-30 21:48:02,426 [ERROR] LogOutputStream:75 - [STDERR_REDIRECT] 
2026-04-30 21:48:03,421 [ERROR] LogOutputStream:75 - [STDERR_REDIRECT] [Fatal Error] :1:1: Premature end of file.
2026-04-30 21:48:03,421 [ERROR] LogOutputStream:75 - [STDERR_REDIRECT] 
2026-04-30 21:48:04,418 [ERROR] LogOutputStream:75 - [STDERR_REDIRECT] [Fatal Error] :1:1: Premature end of file.
2026-04-30 21:48:04,418 [ERROR] LogOutputStream:75 - [STDERR_REDIRECT] 
2026-04-30 21:48:05,397 [ERROR] LogOutputStream:75 - [STDERR_REDIRECT] [Fatal Error] :1:1: Premature end of file.
2026-04-30 21:48:05,397 [ERROR] LogOutputStream:75 - [STDERR_REDIRECT] 
2026-04-30 21:48:06,413 [ERROR] LogOutputStream:75 - [STDERR_REDIRECT] [Fatal Error] :1:1: Premature end of file.
2026-04-30 21:48:06,413 [ERROR] LogOutputStream:75 - [STDERR_REDIRECT] 
2026-04-30 21:48:07,415 [ERROR] LogOutputStream:75 - [STDERR_REDIRECT] [Fatal Error] :1:1: Premature end of file.
2026-04-30 21:48:07,415 [ERROR] LogOutputStream:75 - [STDERR_REDIRECT] 
2026-04-30 21:48:08,417 [ERROR] LogOutputStream:75 - [STDERR_REDIRECT] [Fatal Error] :1:1: Premature end of file.
2026-04-30 21:48:08,417 [ERROR] LogOutputStream:75 - [STDERR_REDIRECT] 
2026-04-30 21:48:09,423 [ERROR] LogOutputStream:75 - [STDERR_REDIRECT] [Fatal Error] :1:1: Premature end of file.
2026-04-30 21:48:09,423 [ERROR] LogOutputStream:75 - [STDERR_REDIRECT] 
2026-04-30 21:48:10,416 [ERROR] LogOutputStream:75 - [STDERR_REDIRECT] [Fatal Error] :1:1: Premature end of file.
2026-04-30 21:48:10,416 [ERROR] LogOutputStream:75 - [STDERR_REDIRECT] 
2026-04-30 21:48:11,386 [ERROR] LogOutputStream:75 - [STDERR_REDIRECT] [Fatal Error] :1:1: Premature end of file.
2026-04-30 21:48:11,386 [ERROR] LogOutputStream:75 - [STDERR_REDIRECT] 
2026-04-30 21:48:12,398 [ERROR] LogOutputStream:75 - [STDERR_REDIRECT] [Fatal Error] :1:1: Premature end of file.
2026-04-30 21:48:12,398 [ERROR] LogOutputStream:75 - [STDERR_REDIRECT] 
2026-04-30 21:48:13,389 [ERROR] LogOutputStream:75 - [STDERR_REDIRECT] [Fatal Error] :1:1: Premature end of file.
2026-04-30 21:48:13,389 [ERROR] LogOutputStream:75 - [STDERR_REDIRECT] 
2026-04-30 21:48:14,379 [ERROR] LogOutputStream:75 - [STDERR_REDIRECT] [Fatal Error] :1:1: Premature end of file.
2026-04-30 21:48:14,379 [ERROR] LogOutputStream:75 - [STDERR_REDIRECT] 
2026-04-30 21:48:15,390 [ERROR] LogOutputStream:75 - [STDERR_REDIRECT] [Fatal Error] :1:1: Premature end of file.
2026-04-30 21:48:15,390 [ERROR] LogOutputStream:75 - [STDERR_REDIRECT] 
2026-04-30 21:48:16,388 [ERROR] LogOutputStream:75 - [STDERR_REDIRECT] [Fatal Error] :1:1: Premature end of file.
2026-04-30 21:48:16,388 [ERROR] LogOutputStream:75 - [STDERR_REDIRECT] 
2026-04-30 21:48:17,374 [ERROR] LogOutputStream:75 - [STDERR_REDIRECT] [Fatal Error] :1:1: Premature end of file.
2026-04-30 21:48:17,374 [ERROR] LogOutputStream:75 - [STDERR_REDIRECT] 
2026-04-30 21:48:18,379 [ERROR] LogOutputStream:75 - [STDERR_REDIRECT] [Fatal Error] :1:1: Premature end of file.
2026-04-30 21:48:18,379 [ERROR] LogOutputStream:75 - [STDERR_REDIRECT] 
2026-04-30 21:48:19,392 [ERROR] LogOutputStream:75 - [STDERR_REDIRECT] [Fatal Error] :1:1: Premature end of file.
2026-04-30 21:48:19,392 [ERROR] LogOutputStream:75 - [STDERR_REDIRECT] 
2026-04-30 21:48:20,388 [ERROR] LogOutputStream:75 - [STDERR_REDIRECT] [Fatal Error] :1:1: Premature end of file.
2026-04-30 21:48:20,388 [ERROR] LogOutputStream:75 - [STDERR_REDIRECT] 
2026-04-30 21:48:21,387 [ERROR] LogOutputStream:75 - [STDERR_REDIRECT] [Fatal Error] :1:1: Premature end of file.
2026-04-30 21:48:21,389 [ERROR] LogOutputStream:75 - [STDERR_REDIRECT] 
2026-04-30 21:48:22,393 [ERROR] LogOutputStream:75 - [STDERR_REDIRECT] [Fatal Error] :1:1: Premature end of file.
2026-04-30 21:48:22,394 [ERROR] LogOutputStream:75 - [STDERR_REDIRECT] 
2026-04-30 21:48:23,382 [ERROR] LogOutputStream:75 - [STDERR_REDIRECT] [Fatal Error] :1:1: Premature end of file.
2026-04-30 21:48:23,382 [ERROR] LogOutputStream:75 - [STDERR_REDIRECT] 
2026-04-30 21:48:24,377 [ERROR] LogOutputStream:75 - [STDERR_REDIRECT] [Fatal Error] :1:1: Premature end of file.
2026-04-30 21:48:24,380 [ERROR] LogOutputStream:75 - [STDERR_REDIRECT] 
2026-04-30 21:48:25,384 [ERROR] LogOutputStream:75 - [STDERR_REDIRECT] [Fatal Error] :1:1: Premature end of file.
2026-04-30 21:48:25,384 [ERROR] LogOutputStream:75 - [STDERR_REDIRECT] 
2026-04-30 21:48:26,409 [ERROR] LogOutputStream:75 - [STDERR_REDIRECT] [Fatal Error] :1:1: Premature end of file.
2026-04-30 21:48:26,409 [ERROR] LogOutputStream:75 - [STDERR_REDIRECT] 
2026-04-30 21:48:27,383 [ERROR] LogOutputStream:75 - [STDERR_REDIRECT] [Fatal Error] :1:1: Premature end of file.
2026-04-30 21:48:27,383 [ERROR] LogOutputStream:75 - [STDERR_REDIRECT] 
2026-04-30 21:48:28,375 [ERROR] LogOutputStream:75 - [STDERR_REDIRECT] [Fatal Error] :1:1: Premature end of file.
2026-04-30 21:48:28,375 [ERROR] LogOutputStream:75 - [STDERR_REDIRECT] 
2026-04-30 21:48:29,377 [ERROR] LogOutputStream:75 - [STDERR_REDIRECT] [Fatal Error] :1:1: Premature end of file.
2026-04-30 21:48:29,377 [ERROR] LogOutputStream:75 - [STDERR_REDIRECT] 
2026-04-30 21:48:30,380 [ERROR] LogOutputStream:75 - [STDERR_REDIRECT] [Fatal Error] :1:1: Premature end of file.
2026-04-30 21:48:30,380 [ERROR] LogOutputStream:75 - [STDERR_REDIRECT] 
2026-04-30 21:48:31,394 [ERROR] LogOutputStream:75 - [STDERR_REDIRECT] [Fatal Error] :1:1: Premature end of file.
2026-04-30 21:48:31,394 [ERROR] LogOutputStream:75 - [STDERR_REDIRECT] 
2026-04-30 21:48:32,390 [ERROR] LogOutputStream:75 - [STDERR_REDIRECT] [Fatal Error] :1:1: Premature end of file.
2026-04-30 21:48:32,394 [ERROR] LogOutputStream:75 - [STDERR_REDIRECT] 
2026-04-30 21:48:33,392 [ERROR] LogOutputStream:75 - [STDERR_REDIRECT] [Fatal Error] :1:1: Premature end of file.
2026-04-30 21:48:33,392 [ERROR] LogOutputStream:75 - [STDERR_REDIRECT] 
2026-04-30 21:48:34,399 [ERROR] LogOutputStream:75 - [STDERR_REDIRECT] [Fatal Error] :1:1: Premature end of file.
2026-04-30 21:48:34,399 [ERROR] LogOutputStream:75 - [STDERR_REDIRECT] 
2026-04-30 21:48:35,399 [ERROR] LogOutputStream:75 - [STDERR_REDIRECT] [Fatal Error] :1:1: Premature end of file.
2026-04-30 21:48:35,399 [ERROR] LogOutputStream:75 - [STDERR_REDIRECT] 
2026-04-30 21:48:36,395 [ERROR] LogOutputStream:75 - [STDERR_REDIRECT] [Fatal Error] :1:1: Premature end of file.
2026-04-30 21:48:36,395 [ERROR] LogOutputStream:75 - [STDERR_REDIRECT] 
2026-04-30 21:48:37,385 [ERROR] LogOutputStream:75 - [STDERR_REDIRECT] [Fatal Error] :1:1: Premature end of file.
2026-04-30 21:48:37,385 [ERROR] LogOutputStream:75 - [STDERR_REDIRECT] 
2026-04-30 21:48:38,390 [ERROR] LogOutputStream:75 - [STDERR_REDIRECT] [Fatal Error] :1:1: Premature end of file.
2026-04-30 21:48:38,390 [ERROR] LogOutputStream:75 - [STDERR_REDIRECT] 
2026-04-30 21:48:39,389 [ERROR] LogOutputStream:75 - [STDERR_REDIRECT] [Fatal Error] :1:1: Premature end of file.
2026-04-30 21:48:39,389 [ERROR] LogOutputStream:75 - [STDERR_REDIRECT] 
2026-04-30 21:48:40,388 [ERROR] LogOutputStream:75 - [STDERR_REDIRECT] [Fatal Error] :1:1: Premature end of file.
2026-04-30 21:48:40,388 [ERROR] LogOutputStream:75 - [STDERR_REDIRECT] 
2026-04-30 21:48:41,383 [ERROR] LogOutputStream:75 - [STDERR_REDIRECT] [Fatal Error] :1:1: Premature end of file.
2026-04-30 21:48:41,383 [ERROR] LogOutputStream:75 - [STDERR_REDIRECT] 
2026-04-30 21:48:42,402 [ERROR] LogOutputStream:75 - [STDERR_REDIRECT] [Fatal Error] :1:1: Premature end of file.
2026-04-30 21:48:42,402 [ERROR] LogOutputStream:75 - [STDERR_REDIRECT] 
2026-04-30 21:48:43,379 [ERROR] LogOutputStream:75 - [STDERR_REDIRECT] [Fatal Error] :1:1: Premature end of file.
2026-04-30 21:48:43,379 [ERROR] LogOutputStream:75 - [STDERR_REDIRECT] 
2026-04-30 21:48:44,393 [ERROR] LogOutputStream:75 - [STDERR_REDIRECT] [Fatal Error] :1:1: Premature end of file.
2026-04-30 21:48:44,397 [ERROR] LogOutputStream:75 - [STDERR_REDIRECT] 
2026-04-30 21:48:45,380 [ERROR] LogOutputStream:75 - [STDERR_REDIRECT] [Fatal Error] :1:1: Premature end of file.
2026-04-30 21:48:45,380 [ERROR] LogOutputStream:75 - [STDERR_REDIRECT] 
2026-04-30 21:48:46,377 [ERROR] LogOutputStream:75 - [STDERR_REDIRECT] [Fatal Error] :1:1: Premature end of file.
2026-04-30 21:48:46,377 [ERROR] LogOutputStream:75 - [STDERR_REDIRECT] 
2026-04-30 21:48:47,373 [ERROR] LogOutputStream:75 - [STDERR_REDIRECT] [Fatal Error] :1:1: Premature end of file.
2026-04-30 21:48:47,373 [ERROR] LogOutputStream:75 - [STDERR_REDIRECT] 
2026-04-30 21:48:48,393 [ERROR] LogOutputStream:75 - [STDERR_REDIRECT] [Fatal Error] :1:1: Premature end of file.
2026-04-30 21:48:48,393 [ERROR] LogOutputStream:75 - [STDERR_REDIRECT] 
2026-04-30 21:48:49,391 [ERROR] LogOutputStream:75 - [STDERR_REDIRECT] [Fatal Error] :1:1: Premature end of file.
2026-04-30 21:48:49,391 [ERROR] LogOutputStream:75 - [STDERR_REDIRECT] 
2026-04-30 21:48:50,390 [ERROR] LogOutputStream:75 - [STDERR_REDIRECT] [Fatal Error] :1:1: Premature end of file.
2026-04-30 21:48:50,390 [ERROR] LogOutputStream:75 - [STDERR_REDIRECT] 
2026-04-30 21:48:51,394 [ERROR] LogOutputStream:75 - [STDERR_REDIRECT] [Fatal Error] :1:1: Premature end of file.
2026-04-30 21:48:51,394 [ERROR] LogOutputStream:75 - [STDERR_REDIRECT] 
2026-04-30 21:48:52,386 [ERROR] LogOutputStream:75 - [STDERR_REDIRECT] [Fatal Error] :1:1: Premature end of file.
2026-04-30 21:48:52,386 [ERROR] LogOutputStream:75 - [STDERR_REDIRECT] 
2026-04-30 21:48:53,380 [ERROR] LogOutputStream:75 - [STDERR_REDIRECT] [Fatal Error] :1:1: Premature end of file.
2026-04-30 21:48:53,380 [ERROR] LogOutputStream:75 - [STDERR_REDIRECT] 
2026-04-30 21:48:54,379 [ERROR] LogOutputStream:75 - [STDERR_REDIRECT] [Fatal Error] :1:1: Premature end of file.
2026-04-30 21:48:54,379 [ERROR] LogOutputStream:75 - [STDERR_REDIRECT] 
2026-04-30 21:48:55,391 [ERROR] LogOutputStream:75 - [STDERR_REDIRECT] [Fatal Error] :1:1: Premature end of file.
2026-04-30 21:48:55,391 [ERROR] LogOutputStream:75 - [STDERR_REDIRECT] 
2026-04-30 21:48:56,388 [ERROR] LogOutputStream:75 - [STDERR_REDIRECT] [Fatal Error] :1:1: Premature end of file.
2026-04-30 21:48:56,388 [ERROR] LogOutputStream:75 - [STDERR_REDIRECT] 
2026-04-30 21:48:57,394 [ERROR] LogOutputStream:75 - [STDERR_REDIRECT] [Fatal Error] :1:1: Premature end of file.
2026-04-30 21:48:57,398 [ERROR] LogOutputStream:75 - [STDERR_REDIRECT] 
2026-04-30 21:48:58,386 [ERROR] LogOutputStream:75 - [STDERR_REDIRECT] [Fatal Error] :1:1: Premature end of file.
2026-04-30 21:48:58,386 [ERROR] LogOutputStream:75 - [STDERR_REDIRECT] 
2026-04-30 21:48:59,390 [ERROR] LogOutputStream:75 - [STDERR_REDIRECT] [Fatal Error] :1:1: Premature end of file.
2026-04-30 21:48:59,390 [ERROR] LogOutputStream:75 - [STDERR_REDIRECT] 
2026-04-30 21:49:00,389 [ERROR] LogOutputStream:75 - [STDERR_REDIRECT] [Fatal Error] :1:1: Premature end of file.
2026-04-30 21:49:00,389 [ERROR] LogOutputStream:75 - [STDERR_REDIRECT] 
2026-04-30 21:49:01,395 [ERROR] LogOutputStream:75 - [STDERR_REDIRECT] [Fatal Error] :1:1: Premature end of file.
2026-04-30 21:49:01,395 [ERROR] LogOutputStream:75 - [STDERR_REDIRECT] 
2026-04-30 21:49:02,385 [ERROR] LogOutputStream:75 - [STDERR_REDIRECT] [Fatal Error] :1:1: Premature end of file.
2026-04-30 21:49:02,385 [ERROR] LogOutputStream:75 - [STDERR_REDIRECT] 
2026-04-30 21:49:03,387 [ERROR] LogOutputStream:75 - [STDERR_REDIRECT] [Fatal Error] :1:1: Premature end of file.
2026-04-30 21:49:03,387 [ERROR] LogOutputStream:75 - [STDERR_REDIRECT] 
2026-04-30 21:49:04,390 [ERROR] LogOutputStream:75 - [STDERR_REDIRECT] [Fatal Error] :1:1: Premature end of file.
2026-04-30 21:49:04,390 [ERROR] LogOutputStream:75 - [STDERR_REDIRECT] 
2026-04-30 21:49:05,396 [ERROR] LogOutputStream:75 - [STDERR_REDIRECT] [Fatal Error] :1:1: Premature end of file.
2026-04-30 21:49:05,400 [ERROR] LogOutputStream:75 - [STDERR_REDIRECT] 
2026-04-30 21:49:06,395 [ERROR] LogOutputStream:75 - [STDERR_REDIRECT] [Fatal Error] :1:1: Premature end of file.
2026-04-30 21:49:06,395 [ERROR] LogOutputStream:75 - [STDERR_REDIRECT] 
2026-04-30 21:49:07,408 [ERROR] LogOutputStream:75 - [STDERR_REDIRECT] [Fatal Error] :1:1: Premature end of file.
2026-04-30 21:49:07,408 [ERROR] LogOutputStream:75 - [STDERR_REDIRECT] 
2026-04-30 21:49:08,410 [ERROR] LogOutputStream:75 - [STDERR_REDIRECT] [Fatal Error] :1:1: Premature end of file.
2026-04-30 21:49:08,410 [ERROR] LogOutputStream:75 - [STDERR_REDIRECT] 
2026-04-30 21:49:09,405 [ERROR] LogOutputStream:75 - [STDERR_REDIRECT] [Fatal Error] :1:1: Premature end of file.
2026-04-30 21:49:09,405 [ERROR] LogOutputStream:75 - [STDERR_REDIRECT] 
2026-04-30 21:49:10,416 [ERROR] LogOutputStream:75 - [STDERR_REDIRECT] [Fatal Error] :1:1: Premature end of file.
2026-04-30 21:49:10,416 [ERROR] LogOutputStream:75 - [STDERR_REDIRECT] 
2026-04-30 21:49:11,410 [ERROR] LogOutputStream:75 - [STDERR_REDIRECT] [Fatal Error] :1:1: Premature end of file.
2026-04-30 21:49:11,410 [ERROR] LogOutputStream:75 - [STDERR_REDIRECT] 
2026-04-30 21:49:12,422 [ERROR] LogOutputStream:75 - [STDERR_REDIRECT] [Fatal Error] :1:1: Premature end of file.
2026-04-30 21:49:12,422 [ERROR] LogOutputStream:75 - [STDERR_REDIRECT] 
2026-04-30 21:49:13,400 [ERROR] LogOutputStream:75 - [STDERR_REDIRECT] [Fatal Error] :1:1: Premature end of file.
2026-04-30 21:49:13,400 [ERROR] LogOutputStream:75 - [STDERR_REDIRECT] 
2026-04-30 21:49:14,386 [ERROR] LogOutputStream:75 - [STDERR_REDIRECT] [Fatal Error] :1:1: Premature end of file.
2026-04-30 21:49:14,394 [ERROR] LogOutputStream:75 - [STDERR_REDIRECT] 
2026-04-30 21:49:15,437 [ERROR] LogOutputStream:75 - [STDERR_REDIRECT] [Fatal Error] :1:1: Premature end of file.
2026-04-30 21:49:15,437 [ERROR] LogOutputStream:75 - [STDERR_REDIRECT] 
2026-04-30 21:49:16,422 [ERROR] LogOutputStream:75 - [STDERR_REDIRECT] [Fatal Error] :1:1: Premature end of file.
2026-04-30 21:49:16,422 [ERROR] LogOutputStream:75 - [STDERR_REDIRECT] 
2026-04-30 21:49:17,393 [ERROR] LogOutputStream:75 - [STDERR_REDIRECT] [Fatal Error] :1:1: Premature end of file.
2026-04-30 21:49:17,393 [ERROR] LogOutputStream:75 - [STDERR_REDIRECT] 
2026-04-30 21:49:18,406 [ERROR] LogOutputStream:75 - [STDERR_REDIRECT] [Fatal Error] :1:1: Premature end of file.
2026-04-30 21:49:18,406 [ERROR] LogOutputStream:75 - [STDERR_REDIRECT] 
2026-04-30 21:49:19,397 [ERROR] LogOutputStream:75 - [STDERR_REDIRECT] [Fatal Error] :1:1: Premature end of file.
2026-04-30 21:49:19,397 [ERROR] LogOutputStream:75 - [STDERR_REDIRECT] 
2026-04-30 21:49:20,414 [ERROR] LogOutputStream:75 - [STDERR_REDIRECT] [Fatal Error] :1:1: Premature end of file.
2026-04-30 21:49:20,414 [ERROR] LogOutputStream:75 - [STDERR_REDIRECT] 
2026-04-30 21:49:21,409 [ERROR] LogOutputStream:75 - [STDERR_REDIRECT] [Fatal Error] :1:1: Premature end of file.
2026-04-30 21:49:21,409 [ERROR] LogOutputStream:75 - [STDERR_REDIRECT] 
2026-04-30 21:49:22,388 [ERROR] LogOutputStream:75 - [STDERR_REDIRECT] [Fatal Error] :1:1: Premature end of file.
2026-04-30 21:49:22,388 [ERROR] LogOutputStream:75 - [STDERR_REDIRECT] 
2026-04-30 21:49:23,394 [ERROR] LogOutputStream:75 - [STDERR_REDIRECT] [Fatal Error] :1:1: Premature end of file.
2026-04-30 21:49:23,394 [ERROR] LogOutputStream:75 - [STDERR_REDIRECT] 
2026-04-30 21:49:24,392 [ERROR] LogOutputStream:75 - [STDERR_REDIRECT] [Fatal Error] :1:1: Premature end of file.
2026-04-30 21:49:24,392 [ERROR] LogOutputStream:75 - [STDERR_REDIRECT] 
2026-04-30 21:49:25,393 [ERROR] LogOutputStream:75 - [STDERR_REDIRECT] [Fatal Error] :1:1: Premature end of file.
2026-04-30 21:49:25,393 [ERROR] LogOutputStream:75 - [STDERR_REDIRECT] 
2026-04-30 21:49:26,419 [ERROR] LogOutputStream:75 - [STDERR_REDIRECT] [Fatal Error] :1:1: Premature end of file.
2026-04-30 21:49:26,419 [ERROR] LogOutputStream:75 - [STDERR_REDIRECT] 
2026-04-30 21:49:27,386 [ERROR] LogOutputStream:75 - [STDERR_REDIRECT] [Fatal Error] :1:1: Premature end of file.
2026-04-30 21:49:27,386 [ERROR] LogOutputStream:75 - [STDERR_REDIRECT] 
2026-04-30 21:49:28,387 [ERROR] LogOutputStream:75 - [STDERR_REDIRECT] [Fatal Error] :1:1: Premature end of file.
2026-04-30 21:49:28,390 [ERROR] LogOutputStream:75 - [STDERR_REDIRECT] 
2026-04-30 21:49:29,393 [ERROR] LogOutputStream:75 - [STDERR_REDIRECT] [Fatal Error] :1:1: Premature end of file.
2026-04-30 21:49:29,393 [ERROR] LogOutputStream:75 - [STDERR_REDIRECT] 
2026-04-30 21:49:30,405 [ERROR] LogOutputStream:75 - [STDERR_REDIRECT] [Fatal Error] :1:1: Premature end of file.
2026-04-30 21:49:30,405 [ERROR] LogOutputStream:75 - [STDERR_REDIRECT] 
2026-04-30 21:49:31,399 [ERROR] LogOutputStream:75 - [STDERR_REDIRECT] [Fatal Error] :1:1: Premature end of file.
2026-04-30 21:49:31,399 [ERROR] LogOutputStream:75 - [STDERR_REDIRECT] 
2026-04-30 21:49:32,412 [ERROR] LogOutputStream:75 - [STDERR_REDIRECT] [Fatal Error] :1:1: Premature end of file.
2026-04-30 21:49:32,412 [ERROR] LogOutputStream:75 - [STDERR_REDIRECT] 
2026-04-30 21:49:33,390 [ERROR] LogOutputStream:75 - [STDERR_REDIRECT] [Fatal Error] :1:1: Premature end of file.
2026-04-30 21:49:33,390 [ERROR] LogOutputStream:75 - [STDERR_REDIRECT] 
2026-04-30 21:49:34,414 [ERROR] LogOutputStream:75 - [STDERR_REDIRECT] [Fatal Error] :1:1: Premature end of file.
2026-04-30 21:49:34,414 [ERROR] LogOutputStream:75 - [STDERR_REDIRECT] 
2026-04-30 21:49:35,409 [ERROR] LogOutputStream:75 - [STDERR_REDIRECT] [Fatal Error] :1:1: Premature end of file.
2026-04-30 21:49:35,409 [ERROR] LogOutputStream:75 - [STDERR_REDIRECT] 
2026-04-30 21:49:36,391 [ERROR] LogOutputStream:75 - [STDERR_REDIRECT] [Fatal Error] :1:1: Premature end of file.
2026-04-30 21:49:36,391 [ERROR] LogOutputStream:75 - [STDERR_REDIRECT] 
2026-04-30 21:49:37,397 [ERROR] LogOutputStream:75 - [STDERR_REDIRECT] [Fatal Error] :1:1: Premature end of file.
2026-04-30 21:49:37,397 [ERROR] LogOutputStream:75 - [STDERR_REDIRECT] 
2026-04-30 21:49:38,400 [ERROR] LogOutputStream:75 - [STDERR_REDIRECT] [Fatal Error] :1:1: Premature end of file.
2026-04-30 21:49:38,402 [ERROR] LogOutputStream:75 - [STDERR_REDIRECT] 
2026-04-30 21:49:39,411 [ERROR] LogOutputStream:75 - [STDERR_REDIRECT] [Fatal Error] :1:1: Premature end of file.
2026-04-30 21:49:39,411 [ERROR] LogOutputStream:75 - [STDERR_REDIRECT] 
2026-04-30 21:49:40,386 [ERROR] LogOutputStream:75 - [STDERR_REDIRECT] [Fatal Error] :1:1: Premature end of file.
2026-04-30 21:49:40,386 [ERROR] LogOutputStream:75 - [STDERR_REDIRECT] 
2026-04-30 21:49:41,385 [ERROR] LogOutputStream:75 - [STDERR_REDIRECT] [Fatal Error] :1:1: Premature end of file.
2026-04-30 21:49:41,385 [ERROR] LogOutputStream:75 - [STDERR_REDIRECT] 
2026-04-30 21:49:42,410 [ERROR] LogOutputStream:75 - [STDERR_REDIRECT] [Fatal Error] :1:1: Premature end of file.
2026-04-30 21:49:42,410 [ERROR] LogOutputStream:75 - [STDERR_REDIRECT] 
2026-04-30 21:49:43,417 [ERROR] LogOutputStream:75 - [STDERR_REDIRECT] [Fatal Error] :1:1: Premature end of file.
2026-04-30 21:49:43,417 [ERROR] LogOutputStream:75 - [STDERR_REDIRECT] 
2026-04-30 21:49:44,392 [ERROR] LogOutputStream:75 - [STDERR_REDIRECT] [Fatal Error] :1:1: Premature end of file.
2026-04-30 21:49:44,392 [ERROR] LogOutputStream:75 - [STDERR_REDIRECT] 
2026-04-30 21:49:45,390 [ERROR] LogOutputStream:75 - [STDERR_REDIRECT] [Fatal Error] :1:1: Premature end of file.
2026-04-30 21:49:45,390 [ERROR] LogOutputStream:75 - [STDERR_REDIRECT] 
2026-04-30 21:49:46,381 [ERROR] LogOutputStream:75 - [STDERR_REDIRECT] [Fatal Error] :1:1: Premature end of file.
2026-04-30 21:49:46,381 [ERROR] LogOutputStream:75 - [STDERR_REDIRECT] 
2026-04-30 21:49:47,421 [ERROR] LogOutputStream:75 - [STDERR_REDIRECT] [Fatal Error] :1:1: Premature end of file.
2026-04-30 21:49:47,421 [ERROR] LogOutputStream:75 - [STDERR_REDIRECT] 
2026-04-30 21:49:48,384 [ERROR] LogOutputStream:75 - [STDERR_REDIRECT] [Fatal Error] :1:1: Premature end of file.
2026-04-30 21:49:48,384 [ERROR] LogOutputStream:75 - [STDERR_REDIRECT] 
2026-04-30 21:49:49,411 [ERROR] LogOutputStream:75 - [STDERR_REDIRECT] [Fatal Error] :1:1: Premature end of file.
2026-04-30 21:49:49,411 [ERROR] LogOutputStream:75 - [STDERR_REDIRECT] 
2026-04-30 21:49:50,394 [ERROR] LogOutputStream:75 - [STDERR_REDIRECT] [Fatal Error] :1:1: Premature end of file.
2026-04-30 21:49:50,394 [ERROR] LogOutputStream:75 - [STDERR_REDIRECT] 
2026-04-30 21:49:51,409 [ERROR] LogOutputStream:75 - [STDERR_REDIRECT] [Fatal Error] :1:1: Premature end of file.
2026-04-30 21:49:51,409 [ERROR] LogOutputStream:75 - [STDERR_REDIRECT] 
2026-04-30 21:49:52,388 [ERROR] LogOutputStream:75 - [STDERR_REDIRECT] [Fatal Error] :1:1: Premature end of file.
2026-04-30 21:49:52,388 [ERROR] LogOutputStream:75 - [STDERR_REDIRECT] 
2026-04-30 21:49:53,389 [ERROR] LogOutputStream:75 - [STDERR_REDIRECT] [Fatal Error] :1:1: Premature end of file.
2026-04-30 21:49:53,389 [ERROR] LogOutputStream:75 - [STDERR_REDIRECT] 
2026-04-30 21:49:54,397 [ERROR] LogOutputStream:75 - [STDERR_REDIRECT] [Fatal Error] :1:1: Premature end of file.
2026-04-30 21:49:54,397 [ERROR] LogOutputStream:75 - [STDERR_REDIRECT] 
2026-04-30 21:49:55,403 [ERROR] LogOutputStream:75 - [STDERR_REDIRECT] [Fatal Error] :1:1: Premature end of file.
2026-04-30 21:49:55,403 [ERROR] LogOutputStream:75 - [STDERR_REDIRECT] 
2026-04-30 21:49:56,388 [ERROR] LogOutputStream:75 - [STDERR_REDIRECT] [Fatal Error] :1:1: Premature end of file.
2026-04-30 21:49:56,388 [ERROR] LogOutputStream:75 - [STDERR_REDIRECT] 
2026-04-30 21:49:57,388 [ERROR] LogOutputStream:75 - [STDERR_REDIRECT] [Fatal Error] :1:1: Premature end of file.
2026-04-30 21:49:57,388 [ERROR] LogOutputStream:75 - [STDERR_REDIRECT] 
2026-04-30 21:49:58,383 [ERROR] LogOutputStream:75 - [STDERR_REDIRECT] [Fatal Error] :1:1: Premature end of file.
2026-04-30 21:49:58,383 [ERROR] LogOutputStream:75 - [STDERR_REDIRECT] 
2026-04-30 21:49:59,385 [ERROR] LogOutputStream:75 - [STDERR_REDIRECT] [Fatal Error] :1:1: Premature end of file.
2026-04-30 21:49:59,385 [ERROR] LogOutputStream:75 - [STDERR_REDIRECT] 
2026-04-30 21:50:00,422 [ERROR] LogOutputStream:75 - [STDERR_REDIRECT] [Fatal Error] :1:1: Premature end of file.
2026-04-30 21:50:00,422 [ERROR] LogOutputStream:75 - [STDERR_REDIRECT] 
2026-04-30 21:50:01,386 [ERROR] LogOutputStream:75 - [STDERR_REDIRECT] [Fatal Error] :1:1: Premature end of file.
2026-04-30 21:50:01,394 [ERROR] LogOutputStream:75 - [STDERR_REDIRECT] 
2026-04-30 21:50:02,388 [ERROR] LogOutputStream:75 - [STDERR_REDIRECT] [Fatal Error] :1:1: Premature end of file.
2026-04-30 21:50:02,388 [ERROR] LogOutputStream:75 - [STDERR_REDIRECT] 
2026-04-30 21:50:03,401 [ERROR] LogOutputStream:75 - [STDERR_REDIRECT] [Fatal Error] :1:1: Premature end of file.
2026-04-30 21:50:03,405 [ERROR] LogOutputStream:75 - [STDERR_REDIRECT] 
2026-04-30 21:50:04,389 [ERROR] LogOutputStream:75 - [STDERR_REDIRECT] [Fatal Error] :1:1: Premature end of file.
2026-04-30 21:50:04,389 [ERROR] LogOutputStream:75 - [STDERR_REDIRECT] 
2026-04-30 21:50:05,385 [ERROR] LogOutputStream:75 - [STDERR_REDIRECT] [Fatal Error] :1:1: Premature end of file.
2026-04-30 21:50:05,385 [ERROR] LogOutputStream:75 - [STDERR_REDIRECT] 
2026-04-30 21:50:06,385 [ERROR] LogOutputStream:75 - [STDERR_REDIRECT] [Fatal Error] :1:1: Premature end of file.
2026-04-30 21:50:06,385 [ERROR] LogOutputStream:75 - [STDERR_REDIRECT] 
2026-04-30 21:50:07,386 [ERROR] LogOutputStream:75 - [STDERR_REDIRECT] [Fatal Error] :1:1: Premature end of file.
2026-04-30 21:50:07,386 [ERROR] LogOutputStream:75 - [STDERR_REDIRECT] 
2026-04-30 21:50:08,384 [ERROR] LogOutputStream:75 - [STDERR_REDIRECT] [Fatal Error] :1:1: Premature end of file.
2026-04-30 21:50:08,384 [ERROR] LogOutputStream:75 - [STDERR_REDIRECT] 
2026-04-30 21:50:09,393 [ERROR] LogOutputStream:75 - [STDERR_REDIRECT] [Fatal Error] :1:1: Premature end of file.
2026-04-30 21:50:09,393 [ERROR] LogOutputStream:75 - [STDERR_REDIRECT] 
2026-04-30 21:50:10,385 [ERROR] LogOutputStream:75 - [STDERR_REDIRECT] [Fatal Error] :1:1: Premature end of file.
2026-04-30 21:50:10,385 [ERROR] LogOutputStream:75 - [STDERR_REDIRECT] 
2026-04-30 21:50:11,390 [ERROR] LogOutputStream:75 - [STDERR_REDIRECT] [Fatal Error] :1:1: Premature end of file.
2026-04-30 21:50:11,390 [ERROR] LogOutputStream:75 - [STDERR_REDIRECT] 
2026-04-30 21:50:12,394 [ERROR] LogOutputStream:75 - [STDERR_REDIRECT] [Fatal Error] :1:1: Premature end of file.
2026-04-30 21:50:12,394 [ERROR] LogOutputStream:75 - [STDERR_REDIRECT] 
2026-04-30 21:50:13,385 [ERROR] LogOutputStream:75 - [STDERR_REDIRECT] [Fatal Error] :1:1: Premature end of file.
2026-04-30 21:50:13,385 [ERROR] LogOutputStream:75 - [STDERR_REDIRECT] 
2026-04-30 21:50:14,396 [ERROR] LogOutputStream:75 - [STDERR_REDIRECT] [Fatal Error] :1:1: Premature end of file.
2026-04-30 21:50:14,396 [ERROR] LogOutputStream:75 - [STDERR_REDIRECT] 
2026-04-30 21:50:15,405 [ERROR] LogOutputStream:75 - [STDERR_REDIRECT] [Fatal Error] :1:1: Premature end of file.
2026-04-30 21:50:15,405 [ERROR] LogOutputStream:75 - [STDERR_REDIRECT] 
2026-04-30 21:50:16,406 [ERROR] LogOutputStream:75 - [STDERR_REDIRECT] [Fatal Error] :1:1: Premature end of file.
2026-04-30 21:50:16,406 [ERROR] LogOutputStream:75 - [STDERR_REDIRECT] 
2026-04-30 21:50:17,413 [ERROR] LogOutputStream:75 - [STDERR_REDIRECT] [Fatal Error] :1:1: Premature end of file.
2026-04-30 21:50:17,413 [ERROR] LogOutputStream:75 - [STDERR_REDIRECT] 
2026-04-30 21:50:18,376 [ERROR] LogOutputStream:75 - [STDERR_REDIRECT] [Fatal Error] :1:1: Premature end of file.
2026-04-30 21:50:18,376 [ERROR] LogOutputStream:75 - [STDERR_REDIRECT] 
2026-04-30 21:50:19,406 [ERROR] LogOutputStream:75 - [STDERR_REDIRECT] [Fatal Error] :1:1: Premature end of file.
2026-04-30 21:50:19,406 [ERROR] LogOutputStream:75 - [STDERR_REDIRECT] 
2026-04-30 21:50:20,413 [ERROR] LogOutputStream:75 - [STDERR_REDIRECT] [Fatal Error] :1:1: Premature end of file.
2026-04-30 21:50:20,413 [ERROR] LogOutputStream:75 - [STDERR_REDIRECT] 
2026-04-30 21:50:21,405 [ERROR] LogOutputStream:75 - [STDERR_REDIRECT] [Fatal Error] :1:1: Premature end of file.
2026-04-30 21:50:21,405 [ERROR] LogOutputStream:75 - [STDERR_REDIRECT] 
2026-04-30 21:50:22,406 [ERROR] LogOutputStream:75 - [STDERR_REDIRECT] [Fatal Error] :1:1: Premature end of file.
2026-04-30 21:50:22,406 [ERROR] LogOutputStream:75 - [STDERR_REDIRECT] 
2026-04-30 21:50:23,404 [ERROR] LogOutputStream:75 - [STDERR_REDIRECT] [Fatal Error] :1:1: Premature end of file.
2026-04-30 21:50:23,404 [ERROR] LogOutputStream:75 - [STDERR_REDIRECT] 
2026-04-30 21:50:24,409 [ERROR] LogOutputStream:75 - [STDERR_REDIRECT] [Fatal Error] :1:1: Premature end of file.
2026-04-30 21:50:24,409 [ERROR] LogOutputStream:75 - [STDERR_REDIRECT] 
2026-04-30 21:50:25,407 [ERROR] LogOutputStream:75 - [STDERR_REDIRECT] [Fatal Error] :1:1: Premature end of file.
2026-04-30 21:50:25,407 [ERROR] LogOutputStream:75 - [STDERR_REDIRECT] 
2026-04-30 21:50:26,406 [ERROR] LogOutputStream:75 - [STDERR_REDIRECT] [Fatal Error] :1:1: Premature end of file.
2026-04-30 21:50:26,406 [ERROR] LogOutputStream:75 - [STDERR_REDIRECT] 
2026-04-30 21:50:27,404 [ERROR] LogOutputStream:75 - [STDERR_REDIRECT] [Fatal Error] :1:1: Premature end of file.
2026-04-30 21:50:27,404 [ERROR] LogOutputStream:75 - [STDERR_REDIRECT] 
2026-04-30 21:50:28,403 [ERROR] LogOutputStream:75 - [STDERR_REDIRECT] [Fatal Error] :1:1: Premature end of file.
2026-04-30 21:50:28,403 [ERROR] LogOutputStream:75 - [STDERR_REDIRECT] 
2026-04-30 21:50:29,405 [ERROR] LogOutputStream:75 - [STDERR_REDIRECT] [Fatal Error] :1:1: Premature end of file.
2026-04-30 21:50:29,405 [ERROR] LogOutputStream:75 - [STDERR_REDIRECT] 
2026-04-30 21:50:30,407 [ERROR] LogOutputStream:75 - [STDERR_REDIRECT] [Fatal Error] :1:1: Premature end of file.
2026-04-30 21:50:30,407 [ERROR] LogOutputStream:75 - [STDERR_REDIRECT] 
2026-04-30 21:50:31,402 [ERROR] LogOutputStream:75 - [STDERR_REDIRECT] [Fatal Error] :1:1: Premature end of file.
2026-04-30 21:50:31,402 [ERROR] LogOutputStream:75 - [STDERR_REDIRECT] 
2026-04-30 21:50:32,411 [ERROR] LogOutputStream:75 - [STDERR_REDIRECT] [Fatal Error] :1:1: Premature end of file.
2026-04-30 21:50:32,411 [ERROR] LogOutputStream:75 - [STDERR_REDIRECT] 
2026-04-30 21:50:33,406 [ERROR] LogOutputStream:75 - [STDERR_REDIRECT] [Fatal Error] :1:1: Premature end of file.
2026-04-30 21:50:33,406 [ERROR] LogOutputStream:75 - [STDERR_REDIRECT] 
2026-04-30 21:50:34,411 [ERROR] LogOutputStream:75 - [STDERR_REDIRECT] [Fatal Error] :1:1: Premature end of file.
2026-04-30 21:50:34,411 [ERROR] LogOutputStream:75 - [STDERR_REDIRECT] 
2026-04-30 21:50:35,414 [ERROR] LogOutputStream:75 - [STDERR_REDIRECT] [Fatal Error] :1:1: Premature end of file.
2026-04-30 21:50:35,414 [ERROR] LogOutputStream:75 - [STDERR_REDIRECT] 
2026-04-30 21:50:36,397 [ERROR] LogOutputStream:75 - [STDERR_REDIRECT] [Fatal Error] :1:1: Premature end of file.
2026-04-30 21:50:36,397 [ERROR] LogOutputStream:75 - [STDERR_REDIRECT] 
2026-04-30 21:50:37,410 [ERROR] LogOutputStream:75 - [STDERR_REDIRECT] [Fatal Error] :1:1: Premature end of file.
2026-04-30 21:50:37,410 [ERROR] LogOutputStream:75 - [STDERR_REDIRECT] 
2026-04-30 21:50:38,411 [ERROR] LogOutputStream:75 - [STDERR_REDIRECT] [Fatal Error] :1:1: Premature end of file.
2026-04-30 21:50:38,411 [ERROR] LogOutputStream:75 - [STDERR_REDIRECT] 
2026-04-30 21:50:39,408 [ERROR] LogOutputStream:75 - [STDERR_REDIRECT] [Fatal Error] :1:1: Premature end of file.
2026-04-30 21:50:39,408 [ERROR] LogOutputStream:75 - [STDERR_REDIRECT] 
2026-04-30 21:50:40,406 [ERROR] LogOutputStream:75 - [STDERR_REDIRECT] [Fatal Error] :1:1: Premature end of file.
2026-04-30 21:50:40,406 [ERROR] LogOutputStream:75 - [STDERR_REDIRECT] 
2026-04-30 21:50:41,396 [ERROR] LogOutputStream:75 - [STDERR_REDIRECT] [Fatal Error] :1:1: Premature end of file.
2026-04-30 21:50:41,396 [ERROR] LogOutputStream:75 - [STDERR_REDIRECT] 
2026-04-30 21:50:42,411 [ERROR] LogOutputStream:75 - [STDERR_REDIRECT] [Fatal Error] :1:1: Premature end of file.
2026-04-30 21:50:42,411 [ERROR] LogOutputStream:75 - [STDERR_REDIRECT] 
2026-04-30 21:50:43,401 [ERROR] LogOutputStream:75 - [STDERR_REDIRECT] [Fatal Error] :1:1: Premature end of file.
2026-04-30 21:50:43,401 [ERROR] LogOutputStream:75 - [STDERR_REDIRECT] 
2026-04-30 21:50:44,415 [ERROR] LogOutputStream:75 - [STDERR_REDIRECT] [Fatal Error] :1:1: Premature end of file.
2026-04-30 21:50:44,415 [ERROR] LogOutputStream:75 - [STDERR_REDIRECT] 
2026-04-30 21:50:45,406 [ERROR] LogOutputStream:75 - [STDERR_REDIRECT] [Fatal Error] :1:1: Premature end of file.
2026-04-30 21:50:45,406 [ERROR] LogOutputStream:75 - [STDERR_REDIRECT] 
2026-04-30 21:50:46,415 [ERROR] LogOutputStream:75 - [STDERR_REDIRECT] [Fatal Error] :1:1: Premature end of file.
2026-04-30 21:50:46,415 [ERROR] LogOutputStream:75 - [STDERR_REDIRECT] 
2026-04-30 21:50:47,404 [ERROR] LogOutputStream:75 - [STDERR_REDIRECT] [Fatal Error] :1:1: Premature end of file.
2026-04-30 21:50:47,404 [ERROR] LogOutputStream:75 - [STDERR_REDIRECT] 
2026-04-30 21:50:48,403 [ERROR] LogOutputStream:75 - [STDERR_REDIRECT] [Fatal Error] :1:1: Premature end of file.
2026-04-30 21:50:48,403 [ERROR] LogOutputStream:75 - [STDERR_REDIRECT] 
2026-04-30 21:50:49,405 [ERROR] LogOutputStream:75 - [STDERR_REDIRECT] [Fatal Error] :1:1: Premature end of file.
2026-04-30 21:50:49,405 [ERROR] LogOutputStream:75 - [STDERR_REDIRECT] 
2026-04-30 21:50:50,405 [ERROR] LogOutputStream:75 - [STDERR_REDIRECT] [Fatal Error] :1:1: Premature end of file.
2026-04-30 21:50:50,405 [ERROR] LogOutputStream:75 - [STDERR_REDIRECT] 
2026-04-30 21:50:51,413 [ERROR] LogOutputStream:75 - [STDERR_REDIRECT] [Fatal Error] :1:1: Premature end of file.
2026-04-30 21:50:51,413 [ERROR] LogOutputStream:75 - [STDERR_REDIRECT] 
2026-04-30 21:50:52,408 [ERROR] LogOutputStream:75 - [STDERR_REDIRECT] [Fatal Error] :1:1: Premature end of file.
2026-04-30 21:50:52,408 [ERROR] LogOutputStream:75 - [STDERR_REDIRECT] 
2026-04-30 21:50:53,406 [ERROR] LogOutputStream:75 - [STDERR_REDIRECT] [Fatal Error] :1:1: Premature end of file.
2026-04-30 21:50:53,406 [ERROR] LogOutputStream:75 - [STDERR_REDIRECT] 
2026-04-30 21:50:54,408 [ERROR] LogOutputStream:75 - [STDERR_REDIRECT] [Fatal Error] :1:1: Premature end of file.
2026-04-30 21:50:54,408 [ERROR] LogOutputStream:75 - [STDERR_REDIRECT] 
2026-04-30 21:50:55,403 [ERROR] LogOutputStream:75 - [STDERR_REDIRECT] [Fatal Error] :1:1: Premature end of file.
2026-04-30 21:50:55,408 [ERROR] LogOutputStream:75 - [STDERR_REDIRECT] 
2026-04-30 21:50:56,405 [ERROR] LogOutputStream:75 - [STDERR_REDIRECT] [Fatal Error] :1:1: Premature end of file.
2026-04-30 21:50:56,405 [ERROR] LogOutputStream:75 - [STDERR_REDIRECT] 
2026-04-30 21:50:57,409 [ERROR] LogOutputStream:75 - [STDERR_REDIRECT] [Fatal Error] :1:1: Premature end of file.
2026-04-30 21:50:57,411 [ERROR] LogOutputStream:75 - [STDERR_REDIRECT] 
2026-04-30 21:50:58,413 [ERROR] LogOutputStream:75 - [STDERR_REDIRECT] [Fatal Error] :1:1: Premature end of file.
2026-04-30 21:50:58,413 [ERROR] LogOutputStream:75 - [STDERR_REDIRECT] 
2026-04-30 21:50:59,408 [ERROR] LogOutputStream:75 - [STDERR_REDIRECT] [Fatal Error] :1:1: Premature end of file.
2026-04-30 21:50:59,408 [ERROR] LogOutputStream:75 - [STDERR_REDIRECT] 
2026-04-30 21:51:00,403 [ERROR] LogOutputStream:75 - [STDERR_REDIRECT] [Fatal Error] :1:1: Premature end of file.
2026-04-30 21:51:00,403 [ERROR] LogOutputStream:75 - [STDERR_REDIRECT] 
2026-04-30 21:51:01,405 [ERROR] LogOutputStream:75 - [STDERR_REDIRECT] [Fatal Error] :1:1: Premature end of file.
2026-04-30 21:51:01,405 [ERROR] LogOutputStream:75 - [STDERR_REDIRECT] 
2026-04-30 21:51:02,408 [ERROR] LogOutputStream:75 - [STDERR_REDIRECT] [Fatal Error] :1:1: Premature end of file.
2026-04-30 21:51:02,408 [ERROR] LogOutputStream:75 - [STDERR_REDIRECT] 
2026-04-30 21:51:03,406 [ERROR] LogOutputStream:75 - [STDERR_REDIRECT] [Fatal Error] :1:1: Premature end of file.
2026-04-30 21:51:03,406 [ERROR] LogOutputStream:75 - [STDERR_REDIRECT] 
2026-04-30 21:51:04,404 [ERROR] LogOutputStream:75 - [STDERR_REDIRECT] [Fatal Error] :1:1: Premature end of file.
2026-04-30 21:51:04,404 [ERROR] LogOutputStream:75 - [STDERR_REDIRECT] 
2026-04-30 21:51:05,408 [ERROR] LogOutputStream:75 - [STDERR_REDIRECT] [Fatal Error] :1:1: Premature end of file.
2026-04-30 21:51:05,408 [ERROR] LogOutputStream:75 - [STDERR_REDIRECT] 
2026-04-30 21:51:06,405 [ERROR] LogOutputStream:75 - [STDERR_REDIRECT] [Fatal Error] :1:1: Premature end of file.
2026-04-30 21:51:06,405 [ERROR] LogOutputStream:75 - [STDERR_REDIRECT] 
2026-04-30 21:51:07,406 [ERROR] LogOutputStream:75 - [STDERR_REDIRECT] [Fatal Error] :1:1: Premature end of file.
2026-04-30 21:51:07,406 [ERROR] LogOutputStream:75 - [STDERR_REDIRECT] 
2026-04-30 21:51:08,404 [ERROR] LogOutputStream:75 - [STDERR_REDIRECT] [Fatal Error] :1:1: Premature end of file.
2026-04-30 21:51:08,404 [ERROR] LogOutputStream:75 - [STDERR_REDIRECT] 
2026-04-30 21:51:09,400 [ERROR] LogOutputStream:75 - [STDERR_REDIRECT] [Fatal Error] :1:1: Premature end of file.
2026-04-30 21:51:09,400 [ERROR] LogOutputStream:75 - [STDERR_REDIRECT] 
2026-04-30 21:51:10,407 [ERROR] LogOutputStream:75 - [STDERR_REDIRECT] [Fatal Error] :1:1: Premature end of file.
2026-04-30 21:51:10,407 [ERROR] LogOutputStream:75 - [STDERR_REDIRECT] 
2026-04-30 21:51:11,406 [ERROR] LogOutputStream:75 - [STDERR_REDIRECT] [Fatal Error] :1:1: Premature end of file.
2026-04-30 21:51:11,406 [ERROR] LogOutputStream:75 - [STDERR_REDIRECT] 
2026-04-30 21:51:12,411 [ERROR] LogOutputStream:75 - [STDERR_REDIRECT] [Fatal Error] :1:1: Premature end of file.
2026-04-30 21:51:12,411 [ERROR] LogOutputStream:75 - [STDERR_REDIRECT] 
2026-04-30 21:51:13,410 [ERROR] LogOutputStream:75 - [STDERR_REDIRECT] [Fatal Error] :1:1: Premature end of file.
2026-04-30 21:51:13,410 [ERROR] LogOutputStream:75 - [STDERR_REDIRECT] 
2026-04-30 21:51:14,417 [ERROR] LogOutputStream:75 - [STDERR_REDIRECT] [Fatal Error] :1:1: Premature end of file.
2026-04-30 21:51:14,417 [ERROR] LogOutputStream:75 - [STDERR_REDIRECT] 
2026-04-30 21:51:15,410 [ERROR] LogOutputStream:75 - [STDERR_REDIRECT] [Fatal Error] :1:1: Premature end of file.
2026-04-30 21:51:15,410 [ERROR] LogOutputStream:75 - [STDERR_REDIRECT] 
2026-04-30 21:51:16,402 [ERROR] LogOutputStream:75 - [STDERR_REDIRECT] [Fatal Error] :1:1: Premature end of file.
2026-04-30 21:51:16,402 [ERROR] LogOutputStream:75 - [STDERR_REDIRECT] 
2026-04-30 21:51:17,406 [ERROR] LogOutputStream:75 - [STDERR_REDIRECT] [Fatal Error] :1:1: Premature end of file.
2026-04-30 21:51:17,406 [ERROR] LogOutputStream:75 - [STDERR_REDIRECT] 
2026-04-30 21:51:18,402 [ERROR] LogOutputStream:75 - [STDERR_REDIRECT] [Fatal Error] :1:1: Premature end of file.
2026-04-30 21:51:18,402 [ERROR] LogOutputStream:75 - [STDERR_REDIRECT] 
2026-04-30 21:51:19,404 [ERROR] LogOutputStream:75 - [STDERR_REDIRECT] [Fatal Error] :1:1: Premature end of file.
2026-04-30 21:51:19,414 [ERROR] LogOutputStream:75 - [STDERR_REDIRECT] 
2026-04-30 21:51:20,408 [ERROR] LogOutputStream:75 - [STDERR_REDIRECT] [Fatal Error] :1:1: Premature end of file.
2026-04-30 21:51:20,408 [ERROR] LogOutputStream:75 - [STDERR_REDIRECT] 
2026-04-30 21:51:21,389 [ERROR] LogOutputStream:75 - [STDERR_REDIRECT] [Fatal Error] :1:1: Premature end of file.
2026-04-30 21:51:21,389 [ERROR] LogOutputStream:75 - [STDERR_REDIRECT] 
2026-04-30 21:51:22,395 [ERROR] LogOutputStream:75 - [STDERR_REDIRECT] [Fatal Error] :1:1: Premature end of file.
2026-04-30 21:51:22,395 [ERROR] LogOutputStream:75 - [STDERR_REDIRECT] 
2026-04-30 21:51:23,391 [ERROR] LogOutputStream:75 - [STDERR_REDIRECT] [Fatal Error] :1:1: Premature end of file.
2026-04-30 21:51:23,391 [ERROR] LogOutputStream:75 - [STDERR_REDIRECT] 
2026-04-30 21:51:24,415 [ERROR] LogOutputStream:75 - [STDERR_REDIRECT] [Fatal Error] :1:1: Premature end of file.
2026-04-30 21:51:24,415 [ERROR] LogOutputStream:75 - [STDERR_REDIRECT] 
2026-04-30 21:51:25,406 [ERROR] LogOutputStream:75 - [STDERR_REDIRECT] [Fatal Error] :1:1: Premature end of file.
2026-04-30 21:51:25,406 [ERROR] LogOutputStream:75 - [STDERR_REDIRECT] 
2026-04-30 21:51:26,405 [ERROR] LogOutputStream:75 - [STDERR_REDIRECT] [Fatal Error] :1:1: Premature end of file.
2026-04-30 21:51:26,405 [ERROR] LogOutputStream:75 - [STDERR_REDIRECT] 
2026-04-30 21:51:27,410 [ERROR] LogOutputStream:75 - [STDERR_REDIRECT] [Fatal Error] :1:1: Premature end of file.
2026-04-30 21:51:27,410 [ERROR] LogOutputStream:75 - [STDERR_REDIRECT] 
2026-04-30 21:51:28,414 [ERROR] LogOutputStream:75 - [STDERR_REDIRECT] [Fatal Error] :1:1: Premature end of file.
2026-04-30 21:51:28,414 [ERROR] LogOutputStream:75 - [STDERR_REDIRECT] 
2026-04-30 21:51:29,408 [ERROR] LogOutputStream:75 - [STDERR_REDIRECT] [Fatal Error] :1:1: Premature end of file.
2026-04-30 21:51:29,408 [ERROR] LogOutputStream:75 - [STDERR_REDIRECT] 
2026-04-30 21:51:30,403 [ERROR] LogOutputStream:75 - [STDERR_REDIRECT] [Fatal Error] :1:1: Premature end of file.
2026-04-30 21:51:30,403 [ERROR] LogOutputStream:75 - [STDERR_REDIRECT] 
2026-04-30 21:51:31,386 [ERROR] LogOutputStream:75 - [STDERR_REDIRECT] [Fatal Error] :1:1: Premature end of file.
2026-04-30 21:51:31,386 [ERROR] LogOutputStream:75 - [STDERR_REDIRECT] 
2026-04-30 21:51:32,385 [ERROR] LogOutputStream:75 - [STDERR_REDIRECT] [Fatal Error] :1:1: Premature end of file.
2026-04-30 21:51:32,385 [ERROR] LogOutputStream:75 - [STDERR_REDIRECT] 
2026-04-30 21:51:33,405 [ERROR] LogOutputStream:75 - [STDERR_REDIRECT] [Fatal Error] :1:1: Premature end of file.
2026-04-30 21:51:33,406 [ERROR] LogOutputStream:75 - [STDERR_REDIRECT] 
2026-04-30 21:51:34,410 [ERROR] LogOutputStream:75 - [STDERR_REDIRECT] [Fatal Error] :1:1: Premature end of file.
2026-04-30 21:51:34,410 [ERROR] LogOutputStream:75 - [STDERR_REDIRECT] 
2026-04-30 21:51:35,395 [ERROR] LogOutputStream:75 - [STDERR_REDIRECT] [Fatal Error] :1:1: Premature end of file.
2026-04-30 21:51:35,395 [ERROR] LogOutputStream:75 - [STDERR_REDIRECT] 
2026-04-30 21:51:36,404 [ERROR] LogOutputStream:75 - [STDERR_REDIRECT] [Fatal Error] :1:1: Premature end of file.
2026-04-30 21:51:36,404 [ERROR] LogOutputStream:75 - [STDERR_REDIRECT] 
2026-04-30 21:51:37,404 [ERROR] LogOutputStream:75 - [STDERR_REDIRECT] [Fatal Error] :1:1: Premature end of file.
2026-04-30 21:51:37,404 [ERROR] LogOutputStream:75 - [STDERR_REDIRECT] 
2026-04-30 21:51:38,407 [ERROR] LogOutputStream:75 - [STDERR_REDIRECT] [Fatal Error] :1:1: Premature end of file.
2026-04-30 21:51:38,407 [ERROR] LogOutputStream:75 - [STDERR_REDIRECT] 
2026-04-30 21:51:39,405 [ERROR] LogOutputStream:75 - [STDERR_REDIRECT] [Fatal Error] :1:1: Premature end of file.
2026-04-30 21:51:39,405 [ERROR] LogOutputStream:75 - [STDERR_REDIRECT] 
2026-04-30 21:51:40,400 [ERROR] LogOutputStream:75 - [STDERR_REDIRECT] [Fatal Error] :1:1: Premature end of file.
2026-04-30 21:51:40,400 [ERROR] LogOutputStream:75 - [STDERR_REDIRECT] 
2026-04-30 21:51:41,407 [ERROR] LogOutputStream:75 - [STDERR_REDIRECT] [Fatal Error] :1:1: Premature end of file.
2026-04-30 21:51:41,407 [ERROR] LogOutputStream:75 - [STDERR_REDIRECT] 
2026-04-30 21:51:42,408 [ERROR] LogOutputStream:75 - [STDERR_REDIRECT] [Fatal Error] :1:1: Premature end of file.
2026-04-30 21:51:42,408 [ERROR] LogOutputStream:75 - [STDERR_REDIRECT] 
2026-04-30 21:51:43,404 [ERROR] LogOutputStream:75 - [STDERR_REDIRECT] [Fatal Error] :1:1: Premature end of file.
2026-04-30 21:51:43,404 [ERROR] LogOutputStream:75 - [STDERR_REDIRECT] 
2026-04-30 21:51:44,404 [ERROR] LogOutputStream:75 - [STDERR_REDIRECT] [Fatal Error] :1:1: Premature end of file.
2026-04-30 21:51:44,404 [ERROR] LogOutputStream:75 - [STDERR_REDIRECT] 
2026-04-30 21:51:45,407 [ERROR] LogOutputStream:75 - [STDERR_REDIRECT] [Fatal Error] :1:1: Premature end of file.
2026-04-30 21:51:45,407 [ERROR] LogOutputStream:75 - [STDERR_REDIRECT] 
2026-04-30 21:51:46,409 [ERROR] LogOutputStream:75 - [STDERR_REDIRECT] [Fatal Error] :1:1: Premature end of file.
2026-04-30 21:51:46,409 [ERROR] LogOutputStream:75 - [STDERR_REDIRECT] 
2026-04-30 21:51:47,404 [ERROR] LogOutputStream:75 - [STDERR_REDIRECT] [Fatal Error] :1:1: Premature end of file.
2026-04-30 21:51:47,404 [ERROR] LogOutputStream:75 - [STDERR_REDIRECT] 
2026-04-30 21:51:48,414 [ERROR] LogOutputStream:75 - [STDERR_REDIRECT] [Fatal Error] :1:1: Premature end of file.
2026-04-30 21:51:48,414 [ERROR] LogOutputStream:75 - [STDERR_REDIRECT] 
2026-04-30 21:51:49,394 [ERROR] LogOutputStream:75 - [STDERR_REDIRECT] [Fatal Error] :1:1: Premature end of file.
2026-04-30 21:51:49,394 [ERROR] LogOutputStream:75 - [STDERR_REDIRECT] 
2026-04-30 21:51:50,414 [ERROR] LogOutputStream:75 - [STDERR_REDIRECT] [Fatal Error] :1:1: Premature end of file.
2026-04-30 21:51:50,414 [ERROR] LogOutputStream:75 - [STDERR_REDIRECT] 
2026-04-30 21:51:51,407 [ERROR] LogOutputStream:75 - [STDERR_REDIRECT] [Fatal Error] :1:1: Premature end of file.
2026-04-30 21:51:51,407 [ERROR] LogOutputStream:75 - [STDERR_REDIRECT] 
2026-04-30 21:51:52,399 [ERROR] LogOutputStream:75 - [STDERR_REDIRECT] [Fatal Error] :1:1: Premature end of file.
2026-04-30 21:51:52,400 [ERROR] LogOutputStream:75 - [STDERR_REDIRECT] 
2026-04-30 21:51:53,411 [ERROR] LogOutputStream:75 - [STDERR_REDIRECT] [Fatal Error] :1:1: Premature end of file.
2026-04-30 21:51:53,411 [ERROR] LogOutputStream:75 - [STDERR_REDIRECT] 
2026-04-30 21:51:54,408 [ERROR] LogOutputStream:75 - [STDERR_REDIRECT] [Fatal Error] :1:1: Premature end of file.
2026-04-30 21:51:54,408 [ERROR] LogOutputStream:75 - [STDERR_REDIRECT] 
2026-04-30 21:51:55,399 [ERROR] LogOutputStream:75 - [STDERR_REDIRECT] [Fatal Error] :1:1: Premature end of file.
2026-04-30 21:51:55,399 [ERROR] LogOutputStream:75 - [STDERR_REDIRECT] 
2026-04-30 21:51:56,407 [ERROR] LogOutputStream:75 - [STDERR_REDIRECT] [Fatal Error] :1:1: Premature end of file.
2026-04-30 21:51:56,407 [ERROR] LogOutputStream:75 - [STDERR_REDIRECT] 
2026-04-30 21:51:57,409 [ERROR] LogOutputStream:75 - [STDERR_REDIRECT] [Fatal Error] :1:1: Premature end of file.
2026-04-30 21:51:57,409 [ERROR] LogOutputStream:75 - [STDERR_REDIRECT] 
2026-04-30 21:51:58,408 [ERROR] LogOutputStream:75 - [STDERR_REDIRECT] [Fatal Error] :1:1: Premature end of file.
2026-04-30 21:51:58,408 [ERROR] LogOutputStream:75 - [STDERR_REDIRECT] 
2026-04-30 21:51:59,403 [ERROR] LogOutputStream:75 - [STDERR_REDIRECT] [Fatal Error] :1:1: Premature end of file.
2026-04-30 21:51:59,403 [ERROR] LogOutputStream:75 - [STDERR_REDIRECT] 
2026-04-30 21:52:00,409 [ERROR] LogOutputStream:75 - [STDERR_REDIRECT] [Fatal Error] :1:1: Premature end of file.
2026-04-30 21:52:00,409 [ERROR] LogOutputStream:75 - [STDERR_REDIRECT] 
2026-04-30 21:52:01,391 [ERROR] LogOutputStream:75 - [STDERR_REDIRECT] [Fatal Error] :1:1: Premature end of file.
2026-04-30 21:52:01,391 [ERROR] LogOutputStream:75 - [STDERR_REDIRECT] 
2026-04-30 21:52:02,412 [ERROR] LogOutputStream:75 - [STDERR_REDIRECT] [Fatal Error] :1:1: Premature end of file.
2026-04-30 21:52:02,412 [ERROR] LogOutputStream:75 - [STDERR_REDIRECT] 
2026-04-30 21:52:03,404 [ERROR] LogOutputStream:75 - [STDERR_REDIRECT] [Fatal Error] :1:1: Premature end of file.
2026-04-30 21:52:03,404 [ERROR] LogOutputStream:75 - [STDERR_REDIRECT] 
2026-04-30 21:52:04,408 [ERROR] LogOutputStream:75 - [STDERR_REDIRECT] [Fatal Error] :1:1: Premature end of file.
2026-04-30 21:52:04,408 [ERROR] LogOutputStream:75 - [STDERR_REDIRECT] 
2026-04-30 21:52:05,407 [ERROR] LogOutputStream:75 - [STDERR_REDIRECT] [Fatal Error] :1:1: Premature end of file.
2026-04-30 21:52:05,407 [ERROR] LogOutputStream:75 - [STDERR_REDIRECT] 
2026-04-30 21:52:06,394 [ERROR] LogOutputStream:75 - [STDERR_REDIRECT] [Fatal Error] :1:1: Premature end of file.
2026-04-30 21:52:06,394 [ERROR] LogOutputStream:75 - [STDERR_REDIRECT] 
2026-04-30 21:52:07,408 [ERROR] LogOutputStream:75 - [STDERR_REDIRECT] [Fatal Error] :1:1: Premature end of file.
2026-04-30 21:52:07,408 [ERROR] LogOutputStream:75 - [STDERR_REDIRECT] 
2026-04-30 21:52:08,406 [ERROR] LogOutputStream:75 - [STDERR_REDIRECT] [Fatal Error] :1:1: Premature end of file.
2026-04-30 21:52:08,406 [ERROR] LogOutputStream:75 - [STDERR_REDIRECT] 
2026-04-30 21:52:09,401 [ERROR] LogOutputStream:75 - [STDERR_REDIRECT] [Fatal Error] :1:1: Premature end of file.
2026-04-30 21:52:09,401 [ERROR] LogOutputStream:75 - [STDERR_REDIRECT] 
2026-04-30 21:52:10,402 [ERROR] LogOutputStream:75 - [STDERR_REDIRECT] [Fatal Error] :1:1: Premature end of file.
2026-04-30 21:52:10,402 [ERROR] LogOutputStream:75 - [STDERR_REDIRECT] 
2026-04-30 21:52:11,401 [ERROR] LogOutputStream:75 - [STDERR_REDIRECT] [Fatal Error] :1:1: Premature end of file.
2026-04-30 21:52:11,401 [ERROR] LogOutputStream:75 - [STDERR_REDIRECT] 
2026-04-30 21:52:12,409 [ERROR] LogOutputStream:75 - [STDERR_REDIRECT] [Fatal Error] :1:1: Premature end of file.
2026-04-30 21:52:12,409 [ERROR] LogOutputStream:75 - [STDERR_REDIRECT] 
2026-04-30 21:52:13,412 [ERROR] LogOutputStream:75 - [STDERR_REDIRECT] [Fatal Error] :1:1: Premature end of file.
2026-04-30 21:52:13,412 [ERROR] LogOutputStream:75 - [STDERR_REDIRECT] 
2026-04-30 21:52:14,408 [ERROR] LogOutputStream:75 - [STDERR_REDIRECT] [Fatal Error] :1:1: Premature end of file.
2026-04-30 21:52:14,408 [ERROR] LogOutputStream:75 - [STDERR_REDIRECT] 
2026-04-30 21:52:15,407 [ERROR] LogOutputStream:75 - [STDERR_REDIRECT] [Fatal Error] :1:1: Premature end of file.
2026-04-30 21:52:15,407 [ERROR] LogOutputStream:75 - [STDERR_REDIRECT] 
2026-04-30 21:52:16,409 [ERROR] LogOutputStream:75 - [STDERR_REDIRECT] [Fatal Error] :1:1: Premature end of file.
2026-04-30 21:52:16,409 [ERROR] LogOutputStream:75 - [STDERR_REDIRECT] 
2026-04-30 21:52:17,406 [ERROR] LogOutputStream:75 - [STDERR_REDIRECT] [Fatal Error] :1:1: Premature end of file.
2026-04-30 21:52:17,406 [ERROR] LogOutputStream:75 - [STDERR_REDIRECT] 
2026-04-30 21:52:18,409 [ERROR] LogOutputStream:75 - [STDERR_REDIRECT] [Fatal Error] :1:1: Premature end of file.
2026-04-30 21:52:18,409 [ERROR] LogOutputStream:75 - [STDERR_REDIRECT] 
2026-04-30 21:52:19,408 [ERROR] LogOutputStream:75 - [STDERR_REDIRECT] [Fatal Error] :1:1: Premature end of file.
2026-04-30 21:52:19,408 [ERROR] LogOutputStream:75 - [STDERR_REDIRECT] 
2026-04-30 21:52:20,405 [ERROR] LogOutputStream:75 - [STDERR_REDIRECT] [Fatal Error] :1:1: Premature end of file.
2026-04-30 21:52:20,405 [ERROR] LogOutputStream:75 - [STDERR_REDIRECT] 
2026-04-30 21:52:21,403 [ERROR] LogOutputStream:75 - [STDERR_REDIRECT] [Fatal Error] :1:1: Premature end of file.
2026-04-30 21:52:21,403 [ERROR] LogOutputStream:75 - [STDERR_REDIRECT] 
2026-04-30 21:52:22,420 [ERROR] LogOutputStream:75 - [STDERR_REDIRECT] [Fatal Error] :1:1: Premature end of file.
2026-04-30 21:52:22,420 [ERROR] LogOutputStream:75 - [STDERR_REDIRECT] 
2026-04-30 21:52:23,390 [ERROR] LogOutputStream:75 - [STDERR_REDIRECT] [Fatal Error] :1:1: Premature end of file.
2026-04-30 21:52:23,390 [ERROR] LogOutputStream:75 - [STDERR_REDIRECT] 
2026-04-30 21:52:24,388 [ERROR] LogOutputStream:75 - [STDERR_REDIRECT] [Fatal Error] :1:1: Premature end of file.
2026-04-30 21:52:24,388 [ERROR] LogOutputStream:75 - [STDERR_REDIRECT] 
2026-04-30 21:52:25,400 [ERROR] LogOutputStream:75 - [STDERR_REDIRECT] [Fatal Error] :1:1: Premature end of file.
2026-04-30 21:52:25,400 [ERROR] LogOutputStream:75 - [STDERR_REDIRECT] 
2026-04-30 21:52:26,386 [ERROR] LogOutputStream:75 - [STDERR_REDIRECT] [Fatal Error] :1:1: Premature end of file.
2026-04-30 21:52:26,386 [ERROR] LogOutputStream:75 - [STDERR_REDIRECT] 
2026-04-30 21:52:27,385 [ERROR] LogOutputStream:75 - [STDERR_REDIRECT] [Fatal Error] :1:1: Premature end of file.
2026-04-30 21:52:27,385 [ERROR] LogOutputStream:75 - [STDERR_REDIRECT] 
2026-04-30 21:52:28,387 [ERROR] LogOutputStream:75 - [STDERR_REDIRECT] [Fatal Error] :1:1: Premature end of file.
2026-04-30 21:52:28,387 [ERROR] LogOutputStream:75 - [STDERR_REDIRECT] 
2026-04-30 21:52:29,382 [ERROR] LogOutputStream:75 - [STDERR_REDIRECT] [Fatal Error] :1:1: Premature end of file.
2026-04-30 21:52:29,382 [ERROR] LogOutputStream:75 - [STDERR_REDIRECT] 
2026-04-30 21:52:30,390 [ERROR] LogOutputStream:75 - [STDERR_REDIRECT] [Fatal Error] :1:1: Premature end of file.
2026-04-30 21:52:30,390 [ERROR] LogOutputStream:75 - [STDERR_REDIRECT] 
2026-04-30 21:52:31,409 [ERROR] LogOutputStream:75 - [STDERR_REDIRECT] [Fatal Error] :1:1: Premature end of file.
2026-04-30 21:52:31,409 [ERROR] LogOutputStream:75 - [STDERR_REDIRECT] 
2026-04-30 21:52:32,397 [ERROR] LogOutputStream:75 - [STDERR_REDIRECT] [Fatal Error] :1:1: Premature end of file.
2026-04-30 21:52:32,397 [ERROR] LogOutputStream:75 - [STDERR_REDIRECT] 
2026-04-30 21:52:33,396 [ERROR] LogOutputStream:75 - [STDERR_REDIRECT] [Fatal Error] :1:1: Premature end of file.
2026-04-30 21:52:33,396 [ERROR] LogOutputStream:75 - [STDERR_REDIRECT] 
2026-04-30 21:52:34,381 [ERROR] LogOutputStream:75 - [STDERR_REDIRECT] [Fatal Error] :1:1: Premature end of file.
2026-04-30 21:52:34,381 [ERROR] LogOutputStream:75 - [STDERR_REDIRECT] 
2026-04-30 21:52:35,393 [ERROR] LogOutputStream:75 - [STDERR_REDIRECT] [Fatal Error] :1:1: Premature end of file.
2026-04-30 21:52:35,393 [ERROR] LogOutputStream:75 - [STDERR_REDIRECT] 
2026-04-30 21:52:36,394 [ERROR] LogOutputStream:75 - [STDERR_REDIRECT] [Fatal Error] :1:1: Premature end of file.
2026-04-30 21:52:36,394 [ERROR] LogOutputStream:75 - [STDERR_REDIRECT] 
2026-04-30 21:52:37,379 [ERROR] LogOutputStream:75 - [STDERR_REDIRECT] [Fatal Error] :1:1: Premature end of file.
2026-04-30 21:52:37,386 [ERROR] LogOutputStream:75 - [STDERR_REDIRECT] 
2026-04-30 21:52:38,385 [ERROR] LogOutputStream:75 - [STDERR_REDIRECT] [Fatal Error] :1:1: Premature end of file.
2026-04-30 21:52:38,385 [ERROR] LogOutputStream:75 - [STDERR_REDIRECT] 
2026-04-30 21:52:39,386 [ERROR] LogOutputStream:75 - [STDERR_REDIRECT] [Fatal Error] :1:1: Premature end of file.
2026-04-30 21:52:39,386 [ERROR] LogOutputStream:75 - [STDERR_REDIRECT] 
2026-04-30 21:52:40,379 [ERROR] LogOutputStream:75 - [STDERR_REDIRECT] [Fatal Error] :1:1: Premature end of file.
2026-04-30 21:52:40,379 [ERROR] LogOutputStream:75 - [STDERR_REDIRECT] 
2026-04-30 21:52:41,378 [ERROR] LogOutputStream:75 - [STDERR_REDIRECT] [Fatal Error] :1:1: Premature end of file.
2026-04-30 21:52:41,378 [ERROR] LogOutputStream:75 - [STDERR_REDIRECT] 
2026-04-30 21:52:42,386 [ERROR] LogOutputStream:75 - [STDERR_REDIRECT] [Fatal Error] :1:1: Premature end of file.
2026-04-30 21:52:42,386 [ERROR] LogOutputStream:75 - [STDERR_REDIRECT] 
2026-04-30 21:52:43,391 [ERROR] LogOutputStream:75 - [STDERR_REDIRECT] [Fatal Error] :1:1: Premature end of file.
2026-04-30 21:52:43,391 [ERROR] LogOutputStream:75 - [STDERR_REDIRECT] 
2026-04-30 21:52:44,384 [ERROR] LogOutputStream:75 - [STDERR_REDIRECT] [Fatal Error] :1:1: Premature end of file.
2026-04-30 21:52:44,384 [ERROR] LogOutputStream:75 - [STDERR_REDIRECT] 
2026-04-30 21:52:45,378 [ERROR] LogOutputStream:75 - [STDERR_REDIRECT] [Fatal Error] :1:1: Premature end of file.
2026-04-30 21:52:45,378 [ERROR] LogOutputStream:75 - [STDERR_REDIRECT] 
2026-04-30 21:52:46,386 [ERROR] LogOutputStream:75 - [STDERR_REDIRECT] [Fatal Error] :1:1: Premature end of file.
2026-04-30 21:52:46,386 [ERROR] LogOutputStream:75 - [STDERR_REDIRECT] 
2026-04-30 21:52:47,381 [ERROR] LogOutputStream:75 - [STDERR_REDIRECT] [Fatal Error] :1:1: Premature end of file.
2026-04-30 21:52:47,382 [ERROR] LogOutputStream:75 - [STDERR_REDIRECT] 
2026-04-30 21:52:48,399 [ERROR] LogOutputStream:75 - [STDERR_REDIRECT] [Fatal Error] :1:1: Premature end of file.
2026-04-30 21:52:48,399 [ERROR] LogOutputStream:75 - [STDERR_REDIRECT] 
2026-04-30 21:52:49,383 [ERROR] LogOutputStream:75 - [STDERR_REDIRECT] [Fatal Error] :1:1: Premature end of file.
2026-04-30 21:52:49,383 [ERROR] LogOutputStream:75 - [STDERR_REDIRECT] 
2026-04-30 21:52:50,374 [ERROR] LogOutputStream:75 - [STDERR_REDIRECT] [Fatal Error] :1:1: Premature end of file.
2026-04-30 21:52:50,375 [ERROR] LogOutputStream:75 - [STDERR_REDIRECT] 
2026-04-30 21:52:51,385 [ERROR] LogOutputStream:75 - [STDERR_REDIRECT] [Fatal Error] :1:1: Premature end of file.
2026-04-30 21:52:51,385 [ERROR] LogOutputStream:75 - [STDERR_REDIRECT] 
2026-04-30 21:52:52,381 [ERROR] LogOutputStream:75 - [STDERR_REDIRECT] [Fatal Error] :1:1: Premature end of file.
2026-04-30 21:52:52,381 [ERROR] LogOutputStream:75 - [STDERR_REDIRECT] 
2026-04-30 21:52:53,384 [ERROR] LogOutputStream:75 - [STDERR_REDIRECT] [Fatal Error] :1:1: Premature end of file.
2026-04-30 21:52:53,384 [ERROR] LogOutputStream:75 - [STDERR_REDIRECT] 
2026-04-30 21:52:54,374 [ERROR] LogOutputStream:75 - [STDERR_REDIRECT] [Fatal Error] :1:1: Premature end of file.
2026-04-30 21:52:54,374 [ERROR] LogOutputStream:75 - [STDERR_REDIRECT] 
2026-04-30 21:52:55,385 [ERROR] LogOutputStream:75 - [STDERR_REDIRECT] [Fatal Error] :1:1: Premature end of file.
2026-04-30 21:52:55,385 [ERROR] LogOutputStream:75 - [STDERR_REDIRECT] 
2026-04-30 21:52:56,387 [ERROR] LogOutputStream:75 - [STDERR_REDIRECT] [Fatal Error] :1:1: Premature end of file.
2026-04-30 21:52:56,387 [ERROR] LogOutputStream:75 - [STDERR_REDIRECT] 
2026-04-30 21:52:57,380 [ERROR] LogOutputStream:75 - [STDERR_REDIRECT] [Fatal Error] :1:1: Premature end of file.
2026-04-30 21:52:57,380 [ERROR] LogOutputStream:75 - [STDERR_REDIRECT] 
2026-04-30 21:52:58,383 [ERROR] LogOutputStream:75 - [STDERR_REDIRECT] [Fatal Error] :1:1: Premature end of file.
2026-04-30 21:52:58,383 [ERROR] LogOutputStream:75 - [STDERR_REDIRECT] 
2026-04-30 21:52:59,379 [ERROR] LogOutputStream:75 - [STDERR_REDIRECT] [Fatal Error] :1:1: Premature end of file.
2026-04-30 21:52:59,380 [ERROR] LogOutputStream:75 - [STDERR_REDIRECT] 
2026-04-30 21:53:00,381 [ERROR] LogOutputStream:75 - [STDERR_REDIRECT] [Fatal Error] :1:1: Premature end of file.
2026-04-30 21:53:00,381 [ERROR] LogOutputStream:75 - [STDERR_REDIRECT] 
2026-04-30 21:53:01,371 [ERROR] LogOutputStream:75 - [STDERR_REDIRECT] [Fatal Error] :1:1: Premature end of file.
2026-04-30 21:53:01,371 [ERROR] LogOutputStream:75 - [STDERR_REDIRECT] 
2026-04-30 21:53:02,383 [ERROR] LogOutputStream:75 - [STDERR_REDIRECT] [Fatal Error] :1:1: Premature end of file.
2026-04-30 21:53:02,383 [ERROR] LogOutputStream:75 - [STDERR_REDIRECT] 
2026-04-30 21:53:03,386 [ERROR] LogOutputStream:75 - [STDERR_REDIRECT] [Fatal Error] :1:1: Premature end of file.
2026-04-30 21:53:03,386 [ERROR] LogOutputStream:75 - [STDERR_REDIRECT] 
2026-04-30 21:53:04,381 [ERROR] LogOutputStream:75 - [STDERR_REDIRECT] [Fatal Error] :1:1: Premature end of file.
2026-04-30 21:53:04,381 [ERROR] LogOutputStream:75 - [STDERR_REDIRECT] 
2026-04-30 21:53:05,379 [ERROR] LogOutputStream:75 - [STDERR_REDIRECT] [Fatal Error] :1:1: Premature end of file.
2026-04-30 21:53:05,379 [ERROR] LogOutputStream:75 - [STDERR_REDIRECT] 
2026-04-30 21:53:06,383 [ERROR] LogOutputStream:75 - [STDERR_REDIRECT] [Fatal Error] :1:1: Premature end of file.
2026-04-30 21:53:06,383 [ERROR] LogOutputStream:75 - [STDERR_REDIRECT] 
2026-04-30 21:53:07,380 [ERROR] LogOutputStream:75 - [STDERR_REDIRECT] [Fatal Error] :1:1: Premature end of file.
2026-04-30 21:53:07,380 [ERROR] LogOutputStream:75 - [STDERR_REDIRECT] 
2026-04-30 21:53:08,381 [ERROR] LogOutputStream:75 - [STDERR_REDIRECT] [Fatal Error] :1:1: Premature end of file.
2026-04-30 21:53:08,381 [ERROR] LogOutputStream:75 - [STDERR_REDIRECT] 
2026-04-30 21:53:09,383 [ERROR] LogOutputStream:75 - [STDERR_REDIRECT] [Fatal Error] :1:1: Premature end of file.
2026-04-30 21:53:09,383 [ERROR] LogOutputStream:75 - [STDERR_REDIRECT] 
2026-04-30 21:53:10,382 [ERROR] LogOutputStream:75 - [STDERR_REDIRECT] [Fatal Error] :1:1: Premature end of file.
2026-04-30 21:53:10,382 [ERROR] LogOutputStream:75 - [STDERR_REDIRECT] 
2026-04-30 21:53:11,376 [ERROR] LogOutputStream:75 - [STDERR_REDIRECT] [Fatal Error] :1:1: Premature end of file.
2026-04-30 21:53:11,376 [ERROR] LogOutputStream:75 - [STDERR_REDIRECT] 
2026-04-30 21:53:12,381 [ERROR] LogOutputStream:75 - [STDERR_REDIRECT] [Fatal Error] :1:1: Premature end of file.
2026-04-30 21:53:12,381 [ERROR] LogOutputStream:75 - [STDERR_REDIRECT] 
2026-04-30 21:53:13,381 [ERROR] LogOutputStream:75 - [STDERR_REDIRECT] [Fatal Error] :1:1: Premature end of file.
2026-04-30 21:53:13,382 [ERROR] LogOutputStream:75 - [STDERR_REDIRECT] 
2026-04-30 21:53:14,374 [ERROR] LogOutputStream:75 - [STDERR_REDIRECT] [Fatal Error] :1:1: Premature end of file.
2026-04-30 21:53:14,374 [ERROR] LogOutputStream:75 - [STDERR_REDIRECT] 
2026-04-30 21:53:15,381 [ERROR] LogOutputStream:75 - [STDERR_REDIRECT] [Fatal Error] :1:1: Premature end of file.
2026-04-30 21:53:15,381 [ERROR] LogOutputStream:75 - [STDERR_REDIRECT] 
2026-04-30 21:53:16,384 [ERROR] LogOutputStream:75 - [STDERR_REDIRECT] [Fatal Error] :1:1: Premature end of file.
2026-04-30 21:53:16,385 [ERROR] LogOutputStream:75 - [STDERR_REDIRECT] 
2026-04-30 21:53:17,378 [ERROR] LogOutputStream:75 - [STDERR_REDIRECT] [Fatal Error] :1:1: Premature end of file.
2026-04-30 21:53:17,378 [ERROR] LogOutputStream:75 - [STDERR_REDIRECT] 
2026-04-30 21:53:18,380 [ERROR] LogOutputStream:75 - [STDERR_REDIRECT] [Fatal Error] :1:1: Premature end of file.
2026-04-30 21:53:18,380 [ERROR] LogOutputStream:75 - [STDERR_REDIRECT] 
2026-04-30 21:53:19,383 [ERROR] LogOutputStream:75 - [STDERR_REDIRECT] [Fatal Error] :1:1: Premature end of file.
2026-04-30 21:53:19,383 [ERROR] LogOutputStream:75 - [STDERR_REDIRECT] 
2026-04-30 21:53:20,381 [ERROR] LogOutputStream:75 - [STDERR_REDIRECT] [Fatal Error] :1:1: Premature end of file.
2026-04-30 21:53:20,381 [ERROR] LogOutputStream:75 - [STDERR_REDIRECT] 
2026-04-30 21:53:21,387 [ERROR] LogOutputStream:75 - [STDERR_REDIRECT] [Fatal Error] :1:1: Premature end of file.
2026-04-30 21:53:21,388 [ERROR] LogOutputStream:75 - [STDERR_REDIRECT] 
2026-04-30 21:53:22,387 [ERROR] LogOutputStream:75 - [STDERR_REDIRECT] [Fatal Error] :1:1: Premature end of file.
2026-04-30 21:53:22,387 [ERROR] LogOutputStream:75 - [STDERR_REDIRECT] 
2026-04-30 21:53:23,387 [ERROR] LogOutputStream:75 - [STDERR_REDIRECT] [Fatal Error] :1:1: Premature end of file.
2026-04-30 21:53:23,387 [ERROR] LogOutputStream:75 - [STDERR_REDIRECT] 
2026-04-30 21:53:24,391 [ERROR] LogOutputStream:75 - [STDERR_REDIRECT] [Fatal Error] :1:1: Premature end of file.
2026-04-30 21:53:24,391 [ERROR] LogOutputStream:75 - [STDERR_REDIRECT] 
2026-04-30 21:53:25,415 [ERROR] LogOutputStream:75 - [STDERR_REDIRECT] [Fatal Error] :1:1: Premature end of file.
2026-04-30 21:53:25,415 [ERROR] LogOutputStream:75 - [STDERR_REDIRECT] 
2026-04-30 21:53:26,395 [ERROR] LogOutputStream:75 - [STDERR_REDIRECT] [Fatal Error] :1:1: Premature end of file.
2026-04-30 21:53:26,395 [ERROR] LogOutputStream:75 - [STDERR_REDIRECT] 
2026-04-30 21:53:27,386 [ERROR] LogOutputStream:75 - [STDERR_REDIRECT] [Fatal Error] :1:1: Premature end of file.
2026-04-30 21:53:27,386 [ERROR] LogOutputStream:75 - [STDERR_REDIRECT] 
2026-04-30 21:53:28,391 [ERROR] LogOutputStream:75 - [STDERR_REDIRECT] [Fatal Error] :1:1: Premature end of file.
2026-04-30 21:53:28,391 [ERROR] LogOutputStream:75 - [STDERR_REDIRECT] 
2026-04-30 21:53:29,396 [ERROR] LogOutputStream:75 - [STDERR_REDIRECT] [Fatal Error] :1:1: Premature end of file.
2026-04-30 21:53:29,396 [ERROR] LogOutputStream:75 - [STDERR_REDIRECT] 
2026-04-30 21:53:30,396 [ERROR] LogOutputStream:75 - [STDERR_REDIRECT] [Fatal Error] :1:1: Premature end of file.
2026-04-30 21:53:30,396 [ERROR] LogOutputStream:75 - [STDERR_REDIRECT] 
2026-04-30 21:53:31,380 [ERROR] LogOutputStream:75 - [STDERR_REDIRECT] [Fatal Error] :1:1: Premature end of file.
2026-04-30 21:53:31,380 [ERROR] LogOutputStream:75 - [STDERR_REDIRECT] 
2026-04-30 21:53:32,399 [ERROR] LogOutputStream:75 - [STDERR_REDIRECT] [Fatal Error] :1:1: Premature end of file.
2026-04-30 21:53:32,399 [ERROR] LogOutputStream:75 - [STDERR_REDIRECT] 
2026-04-30 21:53:33,409 [ERROR] LogOutputStream:75 - [STDERR_REDIRECT] [Fatal Error] :1:1: Premature end of file.
2026-04-30 21:53:33,409 [ERROR] LogOutputStream:75 - [STDERR_REDIRECT] 
2026-04-30 21:53:34,397 [ERROR] LogOutputStream:75 - [STDERR_REDIRECT] [Fatal Error] :1:1: Premature end of file.
2026-04-30 21:53:34,397 [ERROR] LogOutputStream:75 - [STDERR_REDIRECT] 
2026-04-30 21:53:35,381 [ERROR] LogOutputStream:75 - [STDERR_REDIRECT] [Fatal Error] :1:1: Premature end of file.
2026-04-30 21:53:35,381 [ERROR] LogOutputStream:75 - [STDERR_REDIRECT] 
2026-04-30 21:53:36,401 [ERROR] LogOutputStream:75 - [STDERR_REDIRECT] [Fatal Error] :1:1: Premature end of file.
2026-04-30 21:53:36,404 [ERROR] LogOutputStream:75 - [STDERR_REDIRECT] 
2026-04-30 21:53:37,400 [ERROR] LogOutputStream:75 - [STDERR_REDIRECT] [Fatal Error] :1:1: Premature end of file.
2026-04-30 21:53:37,403 [ERROR] LogOutputStream:75 - [STDERR_REDIRECT] 
2026-04-30 21:53:38,392 [ERROR] LogOutputStream:75 - [STDERR_REDIRECT] [Fatal Error] :1:1: Premature end of file.
2026-04-30 21:53:38,392 [ERROR] LogOutputStream:75 - [STDERR_REDIRECT] 
2026-04-30 21:53:39,404 [ERROR] LogOutputStream:75 - [STDERR_REDIRECT] [Fatal Error] :1:1: Premature end of file.
2026-04-30 21:53:39,404 [ERROR] LogOutputStream:75 - [STDERR_REDIRECT] 
2026-04-30 21:53:40,420 [ERROR] LogOutputStream:75 - [STDERR_REDIRECT] [Fatal Error] :1:1: Premature end of file.
2026-04-30 21:53:40,429 [ERROR] LogOutputStream:75 - [STDERR_REDIRECT] 
2026-04-30 21:53:41,422 [ERROR] LogOutputStream:75 - [STDERR_REDIRECT] [Fatal Error] :1:1: Premature end of file.
2026-04-30 21:53:41,422 [ERROR] LogOutputStream:75 - [STDERR_REDIRECT] 
2026-04-30 21:53:42,400 [ERROR] LogOutputStream:75 - [STDERR_REDIRECT] [Fatal Error] :1:1: Premature end of file.
2026-04-30 21:53:42,400 [ERROR] LogOutputStream:75 - [STDERR_REDIRECT] 
2026-04-30 21:53:43,393 [ERROR] LogOutputStream:75 - [STDERR_REDIRECT] [Fatal Error] :1:1: Premature end of file.
2026-04-30 21:53:43,393 [ERROR] LogOutputStream:75 - [STDERR_REDIRECT] 
2026-04-30 21:53:44,407 [ERROR] LogOutputStream:75 - [STDERR_REDIRECT] [Fatal Error] :1:1: Premature end of file.
2026-04-30 21:53:44,407 [ERROR] LogOutputStream:75 - [STDERR_REDIRECT] 
2026-04-30 21:53:45,389 [ERROR] LogOutputStream:75 - [STDERR_REDIRECT] [Fatal Error] :1:1: Premature end of file.
2026-04-30 21:53:45,389 [ERROR] LogOutputStream:75 - [STDERR_REDIRECT] 
2026-04-30 21:53:46,393 [ERROR] LogOutputStream:75 - [STDERR_REDIRECT] [Fatal Error] :1:1: Premature end of file.
2026-04-30 21:53:46,393 [ERROR] LogOutputStream:75 - [STDERR_REDIRECT] 
2026-04-30 21:53:47,401 [ERROR] LogOutputStream:75 - [STDERR_REDIRECT] [Fatal Error] :1:1: Premature end of file.
2026-04-30 21:53:47,401 [ERROR] LogOutputStream:75 - [STDERR_REDIRECT] 
2026-04-30 21:53:48,391 [ERROR] LogOutputStream:75 - [STDERR_REDIRECT] [Fatal Error] :1:1: Premature end of file.
2026-04-30 21:53:48,391 [ERROR] LogOutputStream:75 - [STDERR_REDIRECT] 
2026-04-30 21:53:49,395 [ERROR] LogOutputStream:75 - [STDERR_REDIRECT] [Fatal Error] :1:1: Premature end of file.
2026-04-30 21:53:49,402 [ERROR] LogOutputStream:75 - [STDERR_REDIRECT] 
2026-04-30 21:53:50,405 [ERROR] LogOutputStream:75 - [STDERR_REDIRECT] [Fatal Error] :1:1: Premature end of file.
2026-04-30 21:53:50,405 [ERROR] LogOutputStream:75 - [STDERR_REDIRECT] 
2026-04-30 21:53:51,394 [ERROR] LogOutputStream:75 - [STDERR_REDIRECT] [Fatal Error] :1:1: Premature end of file.
2026-04-30 21:53:51,394 [ERROR] LogOutputStream:75 - [STDERR_REDIRECT] 
2026-04-30 21:53:52,393 [ERROR] LogOutputStream:75 - [STDERR_REDIRECT] [Fatal Error] :1:1: Premature end of file.
2026-04-30 21:53:52,393 [ERROR] LogOutputStream:75 - [STDERR_REDIRECT] 
2026-04-30 21:53:53,393 [ERROR] LogOutputStream:75 - [STDERR_REDIRECT] [Fatal Error] :1:1: Premature end of file.
2026-04-30 21:53:53,393 [ERROR] LogOutputStream:75 - [STDERR_REDIRECT] 
2026-04-30 21:53:54,402 [ERROR] LogOutputStream:75 - [STDERR_REDIRECT] [Fatal Error] :1:1: Premature end of file.
2026-04-30 21:53:54,402 [ERROR] LogOutputStream:75 - [STDERR_REDIRECT] 
2026-04-30 21:53:55,402 [ERROR] LogOutputStream:75 - [STDERR_REDIRECT] [Fatal Error] :1:1: Premature end of file.
2026-04-30 21:53:55,402 [ERROR] LogOutputStream:75 - [STDERR_REDIRECT] 
2026-04-30 21:53:56,402 [ERROR] LogOutputStream:75 - [STDERR_REDIRECT] [Fatal Error] :1:1: Premature end of file.
2026-04-30 21:53:56,402 [ERROR] LogOutputStream:75 - [STDERR_REDIRECT] 
2026-04-30 21:53:57,401 [ERROR] LogOutputStream:75 - [STDERR_REDIRECT] [Fatal Error] :1:1: Premature end of file.
2026-04-30 21:53:57,401 [ERROR] LogOutputStream:75 - [STDERR_REDIRECT] 
2026-04-30 21:53:58,397 [ERROR] LogOutputStream:75 - [STDERR_REDIRECT] [Fatal Error] :1:1: Premature end of file.
2026-04-30 21:53:58,397 [ERROR] LogOutputStream:75 - [STDERR_REDIRECT] 
2026-04-30 21:53:59,397 [ERROR] LogOutputStream:75 - [STDERR_REDIRECT] [Fatal Error] :1:1: Premature end of file.
2026-04-30 21:53:59,397 [ERROR] LogOutputStream:75 - [STDERR_REDIRECT] 
2026-04-30 21:54:00,410 [ERROR] LogOutputStream:75 - [STDERR_REDIRECT] [Fatal Error] :1:1: Premature end of file.
2026-04-30 21:54:00,410 [ERROR] LogOutputStream:75 - [STDERR_REDIRECT] 
2026-04-30 21:54:01,387 [ERROR] LogOutputStream:75 - [STDERR_REDIRECT] [Fatal Error] :1:1: Premature end of file.
2026-04-30 21:54:01,387 [ERROR] LogOutputStream:75 - [STDERR_REDIRECT] 
2026-04-30 21:54:02,385 [ERROR] LogOutputStream:75 - [STDERR_REDIRECT] [Fatal Error] :1:1: Premature end of file.
2026-04-30 21:54:02,385 [ERROR] LogOutputStream:75 - [STDERR_REDIRECT] 
2026-04-30 21:54:03,402 [ERROR] LogOutputStream:75 - [STDERR_REDIRECT] [Fatal Error] :1:1: Premature end of file.
2026-04-30 21:54:03,402 [ERROR] LogOutputStream:75 - [STDERR_REDIRECT] 
2026-04-30 21:54:04,401 [ERROR] LogOutputStream:75 - [STDERR_REDIRECT] [Fatal Error] :1:1: Premature end of file.
2026-04-30 21:54:04,401 [ERROR] LogOutputStream:75 - [STDERR_REDIRECT] 
2026-04-30 21:54:05,406 [ERROR] LogOutputStream:75 - [STDERR_REDIRECT] [Fatal Error] :1:1: Premature end of file.
2026-04-30 21:54:05,406 [ERROR] LogOutputStream:75 - [STDERR_REDIRECT] 
2026-04-30 21:54:06,405 [ERROR] LogOutputStream:75 - [STDERR_REDIRECT] [Fatal Error] :1:1: Premature end of file.
2026-04-30 21:54:06,405 [ERROR] LogOutputStream:75 - [STDERR_REDIRECT] 
2026-04-30 21:54:07,406 [ERROR] LogOutputStream:75 - [STDERR_REDIRECT] [Fatal Error] :1:1: Premature end of file.
2026-04-30 21:54:07,406 [ERROR] LogOutputStream:75 - [STDERR_REDIRECT] 
2026-04-30 21:54:08,403 [ERROR] LogOutputStream:75 - [STDERR_REDIRECT] [Fatal Error] :1:1: Premature end of file.
2026-04-30 21:54:08,403 [ERROR] LogOutputStream:75 - [STDERR_REDIRECT] 
2026-04-30 21:54:09,433 [ERROR] LogOutputStream:75 - [STDERR_REDIRECT] [Fatal Error] :1:1: Premature end of file.
2026-04-30 21:54:09,433 [ERROR] LogOutputStream:75 - [STDERR_REDIRECT] 
2026-04-30 21:54:10,406 [ERROR] LogOutputStream:75 - [STDERR_REDIRECT] [Fatal Error] :1:1: Premature end of file.
2026-04-30 21:54:10,406 [ERROR] LogOutputStream:75 - [STDERR_REDIRECT] 
2026-04-30 21:54:11,411 [ERROR] LogOutputStream:75 - [STDERR_REDIRECT] [Fatal Error] :1:1: Premature end of file.
2026-04-30 21:54:11,411 [ERROR] LogOutputStream:75 - [STDERR_REDIRECT] 
2026-04-30 21:54:12,401 [ERROR] LogOutputStream:75 - [STDERR_REDIRECT] [Fatal Error] :1:1: Premature end of file.
2026-04-30 21:54:12,401 [ERROR] LogOutputStream:75 - [STDERR_REDIRECT] 
2026-04-30 21:54:13,402 [ERROR] LogOutputStream:75 - [STDERR_REDIRECT] [Fatal Error] :1:1: Premature end of file.
2026-04-30 21:54:13,402 [ERROR] LogOutputStream:75 - [STDERR_REDIRECT] 
2026-04-30 21:54:14,408 [ERROR] LogOutputStream:75 - [STDERR_REDIRECT] [Fatal Error] :1:1: Premature end of file.
2026-04-30 21:54:14,410 [ERROR] LogOutputStream:75 - [STDERR_REDIRECT] 
2026-04-30 21:54:15,402 [ERROR] LogOutputStream:75 - [STDERR_REDIRECT] [Fatal Error] :1:1: Premature end of file.
2026-04-30 21:54:15,402 [ERROR] LogOutputStream:75 - [STDERR_REDIRECT] 
2026-04-30 21:54:16,418 [ERROR] LogOutputStream:75 - [STDERR_REDIRECT] [Fatal Error] :1:1: Premature end of file.
2026-04-30 21:54:16,418 [ERROR] LogOutputStream:75 - [STDERR_REDIRECT] 
2026-04-30 21:54:17,410 [ERROR] LogOutputStream:75 - [STDERR_REDIRECT] [Fatal Error] :1:1: Premature end of file.
2026-04-30 21:54:17,410 [ERROR] LogOutputStream:75 - [STDERR_REDIRECT] 
2026-04-30 21:54:18,407 [ERROR] LogOutputStream:75 - [STDERR_REDIRECT] [Fatal Error] :1:1: Premature end of file.
2026-04-30 21:54:18,407 [ERROR] LogOutputStream:75 - [STDERR_REDIRECT] 
2026-04-30 21:54:19,408 [ERROR] LogOutputStream:75 - [STDERR_REDIRECT] [Fatal Error] :1:1: Premature end of file.
2026-04-30 21:54:19,408 [ERROR] LogOutputStream:75 - [STDERR_REDIRECT] 
2026-04-30 21:54:20,414 [ERROR] LogOutputStream:75 - [STDERR_REDIRECT] [Fatal Error] :1:1: Premature end of file.
2026-04-30 21:54:20,414 [ERROR] LogOutputStream:75 - [STDERR_REDIRECT] 
2026-04-30 21:54:21,402 [ERROR] LogOutputStream:75 - [STDERR_REDIRECT] [Fatal Error] :1:1: Premature end of file.
2026-04-30 21:54:21,402 [ERROR] LogOutputStream:75 - [STDERR_REDIRECT] 
2026-04-30 21:54:22,410 [ERROR] LogOutputStream:75 - [STDERR_REDIRECT] [Fatal Error] :1:1: Premature end of file.
2026-04-30 21:54:22,410 [ERROR] LogOutputStream:75 - [STDERR_REDIRECT] 
2026-04-30 21:54:23,407 [ERROR] LogOutputStream:75 - [STDERR_REDIRECT] [Fatal Error] :1:1: Premature end of file.
2026-04-30 21:54:23,407 [ERROR] LogOutputStream:75 - [STDERR_REDIRECT] 
2026-04-30 21:54:24,412 [ERROR] LogOutputStream:75 - [STDERR_REDIRECT] [Fatal Error] :1:1: Premature end of file.
2026-04-30 21:54:24,412 [ERROR] LogOutputStream:75 - [STDERR_REDIRECT] 
2026-04-30 21:54:25,405 [ERROR] LogOutputStream:75 - [STDERR_REDIRECT] [Fatal Error] :1:1: Premature end of file.
2026-04-30 21:54:25,405 [ERROR] LogOutputStream:75 - [STDERR_REDIRECT] 
2026-04-30 21:54:26,387 [ERROR] LogOutputStream:75 - [STDERR_REDIRECT] [Fatal Error] :1:1: Premature end of file.
2026-04-30 21:54:26,387 [ERROR] LogOutputStream:75 - [STDERR_REDIRECT] 
2026-04-30 21:54:27,390 [ERROR] LogOutputStream:75 - [STDERR_REDIRECT] [Fatal Error] :1:1: Premature end of file.
2026-04-30 21:54:27,390 [ERROR] LogOutputStream:75 - [STDERR_REDIRECT] 
2026-04-30 21:54:28,388 [ERROR] LogOutputStream:75 - [STDERR_REDIRECT] [Fatal Error] :1:1: Premature end of file.
2026-04-30 21:54:28,388 [ERROR] LogOutputStream:75 - [STDERR_REDIRECT] 
2026-04-30 21:54:29,391 [ERROR] LogOutputStream:75 - [STDERR_REDIRECT] [Fatal Error] :1:1: Premature end of file.
2026-04-30 21:54:29,391 [ERROR] LogOutputStream:75 - [STDERR_REDIRECT] 
2026-04-30 21:54:30,393 [ERROR] LogOutputStream:75 - [STDERR_REDIRECT] [Fatal Error] :1:1: Premature end of file.
2026-04-30 21:54:30,393 [ERROR] LogOutputStream:75 - [STDERR_REDIRECT] 
2026-04-30 21:54:31,388 [ERROR] LogOutputStream:75 - [STDERR_REDIRECT] [Fatal Error] :1:1: Premature end of file.
2026-04-30 21:54:31,388 [ERROR] LogOutputStream:75 - [STDERR_REDIRECT] 
2026-04-30 21:54:32,383 [ERROR] LogOutputStream:75 - [STDERR_REDIRECT] [Fatal Error] :1:1: Premature end of file.
2026-04-30 21:54:32,383 [ERROR] LogOutputStream:75 - [STDERR_REDIRECT] 
2026-04-30 21:54:33,389 [ERROR] LogOutputStream:75 - [STDERR_REDIRECT] [Fatal Error] :1:1: Premature end of file.
2026-04-30 21:54:33,389 [ERROR] LogOutputStream:75 - [STDERR_REDIRECT] 
2026-04-30 21:54:34,378 [ERROR] LogOutputStream:75 - [STDERR_REDIRECT] [Fatal Error] :1:1: Premature end of file.
2026-04-30 21:54:34,379 [ERROR] LogOutputStream:75 - [STDERR_REDIRECT] 
2026-04-30 21:54:35,387 [ERROR] LogOutputStream:75 - [STDERR_REDIRECT] [Fatal Error] :1:1: Premature end of file.
2026-04-30 21:54:35,387 [ERROR] LogOutputStream:75 - [STDERR_REDIRECT] 
2026-04-30 21:54:36,420 [ERROR] LogOutputStream:75 - [STDERR_REDIRECT] [Fatal Error] :1:1: Premature end of file.
2026-04-30 21:54:36,422 [ERROR] LogOutputStream:75 - [STDERR_REDIRECT] 
2026-04-30 21:54:37,384 [ERROR] LogOutputStream:75 - [STDERR_REDIRECT] [Fatal Error] :1:1: Premature end of file.
2026-04-30 21:54:37,384 [ERROR] LogOutputStream:75 - [STDERR_REDIRECT] 
2026-04-30 21:54:38,388 [ERROR] LogOutputStream:75 - [STDERR_REDIRECT] [Fatal Error] :1:1: Premature end of file.
2026-04-30 21:54:38,388 [ERROR] LogOutputStream:75 - [STDERR_REDIRECT] 
2026-04-30 21:54:39,377 [ERROR] LogOutputStream:75 - [STDERR_REDIRECT] [Fatal Error] :1:1: Premature end of file.
2026-04-30 21:54:39,377 [ERROR] LogOutputStream:75 - [STDERR_REDIRECT] 
2026-04-30 21:54:40,417 [ERROR] LogOutputStream:75 - [STDERR_REDIRECT] [Fatal Error] :1:1: Premature end of file.
2026-04-30 21:54:40,417 [ERROR] LogOutputStream:75 - [STDERR_REDIRECT] 
2026-04-30 21:54:41,395 [ERROR] LogOutputStream:75 - [STDERR_REDIRECT] [Fatal Error] :1:1: Premature end of file.
2026-04-30 21:54:41,395 [ERROR] LogOutputStream:75 - [STDERR_REDIRECT] 
2026-04-30 21:54:42,385 [ERROR] LogOutputStream:75 - [STDERR_REDIRECT] [Fatal Error] :1:1: Premature end of file.
2026-04-30 21:54:42,385 [ERROR] LogOutputStream:75 - [STDERR_REDIRECT] 
2026-04-30 21:54:43,390 [ERROR] LogOutputStream:75 - [STDERR_REDIRECT] [Fatal Error] :1:1: Premature end of file.
2026-04-30 21:54:43,390 [ERROR] LogOutputStream:75 - [STDERR_REDIRECT] 
2026-04-30 21:54:44,389 [ERROR] LogOutputStream:75 - [STDERR_REDIRECT] [Fatal Error] :1:1: Premature end of file.
2026-04-30 21:54:44,389 [ERROR] LogOutputStream:75 - [STDERR_REDIRECT] 
2026-04-30 21:54:45,386 [ERROR] LogOutputStream:75 - [STDERR_REDIRECT] [Fatal Error] :1:1: Premature end of file.
2026-04-30 21:54:45,386 [ERROR] LogOutputStream:75 - [STDERR_REDIRECT] 
2026-04-30 21:54:46,399 [ERROR] LogOutputStream:75 - [STDERR_REDIRECT] [Fatal Error] :1:1: Premature end of file.
2026-04-30 21:54:46,399 [ERROR] LogOutputStream:75 - [STDERR_REDIRECT] 
2026-04-30 21:54:47,386 [ERROR] LogOutputStream:75 - [STDERR_REDIRECT] [Fatal Error] :1:1: Premature end of file.
2026-04-30 21:54:47,386 [ERROR] LogOutputStream:75 - [STDERR_REDIRECT] 
2026-04-30 21:54:48,384 [ERROR] LogOutputStream:75 - [STDERR_REDIRECT] [Fatal Error] :1:1: Premature end of file.
2026-04-30 21:54:48,384 [ERROR] LogOutputStream:75 - [STDERR_REDIRECT] 
2026-04-30 21:54:49,383 [ERROR] LogOutputStream:75 - [STDERR_REDIRECT] [Fatal Error] :1:1: Premature end of file.
2026-04-30 21:54:49,389 [ERROR] LogOutputStream:75 - [STDERR_REDIRECT] 
2026-04-30 21:54:50,398 [ERROR] LogOutputStream:75 - [STDERR_REDIRECT] [Fatal Error] :1:1: Premature end of file.
2026-04-30 21:54:50,398 [ERROR] LogOutputStream:75 - [STDERR_REDIRECT] 
2026-04-30 21:54:51,378 [ERROR] LogOutputStream:75 - [STDERR_REDIRECT] [Fatal Error] :1:1: Premature end of file.
2026-04-30 21:54:51,378 [ERROR] LogOutputStream:75 - [STDERR_REDIRECT] 
2026-04-30 21:54:52,395 [ERROR] LogOutputStream:75 - [STDERR_REDIRECT] [Fatal Error] :1:1: Premature end of file.
2026-04-30 21:54:52,395 [ERROR] LogOutputStream:75 - [STDERR_REDIRECT] 
2026-04-30 21:54:53,396 [ERROR] LogOutputStream:75 - [STDERR_REDIRECT] [Fatal Error] :1:1: Premature end of file.
2026-04-30 21:54:53,396 [ERROR] LogOutputStream:75 - [STDERR_REDIRECT] 
2026-04-30 21:54:54,386 [ERROR] LogOutputStream:75 - [STDERR_REDIRECT] [Fatal Error] :1:1: Premature end of file.
2026-04-30 21:54:54,387 [ERROR] LogOutputStream:75 - [STDERR_REDIRECT] 
2026-04-30 21:54:55,394 [ERROR] LogOutputStream:75 - [STDERR_REDIRECT] [Fatal Error] :1:1: Premature end of file.
2026-04-30 21:54:55,394 [ERROR] LogOutputStream:75 - [STDERR_REDIRECT] 
2026-04-30 21:54:56,384 [ERROR] LogOutputStream:75 - [STDERR_REDIRECT] [Fatal Error] :1:1: Premature end of file.
2026-04-30 21:54:56,384 [ERROR] LogOutputStream:75 - [STDERR_REDIRECT] 
2026-04-30 21:54:57,385 [ERROR] LogOutputStream:75 - [STDERR_REDIRECT] [Fatal Error] :1:1: Premature end of file.
2026-04-30 21:54:57,386 [ERROR] LogOutputStream:75 - [STDERR_REDIRECT] 
2026-04-30 21:54:58,388 [ERROR] LogOutputStream:75 - [STDERR_REDIRECT] [Fatal Error] :1:1: Premature end of file.
2026-04-30 21:54:58,388 [ERROR] LogOutputStream:75 - [STDERR_REDIRECT] 
2026-04-30 21:54:59,385 [ERROR] LogOutputStream:75 - [STDERR_REDIRECT] [Fatal Error] :1:1: Premature end of file.
2026-04-30 21:54:59,385 [ERROR] LogOutputStream:75 - [STDERR_REDIRECT] 
2026-04-30 21:55:00,405 [ERROR] LogOutputStream:75 - [STDERR_REDIRECT] [Fatal Error] :1:1: Premature end of file.
2026-04-30 21:55:00,405 [ERROR] LogOutputStream:75 - [STDERR_REDIRECT] 
2026-04-30 21:55:01,400 [ERROR] LogOutputStream:75 - [STDERR_REDIRECT] [Fatal Error] :1:1: Premature end of file.
2026-04-30 21:55:01,400 [ERROR] LogOutputStream:75 - [STDERR_REDIRECT] 
2026-04-30 21:55:02,393 [ERROR] LogOutputStream:75 - [STDERR_REDIRECT] [Fatal Error] :1:1: Premature end of file.
2026-04-30 21:55:02,395 [ERROR] LogOutputStream:75 - [STDERR_REDIRECT] 
2026-04-30 21:55:03,386 [ERROR] LogOutputStream:75 - [STDERR_REDIRECT] [Fatal Error] :1:1: Premature end of file.
2026-04-30 21:55:03,386 [ERROR] LogOutputStream:75 - [STDERR_REDIRECT] 
2026-04-30 21:55:04,394 [ERROR] LogOutputStream:75 - [STDERR_REDIRECT] [Fatal Error] :1:1: Premature end of file.
2026-04-30 21:55:04,394 [ERROR] LogOutputStream:75 - [STDERR_REDIRECT] 
2026-04-30 21:55:05,396 [ERROR] LogOutputStream:75 - [STDERR_REDIRECT] [Fatal Error] :1:1: Premature end of file.
2026-04-30 21:55:05,396 [ERROR] LogOutputStream:75 - [STDERR_REDIRECT] 
2026-04-30 21:55:06,403 [ERROR] LogOutputStream:75 - [STDERR_REDIRECT] [Fatal Error] :1:1: Premature end of file.
2026-04-30 21:55:06,403 [ERROR] LogOutputStream:75 - [STDERR_REDIRECT] 
2026-04-30 21:55:07,407 [ERROR] LogOutputStream:75 - [STDERR_REDIRECT] [Fatal Error] :1:1: Premature end of file.
2026-04-30 21:55:07,407 [ERROR] LogOutputStream:75 - [STDERR_REDIRECT] 
2026-04-30 21:55:08,409 [ERROR] LogOutputStream:75 - [STDERR_REDIRECT] [Fatal Error] :1:1: Premature end of file.
2026-04-30 21:55:08,409 [ERROR] LogOutputStream:75 - [STDERR_REDIRECT] 
2026-04-30 21:55:09,436 [ERROR] LogOutputStream:75 - [STDERR_REDIRECT] [Fatal Error] :1:1: Premature end of file.
2026-04-30 21:55:09,436 [ERROR] LogOutputStream:75 - [STDERR_REDIRECT] 
2026-04-30 21:55:10,408 [ERROR] LogOutputStream:75 - [STDERR_REDIRECT] [Fatal Error] :1:1: Premature end of file.
2026-04-30 21:55:10,410 [ERROR] LogOutputStream:75 - [STDERR_REDIRECT] 
2026-04-30 21:55:11,411 [ERROR] LogOutputStream:75 - [STDERR_REDIRECT] [Fatal Error] :1:1: Premature end of file.
2026-04-30 21:55:11,411 [ERROR] LogOutputStream:75 - [STDERR_REDIRECT] 
2026-04-30 21:55:12,408 [ERROR] LogOutputStream:75 - [STDERR_REDIRECT] [Fatal Error] :1:1: Premature end of file.
2026-04-30 21:55:12,408 [ERROR] LogOutputStream:75 - [STDERR_REDIRECT] 
2026-04-30 21:55:13,407 [ERROR] LogOutputStream:75 - [STDERR_REDIRECT] [Fatal Error] :1:1: Premature end of file.
2026-04-30 21:55:13,407 [ERROR] LogOutputStream:75 - [STDERR_REDIRECT] 
2026-04-30 21:55:14,402 [ERROR] LogOutputStream:75 - [STDERR_REDIRECT] [Fatal Error] :1:1: Premature end of file.
2026-04-30 21:55:14,402 [ERROR] LogOutputStream:75 - [STDERR_REDIRECT] 
2026-04-30 21:55:15,403 [ERROR] LogOutputStream:75 - [STDERR_REDIRECT] [Fatal Error] :1:1: Premature end of file.
2026-04-30 21:55:15,403 [ERROR] LogOutputStream:75 - [STDERR_REDIRECT] 
2026-04-30 21:55:16,407 [ERROR] LogOutputStream:75 - [STDERR_REDIRECT] [Fatal Error] :1:1: Premature end of file.
2026-04-30 21:55:16,407 [ERROR] LogOutputStream:75 - [STDERR_REDIRECT] 
2026-04-30 21:55:17,405 [ERROR] LogOutputStream:75 - [STDERR_REDIRECT] [Fatal Error] :1:1: Premature end of file.
2026-04-30 21:55:17,405 [ERROR] LogOutputStream:75 - [STDERR_REDIRECT] 
2026-04-30 21:55:18,383 [ERROR] LogOutputStream:75 - [STDERR_REDIRECT] [Fatal Error] :1:1: Premature end of file.
2026-04-30 21:55:18,383 [ERROR] LogOutputStream:75 - [STDERR_REDIRECT] 
2026-04-30 21:55:19,404 [ERROR] LogOutputStream:75 - [STDERR_REDIRECT] [Fatal Error] :1:1: Premature end of file.
2026-04-30 21:55:19,404 [ERROR] LogOutputStream:75 - [STDERR_REDIRECT] 
2026-04-30 21:55:20,409 [ERROR] LogOutputStream:75 - [STDERR_REDIRECT] [Fatal Error] :1:1: Premature end of file.
2026-04-30 21:55:20,409 [ERROR] LogOutputStream:75 - [STDERR_REDIRECT] 
2026-04-30 21:55:21,397 [ERROR] LogOutputStream:75 - [STDERR_REDIRECT] [Fatal Error] :1:1: Premature end of file.
2026-04-30 21:55:21,397 [ERROR] LogOutputStream:75 - [STDERR_REDIRECT] 
2026-04-30 21:55:22,391 [ERROR] LogOutputStream:75 - [STDERR_REDIRECT] [Fatal Error] :1:1: Premature end of file.
2026-04-30 21:55:22,391 [ERROR] LogOutputStream:75 - [STDERR_REDIRECT] 
2026-04-30 21:55:23,393 [ERROR] LogOutputStream:75 - [STDERR_REDIRECT] [Fatal Error] :1:1: Premature end of file.
2026-04-30 21:55:23,393 [ERROR] LogOutputStream:75 - [STDERR_REDIRECT] 
2026-04-30 21:55:24,386 [ERROR] LogOutputStream:75 - [STDERR_REDIRECT] [Fatal Error] :1:1: Premature end of file.
2026-04-30 21:55:24,386 [ERROR] LogOutputStream:75 - [STDERR_REDIRECT] 
2026-04-30 21:55:25,393 [ERROR] LogOutputStream:75 - [STDERR_REDIRECT] [Fatal Error] :1:1: Premature end of file.
2026-04-30 21:55:25,393 [ERROR] LogOutputStream:75 - [STDERR_REDIRECT] 
2026-04-30 21:55:26,389 [ERROR] LogOutputStream:75 - [STDERR_REDIRECT] [Fatal Error] :1:1: Premature end of file.
2026-04-30 21:55:26,389 [ERROR] LogOutputStream:75 - [STDERR_REDIRECT] 
2026-04-30 21:55:27,385 [ERROR] LogOutputStream:75 - [STDERR_REDIRECT] [Fatal Error] :1:1: Premature end of file.
2026-04-30 21:55:27,385 [ERROR] LogOutputStream:75 - [STDERR_REDIRECT] 
2026-04-30 21:55:28,390 [ERROR] LogOutputStream:75 - [STDERR_REDIRECT] [Fatal Error] :1:1: Premature end of file.
2026-04-30 21:55:28,390 [ERROR] LogOutputStream:75 - [STDERR_REDIRECT] 
2026-04-30 21:55:29,389 [ERROR] LogOutputStream:75 - [STDERR_REDIRECT] [Fatal Error] :1:1: Premature end of file.
2026-04-30 21:55:29,389 [ERROR] LogOutputStream:75 - [STDERR_REDIRECT] 
2026-04-30 21:55:30,388 [ERROR] LogOutputStream:75 - [STDERR_REDIRECT] [Fatal Error] :1:1: Premature end of file.
2026-04-30 21:55:30,388 [ERROR] LogOutputStream:75 - [STDERR_REDIRECT] 
2026-04-30 21:55:31,390 [ERROR] LogOutputStream:75 - [STDERR_REDIRECT] [Fatal Error] :1:1: Premature end of file.
2026-04-30 21:55:31,390 [ERROR] LogOutputStream:75 - [STDERR_REDIRECT] 
2026-04-30 21:55:32,385 [ERROR] LogOutputStream:75 - [STDERR_REDIRECT] [Fatal Error] :1:1: Premature end of file.
2026-04-30 21:55:32,385 [ERROR] LogOutputStream:75 - [STDERR_REDIRECT] 
2026-04-30 21:55:33,407 [ERROR] LogOutputStream:75 - [STDERR_REDIRECT] [Fatal Error] :1:1: Premature end of file.
2026-04-30 21:55:33,407 [ERROR] LogOutputStream:75 - [STDERR_REDIRECT] 
2026-04-30 21:55:34,413 [ERROR] LogOutputStream:75 - [STDERR_REDIRECT] [Fatal Error] :1:1: Premature end of file.
2026-04-30 21:55:34,413 [ERROR] LogOutputStream:75 - [STDERR_REDIRECT] 
2026-04-30 21:55:35,410 [ERROR] LogOutputStream:75 - [STDERR_REDIRECT] [Fatal Error] :1:1: Premature end of file.
2026-04-30 21:55:35,410 [ERROR] LogOutputStream:75 - [STDERR_REDIRECT] 
2026-04-30 21:55:36,406 [ERROR] LogOutputStream:75 - [STDERR_REDIRECT] [Fatal Error] :1:1: Premature end of file.
2026-04-30 21:55:36,406 [ERROR] LogOutputStream:75 - [STDERR_REDIRECT] 
2026-04-30 21:55:37,409 [ERROR] LogOutputStream:75 - [STDERR_REDIRECT] [Fatal Error] :1:1: Premature end of file.
2026-04-30 21:55:37,409 [ERROR] LogOutputStream:75 - [STDERR_REDIRECT] 
2026-04-30 21:55:38,402 [ERROR] LogOutputStream:75 - [STDERR_REDIRECT] [Fatal Error] :1:1: Premature end of file.
2026-04-30 21:55:38,402 [ERROR] LogOutputStream:75 - [STDERR_REDIRECT] 
2026-04-30 21:55:39,411 [ERROR] LogOutputStream:75 - [STDERR_REDIRECT] [Fatal Error] :1:1: Premature end of file.
2026-04-30 21:55:39,411 [ERROR] LogOutputStream:75 - [STDERR_REDIRECT] 
2026-04-30 21:55:40,398 [ERROR] LogOutputStream:75 - [STDERR_REDIRECT] [Fatal Error] :1:1: Premature end of file.
2026-04-30 21:55:40,398 [ERROR] LogOutputStream:75 - [STDERR_REDIRECT] 
2026-04-30 21:55:41,402 [ERROR] LogOutputStream:75 - [STDERR_REDIRECT] [Fatal Error] :1:1: Premature end of file.
2026-04-30 21:55:41,402 [ERROR] LogOutputStream:75 - [STDERR_REDIRECT] 
2026-04-30 21:55:42,406 [ERROR] LogOutputStream:75 - [STDERR_REDIRECT] [Fatal Error] :1:1: Premature end of file.
2026-04-30 21:55:42,406 [ERROR] LogOutputStream:75 - [STDERR_REDIRECT] 
2026-04-30 21:55:43,400 [ERROR] LogOutputStream:75 - [STDERR_REDIRECT] [Fatal Error] :1:1: Premature end of file.
2026-04-30 21:55:43,400 [ERROR] LogOutputStream:75 - [STDERR_REDIRECT] 
2026-04-30 21:55:44,413 [ERROR] LogOutputStream:75 - [STDERR_REDIRECT] [Fatal Error] :1:1: Premature end of file.
2026-04-30 21:55:44,413 [ERROR] LogOutputStream:75 - [STDERR_REDIRECT] 
2026-04-30 21:55:45,409 [ERROR] LogOutputStream:75 - [STDERR_REDIRECT] [Fatal Error] :1:1: Premature end of file.
2026-04-30 21:55:45,409 [ERROR] LogOutputStream:75 - [STDERR_REDIRECT] 
2026-04-30 21:55:46,412 [ERROR] LogOutputStream:75 - [STDERR_REDIRECT] [Fatal Error] :1:1: Premature end of file.
2026-04-30 21:55:46,412 [ERROR] LogOutputStream:75 - [STDERR_REDIRECT] 
2026-04-30 21:55:47,412 [ERROR] LogOutputStream:75 - [STDERR_REDIRECT] [Fatal Error] :1:1: Premature end of file.
2026-04-30 21:55:47,412 [ERROR] LogOutputStream:75 - [STDERR_REDIRECT] 
2026-04-30 21:55:48,412 [ERROR] LogOutputStream:75 - [STDERR_REDIRECT] [Fatal Error] :1:1: Premature end of file.
2026-04-30 21:55:48,412 [ERROR] LogOutputStream:75 - [STDERR_REDIRECT] 
2026-04-30 21:55:49,400 [ERROR] LogOutputStream:75 - [STDERR_REDIRECT] [Fatal Error] :1:1: Premature end of file.
2026-04-30 21:55:49,400 [ERROR] LogOutputStream:75 - [STDERR_REDIRECT] 
2026-04-30 21:55:50,403 [ERROR] LogOutputStream:75 - [STDERR_REDIRECT] [Fatal Error] :1:1: Premature end of file.
2026-04-30 21:55:50,403 [ERROR] LogOutputStream:75 - [STDERR_REDIRECT] 
2026-04-30 21:55:51,403 [ERROR] LogOutputStream:75 - [STDERR_REDIRECT] [Fatal Error] :1:1: Premature end of file.
2026-04-30 21:55:51,403 [ERROR] LogOutputStream:75 - [STDERR_REDIRECT] 
2026-04-30 21:55:52,395 [ERROR] LogOutputStream:75 - [STDERR_REDIRECT] [Fatal Error] :1:1: Premature end of file.
2026-04-30 21:55:52,405 [ERROR] LogOutputStream:75 - [STDERR_REDIRECT] 
2026-04-30 21:55:53,402 [ERROR] LogOutputStream:75 - [STDERR_REDIRECT] [Fatal Error] :1:1: Premature end of file.
2026-04-30 21:55:53,402 [ERROR] LogOutputStream:75 - [STDERR_REDIRECT] 
2026-04-30 21:55:54,409 [ERROR] LogOutputStream:75 - [STDERR_REDIRECT] [Fatal Error] :1:1: Premature end of file.
2026-04-30 21:55:54,409 [ERROR] LogOutputStream:75 - [STDERR_REDIRECT] 
2026-04-30 21:55:55,409 [ERROR] LogOutputStream:75 - [STDERR_REDIRECT] [Fatal Error] :1:1: Premature end of file.
2026-04-30 21:55:55,409 [ERROR] LogOutputStream:75 - [STDERR_REDIRECT] 
2026-04-30 21:55:56,404 [ERROR] LogOutputStream:75 - [STDERR_REDIRECT] [Fatal Error] :1:1: Premature end of file.
2026-04-30 21:55:56,404 [ERROR] LogOutputStream:75 - [STDERR_REDIRECT] 
2026-04-30 21:55:57,410 [ERROR] LogOutputStream:75 - [STDERR_REDIRECT] [Fatal Error] :1:1: Premature end of file.
2026-04-30 21:55:57,410 [ERROR] LogOutputStream:75 - [STDERR_REDIRECT] 
2026-04-30 21:55:58,404 [ERROR] LogOutputStream:75 - [STDERR_REDIRECT] [Fatal Error] :1:1: Premature end of file.
2026-04-30 21:55:58,404 [ERROR] LogOutputStream:75 - [STDERR_REDIRECT] 
2026-04-30 21:55:59,409 [ERROR] LogOutputStream:75 - [STDERR_REDIRECT] [Fatal Error] :1:1: Premature end of file.
2026-04-30 21:55:59,409 [ERROR] LogOutputStream:75 - [STDERR_REDIRECT] 
2026-04-30 21:56:00,400 [ERROR] LogOutputStream:75 - [STDERR_REDIRECT] [Fatal Error] :1:1: Premature end of file.
2026-04-30 21:56:00,400 [ERROR] LogOutputStream:75 - [STDERR_REDIRECT] 
2026-04-30 21:56:01,401 [ERROR] LogOutputStream:75 - [STDERR_REDIRECT] [Fatal Error] :1:1: Premature end of file.
2026-04-30 21:56:01,401 [ERROR] LogOutputStream:75 - [STDERR_REDIRECT] 
2026-04-30 21:56:02,410 [ERROR] LogOutputStream:75 - [STDERR_REDIRECT] [Fatal Error] :1:1: Premature end of file.
2026-04-30 21:56:02,410 [ERROR] LogOutputStream:75 - [STDERR_REDIRECT] 
2026-04-30 21:56:03,413 [ERROR] LogOutputStream:75 - [STDERR_REDIRECT] [Fatal Error] :1:1: Premature end of file.
2026-04-30 21:56:03,413 [ERROR] LogOutputStream:75 - [STDERR_REDIRECT] 
2026-04-30 21:56:04,380 [ERROR] LogOutputStream:75 - [STDERR_REDIRECT] [Fatal Error] :1:1: Premature end of file.
2026-04-30 21:56:04,380 [ERROR] LogOutputStream:75 - [STDERR_REDIRECT] 
2026-04-30 21:56:05,415 [ERROR] LogOutputStream:75 - [STDERR_REDIRECT] [Fatal Error] :1:1: Premature end of file.
2026-04-30 21:56:05,415 [ERROR] LogOutputStream:75 - [STDERR_REDIRECT] 
2026-04-30 21:56:06,389 [ERROR] LogOutputStream:75 - [STDERR_REDIRECT] [Fatal Error] :1:1: Premature end of file.
2026-04-30 21:56:06,389 [ERROR] LogOutputStream:75 - [STDERR_REDIRECT] 
2026-04-30 21:56:07,390 [ERROR] LogOutputStream:75 - [STDERR_REDIRECT] [Fatal Error] :1:1: Premature end of file.
2026-04-30 21:56:07,390 [ERROR] LogOutputStream:75 - [STDERR_REDIRECT] 
2026-04-30 21:56:08,389 [ERROR] LogOutputStream:75 - [STDERR_REDIRECT] [Fatal Error] :1:1: Premature end of file.
2026-04-30 21:56:08,389 [ERROR] LogOutputStream:75 - [STDERR_REDIRECT] 
2026-04-30 21:56:09,383 [ERROR] LogOutputStream:75 - [STDERR_REDIRECT] [Fatal Error] :1:1: Premature end of file.
2026-04-30 21:56:09,383 [ERROR] LogOutputStream:75 - [STDERR_REDIRECT] 
2026-04-30 21:56:10,395 [ERROR] LogOutputStream:75 - [STDERR_REDIRECT] [Fatal Error] :1:1: Premature end of file.
2026-04-30 21:56:10,395 [ERROR] LogOutputStream:75 - [STDERR_REDIRECT] 
2026-04-30 21:56:11,414 [ERROR] LogOutputStream:75 - [STDERR_REDIRECT] [Fatal Error] :1:1: Premature end of file.
2026-04-30 21:56:11,414 [ERROR] LogOutputStream:75 - [STDERR_REDIRECT] 
2026-04-30 21:56:12,389 [ERROR] LogOutputStream:75 - [STDERR_REDIRECT] [Fatal Error] :1:1: Premature end of file.
2026-04-30 21:56:12,389 [ERROR] LogOutputStream:75 - [STDERR_REDIRECT] 
2026-04-30 21:56:13,390 [ERROR] LogOutputStream:75 - [STDERR_REDIRECT] [Fatal Error] :1:1: Premature end of file.
2026-04-30 21:56:13,390 [ERROR] LogOutputStream:75 - [STDERR_REDIRECT] 
2026-04-30 21:56:14,392 [ERROR] LogOutputStream:75 - [STDERR_REDIRECT] [Fatal Error] :1:1: Premature end of file.
2026-04-30 21:56:14,392 [ERROR] LogOutputStream:75 - [STDERR_REDIRECT] 
2026-04-30 21:56:15,403 [ERROR] LogOutputStream:75 - [STDERR_REDIRECT] [Fatal Error] :1:1: Premature end of file.
2026-04-30 21:56:15,403 [ERROR] LogOutputStream:75 - [STDERR_REDIRECT] 
2026-04-30 21:56:16,381 [ERROR] LogOutputStream:75 - [STDERR_REDIRECT] [Fatal Error] :1:1: Premature end of file.
2026-04-30 21:56:16,381 [ERROR] LogOutputStream:75 - [STDERR_REDIRECT] 
2026-04-30 21:56:17,387 [ERROR] LogOutputStream:75 - [STDERR_REDIRECT] [Fatal Error] :1:1: Premature end of file.
2026-04-30 21:56:17,390 [ERROR] LogOutputStream:75 - [STDERR_REDIRECT] 
2026-04-30 21:56:18,383 [ERROR] LogOutputStream:75 - [STDERR_REDIRECT] [Fatal Error] :1:1: Premature end of file.
2026-04-30 21:56:18,383 [ERROR] LogOutputStream:75 - [STDERR_REDIRECT] 
2026-04-30 21:56:19,385 [ERROR] LogOutputStream:75 - [STDERR_REDIRECT] [Fatal Error] :1:1: Premature end of file.
2026-04-30 21:56:19,385 [ERROR] LogOutputStream:75 - [STDERR_REDIRECT] 
2026-04-30 21:56:20,382 [ERROR] LogOutputStream:75 - [STDERR_REDIRECT] [Fatal Error] :1:1: Premature end of file.
2026-04-30 21:56:20,388 [ERROR] LogOutputStream:75 - [STDERR_REDIRECT] 
2026-04-30 21:56:21,387 [ERROR] LogOutputStream:75 - [STDERR_REDIRECT] [Fatal Error] :1:1: Premature end of file.
2026-04-30 21:56:21,387 [ERROR] LogOutputStream:75 - [STDERR_REDIRECT] 
2026-04-30 21:56:22,369 [ERROR] LogOutputStream:75 - [STDERR_REDIRECT] [Fatal Error] :1:1: Premature end of file.
2026-04-30 21:56:22,369 [ERROR] LogOutputStream:75 - [STDERR_REDIRECT] 
2026-04-30 21:56:23,381 [ERROR] LogOutputStream:75 - [STDERR_REDIRECT] [Fatal Error] :1:1: Premature end of file.
2026-04-30 21:56:23,388 [ERROR] LogOutputStream:75 - [STDERR_REDIRECT] 
2026-04-30 21:56:24,388 [ERROR] LogOutputStream:75 - [STDERR_REDIRECT] [Fatal Error] :1:1: Premature end of file.
2026-04-30 21:56:24,388 [ERROR] LogOutputStream:75 - [STDERR_REDIRECT] 
2026-04-30 21:56:25,384 [ERROR] LogOutputStream:75 - [STDERR_REDIRECT] [Fatal Error] :1:1: Premature end of file.
2026-04-30 21:56:25,384 [ERROR] LogOutputStream:75 - [STDERR_REDIRECT] 
2026-04-30 21:56:26,390 [ERROR] LogOutputStream:75 - [STDERR_REDIRECT] [Fatal Error] :1:1: Premature end of file.
2026-04-30 21:56:26,390 [ERROR] LogOutputStream:75 - [STDERR_REDIRECT] 
2026-04-30 21:56:27,385 [ERROR] LogOutputStream:75 - [STDERR_REDIRECT] [Fatal Error] :1:1: Premature end of file.
2026-04-30 21:56:27,385 [ERROR] LogOutputStream:75 - [STDERR_REDIRECT] 
2026-04-30 21:56:28,375 [ERROR] LogOutputStream:75 - [STDERR_REDIRECT] [Fatal Error] :1:1: Premature end of file.
2026-04-30 21:56:28,380 [ERROR] LogOutputStream:75 - [STDERR_REDIRECT] 
2026-04-30 21:56:29,409 [ERROR] LogOutputStream:75 - [STDERR_REDIRECT] [Fatal Error] :1:1: Premature end of file.
2026-04-30 21:56:29,409 [ERROR] LogOutputStream:75 - [STDERR_REDIRECT] 
2026-04-30 21:56:30,388 [ERROR] LogOutputStream:75 - [STDERR_REDIRECT] [Fatal Error] :1:1: Premature end of file.
2026-04-30 21:56:30,388 [ERROR] LogOutputStream:75 - [STDERR_REDIRECT] 
2026-04-30 21:56:31,387 [ERROR] LogOutputStream:75 - [STDERR_REDIRECT] [Fatal Error] :1:1: Premature end of file.
2026-04-30 21:56:31,387 [ERROR] LogOutputStream:75 - [STDERR_REDIRECT] 
2026-04-30 21:56:32,384 [ERROR] LogOutputStream:75 - [STDERR_REDIRECT] [Fatal Error] :1:1: Premature end of file.
2026-04-30 21:56:32,394 [ERROR] LogOutputStream:75 - [STDERR_REDIRECT] 
2026-04-30 21:56:33,388 [ERROR] LogOutputStream:75 - [STDERR_REDIRECT] [Fatal Error] :1:1: Premature end of file.
2026-04-30 21:56:33,390 [ERROR] LogOutputStream:75 - [STDERR_REDIRECT] 
2026-04-30 21:56:34,389 [ERROR] LogOutputStream:75 - [STDERR_REDIRECT] [Fatal Error] :1:1: Premature end of file.
2026-04-30 21:56:34,389 [ERROR] LogOutputStream:75 - [STDERR_REDIRECT] 
2026-04-30 21:56:35,410 [ERROR] LogOutputStream:75 - [STDERR_REDIRECT] [Fatal Error] :1:1: Premature end of file.
2026-04-30 21:56:35,413 [ERROR] LogOutputStream:75 - [STDERR_REDIRECT] 
2026-04-30 21:56:36,410 [ERROR] LogOutputStream:75 - [STDERR_REDIRECT] [Fatal Error] :1:1: Premature end of file.
2026-04-30 21:56:36,410 [ERROR] LogOutputStream:75 - [STDERR_REDIRECT] 
2026-04-30 21:56:37,408 [ERROR] LogOutputStream:75 - [STDERR_REDIRECT] [Fatal Error] :1:1: Premature end of file.
2026-04-30 21:56:37,408 [ERROR] LogOutputStream:75 - [STDERR_REDIRECT] 
2026-04-30 21:56:38,384 [ERROR] LogOutputStream:75 - [STDERR_REDIRECT] [Fatal Error] :1:1: Premature end of file.
2026-04-30 21:56:38,384 [ERROR] LogOutputStream:75 - [STDERR_REDIRECT] 
2026-04-30 21:56:39,388 [ERROR] LogOutputStream:75 - [STDERR_REDIRECT] [Fatal Error] :1:1: Premature end of file.
2026-04-30 21:56:39,388 [ERROR] LogOutputStream:75 - [STDERR_REDIRECT] 
2026-04-30 21:56:40,389 [ERROR] LogOutputStream:75 - [STDERR_REDIRECT] [Fatal Error] :1:1: Premature end of file.
2026-04-30 21:56:40,389 [ERROR] LogOutputStream:75 - [STDERR_REDIRECT] 
2026-04-30 21:56:41,414 [ERROR] LogOutputStream:75 - [STDERR_REDIRECT] [Fatal Error] :1:1: Premature end of file.
2026-04-30 21:56:41,414 [ERROR] LogOutputStream:75 - [STDERR_REDIRECT] 
2026-04-30 21:56:42,423 [ERROR] LogOutputStream:75 - [STDERR_REDIRECT] [Fatal Error] :1:1: Premature end of file.
2026-04-30 21:56:42,423 [ERROR] LogOutputStream:75 - [STDERR_REDIRECT] 
2026-04-30 21:56:43,402 [ERROR] LogOutputStream:75 - [STDERR_REDIRECT] [Fatal Error] :1:1: Premature end of file.
2026-04-30 21:56:43,402 [ERROR] LogOutputStream:75 - [STDERR_REDIRECT] 
2026-04-30 21:56:44,412 [ERROR] LogOutputStream:75 - [STDERR_REDIRECT] [Fatal Error] :1:1: Premature end of file.
2026-04-30 21:56:44,412 [ERROR] LogOutputStream:75 - [STDERR_REDIRECT] 
2026-04-30 21:56:45,402 [ERROR] LogOutputStream:75 - [STDERR_REDIRECT] [Fatal Error] :1:1: Premature end of file.
2026-04-30 21:56:45,413 [ERROR] LogOutputStream:75 - [STDERR_REDIRECT] 
2026-04-30 21:56:46,408 [ERROR] LogOutputStream:75 - [STDERR_REDIRECT] [Fatal Error] :1:1: Premature end of file.
2026-04-30 21:56:46,408 [ERROR] LogOutputStream:75 - [STDERR_REDIRECT] 
2026-04-30 21:56:47,408 [ERROR] LogOutputStream:75 - [STDERR_REDIRECT] [Fatal Error] :1:1: Premature end of file.
2026-04-30 21:56:47,408 [ERROR] LogOutputStream:75 - [STDERR_REDIRECT] 
2026-04-30 21:56:48,410 [ERROR] LogOutputStream:75 - [STDERR_REDIRECT] [Fatal Error] :1:1: Premature end of file.
2026-04-30 21:56:48,410 [ERROR] LogOutputStream:75 - [STDERR_REDIRECT] 
2026-04-30 21:56:49,413 [ERROR] LogOutputStream:75 - [STDERR_REDIRECT] [Fatal Error] :1:1: Premature end of file.
2026-04-30 21:56:49,413 [ERROR] LogOutputStream:75 - [STDERR_REDIRECT] 
2026-04-30 21:56:50,408 [ERROR] LogOutputStream:75 - [STDERR_REDIRECT] [Fatal Error] :1:1: Premature end of file.
2026-04-30 21:56:50,408 [ERROR] LogOutputStream:75 - [STDERR_REDIRECT] 
2026-04-30 21:56:51,409 [ERROR] LogOutputStream:75 - [STDERR_REDIRECT] [Fatal Error] :1:1: Premature end of file.
2026-04-30 21:56:51,409 [ERROR] LogOutputStream:75 - [STDERR_REDIRECT] 
2026-04-30 21:56:52,406 [ERROR] LogOutputStream:75 - [STDERR_REDIRECT] [Fatal Error] :1:1: Premature end of file.
2026-04-30 21:56:52,406 [ERROR] LogOutputStream:75 - [STDERR_REDIRECT] 
2026-04-30 21:56:53,395 [ERROR] LogOutputStream:75 - [STDERR_REDIRECT] [Fatal Error] :1:1: Premature end of file.
2026-04-30 21:56:53,405 [ERROR] LogOutputStream:75 - [STDERR_REDIRECT] 
2026-04-30 21:56:54,410 [ERROR] LogOutputStream:75 - [STDERR_REDIRECT] [Fatal Error] :1:1: Premature end of file.
2026-04-30 21:56:54,410 [ERROR] LogOutputStream:75 - [STDERR_REDIRECT] 
2026-04-30 21:56:55,411 [ERROR] LogOutputStream:75 - [STDERR_REDIRECT] [Fatal Error] :1:1: Premature end of file.
2026-04-30 21:56:55,411 [ERROR] LogOutputStream:75 - [STDERR_REDIRECT] 
2026-04-30 21:56:56,409 [ERROR] LogOutputStream:75 - [STDERR_REDIRECT] [Fatal Error] :1:1: Premature end of file.
2026-04-30 21:56:56,410 [ERROR] LogOutputStream:75 - [STDERR_REDIRECT] 
2026-04-30 21:56:57,408 [ERROR] LogOutputStream:75 - [STDERR_REDIRECT] [Fatal Error] :1:1: Premature end of file.
2026-04-30 21:56:57,408 [ERROR] LogOutputStream:75 - [STDERR_REDIRECT] 
2026-04-30 21:56:58,405 [ERROR] LogOutputStream:75 - [STDERR_REDIRECT] [Fatal Error] :1:1: Premature end of file.
2026-04-30 21:56:58,405 [ERROR] LogOutputStream:75 - [STDERR_REDIRECT] 
2026-04-30 21:56:59,408 [ERROR] LogOutputStream:75 - [STDERR_REDIRECT] [Fatal Error] :1:1: Premature end of file.
2026-04-30 21:56:59,409 [ERROR] LogOutputStream:75 - [STDERR_REDIRECT] 
2026-04-30 21:57:00,404 [ERROR] LogOutputStream:75 - [STDERR_REDIRECT] [Fatal Error] :1:1: Premature end of file.
2026-04-30 21:57:00,404 [ERROR] LogOutputStream:75 - [STDERR_REDIRECT] 
2026-04-30 21:57:01,408 [ERROR] LogOutputStream:75 - [STDERR_REDIRECT] [Fatal Error] :1:1: Premature end of file.
2026-04-30 21:57:01,408 [ERROR] LogOutputStream:75 - [STDERR_REDIRECT] 
2026-04-30 21:57:02,402 [ERROR] LogOutputStream:75 - [STDERR_REDIRECT] [Fatal Error] :1:1: Premature end of file.
2026-04-30 21:57:02,402 [ERROR] LogOutputStream:75 - [STDERR_REDIRECT] 
2026-04-30 21:57:03,417 [ERROR] LogOutputStream:75 - [STDERR_REDIRECT] [Fatal Error] :1:1: Premature end of file.
2026-04-30 21:57:03,417 [ERROR] LogOutputStream:75 - [STDERR_REDIRECT] 
2026-04-30 21:57:04,405 [ERROR] LogOutputStream:75 - [STDERR_REDIRECT] [Fatal Error] :1:1: Premature end of file.
2026-04-30 21:57:04,405 [ERROR] LogOutputStream:75 - [STDERR_REDIRECT] 
2026-04-30 21:57:05,407 [ERROR] LogOutputStream:75 - [STDERR_REDIRECT] [Fatal Error] :1:1: Premature end of file.
2026-04-30 21:57:05,407 [ERROR] LogOutputStream:75 - [STDERR_REDIRECT] 
2026-04-30 21:57:06,414 [ERROR] LogOutputStream:75 - [STDERR_REDIRECT] [Fatal Error] :1:1: Premature end of file.
2026-04-30 21:57:06,414 [ERROR] LogOutputStream:75 - [STDERR_REDIRECT] 
2026-04-30 21:57:07,396 [ERROR] LogOutputStream:75 - [STDERR_REDIRECT] [Fatal Error] :1:1: Premature end of file.
2026-04-30 21:57:07,396 [ERROR] LogOutputStream:75 - [STDERR_REDIRECT] 
2026-04-30 21:57:08,407 [ERROR] LogOutputStream:75 - [STDERR_REDIRECT] [Fatal Error] :1:1: Premature end of file.
2026-04-30 21:57:08,407 [ERROR] LogOutputStream:75 - [STDERR_REDIRECT] 
2026-04-30 21:57:09,399 [ERROR] LogOutputStream:75 - [STDERR_REDIRECT] [Fatal Error] :1:1: Premature end of file.
2026-04-30 21:57:09,399 [ERROR] LogOutputStream:75 - [STDERR_REDIRECT] 
2026-04-30 21:57:10,405 [ERROR] LogOutputStream:75 - [STDERR_REDIRECT] [Fatal Error] :1:1: Premature end of file.
2026-04-30 21:57:10,405 [ERROR] LogOutputStream:75 - [STDERR_REDIRECT] 
2026-04-30 21:57:11,406 [ERROR] LogOutputStream:75 - [STDERR_REDIRECT] [Fatal Error] :1:1: Premature end of file.
2026-04-30 21:57:11,406 [ERROR] LogOutputStream:75 - [STDERR_REDIRECT] 
2026-04-30 21:57:12,410 [ERROR] LogOutputStream:75 - [STDERR_REDIRECT] [Fatal Error] :1:1: Premature end of file.
2026-04-30 21:57:12,410 [ERROR] LogOutputStream:75 - [STDERR_REDIRECT] 
2026-04-30 21:57:13,405 [ERROR] LogOutputStream:75 - [STDERR_REDIRECT] [Fatal Error] :1:1: Premature end of file.
2026-04-30 21:57:13,405 [ERROR] LogOutputStream:75 - [STDERR_REDIRECT] 
2026-04-30 21:57:14,419 [ERROR] LogOutputStream:75 - [STDERR_REDIRECT] [Fatal Error] :1:1: Premature end of file.
2026-04-30 21:57:14,420 [ERROR] LogOutputStream:75 - [STDERR_REDIRECT] 
2026-04-30 21:57:15,414 [ERROR] LogOutputStream:75 - [STDERR_REDIRECT] [Fatal Error] :1:1: Premature end of file.
2026-04-30 21:57:15,414 [ERROR] LogOutputStream:75 - [STDERR_REDIRECT] 
2026-04-30 21:57:16,412 [ERROR] LogOutputStream:75 - [STDERR_REDIRECT] [Fatal Error] :1:1: Premature end of file.
2026-04-30 21:57:16,412 [ERROR] LogOutputStream:75 - [STDERR_REDIRECT] 
2026-04-30 21:57:17,394 [ERROR] LogOutputStream:75 - [STDERR_REDIRECT] [Fatal Error] :1:1: Premature end of file.
2026-04-30 21:57:17,404 [ERROR] LogOutputStream:75 - [STDERR_REDIRECT] 
2026-04-30 21:57:18,407 [ERROR] LogOutputStream:75 - [STDERR_REDIRECT] [Fatal Error] :1:1: Premature end of file.
2026-04-30 21:57:18,407 [ERROR] LogOutputStream:75 - [STDERR_REDIRECT] 
2026-04-30 21:57:19,404 [ERROR] LogOutputStream:75 - [STDERR_REDIRECT] [Fatal Error] :1:1: Premature end of file.
2026-04-30 21:57:19,404 [ERROR] LogOutputStream:75 - [STDERR_REDIRECT] 
2026-04-30 21:57:20,403 [ERROR] LogOutputStream:75 - [STDERR_REDIRECT] [Fatal Error] :1:1: Premature end of file.
2026-04-30 21:57:20,403 [ERROR] LogOutputStream:75 - [STDERR_REDIRECT] 
2026-04-30 21:57:21,413 [ERROR] LogOutputStream:75 - [STDERR_REDIRECT] [Fatal Error] :1:1: Premature end of file.
2026-04-30 21:57:21,413 [ERROR] LogOutputStream:75 - [STDERR_REDIRECT] 
2026-04-30 21:57:22,408 [ERROR] LogOutputStream:75 - [STDERR_REDIRECT] [Fatal Error] :1:1: Premature end of file.
2026-04-30 21:57:22,408 [ERROR] LogOutputStream:75 - [STDERR_REDIRECT] 
2026-04-30 21:57:23,402 [ERROR] LogOutputStream:75 - [STDERR_REDIRECT] [Fatal Error] :1:1: Premature end of file.
2026-04-30 21:57:23,402 [ERROR] LogOutputStream:75 - [STDERR_REDIRECT] 
2026-04-30 21:57:24,404 [ERROR] LogOutputStream:75 - [STDERR_REDIRECT] [Fatal Error] :1:1: Premature end of file.
2026-04-30 21:57:24,404 [ERROR] LogOutputStream:75 - [STDERR_REDIRECT] 
2026-04-30 21:57:25,401 [ERROR] LogOutputStream:75 - [STDERR_REDIRECT] [Fatal Error] :1:1: Premature end of file.
2026-04-30 21:57:25,401 [ERROR] LogOutputStream:75 - [STDERR_REDIRECT] 
2026-04-30 21:57:26,399 [ERROR] LogOutputStream:75 - [STDERR_REDIRECT] [Fatal Error] :1:1: Premature end of file.
2026-04-30 21:57:26,399 [ERROR] LogOutputStream:75 - [STDERR_REDIRECT] 
2026-04-30 21:57:27,397 [ERROR] LogOutputStream:75 - [STDERR_REDIRECT] [Fatal Error] :1:1: Premature end of file.
2026-04-30 21:57:27,407 [ERROR] LogOutputStream:75 - [STDERR_REDIRECT] 
2026-04-30 21:57:28,410 [ERROR] LogOutputStream:75 - [STDERR_REDIRECT] [Fatal Error] :1:1: Premature end of file.
2026-04-30 21:57:28,410 [ERROR] LogOutputStream:75 - [STDERR_REDIRECT] 
2026-04-30 21:57:29,396 [ERROR] LogOutputStream:75 - [STDERR_REDIRECT] [Fatal Error] :1:1: Premature end of file.
2026-04-30 21:57:29,396 [ERROR] LogOutputStream:75 - [STDERR_REDIRECT] 
2026-04-30 21:57:30,399 [ERROR] LogOutputStream:75 - [STDERR_REDIRECT] [Fatal Error] :1:1: Premature end of file.
2026-04-30 21:57:30,399 [ERROR] LogOutputStream:75 - [STDERR_REDIRECT] 
2026-04-30 21:57:31,397 [ERROR] LogOutputStream:75 - [STDERR_REDIRECT] [Fatal Error] :1:1: Premature end of file.
2026-04-30 21:57:31,397 [ERROR] LogOutputStream:75 - [STDERR_REDIRECT] 
2026-04-30 21:57:32,384 [ERROR] LogOutputStream:75 - [STDERR_REDIRECT] [Fatal Error] :1:1: Premature end of file.
2026-04-30 21:57:32,384 [ERROR] LogOutputStream:75 - [STDERR_REDIRECT] 
2026-04-30 21:57:33,391 [ERROR] LogOutputStream:75 - [STDERR_REDIRECT] [Fatal Error] :1:1: Premature end of file.
2026-04-30 21:57:33,391 [ERROR] LogOutputStream:75 - [STDERR_REDIRECT] 
2026-04-30 21:57:34,397 [ERROR] LogOutputStream:75 - [STDERR_REDIRECT] [Fatal Error] :1:1: Premature end of file.
2026-04-30 21:57:34,397 [ERROR] LogOutputStream:75 - [STDERR_REDIRECT] 
2026-04-30 21:57:35,384 [ERROR] LogOutputStream:75 - [STDERR_REDIRECT] [Fatal Error] :1:1: Premature end of file.
2026-04-30 21:57:35,387 [ERROR] LogOutputStream:75 - [STDERR_REDIRECT] 
2026-04-30 21:57:36,405 [ERROR] LogOutputStream:75 - [STDERR_REDIRECT] [Fatal Error] :1:1: Premature end of file.
2026-04-30 21:57:36,405 [ERROR] LogOutputStream:75 - [STDERR_REDIRECT] 
2026-04-30 21:57:37,407 [ERROR] LogOutputStream:75 - [STDERR_REDIRECT] [Fatal Error] :1:1: Premature end of file.
2026-04-30 21:57:37,407 [ERROR] LogOutputStream:75 - [STDERR_REDIRECT] 
2026-04-30 21:57:38,408 [ERROR] LogOutputStream:75 - [STDERR_REDIRECT] [Fatal Error] :1:1: Premature end of file.
2026-04-30 21:57:38,408 [ERROR] LogOutputStream:75 - [STDERR_REDIRECT] 
2026-04-30 21:57:39,405 [ERROR] LogOutputStream:75 - [STDERR_REDIRECT] [Fatal Error] :1:1: Premature end of file.
2026-04-30 21:57:39,405 [ERROR] LogOutputStream:75 - [STDERR_REDIRECT] 
2026-04-30 21:57:40,409 [ERROR] LogOutputStream:75 - [STDERR_REDIRECT] [Fatal Error] :1:1: Premature end of file.
2026-04-30 21:57:40,409 [ERROR] LogOutputStream:75 - [STDERR_REDIRECT] 
2026-04-30 21:57:41,404 [ERROR] LogOutputStream:75 - [STDERR_REDIRECT] [Fatal Error] :1:1: Premature end of file.
2026-04-30 21:57:41,408 [ERROR] LogOutputStream:75 - [STDERR_REDIRECT] 
2026-04-30 21:57:42,408 [ERROR] LogOutputStream:75 - [STDERR_REDIRECT] [Fatal Error] :1:1: Premature end of file.
2026-04-30 21:57:42,408 [ERROR] LogOutputStream:75 - [STDERR_REDIRECT] 
2026-04-30 21:57:43,405 [ERROR] LogOutputStream:75 - [STDERR_REDIRECT] [Fatal Error] :1:1: Premature end of file.
2026-04-30 21:57:43,405 [ERROR] LogOutputStream:75 - [STDERR_REDIRECT] 
2026-04-30 21:57:44,408 [ERROR] LogOutputStream:75 - [STDERR_REDIRECT] [Fatal Error] :1:1: Premature end of file.
2026-04-30 21:57:44,408 [ERROR] LogOutputStream:75 - [STDERR_REDIRECT] 
2026-04-30 21:57:45,408 [ERROR] LogOutputStream:75 - [STDERR_REDIRECT] [Fatal Error] :1:1: Premature end of file.
2026-04-30 21:57:45,408 [ERROR] LogOutputStream:75 - [STDERR_REDIRECT] 
2026-04-30 21:57:46,406 [ERROR] LogOutputStream:75 - [STDERR_REDIRECT] [Fatal Error] :1:1: Premature end of file.
2026-04-30 21:57:46,406 [ERROR] LogOutputStream:75 - [STDERR_REDIRECT] 
2026-04-30 21:57:47,408 [ERROR] LogOutputStream:75 - [STDERR_REDIRECT] [Fatal Error] :1:1: Premature end of file.
2026-04-30 21:57:47,408 [ERROR] LogOutputStream:75 - [STDERR_REDIRECT] 
2026-04-30 21:57:48,406 [ERROR] LogOutputStream:75 - [STDERR_REDIRECT] [Fatal Error] :1:1: Premature end of file.
2026-04-30 21:57:48,406 [ERROR] LogOutputStream:75 - [STDERR_REDIRECT] 
2026-04-30 21:57:49,406 [ERROR] LogOutputStream:75 - [STDERR_REDIRECT] [Fatal Error] :1:1: Premature end of file.
2026-04-30 21:57:49,406 [ERROR] LogOutputStream:75 - [STDERR_REDIRECT] 
2026-04-30 21:57:50,404 [ERROR] LogOutputStream:75 - [STDERR_REDIRECT] [Fatal Error] :1:1: Premature end of file.
2026-04-30 21:57:50,404 [ERROR] LogOutputStream:75 - [STDERR_REDIRECT] 
2026-04-30 21:57:51,409 [ERROR] LogOutputStream:75 - [STDERR_REDIRECT] [Fatal Error] :1:1: Premature end of file.
2026-04-30 21:57:51,409 [ERROR] LogOutputStream:75 - [STDERR_REDIRECT] 
2026-04-30 21:57:52,407 [ERROR] LogOutputStream:75 - [STDERR_REDIRECT] [Fatal Error] :1:1: Premature end of file.
2026-04-30 21:57:52,407 [ERROR] LogOutputStream:75 - [STDERR_REDIRECT] 
2026-04-30 21:57:53,386 [ERROR] LogOutputStream:75 - [STDERR_REDIRECT] [Fatal Error] :1:1: Premature end of file.
2026-04-30 21:57:53,386 [ERROR] LogOutputStream:75 - [STDERR_REDIRECT] 
2026-04-30 21:57:54,399 [ERROR] LogOutputStream:75 - [STDERR_REDIRECT] [Fatal Error] :1:1: Premature end of file.
2026-04-30 21:57:54,399 [ERROR] LogOutputStream:75 - [STDERR_REDIRECT] 
2026-04-30 21:57:55,405 [ERROR] LogOutputStream:75 - [STDERR_REDIRECT] [Fatal Error] :1:1: Premature end of file.
2026-04-30 21:57:55,405 [ERROR] LogOutputStream:75 - [STDERR_REDIRECT] 
2026-04-30 21:57:56,405 [ERROR] LogOutputStream:75 - [STDERR_REDIRECT] [Fatal Error] :1:1: Premature end of file.
2026-04-30 21:57:56,405 [ERROR] LogOutputStream:75 - [STDERR_REDIRECT] 
2026-04-30 21:57:57,386 [ERROR] LogOutputStream:75 - [STDERR_REDIRECT] [Fatal Error] :1:1: Premature end of file.
2026-04-30 21:57:57,386 [ERROR] LogOutputStream:75 - [STDERR_REDIRECT] 
2026-04-30 21:57:58,388 [ERROR] LogOutputStream:75 - [STDERR_REDIRECT] [Fatal Error] :1:1: Premature end of file.
2026-04-30 21:57:58,388 [ERROR] LogOutputStream:75 - [STDERR_REDIRECT] 
2026-04-30 21:57:59,391 [ERROR] LogOutputStream:75 - [STDERR_REDIRECT] [Fatal Error] :1:1: Premature end of file.
2026-04-30 21:57:59,391 [ERROR] LogOutputStream:75 - [STDERR_REDIRECT] 
2026-04-30 21:58:00,378 [ERROR] LogOutputStream:75 - [STDERR_REDIRECT] [Fatal Error] :1:1: Premature end of file.
2026-04-30 21:58:00,378 [ERROR] LogOutputStream:75 - [STDERR_REDIRECT] 
2026-04-30 21:58:01,393 [ERROR] LogOutputStream:75 - [STDERR_REDIRECT] [Fatal Error] :1:1: Premature end of file.
2026-04-30 21:58:01,393 [ERROR] LogOutputStream:75 - [STDERR_REDIRECT] 
2026-04-30 21:58:02,388 [ERROR] LogOutputStream:75 - [STDERR_REDIRECT] [Fatal Error] :1:1: Premature end of file.
2026-04-30 21:58:02,388 [ERROR] LogOutputStream:75 - [STDERR_REDIRECT] 
2026-04-30 21:58:03,390 [ERROR] LogOutputStream:75 - [STDERR_REDIRECT] [Fatal Error] :1:1: Premature end of file.
2026-04-30 21:58:03,390 [ERROR] LogOutputStream:75 - [STDERR_REDIRECT] 
2026-04-30 21:58:04,383 [ERROR] LogOutputStream:75 - [STDERR_REDIRECT] [Fatal Error] :1:1: Premature end of file.
2026-04-30 21:58:04,383 [ERROR] LogOutputStream:75 - [STDERR_REDIRECT] 
2026-04-30 21:58:05,379 [ERROR] LogOutputStream:75 - [STDERR_REDIRECT] [Fatal Error] :1:1: Premature end of file.
2026-04-30 21:58:05,379 [ERROR] LogOutputStream:75 - [STDERR_REDIRECT] 
2026-04-30 21:58:06,384 [ERROR] LogOutputStream:75 - [STDERR_REDIRECT] [Fatal Error] :1:1: Premature end of file.
2026-04-30 21:58:06,384 [ERROR] LogOutputStream:75 - [STDERR_REDIRECT] 
2026-04-30 21:58:07,390 [ERROR] LogOutputStream:75 - [STDERR_REDIRECT] [Fatal Error] :1:1: Premature end of file.
2026-04-30 21:58:07,390 [ERROR] LogOutputStream:75 - [STDERR_REDIRECT] 
2026-04-30 21:58:08,389 [ERROR] LogOutputStream:75 - [STDERR_REDIRECT] [Fatal Error] :1:1: Premature end of file.
2026-04-30 21:58:08,389 [ERROR] LogOutputStream:75 - [STDERR_REDIRECT] 
2026-04-30 21:58:09,390 [ERROR] LogOutputStream:75 - [STDERR_REDIRECT] [Fatal Error] :1:1: Premature end of file.
2026-04-30 21:58:09,390 [ERROR] LogOutputStream:75 - [STDERR_REDIRECT] 
2026-04-30 21:58:10,377 [ERROR] LogOutputStream:75 - [STDERR_REDIRECT] [Fatal Error] :1:1: Premature end of file.
2026-04-30 21:58:10,377 [ERROR] LogOutputStream:75 - [STDERR_REDIRECT] 
2026-04-30 21:58:11,387 [ERROR] LogOutputStream:75 - [STDERR_REDIRECT] [Fatal Error] :1:1: Premature end of file.
2026-04-30 21:58:11,387 [ERROR] LogOutputStream:75 - [STDERR_REDIRECT] 
2026-04-30 21:58:12,392 [ERROR] LogOutputStream:75 - [STDERR_REDIRECT] [Fatal Error] :1:1: Premature end of file.
2026-04-30 21:58:12,392 [ERROR] LogOutputStream:75 - [STDERR_REDIRECT] 
2026-04-30 21:58:13,393 [ERROR] LogOutputStream:75 - [STDERR_REDIRECT] [Fatal Error] :1:1: Premature end of file.
2026-04-30 21:58:13,393 [ERROR] LogOutputStream:75 - [STDERR_REDIRECT] 
2026-04-30 21:58:14,398 [ERROR] LogOutputStream:75 - [STDERR_REDIRECT] [Fatal Error] :1:1: Premature end of file.
2026-04-30 21:58:14,398 [ERROR] LogOutputStream:75 - [STDERR_REDIRECT] 
2026-04-30 21:58:15,396 [ERROR] LogOutputStream:75 - [STDERR_REDIRECT] [Fatal Error] :1:1: Premature end of file.
2026-04-30 21:58:15,396 [ERROR] LogOutputStream:75 - [STDERR_REDIRECT] 
2026-04-30 21:58:16,394 [ERROR] LogOutputStream:75 - [STDERR_REDIRECT] [Fatal Error] :1:1: Premature end of file.
2026-04-30 21:58:16,394 [ERROR] LogOutputStream:75 - [STDERR_REDIRECT] 
2026-04-30 21:58:17,384 [ERROR] LogOutputStream:75 - [STDERR_REDIRECT] [Fatal Error] :1:1: Premature end of file.
2026-04-30 21:58:17,384 [ERROR] LogOutputStream:75 - [STDERR_REDIRECT] 
2026-04-30 21:58:18,404 [ERROR] LogOutputStream:75 - [STDERR_REDIRECT] [Fatal Error] :1:1: Premature end of file.
2026-04-30 21:58:18,404 [ERROR] LogOutputStream:75 - [STDERR_REDIRECT] 
2026-04-30 21:58:19,408 [ERROR] LogOutputStream:75 - [STDERR_REDIRECT] [Fatal Error] :1:1: Premature end of file.
2026-04-30 21:58:19,408 [ERROR] LogOutputStream:75 - [STDERR_REDIRECT] 
2026-04-30 21:58:20,381 [ERROR] LogOutputStream:75 - [STDERR_REDIRECT] [Fatal Error] :1:1: Premature end of file.
2026-04-30 21:58:20,381 [ERROR] LogOutputStream:75 - [STDERR_REDIRECT] 
2026-04-30 21:58:21,380 [ERROR] LogOutputStream:75 - [STDERR_REDIRECT] [Fatal Error] :1:1: Premature end of file.
2026-04-30 21:58:21,381 [ERROR] LogOutputStream:75 - [STDERR_REDIRECT] 
2026-04-30 21:58:22,391 [ERROR] LogOutputStream:75 - [STDERR_REDIRECT] [Fatal Error] :1:1: Premature end of file.
2026-04-30 21:58:22,391 [ERROR] LogOutputStream:75 - [STDERR_REDIRECT] 
2026-04-30 21:58:23,385 [ERROR] LogOutputStream:75 - [STDERR_REDIRECT] [Fatal Error] :1:1: Premature end of file.
2026-04-30 21:58:23,385 [ERROR] LogOutputStream:75 - [STDERR_REDIRECT] 
2026-04-30 21:58:24,385 [ERROR] LogOutputStream:75 - [STDERR_REDIRECT] [Fatal Error] :1:1: Premature end of file.
2026-04-30 21:58:24,386 [ERROR] LogOutputStream:75 - [STDERR_REDIRECT] 
2026-04-30 21:58:25,387 [ERROR] LogOutputStream:75 - [STDERR_REDIRECT] [Fatal Error] :1:1: Premature end of file.
2026-04-30 21:58:25,387 [ERROR] LogOutputStream:75 - [STDERR_REDIRECT] 
2026-04-30 21:58:26,384 [ERROR] LogOutputStream:75 - [STDERR_REDIRECT] [Fatal Error] :1:1: Premature end of file.
2026-04-30 21:58:26,384 [ERROR] LogOutputStream:75 - [STDERR_REDIRECT] 
2026-04-30 21:58:27,376 [ERROR] LogOutputStream:75 - [STDERR_REDIRECT] [Fatal Error] :1:1: Premature end of file.
2026-04-30 21:58:27,376 [ERROR] LogOutputStream:75 - [STDERR_REDIRECT] 
2026-04-30 21:58:28,392 [ERROR] LogOutputStream:75 - [STDERR_REDIRECT] [Fatal Error] :1:1: Premature end of file.
2026-04-30 21:58:28,392 [ERROR] LogOutputStream:75 - [STDERR_REDIRECT] 
2026-04-30 21:58:29,375 [ERROR] LogOutputStream:75 - [STDERR_REDIRECT] [Fatal Error] :1:1: Premature end of file.
2026-04-30 21:58:29,375 [ERROR] LogOutputStream:75 - [STDERR_REDIRECT] 
2026-04-30 21:58:30,385 [ERROR] LogOutputStream:75 - [STDERR_REDIRECT] [Fatal Error] :1:1: Premature end of file.
2026-04-30 21:58:30,385 [ERROR] LogOutputStream:75 - [STDERR_REDIRECT] 
2026-04-30 21:58:31,401 [ERROR] LogOutputStream:75 - [STDERR_REDIRECT] [Fatal Error] :1:1: Premature end of file.
2026-04-30 21:58:31,401 [ERROR] LogOutputStream:75 - [STDERR_REDIRECT] 
2026-04-30 21:58:32,411 [ERROR] LogOutputStream:75 - [STDERR_REDIRECT] [Fatal Error] :1:1: Premature end of file.
2026-04-30 21:58:32,411 [ERROR] LogOutputStream:75 - [STDERR_REDIRECT] 
2026-04-30 21:58:33,407 [ERROR] LogOutputStream:75 - [STDERR_REDIRECT] [Fatal Error] :1:1: Premature end of file.
2026-04-30 21:58:33,407 [ERROR] LogOutputStream:75 - [STDERR_REDIRECT] 
2026-04-30 21:58:34,401 [ERROR] LogOutputStream:75 - [STDERR_REDIRECT] [Fatal Error] :1:1: Premature end of file.
2026-04-30 21:58:34,402 [ERROR] LogOutputStream:75 - [STDERR_REDIRECT] 
2026-04-30 21:58:35,382 [ERROR] LogOutputStream:75 - [STDERR_REDIRECT] [Fatal Error] :1:1: Premature end of file.
2026-04-30 21:58:35,382 [ERROR] LogOutputStream:75 - [STDERR_REDIRECT] 
2026-04-30 21:58:36,409 [ERROR] LogOutputStream:75 - [STDERR_REDIRECT] [Fatal Error] :1:1: Premature end of file.
2026-04-30 21:58:36,409 [ERROR] LogOutputStream:75 - [STDERR_REDIRECT] 
2026-04-30 21:58:37,406 [ERROR] LogOutputStream:75 - [STDERR_REDIRECT] [Fatal Error] :1:1: Premature end of file.
2026-04-30 21:58:37,406 [ERROR] LogOutputStream:75 - [STDERR_REDIRECT] 
2026-04-30 21:58:38,400 [ERROR] LogOutputStream:75 - [STDERR_REDIRECT] [Fatal Error] :1:1: Premature end of file.
2026-04-30 21:58:38,400 [ERROR] LogOutputStream:75 - [STDERR_REDIRECT] 
2026-04-30 21:58:39,393 [ERROR] LogOutputStream:75 - [STDERR_REDIRECT] [Fatal Error] :1:1: Premature end of file.
2026-04-30 21:58:39,393 [ERROR] LogOutputStream:75 - [STDERR_REDIRECT] 
2026-04-30 21:58:40,381 [ERROR] LogOutputStream:75 - [STDERR_REDIRECT] [Fatal Error] :1:1: Premature end of file.
2026-04-30 21:58:40,381 [ERROR] LogOutputStream:75 - [STDERR_REDIRECT] 
2026-04-30 21:58:41,397 [ERROR] LogOutputStream:75 - [STDERR_REDIRECT] [Fatal Error] :1:1: Premature end of file.
2026-04-30 21:58:41,397 [ERROR] LogOutputStream:75 - [STDERR_REDIRECT] 
2026-04-30 21:58:42,397 [ERROR] LogOutputStream:75 - [STDERR_REDIRECT] [Fatal Error] :1:1: Premature end of file.
2026-04-30 21:58:42,397 [ERROR] LogOutputStream:75 - [STDERR_REDIRECT] 
2026-04-30 21:58:43,404 [ERROR] LogOutputStream:75 - [STDERR_REDIRECT] [Fatal Error] :1:1: Premature end of file.
2026-04-30 21:58:43,404 [ERROR] LogOutputStream:75 - [STDERR_REDIRECT] 
2026-04-30 21:58:44,405 [ERROR] LogOutputStream:75 - [STDERR_REDIRECT] [Fatal Error] :1:1: Premature end of file.
2026-04-30 21:58:44,405 [ERROR] LogOutputStream:75 - [STDERR_REDIRECT] 
2026-04-30 21:58:45,391 [ERROR] LogOutputStream:75 - [STDERR_REDIRECT] [Fatal Error] :1:1: Premature end of file.
2026-04-30 21:58:45,391 [ERROR] LogOutputStream:75 - [STDERR_REDIRECT] 
2026-04-30 21:58:46,383 [ERROR] LogOutputStream:75 - [STDERR_REDIRECT] [Fatal Error] :1:1: Premature end of file.
2026-04-30 21:58:46,383 [ERROR] LogOutputStream:75 - [STDERR_REDIRECT] 
2026-04-30 21:58:47,406 [ERROR] LogOutputStream:75 - [STDERR_REDIRECT] [Fatal Error] :1:1: Premature end of file.
2026-04-30 21:58:47,406 [ERROR] LogOutputStream:75 - [STDERR_REDIRECT] 
2026-04-30 21:58:48,399 [ERROR] LogOutputStream:75 - [STDERR_REDIRECT] [Fatal Error] :1:1: Premature end of file.
2026-04-30 21:58:48,400 [ERROR] LogOutputStream:75 - [STDERR_REDIRECT] 
2026-04-30 21:58:49,403 [ERROR] LogOutputStream:75 - [STDERR_REDIRECT] [Fatal Error] :1:1: Premature end of file.
2026-04-30 21:58:49,403 [ERROR] LogOutputStream:75 - [STDERR_REDIRECT] 
2026-04-30 21:58:50,404 [ERROR] LogOutputStream:75 - [STDERR_REDIRECT] [Fatal Error] :1:1: Premature end of file.
2026-04-30 21:58:50,404 [ERROR] LogOutputStream:75 - [STDERR_REDIRECT] 
2026-04-30 21:58:51,383 [ERROR] LogOutputStream:75 - [STDERR_REDIRECT] [Fatal Error] :1:1: Premature end of file.
2026-04-30 21:58:51,383 [ERROR] LogOutputStream:75 - [STDERR_REDIRECT] 
2026-04-30 21:58:52,412 [ERROR] LogOutputStream:75 - [STDERR_REDIRECT] [Fatal Error] :1:1: Premature end of file.
2026-04-30 21:58:52,413 [ERROR] LogOutputStream:75 - [STDERR_REDIRECT] 
2026-04-30 21:58:53,391 [ERROR] LogOutputStream:75 - [STDERR_REDIRECT] [Fatal Error] :1:1: Premature end of file.
2026-04-30 21:58:53,391 [ERROR] LogOutputStream:75 - [STDERR_REDIRECT] 
2026-04-30 21:58:54,384 [ERROR] LogOutputStream:75 - [STDERR_REDIRECT] [Fatal Error] :1:1: Premature end of file.
2026-04-30 21:58:54,384 [ERROR] LogOutputStream:75 - [STDERR_REDIRECT] 
2026-04-30 21:58:55,387 [ERROR] LogOutputStream:75 - [STDERR_REDIRECT] [Fatal Error] :1:1: Premature end of file.
2026-04-30 21:58:55,387 [ERROR] LogOutputStream:75 - [STDERR_REDIRECT] 
2026-04-30 21:58:56,387 [ERROR] LogOutputStream:75 - [STDERR_REDIRECT] [Fatal Error] :1:1: Premature end of file.
2026-04-30 21:58:56,387 [ERROR] LogOutputStream:75 - [STDERR_REDIRECT] 
2026-04-30 21:58:57,397 [ERROR] LogOutputStream:75 - [STDERR_REDIRECT] [Fatal Error] :1:1: Premature end of file.
2026-04-30 21:58:57,397 [ERROR] LogOutputStream:75 - [STDERR_REDIRECT] 
2026-04-30 21:58:58,403 [ERROR] LogOutputStream:75 - [STDERR_REDIRECT] [Fatal Error] :1:1: Premature end of file.
2026-04-30 21:58:58,403 [ERROR] LogOutputStream:75 - [STDERR_REDIRECT] 
2026-04-30 21:58:59,416 [ERROR] LogOutputStream:75 - [STDERR_REDIRECT] [Fatal Error] :1:1: Premature end of file.
2026-04-30 21:58:59,416 [ERROR] LogOutputStream:75 - [STDERR_REDIRECT] 
2026-04-30 21:59:00,400 [ERROR] LogOutputStream:75 - [STDERR_REDIRECT] [Fatal Error] :1:1: Premature end of file.
2026-04-30 21:59:00,408 [ERROR] LogOutputStream:75 - [STDERR_REDIRECT] 
2026-04-30 21:59:01,395 [ERROR] LogOutputStream:75 - [STDERR_REDIRECT] [Fatal Error] :1:1: Premature end of file.
2026-04-30 21:59:01,395 [ERROR] LogOutputStream:75 - [STDERR_REDIRECT] 
2026-04-30 21:59:02,393 [ERROR] LogOutputStream:75 - [STDERR_REDIRECT] [Fatal Error] :1:1: Premature end of file.
2026-04-30 21:59:02,393 [ERROR] LogOutputStream:75 - [STDERR_REDIRECT] 
2026-04-30 21:59:03,396 [ERROR] LogOutputStream:75 - [STDERR_REDIRECT] [Fatal Error] :1:1: Premature end of file.
2026-04-30 21:59:03,396 [ERROR] LogOutputStream:75 - [STDERR_REDIRECT] 
2026-04-30 21:59:04,378 [ERROR] LogOutputStream:75 - [STDERR_REDIRECT] [Fatal Error] :1:1: Premature end of file.
2026-04-30 21:59:04,378 [ERROR] LogOutputStream:75 - [STDERR_REDIRECT] 
2026-04-30 21:59:05,385 [ERROR] LogOutputStream:75 - [STDERR_REDIRECT] [Fatal Error] :1:1: Premature end of file.
2026-04-30 21:59:05,386 [ERROR] LogOutputStream:75 - [STDERR_REDIRECT] 
2026-04-30 21:59:06,397 [ERROR] LogOutputStream:75 - [STDERR_REDIRECT] [Fatal Error] :1:1: Premature end of file.
2026-04-30 21:59:06,397 [ERROR] LogOutputStream:75 - [STDERR_REDIRECT] 
2026-04-30 21:59:07,387 [ERROR] LogOutputStream:75 - [STDERR_REDIRECT] [Fatal Error] :1:1: Premature end of file.
2026-04-30 21:59:07,387 [ERROR] LogOutputStream:75 - [STDERR_REDIRECT] 
2026-04-30 21:59:08,385 [ERROR] LogOutputStream:75 - [STDERR_REDIRECT] [Fatal Error] :1:1: Premature end of file.
2026-04-30 21:59:08,385 [ERROR] LogOutputStream:75 - [STDERR_REDIRECT] 
2026-04-30 21:59:09,396 [ERROR] LogOutputStream:75 - [STDERR_REDIRECT] [Fatal Error] :1:1: Premature end of file.
2026-04-30 21:59:09,396 [ERROR] LogOutputStream:75 - [STDERR_REDIRECT] 
2026-04-30 21:59:10,405 [ERROR] LogOutputStream:75 - [STDERR_REDIRECT] [Fatal Error] :1:1: Premature end of file.
2026-04-30 21:59:10,405 [ERROR] LogOutputStream:75 - [STDERR_REDIRECT] 
2026-04-30 21:59:11,382 [ERROR] LogOutputStream:75 - [STDERR_REDIRECT] [Fatal Error] :1:1: Premature end of file.
2026-04-30 21:59:11,382 [ERROR] LogOutputStream:75 - [STDERR_REDIRECT] 
2026-04-30 21:59:12,396 [ERROR] LogOutputStream:75 - [STDERR_REDIRECT] [Fatal Error] :1:1: Premature end of file.
2026-04-30 21:59:12,397 [ERROR] LogOutputStream:75 - [STDERR_REDIRECT] 
2026-04-30 21:59:13,398 [ERROR] LogOutputStream:75 - [STDERR_REDIRECT] [Fatal Error] :1:1: Premature end of file.
2026-04-30 21:59:13,398 [ERROR] LogOutputStream:75 - [STDERR_REDIRECT] 
2026-04-30 21:59:14,388 [ERROR] LogOutputStream:75 - [STDERR_REDIRECT] [Fatal Error] :1:1: Premature end of file.
2026-04-30 21:59:14,388 [ERROR] LogOutputStream:75 - [STDERR_REDIRECT] 
2026-04-30 21:59:15,386 [ERROR] LogOutputStream:75 - [STDERR_REDIRECT] [Fatal Error] :1:1: Premature end of file.
2026-04-30 21:59:15,386 [ERROR] LogOutputStream:75 - [STDERR_REDIRECT] 
2026-04-30 21:59:16,390 [ERROR] LogOutputStream:75 - [STDERR_REDIRECT] [Fatal Error] :1:1: Premature end of file.
2026-04-30 21:59:16,391 [ERROR] LogOutputStream:75 - [STDERR_REDIRECT] 
2026-04-30 21:59:17,379 [ERROR] LogOutputStream:75 - [STDERR_REDIRECT] [Fatal Error] :1:1: Premature end of file.
2026-04-30 21:59:17,379 [ERROR] LogOutputStream:75 - [STDERR_REDIRECT] 
2026-04-30 21:59:18,385 [ERROR] LogOutputStream:75 - [STDERR_REDIRECT] [Fatal Error] :1:1: Premature end of file.
2026-04-30 21:59:18,385 [ERROR] LogOutputStream:75 - [STDERR_REDIRECT] 
2026-04-30 21:59:19,403 [ERROR] LogOutputStream:75 - [STDERR_REDIRECT] [Fatal Error] :1:1: Premature end of file.
2026-04-30 21:59:19,403 [ERROR] LogOutputStream:75 - [STDERR_REDIRECT] 
2026-04-30 21:59:20,391 [ERROR] LogOutputStream:75 - [STDERR_REDIRECT] [Fatal Error] :1:1: Premature end of file.
2026-04-30 21:59:20,391 [ERROR] LogOutputStream:75 - [STDERR_REDIRECT] 
2026-04-30 21:59:21,391 [ERROR] LogOutputStream:75 - [STDERR_REDIRECT] [Fatal Error] :1:1: Premature end of file.
2026-04-30 21:59:21,391 [ERROR] LogOutputStream:75 - [STDERR_REDIRECT] 
2026-04-30 21:59:22,395 [ERROR] LogOutputStream:75 - [STDERR_REDIRECT] [Fatal Error] :1:1: Premature end of file.
2026-04-30 21:59:22,395 [ERROR] LogOutputStream:75 - [STDERR_REDIRECT] 
2026-04-30 21:59:23,385 [ERROR] LogOutputStream:75 - [STDERR_REDIRECT] [Fatal Error] :1:1: Premature end of file.
2026-04-30 21:59:23,385 [ERROR] LogOutputStream:75 - [STDERR_REDIRECT] 
2026-04-30 21:59:24,374 [ERROR] LogOutputStream:75 - [STDERR_REDIRECT] [Fatal Error] :1:1: Premature end of file.
2026-04-30 21:59:24,375 [ERROR] LogOutputStream:75 - [STDERR_REDIRECT] 
2026-04-30 21:59:25,390 [ERROR] LogOutputStream:75 - [STDERR_REDIRECT] [Fatal Error] :1:1: Premature end of file.
2026-04-30 21:59:25,390 [ERROR] LogOutputStream:75 - [STDERR_REDIRECT] 
2026-04-30 21:59:26,385 [ERROR] LogOutputStream:75 - [STDERR_REDIRECT] [Fatal Error] :1:1: Premature end of file.
2026-04-30 21:59:26,386 [ERROR] LogOutputStream:75 - [STDERR_REDIRECT] 
2026-04-30 21:59:27,382 [ERROR] LogOutputStream:75 - [STDERR_REDIRECT] [Fatal Error] :1:1: Premature end of file.
2026-04-30 21:59:27,382 [ERROR] LogOutputStream:75 - [STDERR_REDIRECT] 
2026-04-30 21:59:28,388 [ERROR] LogOutputStream:75 - [STDERR_REDIRECT] [Fatal Error] :1:1: Premature end of file.
2026-04-30 21:59:28,389 [ERROR] LogOutputStream:75 - [STDERR_REDIRECT] 
2026-04-30 21:59:29,386 [ERROR] LogOutputStream:75 - [STDERR_REDIRECT] [Fatal Error] :1:1: Premature end of file.
2026-04-30 21:59:29,386 [ERROR] LogOutputStream:75 - [STDERR_REDIRECT] 
2026-04-30 21:59:30,412 [ERROR] LogOutputStream:75 - [STDERR_REDIRECT] [Fatal Error] :1:1: Premature end of file.
2026-04-30 21:59:30,412 [ERROR] LogOutputStream:75 - [STDERR_REDIRECT] 
2026-04-30 21:59:31,407 [ERROR] LogOutputStream:75 - [STDERR_REDIRECT] [Fatal Error] :1:1: Premature end of file.
2026-04-30 21:59:31,408 [ERROR] LogOutputStream:75 - [STDERR_REDIRECT] 
2026-04-30 21:59:32,383 [ERROR] LogOutputStream:75 - [STDERR_REDIRECT] [Fatal Error] :1:1: Premature end of file.
2026-04-30 21:59:32,383 [ERROR] LogOutputStream:75 - [STDERR_REDIRECT] 
2026-04-30 21:59:33,401 [ERROR] LogOutputStream:75 - [STDERR_REDIRECT] [Fatal Error] :1:1: Premature end of file.
2026-04-30 21:59:33,401 [ERROR] LogOutputStream:75 - [STDERR_REDIRECT] 
2026-04-30 21:59:34,403 [ERROR] LogOutputStream:75 - [STDERR_REDIRECT] [Fatal Error] :1:1: Premature end of file.
2026-04-30 21:59:34,403 [ERROR] LogOutputStream:75 - [STDERR_REDIRECT] 
2026-04-30 21:59:35,384 [ERROR] LogOutputStream:75 - [STDERR_REDIRECT] [Fatal Error] :1:1: Premature end of file.
2026-04-30 21:59:35,384 [ERROR] LogOutputStream:75 - [STDERR_REDIRECT] 
2026-04-30 21:59:36,383 [ERROR] LogOutputStream:75 - [STDERR_REDIRECT] [Fatal Error] :1:1: Premature end of file.
2026-04-30 21:59:36,383 [ERROR] LogOutputStream:75 - [STDERR_REDIRECT] 
2026-04-30 21:59:37,392 [ERROR] LogOutputStream:75 - [STDERR_REDIRECT] [Fatal Error] :1:1: Premature end of file.
2026-04-30 21:59:37,392 [ERROR] LogOutputStream:75 - [STDERR_REDIRECT] 
2026-04-30 21:59:38,383 [ERROR] LogOutputStream:75 - [STDERR_REDIRECT] [Fatal Error] :1:1: Premature end of file.
2026-04-30 21:59:38,383 [ERROR] LogOutputStream:75 - [STDERR_REDIRECT] 
2026-04-30 21:59:39,383 [ERROR] LogOutputStream:75 - [STDERR_REDIRECT] [Fatal Error] :1:1: Premature end of file.
2026-04-30 21:59:39,383 [ERROR] LogOutputStream:75 - [STDERR_REDIRECT] 
2026-04-30 21:59:40,385 [ERROR] LogOutputStream:75 - [STDERR_REDIRECT] [Fatal Error] :1:1: Premature end of file.
2026-04-30 21:59:40,385 [ERROR] LogOutputStream:75 - [STDERR_REDIRECT] 
2026-04-30 21:59:41,386 [ERROR] LogOutputStream:75 - [STDERR_REDIRECT] [Fatal Error] :1:1: Premature end of file.
2026-04-30 21:59:41,386 [ERROR] LogOutputStream:75 - [STDERR_REDIRECT] 
2026-04-30 21:59:42,385 [ERROR] LogOutputStream:75 - [STDERR_REDIRECT] [Fatal Error] :1:1: Premature end of file.
2026-04-30 21:59:42,385 [ERROR] LogOutputStream:75 - [STDERR_REDIRECT] 
2026-04-30 21:59:43,382 [ERROR] LogOutputStream:75 - [STDERR_REDIRECT] [Fatal Error] :1:1: Premature end of file.
2026-04-30 21:59:43,383 [ERROR] LogOutputStream:75 - [STDERR_REDIRECT] 
2026-04-30 21:59:44,398 [ERROR] LogOutputStream:75 - [STDERR_REDIRECT] [Fatal Error] :1:1: Premature end of file.
2026-04-30 21:59:44,398 [ERROR] LogOutputStream:75 - [STDERR_REDIRECT] 
2026-04-30 21:59:45,384 [ERROR] LogOutputStream:75 - [STDERR_REDIRECT] [Fatal Error] :1:1: Premature end of file.
2026-04-30 21:59:45,384 [ERROR] LogOutputStream:75 - [STDERR_REDIRECT] 
2026-04-30 21:59:46,382 [ERROR] LogOutputStream:75 - [STDERR_REDIRECT] [Fatal Error] :1:1: Premature end of file.
2026-04-30 21:59:46,382 [ERROR] LogOutputStream:75 - [STDERR_REDIRECT] 
2026-04-30 21:59:47,403 [ERROR] LogOutputStream:75 - [STDERR_REDIRECT] [Fatal Error] :1:1: Premature end of file.
2026-04-30 21:59:47,403 [ERROR] LogOutputStream:75 - [STDERR_REDIRECT] 
2026-04-30 21:59:48,402 [ERROR] LogOutputStream:75 - [STDERR_REDIRECT] [Fatal Error] :1:1: Premature end of file.
2026-04-30 21:59:48,403 [ERROR] LogOutputStream:75 - [STDERR_REDIRECT] 
2026-04-30 21:59:49,405 [ERROR] LogOutputStream:75 - [STDERR_REDIRECT] [Fatal Error] :1:1: Premature end of file.
2026-04-30 21:59:49,405 [ERROR] LogOutputStream:75 - [STDERR_REDIRECT] 
2026-04-30 21:59:50,396 [ERROR] LogOutputStream:75 - [STDERR_REDIRECT] [Fatal Error] :1:1: Premature end of file.
2026-04-30 21:59:50,397 [ERROR] LogOutputStream:75 - [STDERR_REDIRECT] 
2026-04-30 21:59:51,386 [ERROR] LogOutputStream:75 - [STDERR_REDIRECT] [Fatal Error] :1:1: Premature end of file.
2026-04-30 21:59:51,386 [ERROR] LogOutputStream:75 - [STDERR_REDIRECT] 
2026-04-30 21:59:52,391 [ERROR] LogOutputStream:75 - [STDERR_REDIRECT] [Fatal Error] :1:1: Premature end of file.
2026-04-30 21:59:52,392 [ERROR] LogOutputStream:75 - [STDERR_REDIRECT] 
2026-04-30 21:59:53,390 [ERROR] LogOutputStream:75 - [STDERR_REDIRECT] [Fatal Error] :1:1: Premature end of file.
2026-04-30 21:59:53,390 [ERROR] LogOutputStream:75 - [STDERR_REDIRECT] 
2026-04-30 21:59:54,399 [ERROR] LogOutputStream:75 - [STDERR_REDIRECT] [Fatal Error] :1:1: Premature end of file.
2026-04-30 21:59:54,399 [ERROR] LogOutputStream:75 - [STDERR_REDIRECT] 
2026-04-30 21:59:55,387 [ERROR] LogOutputStream:75 - [STDERR_REDIRECT] [Fatal Error] :1:1: Premature end of file.
2026-04-30 21:59:55,387 [ERROR] LogOutputStream:75 - [STDERR_REDIRECT] 
2026-04-30 21:59:56,389 [ERROR] LogOutputStream:75 - [STDERR_REDIRECT] [Fatal Error] :1:1: Premature end of file.
2026-04-30 21:59:56,389 [ERROR] LogOutputStream:75 - [STDERR_REDIRECT] 
2026-04-30 21:59:57,381 [ERROR] LogOutputStream:75 - [STDERR_REDIRECT] [Fatal Error] :1:1: Premature end of file.
2026-04-30 21:59:57,381 [ERROR] LogOutputStream:75 - [STDERR_REDIRECT] 
2026-04-30 21:59:58,389 [ERROR] LogOutputStream:75 - [STDERR_REDIRECT] [Fatal Error] :1:1: Premature end of file.
2026-04-30 21:59:58,390 [ERROR] LogOutputStream:75 - [STDERR_REDIRECT] 
2026-04-30 21:59:59,379 [ERROR] LogOutputStream:75 - [STDERR_REDIRECT] [Fatal Error] :1:1: Premature end of file.
2026-04-30 21:59:59,379 [ERROR] LogOutputStream:75 - [STDERR_REDIRECT] 
2026-04-30 22:00:00,385 [ERROR] LogOutputStream:75 - [STDERR_REDIRECT] [Fatal Error] :1:1: Premature end of file.
2026-04-30 22:00:00,385 [ERROR] LogOutputStream:75 - [STDERR_REDIRECT] 
2026-04-30 22:00:01,391 [ERROR] LogOutputStream:75 - [STDERR_REDIRECT] [Fatal Error] :1:1: Premature end of file.
2026-04-30 22:00:01,392 [ERROR] LogOutputStream:75 - [STDERR_REDIRECT] 
2026-04-30 22:00:02,390 [ERROR] LogOutputStream:75 - [STDERR_REDIRECT] [Fatal Error] :1:1: Premature end of file.
2026-04-30 22:00:02,390 [ERROR] LogOutputStream:75 - [STDERR_REDIRECT] 
2026-04-30 22:00:03,386 [ERROR] LogOutputStream:75 - [STDERR_REDIRECT] [Fatal Error] :1:1: Premature end of file.
2026-04-30 22:00:03,387 [ERROR] LogOutputStream:75 - [STDERR_REDIRECT] 
2026-04-30 22:00:04,393 [ERROR] LogOutputStream:75 - [STDERR_REDIRECT] [Fatal Error] :1:1: Premature end of file.
2026-04-30 22:00:04,393 [ERROR] LogOutputStream:75 - [STDERR_REDIRECT] 
2026-04-30 22:00:05,391 [ERROR] LogOutputStream:75 - [STDERR_REDIRECT] [Fatal Error] :1:1: Premature end of file.
2026-04-30 22:00:05,391 [ERROR] LogOutputStream:75 - [STDERR_REDIRECT] 
2026-04-30 22:00:06,391 [ERROR] LogOutputStream:75 - [STDERR_REDIRECT] [Fatal Error] :1:1: Premature end of file.
2026-04-30 22:00:06,392 [ERROR] LogOutputStream:75 - [STDERR_REDIRECT] 
2026-04-30 22:00:07,386 [ERROR] LogOutputStream:75 - [STDERR_REDIRECT] [Fatal Error] :1:1: Premature end of file.
2026-04-30 22:00:07,386 [ERROR] LogOutputStream:75 - [STDERR_REDIRECT] 
2026-04-30 22:00:08,389 [ERROR] LogOutputStream:75 - [STDERR_REDIRECT] [Fatal Error] :1:1: Premature end of file.
2026-04-30 22:00:08,389 [ERROR] LogOutputStream:75 - [STDERR_REDIRECT] 
2026-04-30 22:00:09,390 [ERROR] LogOutputStream:75 - [STDERR_REDIRECT] [Fatal Error] :1:1: Premature end of file.
2026-04-30 22:00:09,390 [ERROR] LogOutputStream:75 - [STDERR_REDIRECT] 
2026-04-30 22:00:10,389 [ERROR] LogOutputStream:75 - [STDERR_REDIRECT] [Fatal Error] :1:1: Premature end of file.
2026-04-30 22:00:10,389 [ERROR] LogOutputStream:75 - [STDERR_REDIRECT] 
2026-04-30 22:00:11,391 [ERROR] LogOutputStream:75 - [STDERR_REDIRECT] [Fatal Error] :1:1: Premature end of file.
2026-04-30 22:00:11,392 [ERROR] LogOutputStream:75 - [STDERR_REDIRECT] 
2026-04-30 22:00:12,402 [ERROR] LogOutputStream:75 - [STDERR_REDIRECT] [Fatal Error] :1:1: Premature end of file.
2026-04-30 22:00:12,402 [ERROR] LogOutputStream:75 - [STDERR_REDIRECT] 
2026-04-30 22:00:13,390 [ERROR] LogOutputStream:75 - [STDERR_REDIRECT] [Fatal Error] :1:1: Premature end of file.
2026-04-30 22:00:13,390 [ERROR] LogOutputStream:75 - [STDERR_REDIRECT] 
2026-04-30 22:00:14,392 [ERROR] LogOutputStream:75 - [STDERR_REDIRECT] [Fatal Error] :1:1: Premature end of file.
2026-04-30 22:00:14,392 [ERROR] LogOutputStream:75 - [STDERR_REDIRECT] 
2026-04-30 22:00:15,386 [ERROR] LogOutputStream:75 - [STDERR_REDIRECT] [Fatal Error] :1:1: Premature end of file.
2026-04-30 22:00:15,386 [ERROR] LogOutputStream:75 - [STDERR_REDIRECT] 
2026-04-30 22:00:16,388 [ERROR] LogOutputStream:75 - [STDERR_REDIRECT] [Fatal Error] :1:1: Premature end of file.
2026-04-30 22:00:16,388 [ERROR] LogOutputStream:75 - [STDERR_REDIRECT] 
2026-04-30 22:00:17,396 [ERROR] LogOutputStream:75 - [STDERR_REDIRECT] [Fatal Error] :1:1: Premature end of file.
2026-04-30 22:00:17,396 [ERROR] LogOutputStream:75 - [STDERR_REDIRECT] 
2026-04-30 22:00:18,387 [ERROR] LogOutputStream:75 - [STDERR_REDIRECT] [Fatal Error] :1:1: Premature end of file.
2026-04-30 22:00:18,387 [ERROR] LogOutputStream:75 - [STDERR_REDIRECT] 
2026-04-30 22:00:19,389 [ERROR] LogOutputStream:75 - [STDERR_REDIRECT] [Fatal Error] :1:1: Premature end of file.
2026-04-30 22:00:19,389 [ERROR] LogOutputStream:75 - [STDERR_REDIRECT] 
2026-04-30 22:00:20,388 [ERROR] LogOutputStream:75 - [STDERR_REDIRECT] [Fatal Error] :1:1: Premature end of file.
2026-04-30 22:00:20,388 [ERROR] LogOutputStream:75 - [STDERR_REDIRECT] 
2026-04-30 22:00:21,377 [ERROR] LogOutputStream:75 - [STDERR_REDIRECT] [Fatal Error] :1:1: Premature end of file.
2026-04-30 22:00:21,377 [ERROR] LogOutputStream:75 - [STDERR_REDIRECT] 
2026-04-30 22:00:22,396 [ERROR] LogOutputStream:75 - [STDERR_REDIRECT] [Fatal Error] :1:1: Premature end of file.
2026-04-30 22:00:22,396 [ERROR] LogOutputStream:75 - [STDERR_REDIRECT] 
2026-04-30 22:00:23,386 [ERROR] LogOutputStream:75 - [STDERR_REDIRECT] [Fatal Error] :1:1: Premature end of file.
2026-04-30 22:00:23,386 [ERROR] LogOutputStream:75 - [STDERR_REDIRECT] 
2026-04-30 22:00:24,393 [ERROR] LogOutputStream:75 - [STDERR_REDIRECT] [Fatal Error] :1:1: Premature end of file.
2026-04-30 22:00:24,394 [ERROR] LogOutputStream:75 - [STDERR_REDIRECT] 
2026-04-30 22:00:25,395 [ERROR] LogOutputStream:75 - [STDERR_REDIRECT] [Fatal Error] :1:1: Premature end of file.
2026-04-30 22:00:25,395 [ERROR] LogOutputStream:75 - [STDERR_REDIRECT] 
2026-04-30 22:00:26,393 [ERROR] LogOutputStream:75 - [STDERR_REDIRECT] [Fatal Error] :1:1: Premature end of file.
2026-04-30 22:00:26,394 [ERROR] LogOutputStream:75 - [STDERR_REDIRECT] 
2026-04-30 22:00:27,412 [ERROR] LogOutputStream:75 - [STDERR_REDIRECT] [Fatal Error] :1:1: Premature end of file.
2026-04-30 22:00:27,413 [ERROR] LogOutputStream:75 - [STDERR_REDIRECT] 
2026-04-30 22:00:28,381 [ERROR] LogOutputStream:75 - [STDERR_REDIRECT] [Fatal Error] :1:1: Premature end of file.
2026-04-30 22:00:28,381 [ERROR] LogOutputStream:75 - [STDERR_REDIRECT] 
2026-04-30 22:00:29,388 [ERROR] LogOutputStream:75 - [STDERR_REDIRECT] [Fatal Error] :1:1: Premature end of file.
2026-04-30 22:00:29,388 [ERROR] LogOutputStream:75 - [STDERR_REDIRECT] 
2026-04-30 22:00:30,393 [ERROR] LogOutputStream:75 - [STDERR_REDIRECT] [Fatal Error] :1:1: Premature end of file.
2026-04-30 22:00:30,393 [ERROR] LogOutputStream:75 - [STDERR_REDIRECT] 
2026-04-30 22:00:31,392 [ERROR] LogOutputStream:75 - [STDERR_REDIRECT] [Fatal Error] :1:1: Premature end of file.
2026-04-30 22:00:31,392 [ERROR] LogOutputStream:75 - [STDERR_REDIRECT] 
2026-04-30 22:00:32,390 [ERROR] LogOutputStream:75 - [STDERR_REDIRECT] [Fatal Error] :1:1: Premature end of file.
2026-04-30 22:00:32,390 [ERROR] LogOutputStream:75 - [STDERR_REDIRECT] 
2026-04-30 22:00:33,389 [ERROR] LogOutputStream:75 - [STDERR_REDIRECT] [Fatal Error] :1:1: Premature end of file.
2026-04-30 22:00:33,389 [ERROR] LogOutputStream:75 - [STDERR_REDIRECT] 
2026-04-30 22:00:34,387 [ERROR] LogOutputStream:75 - [STDERR_REDIRECT] [Fatal Error] :1:1: Premature end of file.
2026-04-30 22:00:34,388 [ERROR] LogOutputStream:75 - [STDERR_REDIRECT] 
2026-04-30 22:00:35,392 [ERROR] LogOutputStream:75 - [STDERR_REDIRECT] [Fatal Error] :1:1: Premature end of file.
2026-04-30 22:00:35,392 [ERROR] LogOutputStream:75 - [STDERR_REDIRECT] 
2026-04-30 22:00:36,397 [ERROR] LogOutputStream:75 - [STDERR_REDIRECT] [Fatal Error] :1:1: Premature end of file.
2026-04-30 22:00:36,397 [ERROR] LogOutputStream:75 - [STDERR_REDIRECT] 
2026-04-30 22:00:37,389 [ERROR] LogOutputStream:75 - [STDERR_REDIRECT] [Fatal Error] :1:1: Premature end of file.
2026-04-30 22:00:37,390 [ERROR] LogOutputStream:75 - [STDERR_REDIRECT] 
2026-04-30 22:00:38,402 [ERROR] LogOutputStream:75 - [STDERR_REDIRECT] [Fatal Error] :1:1: Premature end of file.
2026-04-30 22:00:38,402 [ERROR] LogOutputStream:75 - [STDERR_REDIRECT] 
2026-04-30 22:00:39,389 [ERROR] LogOutputStream:75 - [STDERR_REDIRECT] [Fatal Error] :1:1: Premature end of file.
2026-04-30 22:00:39,389 [ERROR] LogOutputStream:75 - [STDERR_REDIRECT] 
2026-04-30 22:00:40,387 [ERROR] LogOutputStream:75 - [STDERR_REDIRECT] [Fatal Error] :1:1: Premature end of file.
2026-04-30 22:00:40,387 [ERROR] LogOutputStream:75 - [STDERR_REDIRECT] 
2026-04-30 22:00:41,389 [ERROR] LogOutputStream:75 - [STDERR_REDIRECT] [Fatal Error] :1:1: Premature end of file.
2026-04-30 22:00:41,389 [ERROR] LogOutputStream:75 - [STDERR_REDIRECT] 
2026-04-30 22:00:42,387 [ERROR] LogOutputStream:75 - [STDERR_REDIRECT] [Fatal Error] :1:1: Premature end of file.
2026-04-30 22:00:42,387 [ERROR] LogOutputStream:75 - [STDERR_REDIRECT] 
2026-04-30 22:00:43,385 [ERROR] LogOutputStream:75 - [STDERR_REDIRECT] [Fatal Error] :1:1: Premature end of file.
2026-04-30 22:00:43,385 [ERROR] LogOutputStream:75 - [STDERR_REDIRECT] 
2026-04-30 22:00:44,397 [ERROR] LogOutputStream:75 - [STDERR_REDIRECT] [Fatal Error] :1:1: Premature end of file.
2026-04-30 22:00:44,399 [ERROR] LogOutputStream:75 - [STDERR_REDIRECT] 
2026-04-30 22:00:45,392 [ERROR] LogOutputStream:75 - [STDERR_REDIRECT] [Fatal Error] :1:1: Premature end of file.
2026-04-30 22:00:45,392 [ERROR] LogOutputStream:75 - [STDERR_REDIRECT] 
2026-04-30 22:00:46,387 [ERROR] LogOutputStream:75 - [STDERR_REDIRECT] [Fatal Error] :1:1: Premature end of file.
2026-04-30 22:00:46,387 [ERROR] LogOutputStream:75 - [STDERR_REDIRECT] 
2026-04-30 22:00:47,390 [ERROR] LogOutputStream:75 - [STDERR_REDIRECT] [Fatal Error] :1:1: Premature end of file.
2026-04-30 22:00:47,390 [ERROR] LogOutputStream:75 - [STDERR_REDIRECT] 
2026-04-30 22:00:48,377 [ERROR] LogOutputStream:75 - [STDERR_REDIRECT] [Fatal Error] :1:1: Premature end of file.
2026-04-30 22:00:48,378 [ERROR] LogOutputStream:75 - [STDERR_REDIRECT] 
2026-04-30 22:00:49,405 [ERROR] LogOutputStream:75 - [STDERR_REDIRECT] [Fatal Error] :1:1: Premature end of file.
2026-04-30 22:00:49,405 [ERROR] LogOutputStream:75 - [STDERR_REDIRECT] 
2026-04-30 22:00:50,382 [ERROR] LogOutputStream:75 - [STDERR_REDIRECT] [Fatal Error] :1:1: Premature end of file.
2026-04-30 22:00:50,383 [ERROR] LogOutputStream:75 - [STDERR_REDIRECT] 
2026-04-30 22:00:51,375 [ERROR] LogOutputStream:75 - [STDERR_REDIRECT] [Fatal Error] :1:1: Premature end of file.
2026-04-30 22:00:51,376 [ERROR] LogOutputStream:75 - [STDERR_REDIRECT] 
2026-04-30 22:00:52,389 [ERROR] LogOutputStream:75 - [STDERR_REDIRECT] [Fatal Error] :1:1: Premature end of file.
2026-04-30 22:00:52,389 [ERROR] LogOutputStream:75 - [STDERR_REDIRECT] 
2026-04-30 22:00:53,389 [ERROR] LogOutputStream:75 - [STDERR_REDIRECT] [Fatal Error] :1:1: Premature end of file.
2026-04-30 22:00:53,389 [ERROR] LogOutputStream:75 - [STDERR_REDIRECT] 
2026-04-30 22:00:54,391 [ERROR] LogOutputStream:75 - [STDERR_REDIRECT] [Fatal Error] :1:1: Premature end of file.
2026-04-30 22:00:54,391 [ERROR] LogOutputStream:75 - [STDERR_REDIRECT] 
2026-04-30 22:00:55,376 [ERROR] LogOutputStream:75 - [STDERR_REDIRECT] [Fatal Error] :1:1: Premature end of file.
2026-04-30 22:00:55,376 [ERROR] LogOutputStream:75 - [STDERR_REDIRECT] 
2026-04-30 22:00:56,375 [ERROR] LogOutputStream:75 - [STDERR_REDIRECT] [Fatal Error] :1:1: Premature end of file.
2026-04-30 22:00:56,375 [ERROR] LogOutputStream:75 - [STDERR_REDIRECT] 
2026-04-30 22:00:57,388 [ERROR] LogOutputStream:75 - [STDERR_REDIRECT] [Fatal Error] :1:1: Premature end of file.
2026-04-30 22:00:57,388 [ERROR] LogOutputStream:75 - [STDERR_REDIRECT] 
2026-04-30 22:00:58,398 [ERROR] LogOutputStream:75 - [STDERR_REDIRECT] [Fatal Error] :1:1: Premature end of file.
2026-04-30 22:00:58,399 [ERROR] LogOutputStream:75 - [STDERR_REDIRECT] 
2026-04-30 22:00:59,385 [ERROR] LogOutputStream:75 - [STDERR_REDIRECT] [Fatal Error] :1:1: Premature end of file.
2026-04-30 22:00:59,385 [ERROR] LogOutputStream:75 - [STDERR_REDIRECT] 
2026-04-30 22:01:00,391 [ERROR] LogOutputStream:75 - [STDERR_REDIRECT] [Fatal Error] :1:1: Premature end of file.
2026-04-30 22:01:00,391 [ERROR] LogOutputStream:75 - [STDERR_REDIRECT] 
2026-04-30 22:01:01,388 [ERROR] LogOutputStream:75 - [STDERR_REDIRECT] [Fatal Error] :1:1: Premature end of file.
2026-04-30 22:01:01,388 [ERROR] LogOutputStream:75 - [STDERR_REDIRECT] 
2026-04-30 22:01:02,400 [ERROR] LogOutputStream:75 - [STDERR_REDIRECT] [Fatal Error] :1:1: Premature end of file.
2026-04-30 22:01:02,400 [ERROR] LogOutputStream:75 - [STDERR_REDIRECT] 
2026-04-30 22:01:03,417 [ERROR] LogOutputStream:75 - [STDERR_REDIRECT] [Fatal Error] :1:1: Premature end of file.
2026-04-30 22:01:03,417 [ERROR] LogOutputStream:75 - [STDERR_REDIRECT] 
2026-04-30 22:01:04,404 [ERROR] LogOutputStream:75 - [STDERR_REDIRECT] [Fatal Error] :1:1: Premature end of file.
2026-04-30 22:01:04,404 [ERROR] LogOutputStream:75 - [STDERR_REDIRECT] 
2026-04-30 22:01:05,396 [ERROR] LogOutputStream:75 - [STDERR_REDIRECT] [Fatal Error] :1:1: Premature end of file.
2026-04-30 22:01:05,396 [ERROR] LogOutputStream:75 - [STDERR_REDIRECT] 
2026-04-30 22:01:06,388 [ERROR] LogOutputStream:75 - [STDERR_REDIRECT] [Fatal Error] :1:1: Premature end of file.
2026-04-30 22:01:06,389 [ERROR] LogOutputStream:75 - [STDERR_REDIRECT] 
2026-04-30 22:01:07,389 [ERROR] LogOutputStream:75 - [STDERR_REDIRECT] [Fatal Error] :1:1: Premature end of file.
2026-04-30 22:01:07,389 [ERROR] LogOutputStream:75 - [STDERR_REDIRECT] 
2026-04-30 22:01:08,390 [ERROR] LogOutputStream:75 - [STDERR_REDIRECT] [Fatal Error] :1:1: Premature end of file.
2026-04-30 22:01:08,390 [ERROR] LogOutputStream:75 - [STDERR_REDIRECT] 
2026-04-30 22:01:09,402 [ERROR] LogOutputStream:75 - [STDERR_REDIRECT] [Fatal Error] :1:1: Premature end of file.
2026-04-30 22:01:09,402 [ERROR] LogOutputStream:75 - [STDERR_REDIRECT] 
2026-04-30 22:01:10,390 [ERROR] LogOutputStream:75 - [STDERR_REDIRECT] [Fatal Error] :1:1: Premature end of file.
2026-04-30 22:01:10,390 [ERROR] LogOutputStream:75 - [STDERR_REDIRECT] 
2026-04-30 22:01:11,397 [ERROR] LogOutputStream:75 - [STDERR_REDIRECT] [Fatal Error] :1:1: Premature end of file.
2026-04-30 22:01:11,398 [ERROR] LogOutputStream:75 - [STDERR_REDIRECT] 
2026-04-30 22:01:12,425 [ERROR] LogOutputStream:75 - [STDERR_REDIRECT] [Fatal Error] :1:1: Premature end of file.
2026-04-30 22:01:12,427 [ERROR] LogOutputStream:75 - [STDERR_REDIRECT] 
2026-04-30 22:01:13,396 [ERROR] LogOutputStream:75 - [STDERR_REDIRECT] [Fatal Error] :1:1: Premature end of file.
2026-04-30 22:01:13,396 [ERROR] LogOutputStream:75 - [STDERR_REDIRECT] 
2026-04-30 22:01:14,399 [ERROR] LogOutputStream:75 - [STDERR_REDIRECT] [Fatal Error] :1:1: Premature end of file.
2026-04-30 22:01:14,399 [ERROR] LogOutputStream:75 - [STDERR_REDIRECT] 
2026-04-30 22:01:15,393 [ERROR] LogOutputStream:75 - [STDERR_REDIRECT] [Fatal Error] :1:1: Premature end of file.
2026-04-30 22:01:15,393 [ERROR] LogOutputStream:75 - [STDERR_REDIRECT] 
2026-04-30 22:01:16,388 [ERROR] LogOutputStream:75 - [STDERR_REDIRECT] [Fatal Error] :1:1: Premature end of file.
2026-04-30 22:01:16,388 [ERROR] LogOutputStream:75 - [STDERR_REDIRECT] 
2026-04-30 22:01:17,401 [ERROR] LogOutputStream:75 - [STDERR_REDIRECT] [Fatal Error] :1:1: Premature end of file.
2026-04-30 22:01:17,401 [ERROR] LogOutputStream:75 - [STDERR_REDIRECT] 
2026-04-30 22:01:18,381 [ERROR] LogOutputStream:75 - [STDERR_REDIRECT] [Fatal Error] :1:1: Premature end of file.
2026-04-30 22:01:18,381 [ERROR] LogOutputStream:75 - [STDERR_REDIRECT] 
2026-04-30 22:01:19,388 [ERROR] LogOutputStream:75 - [STDERR_REDIRECT] [Fatal Error] :1:1: Premature end of file.
2026-04-30 22:01:19,388 [ERROR] LogOutputStream:75 - [STDERR_REDIRECT] 
2026-04-30 22:01:20,389 [ERROR] LogOutputStream:75 - [STDERR_REDIRECT] [Fatal Error] :1:1: Premature end of file.
2026-04-30 22:01:20,389 [ERROR] LogOutputStream:75 - [STDERR_REDIRECT] 
2026-04-30 22:01:21,397 [ERROR] LogOutputStream:75 - [STDERR_REDIRECT] [Fatal Error] :1:1: Premature end of file.
2026-04-30 22:01:21,397 [ERROR] LogOutputStream:75 - [STDERR_REDIRECT] 
2026-04-30 22:01:22,419 [ERROR] LogOutputStream:75 - [STDERR_REDIRECT] [Fatal Error] :1:1: Premature end of file.
2026-04-30 22:01:22,419 [ERROR] LogOutputStream:75 - [STDERR_REDIRECT] 
2026-04-30 22:01:23,400 [ERROR] LogOutputStream:75 - [STDERR_REDIRECT] [Fatal Error] :1:1: Premature end of file.
2026-04-30 22:01:23,400 [ERROR] LogOutputStream:75 - [STDERR_REDIRECT] 
2026-04-30 22:01:24,393 [ERROR] LogOutputStream:75 - [STDERR_REDIRECT] [Fatal Error] :1:1: Premature end of file.
2026-04-30 22:01:24,393 [ERROR] LogOutputStream:75 - [STDERR_REDIRECT] 
2026-04-30 22:01:25,402 [ERROR] LogOutputStream:75 - [STDERR_REDIRECT] [Fatal Error] :1:1: Premature end of file.
2026-04-30 22:01:25,402 [ERROR] LogOutputStream:75 - [STDERR_REDIRECT] 
2026-04-30 22:01:26,389 [ERROR] LogOutputStream:75 - [STDERR_REDIRECT] [Fatal Error] :1:1: Premature end of file.
2026-04-30 22:01:26,389 [ERROR] LogOutputStream:75 - [STDERR_REDIRECT] 
2026-04-30 22:01:27,386 [ERROR] LogOutputStream:75 - [STDERR_REDIRECT] [Fatal Error] :1:1: Premature end of file.
2026-04-30 22:01:27,386 [ERROR] LogOutputStream:75 - [STDERR_REDIRECT] 
2026-04-30 22:01:28,386 [ERROR] LogOutputStream:75 - [STDERR_REDIRECT] [Fatal Error] :1:1: Premature end of file.
2026-04-30 22:01:28,386 [ERROR] LogOutputStream:75 - [STDERR_REDIRECT] 
2026-04-30 22:01:29,386 [ERROR] LogOutputStream:75 - [STDERR_REDIRECT] [Fatal Error] :1:1: Premature end of file.
2026-04-30 22:01:29,386 [ERROR] LogOutputStream:75 - [STDERR_REDIRECT] 
2026-04-30 22:01:30,409 [ERROR] LogOutputStream:75 - [STDERR_REDIRECT] [Fatal Error] :1:1: Premature end of file.
2026-04-30 22:01:30,409 [ERROR] LogOutputStream:75 - [STDERR_REDIRECT] 
2026-04-30 22:01:31,416 [ERROR] LogOutputStream:75 - [STDERR_REDIRECT] [Fatal Error] :1:1: Premature end of file.
2026-04-30 22:01:31,417 [ERROR] LogOutputStream:75 - [STDERR_REDIRECT] 
2026-04-30 22:01:32,385 [ERROR] LogOutputStream:75 - [STDERR_REDIRECT] [Fatal Error] :1:1: Premature end of file.
2026-04-30 22:01:32,385 [ERROR] LogOutputStream:75 - [STDERR_REDIRECT] 
2026-04-30 22:01:33,376 [ERROR] LogOutputStream:75 - [STDERR_REDIRECT] [Fatal Error] :1:1: Premature end of file.
2026-04-30 22:01:33,377 [ERROR] LogOutputStream:75 - [STDERR_REDIRECT] 
2026-04-30 22:01:34,386 [ERROR] LogOutputStream:75 - [STDERR_REDIRECT] [Fatal Error] :1:1: Premature end of file.
2026-04-30 22:01:34,386 [ERROR] LogOutputStream:75 - [STDERR_REDIRECT] 
2026-04-30 22:01:35,385 [ERROR] LogOutputStream:75 - [STDERR_REDIRECT] [Fatal Error] :1:1: Premature end of file.
2026-04-30 22:01:35,385 [ERROR] LogOutputStream:75 - [STDERR_REDIRECT] 
2026-04-30 22:01:36,387 [ERROR] LogOutputStream:75 - [STDERR_REDIRECT] [Fatal Error] :1:1: Premature end of file.
2026-04-30 22:01:36,388 [ERROR] LogOutputStream:75 - [STDERR_REDIRECT] 
2026-04-30 22:01:37,379 [ERROR] LogOutputStream:75 - [STDERR_REDIRECT] [Fatal Error] :1:1: Premature end of file.
2026-04-30 22:01:37,379 [ERROR] LogOutputStream:75 - [STDERR_REDIRECT] 
2026-04-30 22:01:38,385 [ERROR] LogOutputStream:75 - [STDERR_REDIRECT] [Fatal Error] :1:1: Premature end of file.
2026-04-30 22:01:38,385 [ERROR] LogOutputStream:75 - [STDERR_REDIRECT] 
2026-04-30 22:01:39,385 [ERROR] LogOutputStream:75 - [STDERR_REDIRECT] [Fatal Error] :1:1: Premature end of file.
2026-04-30 22:01:39,385 [ERROR] LogOutputStream:75 - [STDERR_REDIRECT] 
2026-04-30 22:01:40,383 [ERROR] LogOutputStream:75 - [STDERR_REDIRECT] [Fatal Error] :1:1: Premature end of file.
2026-04-30 22:01:40,384 [ERROR] LogOutputStream:75 - [STDERR_REDIRECT] 
2026-04-30 22:01:41,386 [ERROR] LogOutputStream:75 - [STDERR_REDIRECT] [Fatal Error] :1:1: Premature end of file.
2026-04-30 22:01:41,386 [ERROR] LogOutputStream:75 - [STDERR_REDIRECT] 
2026-04-30 22:01:42,382 [ERROR] LogOutputStream:75 - [STDERR_REDIRECT] [Fatal Error] :1:1: Premature end of file.
2026-04-30 22:01:42,383 [ERROR] LogOutputStream:75 - [STDERR_REDIRECT] 
2026-04-30 22:01:43,386 [ERROR] LogOutputStream:75 - [STDERR_REDIRECT] [Fatal Error] :1:1: Premature end of file.
2026-04-30 22:01:43,387 [ERROR] LogOutputStream:75 - [STDERR_REDIRECT] 
2026-04-30 22:01:44,473 [ERROR] LogOutputStream:75 - [STDERR_REDIRECT] [Fatal Error] :1:1: Premature end of file.
2026-04-30 22:01:44,473 [ERROR] LogOutputStream:75 - [STDERR_REDIRECT] 
2026-04-30 22:01:45,386 [ERROR] LogOutputStream:75 - [STDERR_REDIRECT] [Fatal Error] :1:1: Premature end of file.
2026-04-30 22:01:45,386 [ERROR] LogOutputStream:75 - [STDERR_REDIRECT] 
2026-04-30 22:01:46,383 [ERROR] LogOutputStream:75 - [STDERR_REDIRECT] [Fatal Error] :1:1: Premature end of file.
2026-04-30 22:01:46,383 [ERROR] LogOutputStream:75 - [STDERR_REDIRECT] 
2026-04-30 22:01:47,385 [ERROR] LogOutputStream:75 - [STDERR_REDIRECT] [Fatal Error] :1:1: Premature end of file.
2026-04-30 22:01:47,385 [ERROR] LogOutputStream:75 - [STDERR_REDIRECT] 
2026-04-30 22:01:48,387 [ERROR] LogOutputStream:75 - [STDERR_REDIRECT] [Fatal Error] :1:1: Premature end of file.
2026-04-30 22:01:48,387 [ERROR] LogOutputStream:75 - [STDERR_REDIRECT] 
2026-04-30 22:01:49,384 [ERROR] LogOutputStream:75 - [STDERR_REDIRECT] [Fatal Error] :1:1: Premature end of file.
2026-04-30 22:01:49,384 [ERROR] LogOutputStream:75 - [STDERR_REDIRECT] 
2026-04-30 22:01:50,397 [ERROR] LogOutputStream:75 - [STDERR_REDIRECT] [Fatal Error] :1:1: Premature end of file.
2026-04-30 22:01:50,397 [ERROR] LogOutputStream:75 - [STDERR_REDIRECT] 
2026-04-30 22:01:51,388 [ERROR] LogOutputStream:75 - [STDERR_REDIRECT] [Fatal Error] :1:1: Premature end of file.
2026-04-30 22:01:51,388 [ERROR] LogOutputStream:75 - [STDERR_REDIRECT] 
2026-04-30 22:01:52,384 [ERROR] LogOutputStream:75 - [STDERR_REDIRECT] [Fatal Error] :1:1: Premature end of file.
2026-04-30 22:01:52,385 [ERROR] LogOutputStream:75 - [STDERR_REDIRECT] 
2026-04-30 22:01:53,383 [ERROR] LogOutputStream:75 - [STDERR_REDIRECT] [Fatal Error] :1:1: Premature end of file.
2026-04-30 22:01:53,383 [ERROR] LogOutputStream:75 - [STDERR_REDIRECT] 
2026-04-30 22:01:54,383 [ERROR] LogOutputStream:75 - [STDERR_REDIRECT] [Fatal Error] :1:1: Premature end of file.
2026-04-30 22:01:54,383 [ERROR] LogOutputStream:75 - [STDERR_REDIRECT] 
2026-04-30 22:01:55,381 [ERROR] LogOutputStream:75 - [STDERR_REDIRECT] [Fatal Error] :1:1: Premature end of file.
2026-04-30 22:01:55,381 [ERROR] LogOutputStream:75 - [STDERR_REDIRECT] 
2026-04-30 22:01:56,386 [ERROR] LogOutputStream:75 - [STDERR_REDIRECT] [Fatal Error] :1:1: Premature end of file.
2026-04-30 22:01:56,386 [ERROR] LogOutputStream:75 - [STDERR_REDIRECT] 
2026-04-30 22:01:57,387 [ERROR] LogOutputStream:75 - [STDERR_REDIRECT] [Fatal Error] :1:1: Premature end of file.
2026-04-30 22:01:57,387 [ERROR] LogOutputStream:75 - [STDERR_REDIRECT] 
2026-04-30 22:01:58,382 [ERROR] LogOutputStream:75 - [STDERR_REDIRECT] [Fatal Error] :1:1: Premature end of file.
2026-04-30 22:01:58,382 [ERROR] LogOutputStream:75 - [STDERR_REDIRECT] 
2026-04-30 22:01:59,383 [ERROR] LogOutputStream:75 - [STDERR_REDIRECT] [Fatal Error] :1:1: Premature end of file.
2026-04-30 22:01:59,383 [ERROR] LogOutputStream:75 - [STDERR_REDIRECT] 
2026-04-30 22:02:00,379 [ERROR] LogOutputStream:75 - [STDERR_REDIRECT] [Fatal Error] :1:1: Premature end of file.
2026-04-30 22:02:00,379 [ERROR] LogOutputStream:75 - [STDERR_REDIRECT] 
2026-04-30 22:02:01,379 [ERROR] LogOutputStream:75 - [STDERR_REDIRECT] [Fatal Error] :1:1: Premature end of file.
2026-04-30 22:02:01,379 [ERROR] LogOutputStream:75 - [STDERR_REDIRECT] 
2026-04-30 22:02:02,380 [ERROR] LogOutputStream:75 - [STDERR_REDIRECT] [Fatal Error] :1:1: Premature end of file.
2026-04-30 22:02:02,381 [ERROR] LogOutputStream:75 - [STDERR_REDIRECT] 
2026-04-30 22:02:03,387 [ERROR] LogOutputStream:75 - [STDERR_REDIRECT] [Fatal Error] :1:1: Premature end of file.
2026-04-30 22:02:03,387 [ERROR] LogOutputStream:75 - [STDERR_REDIRECT] 
2026-04-30 22:02:04,387 [ERROR] LogOutputStream:75 - [STDERR_REDIRECT] [Fatal Error] :1:1: Premature end of file.
2026-04-30 22:02:04,387 [ERROR] LogOutputStream:75 - [STDERR_REDIRECT] 
2026-04-30 22:02:05,382 [ERROR] LogOutputStream:75 - [STDERR_REDIRECT] [Fatal Error] :1:1: Premature end of file.
2026-04-30 22:02:05,382 [ERROR] LogOutputStream:75 - [STDERR_REDIRECT] 
2026-04-30 22:02:06,389 [ERROR] LogOutputStream:75 - [STDERR_REDIRECT] [Fatal Error] :1:1: Premature end of file.
2026-04-30 22:02:06,390 [ERROR] LogOutputStream:75 - [STDERR_REDIRECT] 
2026-04-30 22:02:07,395 [ERROR] LogOutputStream:75 - [STDERR_REDIRECT] [Fatal Error] :1:1: Premature end of file.
2026-04-30 22:02:07,395 [ERROR] LogOutputStream:75 - [STDERR_REDIRECT] 
2026-04-30 22:02:08,396 [ERROR] LogOutputStream:75 - [STDERR_REDIRECT] [Fatal Error] :1:1: Premature end of file.
2026-04-30 22:02:08,396 [ERROR] LogOutputStream:75 - [STDERR_REDIRECT] 
2026-04-30 22:02:09,413 [ERROR] LogOutputStream:75 - [STDERR_REDIRECT] [Fatal Error] :1:1: Premature end of file.
2026-04-30 22:02:09,413 [ERROR] LogOutputStream:75 - [STDERR_REDIRECT] 
2026-04-30 22:02:10,385 [ERROR] LogOutputStream:75 - [STDERR_REDIRECT] [Fatal Error] :1:1: Premature end of file.
2026-04-30 22:02:10,386 [ERROR] LogOutputStream:75 - [STDERR_REDIRECT] 
2026-04-30 22:02:11,405 [ERROR] LogOutputStream:75 - [STDERR_REDIRECT] [Fatal Error] :1:1: Premature end of file.
2026-04-30 22:02:11,405 [ERROR] LogOutputStream:75 - [STDERR_REDIRECT] 
2026-04-30 22:02:12,396 [ERROR] LogOutputStream:75 - [STDERR_REDIRECT] [Fatal Error] :1:1: Premature end of file.
2026-04-30 22:02:12,396 [ERROR] LogOutputStream:75 - [STDERR_REDIRECT] 
2026-04-30 22:02:13,401 [ERROR] LogOutputStream:75 - [STDERR_REDIRECT] [Fatal Error] :1:1: Premature end of file.
2026-04-30 22:02:13,401 [ERROR] LogOutputStream:75 - [STDERR_REDIRECT] 
2026-04-30 22:02:14,388 [ERROR] LogOutputStream:75 - [STDERR_REDIRECT] [Fatal Error] :1:1: Premature end of file.
2026-04-30 22:02:14,388 [ERROR] LogOutputStream:75 - [STDERR_REDIRECT] 
2026-04-30 22:02:15,386 [ERROR] LogOutputStream:75 - [STDERR_REDIRECT] [Fatal Error] :1:1: Premature end of file.
2026-04-30 22:02:15,386 [ERROR] LogOutputStream:75 - [STDERR_REDIRECT] 
2026-04-30 22:02:16,399 [ERROR] LogOutputStream:75 - [STDERR_REDIRECT] [Fatal Error] :1:1: Premature end of file.
2026-04-30 22:02:16,399 [ERROR] LogOutputStream:75 - [STDERR_REDIRECT] 
2026-04-30 22:02:17,383 [ERROR] LogOutputStream:75 - [STDERR_REDIRECT] [Fatal Error] :1:1: Premature end of file.
2026-04-30 22:02:17,383 [ERROR] LogOutputStream:75 - [STDERR_REDIRECT] 
2026-04-30 22:02:18,415 [ERROR] LogOutputStream:75 - [STDERR_REDIRECT] [Fatal Error] :1:1: Premature end of file.
2026-04-30 22:02:18,416 [ERROR] LogOutputStream:75 - [STDERR_REDIRECT] 
2026-04-30 22:02:19,388 [ERROR] LogOutputStream:75 - [STDERR_REDIRECT] [Fatal Error] :1:1: Premature end of file.
2026-04-30 22:02:19,388 [ERROR] LogOutputStream:75 - [STDERR_REDIRECT] 
2026-04-30 22:02:20,388 [ERROR] LogOutputStream:75 - [STDERR_REDIRECT] [Fatal Error] :1:1: Premature end of file.
2026-04-30 22:02:20,389 [ERROR] LogOutputStream:75 - [STDERR_REDIRECT] 
2026-04-30 22:02:21,390 [ERROR] LogOutputStream:75 - [STDERR_REDIRECT] [Fatal Error] :1:1: Premature end of file.
2026-04-30 22:02:21,390 [ERROR] LogOutputStream:75 - [STDERR_REDIRECT] 
2026-04-30 22:02:22,378 [ERROR] LogOutputStream:75 - [STDERR_REDIRECT] [Fatal Error] :1:1: Premature end of file.
2026-04-30 22:02:22,378 [ERROR] LogOutputStream:75 - [STDERR_REDIRECT] 
2026-04-30 22:02:23,393 [ERROR] LogOutputStream:75 - [STDERR_REDIRECT] [Fatal Error] :1:1: Premature end of file.
2026-04-30 22:02:23,393 [ERROR] LogOutputStream:75 - [STDERR_REDIRECT] 
2026-04-30 22:02:24,391 [ERROR] LogOutputStream:75 - [STDERR_REDIRECT] [Fatal Error] :1:1: Premature end of file.
2026-04-30 22:02:24,392 [ERROR] LogOutputStream:75 - [STDERR_REDIRECT] 
2026-04-30 22:02:25,394 [ERROR] LogOutputStream:75 - [STDERR_REDIRECT] [Fatal Error] :1:1: Premature end of file.
2026-04-30 22:02:25,395 [ERROR] LogOutputStream:75 - [STDERR_REDIRECT] 
2026-04-30 22:02:26,377 [ERROR] LogOutputStream:75 - [STDERR_REDIRECT] [Fatal Error] :1:1: Premature end of file.
2026-04-30 22:02:26,377 [ERROR] LogOutputStream:75 - [STDERR_REDIRECT] 
2026-04-30 22:02:27,391 [ERROR] LogOutputStream:75 - [STDERR_REDIRECT] [Fatal Error] :1:1: Premature end of file.
2026-04-30 22:02:27,391 [ERROR] LogOutputStream:75 - [STDERR_REDIRECT] 
2026-04-30 22:02:28,391 [ERROR] LogOutputStream:75 - [STDERR_REDIRECT] [Fatal Error] :1:1: Premature end of file.
2026-04-30 22:02:28,391 [ERROR] LogOutputStream:75 - [STDERR_REDIRECT] 
2026-04-30 22:02:29,391 [ERROR] LogOutputStream:75 - [STDERR_REDIRECT] [Fatal Error] :1:1: Premature end of file.
2026-04-30 22:02:29,391 [ERROR] LogOutputStream:75 - [STDERR_REDIRECT] 
2026-04-30 22:02:30,390 [ERROR] LogOutputStream:75 - [STDERR_REDIRECT] [Fatal Error] :1:1: Premature end of file.
2026-04-30 22:02:30,390 [ERROR] LogOutputStream:75 - [STDERR_REDIRECT] 
2026-04-30 22:02:31,405 [ERROR] LogOutputStream:75 - [STDERR_REDIRECT] [Fatal Error] :1:1: Premature end of file.
2026-04-30 22:02:31,405 [ERROR] LogOutputStream:75 - [STDERR_REDIRECT] 
2026-04-30 22:02:32,406 [ERROR] LogOutputStream:75 - [STDERR_REDIRECT] [Fatal Error] :1:1: Premature end of file.
2026-04-30 22:02:32,406 [ERROR] LogOutputStream:75 - [STDERR_REDIRECT] 
2026-04-30 22:02:33,403 [ERROR] LogOutputStream:75 - [STDERR_REDIRECT] [Fatal Error] :1:1: Premature end of file.
2026-04-30 22:02:33,404 [ERROR] LogOutputStream:75 - [STDERR_REDIRECT] 
2026-04-30 22:02:34,405 [ERROR] LogOutputStream:75 - [STDERR_REDIRECT] [Fatal Error] :1:1: Premature end of file.
2026-04-30 22:02:34,405 [ERROR] LogOutputStream:75 - [STDERR_REDIRECT] 
2026-04-30 22:02:35,407 [ERROR] LogOutputStream:75 - [STDERR_REDIRECT] [Fatal Error] :1:1: Premature end of file.
2026-04-30 22:02:35,407 [ERROR] LogOutputStream:75 - [STDERR_REDIRECT] 
2026-04-30 22:02:36,428 [ERROR] LogOutputStream:75 - [STDERR_REDIRECT] [Fatal Error] :1:1: Premature end of file.
2026-04-30 22:02:36,428 [ERROR] LogOutputStream:75 - [STDERR_REDIRECT] 
2026-04-30 22:02:37,405 [ERROR] LogOutputStream:75 - [STDERR_REDIRECT] [Fatal Error] :1:1: Premature end of file.
2026-04-30 22:02:37,406 [ERROR] LogOutputStream:75 - [STDERR_REDIRECT] 
2026-04-30 22:02:38,390 [ERROR] LogOutputStream:75 - [STDERR_REDIRECT] [Fatal Error] :1:1: Premature end of file.
2026-04-30 22:02:38,390 [ERROR] LogOutputStream:75 - [STDERR_REDIRECT] 
2026-04-30 22:02:39,406 [ERROR] LogOutputStream:75 - [STDERR_REDIRECT] [Fatal Error] :1:1: Premature end of file.
2026-04-30 22:02:39,407 [ERROR] LogOutputStream:75 - [STDERR_REDIRECT] 
2026-04-30 22:02:40,405 [ERROR] LogOutputStream:75 - [STDERR_REDIRECT] [Fatal Error] :1:1: Premature end of file.
2026-04-30 22:02:40,405 [ERROR] LogOutputStream:75 - [STDERR_REDIRECT] 
2026-04-30 22:02:41,406 [ERROR] LogOutputStream:75 - [STDERR_REDIRECT] [Fatal Error] :1:1: Premature end of file.
2026-04-30 22:02:41,406 [ERROR] LogOutputStream:75 - [STDERR_REDIRECT] 
2026-04-30 22:02:42,409 [ERROR] LogOutputStream:75 - [STDERR_REDIRECT] [Fatal Error] :1:1: Premature end of file.
2026-04-30 22:02:42,409 [ERROR] LogOutputStream:75 - [STDERR_REDIRECT] 
2026-04-30 22:02:43,406 [ERROR] LogOutputStream:75 - [STDERR_REDIRECT] [Fatal Error] :1:1: Premature end of file.
2026-04-30 22:02:43,406 [ERROR] LogOutputStream:75 - [STDERR_REDIRECT] 
2026-04-30 22:02:44,403 [ERROR] LogOutputStream:75 - [STDERR_REDIRECT] [Fatal Error] :1:1: Premature end of file.
2026-04-30 22:02:44,404 [ERROR] LogOutputStream:75 - [STDERR_REDIRECT] 
2026-04-30 22:02:45,404 [ERROR] LogOutputStream:75 - [STDERR_REDIRECT] [Fatal Error] :1:1: Premature end of file.
2026-04-30 22:02:45,404 [ERROR] LogOutputStream:75 - [STDERR_REDIRECT] 
2026-04-30 22:02:46,403 [ERROR] LogOutputStream:75 - [STDERR_REDIRECT] [Fatal Error] :1:1: Premature end of file.
2026-04-30 22:02:46,403 [ERROR] LogOutputStream:75 - [STDERR_REDIRECT] 
2026-04-30 22:02:47,402 [ERROR] LogOutputStream:75 - [STDERR_REDIRECT] [Fatal Error] :1:1: Premature end of file.
2026-04-30 22:02:47,402 [ERROR] LogOutputStream:75 - [STDERR_REDIRECT] 
2026-04-30 22:02:48,406 [ERROR] LogOutputStream:75 - [STDERR_REDIRECT] [Fatal Error] :1:1: Premature end of file.
2026-04-30 22:02:48,407 [ERROR] LogOutputStream:75 - [STDERR_REDIRECT] 
2026-04-30 22:02:49,404 [ERROR] LogOutputStream:75 - [STDERR_REDIRECT] [Fatal Error] :1:1: Premature end of file.
2026-04-30 22:02:49,405 [ERROR] LogOutputStream:75 - [STDERR_REDIRECT] 
2026-04-30 22:02:50,405 [ERROR] LogOutputStream:75 - [STDERR_REDIRECT] [Fatal Error] :1:1: Premature end of file.
2026-04-30 22:02:50,405 [ERROR] LogOutputStream:75 - [STDERR_REDIRECT] 
2026-04-30 22:02:51,402 [ERROR] LogOutputStream:75 - [STDERR_REDIRECT] [Fatal Error] :1:1: Premature end of file.
2026-04-30 22:02:51,403 [ERROR] LogOutputStream:75 - [STDERR_REDIRECT] 
2026-04-30 22:02:52,403 [ERROR] LogOutputStream:75 - [STDERR_REDIRECT] [Fatal Error] :1:1: Premature end of file.
2026-04-30 22:02:52,403 [ERROR] LogOutputStream:75 - [STDERR_REDIRECT] 
2026-04-30 22:02:53,406 [ERROR] LogOutputStream:75 - [STDERR_REDIRECT] [Fatal Error] :1:1: Premature end of file.
2026-04-30 22:02:53,406 [ERROR] LogOutputStream:75 - [STDERR_REDIRECT] 
2026-04-30 22:02:54,406 [ERROR] LogOutputStream:75 - [STDERR_REDIRECT] [Fatal Error] :1:1: Premature end of file.
2026-04-30 22:02:54,407 [ERROR] LogOutputStream:75 - [STDERR_REDIRECT] 
2026-04-30 22:02:55,402 [ERROR] LogOutputStream:75 - [STDERR_REDIRECT] [Fatal Error] :1:1: Premature end of file.
2026-04-30 22:02:55,402 [ERROR] LogOutputStream:75 - [STDERR_REDIRECT] 
2026-04-30 22:02:56,401 [ERROR] LogOutputStream:75 - [STDERR_REDIRECT] [Fatal Error] :1:1: Premature end of file.
2026-04-30 22:02:56,401 [ERROR] LogOutputStream:75 - [STDERR_REDIRECT] 
2026-04-30 22:02:57,404 [ERROR] LogOutputStream:75 - [STDERR_REDIRECT] [Fatal Error] :1:1: Premature end of file.
2026-04-30 22:02:57,404 [ERROR] LogOutputStream:75 - [STDERR_REDIRECT] 
2026-04-30 22:02:58,390 [ERROR] LogOutputStream:75 - [STDERR_REDIRECT] [Fatal Error] :1:1: Premature end of file.
2026-04-30 22:02:58,391 [ERROR] LogOutputStream:75 - [STDERR_REDIRECT] 
2026-04-30 22:02:59,385 [ERROR] LogOutputStream:75 - [STDERR_REDIRECT] [Fatal Error] :1:1: Premature end of file.
2026-04-30 22:02:59,385 [ERROR] LogOutputStream:75 - [STDERR_REDIRECT] 
2026-04-30 22:03:00,389 [ERROR] LogOutputStream:75 - [STDERR_REDIRECT] [Fatal Error] :1:1: Premature end of file.
2026-04-30 22:03:00,389 [ERROR] LogOutputStream:75 - [STDERR_REDIRECT] 
2026-04-30 22:03:01,400 [ERROR] LogOutputStream:75 - [STDERR_REDIRECT] [Fatal Error] :1:1: Premature end of file.
2026-04-30 22:03:01,400 [ERROR] LogOutputStream:75 - [STDERR_REDIRECT] 
2026-04-30 22:03:02,390 [ERROR] LogOutputStream:75 - [STDERR_REDIRECT] [Fatal Error] :1:1: Premature end of file.
2026-04-30 22:03:02,390 [ERROR] LogOutputStream:75 - [STDERR_REDIRECT] 
2026-04-30 22:03:03,377 [ERROR] LogOutputStream:75 - [STDERR_REDIRECT] [Fatal Error] :1:1: Premature end of file.
2026-04-30 22:03:03,377 [ERROR] LogOutputStream:75 - [STDERR_REDIRECT] 
2026-04-30 22:03:04,375 [ERROR] LogOutputStream:75 - [STDERR_REDIRECT] [Fatal Error] :1:1: Premature end of file.
2026-04-30 22:03:04,375 [ERROR] LogOutputStream:75 - [STDERR_REDIRECT] 
2026-04-30 22:03:05,379 [ERROR] LogOutputStream:75 - [STDERR_REDIRECT] [Fatal Error] :1:1: Premature end of file.
2026-04-30 22:03:05,379 [ERROR] LogOutputStream:75 - [STDERR_REDIRECT] 
2026-04-30 22:03:06,398 [ERROR] LogOutputStream:75 - [STDERR_REDIRECT] [Fatal Error] :1:1: Premature end of file.
2026-04-30 22:03:06,398 [ERROR] LogOutputStream:75 - [STDERR_REDIRECT] 
2026-04-30 22:03:07,382 [ERROR] LogOutputStream:75 - [STDERR_REDIRECT] [Fatal Error] :1:1: Premature end of file.
2026-04-30 22:03:07,382 [ERROR] LogOutputStream:75 - [STDERR_REDIRECT] 
2026-04-30 22:03:08,389 [ERROR] LogOutputStream:75 - [STDERR_REDIRECT] [Fatal Error] :1:1: Premature end of file.
2026-04-30 22:03:08,389 [ERROR] LogOutputStream:75 - [STDERR_REDIRECT] 
2026-04-30 22:03:09,387 [ERROR] LogOutputStream:75 - [STDERR_REDIRECT] [Fatal Error] :1:1: Premature end of file.
2026-04-30 22:03:09,388 [ERROR] LogOutputStream:75 - [STDERR_REDIRECT] 
2026-04-30 22:03:10,399 [ERROR] LogOutputStream:75 - [STDERR_REDIRECT] [Fatal Error] :1:1: Premature end of file.
2026-04-30 22:03:10,400 [ERROR] LogOutputStream:75 - [STDERR_REDIRECT] 
2026-04-30 22:03:11,384 [ERROR] LogOutputStream:75 - [STDERR_REDIRECT] [Fatal Error] :1:1: Premature end of file.
2026-04-30 22:03:11,384 [ERROR] LogOutputStream:75 - [STDERR_REDIRECT] 
2026-04-30 22:03:12,388 [ERROR] LogOutputStream:75 - [STDERR_REDIRECT] [Fatal Error] :1:1: Premature end of file.
2026-04-30 22:03:12,388 [ERROR] LogOutputStream:75 - [STDERR_REDIRECT] 
2026-04-30 22:03:13,400 [ERROR] LogOutputStream:75 - [STDERR_REDIRECT] [Fatal Error] :1:1: Premature end of file.
2026-04-30 22:03:13,400 [ERROR] LogOutputStream:75 - [STDERR_REDIRECT] 
2026-04-30 22:03:14,393 [ERROR] LogOutputStream:75 - [STDERR_REDIRECT] [Fatal Error] :1:1: Premature end of file.
2026-04-30 22:03:14,393 [ERROR] LogOutputStream:75 - [STDERR_REDIRECT] 
2026-04-30 22:03:15,386 [ERROR] LogOutputStream:75 - [STDERR_REDIRECT] [Fatal Error] :1:1: Premature end of file.
2026-04-30 22:03:15,386 [ERROR] LogOutputStream:75 - [STDERR_REDIRECT] 
2026-04-30 22:03:16,392 [ERROR] LogOutputStream:75 - [STDERR_REDIRECT] [Fatal Error] :1:1: Premature end of file.
2026-04-30 22:03:16,392 [ERROR] LogOutputStream:75 - [STDERR_REDIRECT] 
2026-04-30 22:03:17,390 [ERROR] LogOutputStream:75 - [STDERR_REDIRECT] [Fatal Error] :1:1: Premature end of file.
2026-04-30 22:03:17,390 [ERROR] LogOutputStream:75 - [STDERR_REDIRECT] 
2026-04-30 22:03:18,387 [ERROR] LogOutputStream:75 - [STDERR_REDIRECT] [Fatal Error] :1:1: Premature end of file.
2026-04-30 22:03:18,387 [ERROR] LogOutputStream:75 - [STDERR_REDIRECT] 
2026-04-30 22:03:19,389 [ERROR] LogOutputStream:75 - [STDERR_REDIRECT] [Fatal Error] :1:1: Premature end of file.
2026-04-30 22:03:19,389 [ERROR] LogOutputStream:75 - [STDERR_REDIRECT] 
2026-04-30 22:03:20,406 [ERROR] LogOutputStream:75 - [STDERR_REDIRECT] [Fatal Error] :1:1: Premature end of file.
2026-04-30 22:03:20,407 [ERROR] LogOutputStream:75 - [STDERR_REDIRECT] 
2026-04-30 22:03:21,385 [ERROR] LogOutputStream:75 - [STDERR_REDIRECT] [Fatal Error] :1:1: Premature end of file.
2026-04-30 22:03:21,386 [ERROR] LogOutputStream:75 - [STDERR_REDIRECT] 
2026-04-30 22:03:22,408 [ERROR] LogOutputStream:75 - [STDERR_REDIRECT] [Fatal Error] :1:1: Premature end of file.
2026-04-30 22:03:22,409 [ERROR] LogOutputStream:75 - [STDERR_REDIRECT] 
2026-04-30 22:03:23,391 [ERROR] LogOutputStream:75 - [STDERR_REDIRECT] [Fatal Error] :1:1: Premature end of file.
2026-04-30 22:03:23,391 [ERROR] LogOutputStream:75 - [STDERR_REDIRECT] 
2026-04-30 22:03:24,406 [ERROR] LogOutputStream:75 - [STDERR_REDIRECT] [Fatal Error] :1:1: Premature end of file.
2026-04-30 22:03:24,407 [ERROR] LogOutputStream:75 - [STDERR_REDIRECT] 
2026-04-30 22:03:25,405 [ERROR] LogOutputStream:75 - [STDERR_REDIRECT] [Fatal Error] :1:1: Premature end of file.
2026-04-30 22:03:25,406 [ERROR] LogOutputStream:75 - [STDERR_REDIRECT] 
2026-04-30 22:03:26,407 [ERROR] LogOutputStream:75 - [STDERR_REDIRECT] [Fatal Error] :1:1: Premature end of file.
2026-04-30 22:03:26,407 [ERROR] LogOutputStream:75 - [STDERR_REDIRECT] 
2026-04-30 22:03:27,405 [ERROR] LogOutputStream:75 - [STDERR_REDIRECT] [Fatal Error] :1:1: Premature end of file.
2026-04-30 22:03:27,406 [ERROR] LogOutputStream:75 - [STDERR_REDIRECT] 
2026-04-30 22:03:28,408 [ERROR] LogOutputStream:75 - [STDERR_REDIRECT] [Fatal Error] :1:1: Premature end of file.
2026-04-30 22:03:28,408 [ERROR] LogOutputStream:75 - [STDERR_REDIRECT] 
2026-04-30 22:03:29,388 [ERROR] LogOutputStream:75 - [STDERR_REDIRECT] [Fatal Error] :1:1: Premature end of file.
2026-04-30 22:03:29,388 [ERROR] LogOutputStream:75 - [STDERR_REDIRECT] 
2026-04-30 22:03:30,390 [ERROR] LogOutputStream:75 - [STDERR_REDIRECT] [Fatal Error] :1:1: Premature end of file.
2026-04-30 22:03:30,390 [ERROR] LogOutputStream:75 - [STDERR_REDIRECT] 
2026-04-30 22:03:31,387 [ERROR] LogOutputStream:75 - [STDERR_REDIRECT] [Fatal Error] :1:1: Premature end of file.
2026-04-30 22:03:31,387 [ERROR] LogOutputStream:75 - [STDERR_REDIRECT] 
2026-04-30 22:03:32,386 [ERROR] LogOutputStream:75 - [STDERR_REDIRECT] [Fatal Error] :1:1: Premature end of file.
2026-04-30 22:03:32,386 [ERROR] LogOutputStream:75 - [STDERR_REDIRECT] 
2026-04-30 22:03:33,380 [ERROR] LogOutputStream:75 - [STDERR_REDIRECT] [Fatal Error] :1:1: Premature end of file.
2026-04-30 22:03:33,380 [ERROR] LogOutputStream:75 - [STDERR_REDIRECT] 
2026-04-30 22:03:34,404 [ERROR] LogOutputStream:75 - [STDERR_REDIRECT] [Fatal Error] :1:1: Premature end of file.
2026-04-30 22:03:34,404 [ERROR] LogOutputStream:75 - [STDERR_REDIRECT] 
2026-04-30 22:03:35,402 [ERROR] LogOutputStream:75 - [STDERR_REDIRECT] [Fatal Error] :1:1: Premature end of file.
2026-04-30 22:03:35,402 [ERROR] LogOutputStream:75 - [STDERR_REDIRECT] 
2026-04-30 22:03:36,400 [ERROR] LogOutputStream:75 - [STDERR_REDIRECT] [Fatal Error] :1:1: Premature end of file.
2026-04-30 22:03:36,400 [ERROR] LogOutputStream:75 - [STDERR_REDIRECT] 
2026-04-30 22:03:37,405 [ERROR] LogOutputStream:75 - [STDERR_REDIRECT] [Fatal Error] :1:1: Premature end of file.
2026-04-30 22:03:37,406 [ERROR] LogOutputStream:75 - [STDERR_REDIRECT] 
2026-04-30 22:03:38,393 [ERROR] LogOutputStream:75 - [STDERR_REDIRECT] [Fatal Error] :1:1: Premature end of file.
2026-04-30 22:03:38,393 [ERROR] LogOutputStream:75 - [STDERR_REDIRECT] 
2026-04-30 22:03:39,385 [ERROR] LogOutputStream:75 - [STDERR_REDIRECT] [Fatal Error] :1:1: Premature end of file.
2026-04-30 22:03:39,386 [ERROR] LogOutputStream:75 - [STDERR_REDIRECT] 
2026-04-30 22:03:40,405 [ERROR] LogOutputStream:75 - [STDERR_REDIRECT] [Fatal Error] :1:1: Premature end of file.
2026-04-30 22:03:40,405 [ERROR] LogOutputStream:75 - [STDERR_REDIRECT] 
2026-04-30 22:03:41,406 [ERROR] LogOutputStream:75 - [STDERR_REDIRECT] [Fatal Error] :1:1: Premature end of file.
2026-04-30 22:03:41,406 [ERROR] LogOutputStream:75 - [STDERR_REDIRECT] 
2026-04-30 22:03:42,404 [ERROR] LogOutputStream:75 - [STDERR_REDIRECT] [Fatal Error] :1:1: Premature end of file.
2026-04-30 22:03:42,404 [ERROR] LogOutputStream:75 - [STDERR_REDIRECT] 
2026-04-30 22:03:43,405 [ERROR] LogOutputStream:75 - [STDERR_REDIRECT] [Fatal Error] :1:1: Premature end of file.
2026-04-30 22:03:43,405 [ERROR] LogOutputStream:75 - [STDERR_REDIRECT] 
2026-04-30 22:03:44,406 [ERROR] LogOutputStream:75 - [STDERR_REDIRECT] [Fatal Error] :1:1: Premature end of file.
2026-04-30 22:03:44,407 [ERROR] LogOutputStream:75 - [STDERR_REDIRECT] 
2026-04-30 22:03:45,405 [ERROR] LogOutputStream:75 - [STDERR_REDIRECT] [Fatal Error] :1:1: Premature end of file.
2026-04-30 22:03:45,405 [ERROR] LogOutputStream:75 - [STDERR_REDIRECT] 
2026-04-30 22:03:46,399 [ERROR] LogOutputStream:75 - [STDERR_REDIRECT] [Fatal Error] :1:1: Premature end of file.
2026-04-30 22:03:46,399 [ERROR] LogOutputStream:75 - [STDERR_REDIRECT] 
2026-04-30 22:03:47,410 [ERROR] LogOutputStream:75 - [STDERR_REDIRECT] [Fatal Error] :1:1: Premature end of file.
2026-04-30 22:03:47,410 [ERROR] LogOutputStream:75 - [STDERR_REDIRECT] 
2026-04-30 22:03:48,382 [ERROR] LogOutputStream:75 - [STDERR_REDIRECT] [Fatal Error] :1:1: Premature end of file.
2026-04-30 22:03:48,383 [ERROR] LogOutputStream:75 - [STDERR_REDIRECT] 
2026-04-30 22:03:49,386 [ERROR] LogOutputStream:75 - [STDERR_REDIRECT] [Fatal Error] :1:1: Premature end of file.
2026-04-30 22:03:49,386 [ERROR] LogOutputStream:75 - [STDERR_REDIRECT] 
2026-04-30 22:03:50,383 [ERROR] LogOutputStream:75 - [STDERR_REDIRECT] [Fatal Error] :1:1: Premature end of file.
2026-04-30 22:03:50,383 [ERROR] LogOutputStream:75 - [STDERR_REDIRECT] 
2026-04-30 22:03:51,383 [ERROR] LogOutputStream:75 - [STDERR_REDIRECT] [Fatal Error] :1:1: Premature end of file.
2026-04-30 22:03:51,383 [ERROR] LogOutputStream:75 - [STDERR_REDIRECT] 
2026-04-30 22:03:52,380 [ERROR] LogOutputStream:75 - [STDERR_REDIRECT] [Fatal Error] :1:1: Premature end of file.
2026-04-30 22:03:52,381 [ERROR] LogOutputStream:75 - [STDERR_REDIRECT] 
2026-04-30 22:03:53,388 [ERROR] LogOutputStream:75 - [STDERR_REDIRECT] [Fatal Error] :1:1: Premature end of file.
2026-04-30 22:03:53,388 [ERROR] LogOutputStream:75 - [STDERR_REDIRECT] 
2026-04-30 22:03:54,373 [ERROR] LogOutputStream:75 - [STDERR_REDIRECT] [Fatal Error] :1:1: Premature end of file.
2026-04-30 22:03:54,373 [ERROR] LogOutputStream:75 - [STDERR_REDIRECT] 
2026-04-30 22:03:55,387 [ERROR] LogOutputStream:75 - [STDERR_REDIRECT] [Fatal Error] :1:1: Premature end of file.
2026-04-30 22:03:55,387 [ERROR] LogOutputStream:75 - [STDERR_REDIRECT] 
2026-04-30 22:03:56,383 [ERROR] LogOutputStream:75 - [STDERR_REDIRECT] [Fatal Error] :1:1: Premature end of file.
2026-04-30 22:03:56,383 [ERROR] LogOutputStream:75 - [STDERR_REDIRECT] 
2026-04-30 22:03:57,375 [ERROR] LogOutputStream:75 - [STDERR_REDIRECT] [Fatal Error] :1:1: Premature end of file.
2026-04-30 22:03:57,375 [ERROR] LogOutputStream:75 - [STDERR_REDIRECT] 
2026-04-30 22:03:58,383 [ERROR] LogOutputStream:75 - [STDERR_REDIRECT] [Fatal Error] :1:1: Premature end of file.
2026-04-30 22:03:58,383 [ERROR] LogOutputStream:75 - [STDERR_REDIRECT] 
2026-04-30 22:03:59,384 [ERROR] LogOutputStream:75 - [STDERR_REDIRECT] [Fatal Error] :1:1: Premature end of file.
2026-04-30 22:03:59,384 [ERROR] LogOutputStream:75 - [STDERR_REDIRECT] 
2026-04-30 22:04:00,390 [ERROR] LogOutputStream:75 - [STDERR_REDIRECT] [Fatal Error] :1:1: Premature end of file.
2026-04-30 22:04:00,390 [ERROR] LogOutputStream:75 - [STDERR_REDIRECT] 
2026-04-30 22:04:01,413 [ERROR] LogOutputStream:75 - [STDERR_REDIRECT] [Fatal Error] :1:1: Premature end of file.
2026-04-30 22:04:01,413 [ERROR] LogOutputStream:75 - [STDERR_REDIRECT] 
2026-04-30 22:04:02,391 [ERROR] LogOutputStream:75 - [STDERR_REDIRECT] [Fatal Error] :1:1: Premature end of file.
2026-04-30 22:04:02,391 [ERROR] LogOutputStream:75 - [STDERR_REDIRECT] 
2026-04-30 22:04:03,411 [ERROR] LogOutputStream:75 - [STDERR_REDIRECT] [Fatal Error] :1:1: Premature end of file.
2026-04-30 22:04:03,411 [ERROR] LogOutputStream:75 - [STDERR_REDIRECT] 
2026-04-30 22:04:04,389 [ERROR] LogOutputStream:75 - [STDERR_REDIRECT] [Fatal Error] :1:1: Premature end of file.
2026-04-30 22:04:04,389 [ERROR] LogOutputStream:75 - [STDERR_REDIRECT] 
2026-04-30 22:04:05,396 [ERROR] LogOutputStream:75 - [STDERR_REDIRECT] [Fatal Error] :1:1: Premature end of file.
2026-04-30 22:04:05,396 [ERROR] LogOutputStream:75 - [STDERR_REDIRECT] 
2026-04-30 22:04:06,419 [ERROR] LogOutputStream:75 - [STDERR_REDIRECT] [Fatal Error] :1:1: Premature end of file.
2026-04-30 22:04:06,419 [ERROR] LogOutputStream:75 - [STDERR_REDIRECT] 
2026-04-30 22:04:07,381 [ERROR] LogOutputStream:75 - [STDERR_REDIRECT] [Fatal Error] :1:1: Premature end of file.
2026-04-30 22:04:07,381 [ERROR] LogOutputStream:75 - [STDERR_REDIRECT] 
2026-04-30 22:04:08,385 [ERROR] LogOutputStream:75 - [STDERR_REDIRECT] [Fatal Error] :1:1: Premature end of file.
2026-04-30 22:04:08,385 [ERROR] LogOutputStream:75 - [STDERR_REDIRECT] 
2026-04-30 22:04:09,387 [ERROR] LogOutputStream:75 - [STDERR_REDIRECT] [Fatal Error] :1:1: Premature end of file.
2026-04-30 22:04:09,387 [ERROR] LogOutputStream:75 - [STDERR_REDIRECT] 
2026-04-30 22:04:10,385 [ERROR] LogOutputStream:75 - [STDERR_REDIRECT] [Fatal Error] :1:1: Premature end of file.
2026-04-30 22:04:10,385 [ERROR] LogOutputStream:75 - [STDERR_REDIRECT] 
2026-04-30 22:04:11,391 [ERROR] LogOutputStream:75 - [STDERR_REDIRECT] [Fatal Error] :1:1: Premature end of file.
2026-04-30 22:04:11,391 [ERROR] LogOutputStream:75 - [STDERR_REDIRECT] 
2026-04-30 22:04:12,375 [ERROR] LogOutputStream:75 - [STDERR_REDIRECT] [Fatal Error] :1:1: Premature end of file.
2026-04-30 22:04:12,375 [ERROR] LogOutputStream:75 - [STDERR_REDIRECT] 
2026-04-30 22:04:13,388 [ERROR] LogOutputStream:75 - [STDERR_REDIRECT] [Fatal Error] :1:1: Premature end of file.
2026-04-30 22:04:13,388 [ERROR] LogOutputStream:75 - [STDERR_REDIRECT] 
2026-04-30 22:04:14,393 [ERROR] LogOutputStream:75 - [STDERR_REDIRECT] [Fatal Error] :1:1: Premature end of file.
2026-04-30 22:04:14,393 [ERROR] LogOutputStream:75 - [STDERR_REDIRECT] 
2026-04-30 22:04:15,392 [ERROR] LogOutputStream:75 - [STDERR_REDIRECT] [Fatal Error] :1:1: Premature end of file.
2026-04-30 22:04:15,392 [ERROR] LogOutputStream:75 - [STDERR_REDIRECT] 
2026-04-30 22:04:16,392 [ERROR] LogOutputStream:75 - [STDERR_REDIRECT] [Fatal Error] :1:1: Premature end of file.
2026-04-30 22:04:16,392 [ERROR] LogOutputStream:75 - [STDERR_REDIRECT] 
2026-04-30 22:04:17,403 [ERROR] LogOutputStream:75 - [STDERR_REDIRECT] [Fatal Error] :1:1: Premature end of file.
2026-04-30 22:04:17,403 [ERROR] LogOutputStream:75 - [STDERR_REDIRECT] 
2026-04-30 22:04:18,406 [ERROR] LogOutputStream:75 - [STDERR_REDIRECT] [Fatal Error] :1:1: Premature end of file.
2026-04-30 22:04:18,406 [ERROR] LogOutputStream:75 - [STDERR_REDIRECT] 
2026-04-30 22:04:19,409 [ERROR] LogOutputStream:75 - [STDERR_REDIRECT] [Fatal Error] :1:1: Premature end of file.
2026-04-30 22:04:19,409 [ERROR] LogOutputStream:75 - [STDERR_REDIRECT] 
2026-04-30 22:04:20,404 [ERROR] LogOutputStream:75 - [STDERR_REDIRECT] [Fatal Error] :1:1: Premature end of file.
2026-04-30 22:04:20,404 [ERROR] LogOutputStream:75 - [STDERR_REDIRECT] 
2026-04-30 22:04:21,403 [ERROR] LogOutputStream:75 - [STDERR_REDIRECT] [Fatal Error] :1:1: Premature end of file.
2026-04-30 22:04:21,403 [ERROR] LogOutputStream:75 - [STDERR_REDIRECT] 
2026-04-30 22:04:22,408 [ERROR] LogOutputStream:75 - [STDERR_REDIRECT] [Fatal Error] :1:1: Premature end of file.
2026-04-30 22:04:22,408 [ERROR] LogOutputStream:75 - [STDERR_REDIRECT] 
2026-04-30 22:04:23,405 [ERROR] LogOutputStream:75 - [STDERR_REDIRECT] [Fatal Error] :1:1: Premature end of file.
2026-04-30 22:04:23,405 [ERROR] LogOutputStream:75 - [STDERR_REDIRECT] 
2026-04-30 22:04:24,408 [ERROR] LogOutputStream:75 - [STDERR_REDIRECT] [Fatal Error] :1:1: Premature end of file.
2026-04-30 22:04:24,408 [ERROR] LogOutputStream:75 - [STDERR_REDIRECT] 
2026-04-30 22:04:25,411 [ERROR] LogOutputStream:75 - [STDERR_REDIRECT] [Fatal Error] :1:1: Premature end of file.
2026-04-30 22:04:25,411 [ERROR] LogOutputStream:75 - [STDERR_REDIRECT] 
2026-04-30 22:04:26,404 [ERROR] LogOutputStream:75 - [STDERR_REDIRECT] [Fatal Error] :1:1: Premature end of file.
2026-04-30 22:04:26,404 [ERROR] LogOutputStream:75 - [STDERR_REDIRECT] 
2026-04-30 22:04:27,409 [ERROR] LogOutputStream:75 - [STDERR_REDIRECT] [Fatal Error] :1:1: Premature end of file.
2026-04-30 22:04:27,409 [ERROR] LogOutputStream:75 - [STDERR_REDIRECT] 
2026-04-30 22:04:28,408 [ERROR] LogOutputStream:75 - [STDERR_REDIRECT] [Fatal Error] :1:1: Premature end of file.
2026-04-30 22:04:28,408 [ERROR] LogOutputStream:75 - [STDERR_REDIRECT] 
2026-04-30 22:04:29,404 [ERROR] LogOutputStream:75 - [STDERR_REDIRECT] [Fatal Error] :1:1: Premature end of file.
2026-04-30 22:04:29,404 [ERROR] LogOutputStream:75 - [STDERR_REDIRECT] 
2026-04-30 22:04:30,406 [ERROR] LogOutputStream:75 - [STDERR_REDIRECT] [Fatal Error] :1:1: Premature end of file.
2026-04-30 22:04:30,406 [ERROR] LogOutputStream:75 - [STDERR_REDIRECT] 
2026-04-30 22:04:31,407 [ERROR] LogOutputStream:75 - [STDERR_REDIRECT] [Fatal Error] :1:1: Premature end of file.
2026-04-30 22:04:31,407 [ERROR] LogOutputStream:75 - [STDERR_REDIRECT] 
2026-04-30 22:04:32,409 [ERROR] LogOutputStream:75 - [STDERR_REDIRECT] [Fatal Error] :1:1: Premature end of file.
2026-04-30 22:04:32,409 [ERROR] LogOutputStream:75 - [STDERR_REDIRECT] 
2026-04-30 22:04:33,389 [ERROR] LogOutputStream:75 - [STDERR_REDIRECT] [Fatal Error] :1:1: Premature end of file.
2026-04-30 22:04:33,389 [ERROR] LogOutputStream:75 - [STDERR_REDIRECT] 
2026-04-30 22:04:34,390 [ERROR] LogOutputStream:75 - [STDERR_REDIRECT] [Fatal Error] :1:1: Premature end of file.
2026-04-30 22:04:34,390 [ERROR] LogOutputStream:75 - [STDERR_REDIRECT] 
2026-04-30 22:04:35,392 [ERROR] LogOutputStream:75 - [STDERR_REDIRECT] [Fatal Error] :1:1: Premature end of file.
2026-04-30 22:04:35,392 [ERROR] LogOutputStream:75 - [STDERR_REDIRECT] 
2026-04-30 22:04:36,393 [ERROR] LogOutputStream:75 - [STDERR_REDIRECT] [Fatal Error] :1:1: Premature end of file.
2026-04-30 22:04:36,393 [ERROR] LogOutputStream:75 - [STDERR_REDIRECT] 
2026-04-30 22:04:37,395 [ERROR] LogOutputStream:75 - [STDERR_REDIRECT] [Fatal Error] :1:1: Premature end of file.
2026-04-30 22:04:37,395 [ERROR] LogOutputStream:75 - [STDERR_REDIRECT] 
2026-04-30 22:04:38,389 [ERROR] LogOutputStream:75 - [STDERR_REDIRECT] [Fatal Error] :1:1: Premature end of file.
2026-04-30 22:04:38,389 [ERROR] LogOutputStream:75 - [STDERR_REDIRECT] 
2026-04-30 22:04:39,391 [ERROR] LogOutputStream:75 - [STDERR_REDIRECT] [Fatal Error] :1:1: Premature end of file.
2026-04-30 22:04:39,391 [ERROR] LogOutputStream:75 - [STDERR_REDIRECT] 
2026-04-30 22:04:40,395 [ERROR] LogOutputStream:75 - [STDERR_REDIRECT] [Fatal Error] :1:1: Premature end of file.
2026-04-30 22:04:40,395 [ERROR] LogOutputStream:75 - [STDERR_REDIRECT] 
2026-04-30 22:04:41,408 [ERROR] LogOutputStream:75 - [STDERR_REDIRECT] [Fatal Error] :1:1: Premature end of file.
2026-04-30 22:04:41,408 [ERROR] LogOutputStream:75 - [STDERR_REDIRECT] 
2026-04-30 22:04:42,405 [ERROR] LogOutputStream:75 - [STDERR_REDIRECT] [Fatal Error] :1:1: Premature end of file.
2026-04-30 22:04:42,405 [ERROR] LogOutputStream:75 - [STDERR_REDIRECT] 
2026-04-30 22:04:43,409 [ERROR] LogOutputStream:75 - [STDERR_REDIRECT] [Fatal Error] :1:1: Premature end of file.
2026-04-30 22:04:43,409 [ERROR] LogOutputStream:75 - [STDERR_REDIRECT] 
2026-04-30 22:04:44,408 [ERROR] LogOutputStream:75 - [STDERR_REDIRECT] [Fatal Error] :1:1: Premature end of file.
2026-04-30 22:04:44,408 [ERROR] LogOutputStream:75 - [STDERR_REDIRECT] 
2026-04-30 22:04:45,413 [ERROR] LogOutputStream:75 - [STDERR_REDIRECT] [Fatal Error] :1:1: Premature end of file.
2026-04-30 22:04:45,413 [ERROR] LogOutputStream:75 - [STDERR_REDIRECT] 
2026-04-30 22:04:46,401 [ERROR] LogOutputStream:75 - [STDERR_REDIRECT] [Fatal Error] :1:1: Premature end of file.
2026-04-30 22:04:46,401 [ERROR] LogOutputStream:75 - [STDERR_REDIRECT] 
2026-04-30 22:04:47,409 [ERROR] LogOutputStream:75 - [STDERR_REDIRECT] [Fatal Error] :1:1: Premature end of file.
2026-04-30 22:04:47,409 [ERROR] LogOutputStream:75 - [STDERR_REDIRECT] 
2026-04-30 22:04:48,417 [ERROR] LogOutputStream:75 - [STDERR_REDIRECT] [Fatal Error] :1:1: Premature end of file.
2026-04-30 22:04:48,417 [ERROR] LogOutputStream:75 - [STDERR_REDIRECT] 
2026-04-30 22:04:49,434 [ERROR] LogOutputStream:75 - [STDERR_REDIRECT] [Fatal Error] :1:1: Premature end of file.
2026-04-30 22:04:49,434 [ERROR] LogOutputStream:75 - [STDERR_REDIRECT] 
2026-04-30 22:04:50,407 [ERROR] LogOutputStream:75 - [STDERR_REDIRECT] [Fatal Error] :1:1: Premature end of file.
2026-04-30 22:04:50,407 [ERROR] LogOutputStream:75 - [STDERR_REDIRECT] 
2026-04-30 22:04:51,413 [ERROR] LogOutputStream:75 - [STDERR_REDIRECT] [Fatal Error] :1:1: Premature end of file.
2026-04-30 22:04:51,415 [ERROR] LogOutputStream:75 - [STDERR_REDIRECT] 
2026-04-30 22:04:52,415 [ERROR] LogOutputStream:75 - [STDERR_REDIRECT] [Fatal Error] :1:1: Premature end of file.
2026-04-30 22:04:52,416 [ERROR] LogOutputStream:75 - [STDERR_REDIRECT] 
2026-04-30 22:04:53,416 [ERROR] LogOutputStream:75 - [STDERR_REDIRECT] [Fatal Error] :1:1: Premature end of file.
2026-04-30 22:04:53,416 [ERROR] LogOutputStream:75 - [STDERR_REDIRECT] 
2026-04-30 22:04:54,396 [ERROR] LogOutputStream:75 - [STDERR_REDIRECT] [Fatal Error] :1:1: Premature end of file.
2026-04-30 22:04:54,396 [ERROR] LogOutputStream:75 - [STDERR_REDIRECT] 
2026-04-30 22:04:55,399 [ERROR] LogOutputStream:75 - [STDERR_REDIRECT] [Fatal Error] :1:1: Premature end of file.
2026-04-30 22:04:55,399 [ERROR] LogOutputStream:75 - [STDERR_REDIRECT] 
2026-04-30 22:04:56,391 [ERROR] LogOutputStream:75 - [STDERR_REDIRECT] [Fatal Error] :1:1: Premature end of file.
2026-04-30 22:04:56,391 [ERROR] LogOutputStream:75 - [STDERR_REDIRECT] 
2026-04-30 22:04:57,393 [ERROR] LogOutputStream:75 - [STDERR_REDIRECT] [Fatal Error] :1:1: Premature end of file.
2026-04-30 22:04:57,393 [ERROR] LogOutputStream:75 - [STDERR_REDIRECT] 
2026-04-30 22:04:58,398 [ERROR] LogOutputStream:75 - [STDERR_REDIRECT] [Fatal Error] :1:1: Premature end of file.
2026-04-30 22:04:58,398 [ERROR] LogOutputStream:75 - [STDERR_REDIRECT] 
2026-04-30 22:04:59,388 [ERROR] LogOutputStream:75 - [STDERR_REDIRECT] [Fatal Error] :1:1: Premature end of file.
2026-04-30 22:04:59,388 [ERROR] LogOutputStream:75 - [STDERR_REDIRECT] 
2026-04-30 22:05:00,386 [ERROR] LogOutputStream:75 - [STDERR_REDIRECT] [Fatal Error] :1:1: Premature end of file.
2026-04-30 22:05:00,386 [ERROR] LogOutputStream:75 - [STDERR_REDIRECT] 
2026-04-30 22:05:01,390 [ERROR] LogOutputStream:75 - [STDERR_REDIRECT] [Fatal Error] :1:1: Premature end of file.
2026-04-30 22:05:01,390 [ERROR] LogOutputStream:75 - [STDERR_REDIRECT] 
2026-04-30 22:05:02,390 [ERROR] LogOutputStream:75 - [STDERR_REDIRECT] [Fatal Error] :1:1: Premature end of file.
2026-04-30 22:05:02,393 [ERROR] LogOutputStream:75 - [STDERR_REDIRECT] 
2026-04-30 22:05:03,384 [ERROR] LogOutputStream:75 - [STDERR_REDIRECT] [Fatal Error] :1:1: Premature end of file.
2026-04-30 22:05:03,384 [ERROR] LogOutputStream:75 - [STDERR_REDIRECT] 
2026-04-30 22:05:04,402 [ERROR] LogOutputStream:75 - [STDERR_REDIRECT] [Fatal Error] :1:1: Premature end of file.
2026-04-30 22:05:04,402 [ERROR] LogOutputStream:75 - [STDERR_REDIRECT] 
2026-04-30 22:05:05,385 [ERROR] LogOutputStream:75 - [STDERR_REDIRECT] [Fatal Error] :1:1: Premature end of file.
2026-04-30 22:05:05,385 [ERROR] LogOutputStream:75 - [STDERR_REDIRECT] 
2026-04-30 22:05:06,387 [ERROR] LogOutputStream:75 - [STDERR_REDIRECT] [Fatal Error] :1:1: Premature end of file.
2026-04-30 22:05:06,387 [ERROR] LogOutputStream:75 - [STDERR_REDIRECT] 
2026-04-30 22:05:07,387 [ERROR] LogOutputStream:75 - [STDERR_REDIRECT] [Fatal Error] :1:1: Premature end of file.
2026-04-30 22:05:07,390 [ERROR] LogOutputStream:75 - [STDERR_REDIRECT] 
2026-04-30 22:05:08,392 [ERROR] LogOutputStream:75 - [STDERR_REDIRECT] [Fatal Error] :1:1: Premature end of file.
2026-04-30 22:05:08,392 [ERROR] LogOutputStream:75 - [STDERR_REDIRECT] 
2026-04-30 22:05:09,388 [ERROR] LogOutputStream:75 - [STDERR_REDIRECT] [Fatal Error] :1:1: Premature end of file.
2026-04-30 22:05:09,388 [ERROR] LogOutputStream:75 - [STDERR_REDIRECT] 
2026-04-30 22:05:10,388 [ERROR] LogOutputStream:75 - [STDERR_REDIRECT] [Fatal Error] :1:1: Premature end of file.
2026-04-30 22:05:10,388 [ERROR] LogOutputStream:75 - [STDERR_REDIRECT] 
2026-04-30 22:05:11,388 [ERROR] LogOutputStream:75 - [STDERR_REDIRECT] [Fatal Error] :1:1: Premature end of file.
2026-04-30 22:05:11,388 [ERROR] LogOutputStream:75 - [STDERR_REDIRECT] 
2026-04-30 22:05:12,381 [ERROR] LogOutputStream:75 - [STDERR_REDIRECT] [Fatal Error] :1:1: Premature end of file.
2026-04-30 22:05:12,381 [ERROR] LogOutputStream:75 - [STDERR_REDIRECT] 
2026-04-30 22:05:13,398 [ERROR] LogOutputStream:75 - [STDERR_REDIRECT] [Fatal Error] :1:1: Premature end of file.
2026-04-30 22:05:13,398 [ERROR] LogOutputStream:75 - [STDERR_REDIRECT] 
2026-04-30 22:05:14,392 [ERROR] LogOutputStream:75 - [STDERR_REDIRECT] [Fatal Error] :1:1: Premature end of file.
2026-04-30 22:05:14,392 [ERROR] LogOutputStream:75 - [STDERR_REDIRECT] 
2026-04-30 22:05:15,392 [ERROR] LogOutputStream:75 - [STDERR_REDIRECT] [Fatal Error] :1:1: Premature end of file.
2026-04-30 22:05:15,392 [ERROR] LogOutputStream:75 - [STDERR_REDIRECT] 
2026-04-30 22:05:16,387 [ERROR] LogOutputStream:75 - [STDERR_REDIRECT] [Fatal Error] :1:1: Premature end of file.
2026-04-30 22:05:16,387 [ERROR] LogOutputStream:75 - [STDERR_REDIRECT] 
2026-04-30 22:05:17,387 [ERROR] LogOutputStream:75 - [STDERR_REDIRECT] [Fatal Error] :1:1: Premature end of file.
2026-04-30 22:05:17,387 [ERROR] LogOutputStream:75 - [STDERR_REDIRECT] 
2026-04-30 22:05:18,391 [ERROR] LogOutputStream:75 - [STDERR_REDIRECT] [Fatal Error] :1:1: Premature end of file.
2026-04-30 22:05:18,391 [ERROR] LogOutputStream:75 - [STDERR_REDIRECT] 
2026-04-30 22:05:19,384 [ERROR] LogOutputStream:75 - [STDERR_REDIRECT] [Fatal Error] :1:1: Premature end of file.
2026-04-30 22:05:19,384 [ERROR] LogOutputStream:75 - [STDERR_REDIRECT] 
2026-04-30 22:05:20,383 [ERROR] LogOutputStream:75 - [STDERR_REDIRECT] [Fatal Error] :1:1: Premature end of file.
2026-04-30 22:05:20,383 [ERROR] LogOutputStream:75 - [STDERR_REDIRECT] 
2026-04-30 22:05:21,391 [ERROR] LogOutputStream:75 - [STDERR_REDIRECT] [Fatal Error] :1:1: Premature end of file.
2026-04-30 22:05:21,391 [ERROR] LogOutputStream:75 - [STDERR_REDIRECT] 
2026-04-30 22:05:22,386 [ERROR] LogOutputStream:75 - [STDERR_REDIRECT] [Fatal Error] :1:1: Premature end of file.
2026-04-30 22:05:22,386 [ERROR] LogOutputStream:75 - [STDERR_REDIRECT] 
2026-04-30 22:05:23,390 [ERROR] LogOutputStream:75 - [STDERR_REDIRECT] [Fatal Error] :1:1: Premature end of file.
2026-04-30 22:05:23,390 [ERROR] LogOutputStream:75 - [STDERR_REDIRECT] 
2026-04-30 22:05:24,389 [ERROR] LogOutputStream:75 - [STDERR_REDIRECT] [Fatal Error] :1:1: Premature end of file.
2026-04-30 22:05:24,389 [ERROR] LogOutputStream:75 - [STDERR_REDIRECT] 
2026-04-30 22:05:25,383 [ERROR] LogOutputStream:75 - [STDERR_REDIRECT] [Fatal Error] :1:1: Premature end of file.
2026-04-30 22:05:25,383 [ERROR] LogOutputStream:75 - [STDERR_REDIRECT] 
2026-04-30 22:05:26,388 [ERROR] LogOutputStream:75 - [STDERR_REDIRECT] [Fatal Error] :1:1: Premature end of file.
2026-04-30 22:05:26,388 [ERROR] LogOutputStream:75 - [STDERR_REDIRECT] 
2026-04-30 22:05:27,385 [ERROR] LogOutputStream:75 - [STDERR_REDIRECT] [Fatal Error] :1:1: Premature end of file.
2026-04-30 22:05:27,385 [ERROR] LogOutputStream:75 - [STDERR_REDIRECT] 
2026-04-30 22:05:28,376 [ERROR] LogOutputStream:75 - [STDERR_REDIRECT] [Fatal Error] :1:1: Premature end of file.
2026-04-30 22:05:28,376 [ERROR] LogOutputStream:75 - [STDERR_REDIRECT] 
2026-04-30 22:05:29,385 [ERROR] LogOutputStream:75 - [STDERR_REDIRECT] [Fatal Error] :1:1: Premature end of file.
2026-04-30 22:05:29,385 [ERROR] LogOutputStream:75 - [STDERR_REDIRECT] 
2026-04-30 22:05:30,386 [ERROR] LogOutputStream:75 - [STDERR_REDIRECT] [Fatal Error] :1:1: Premature end of file.
2026-04-30 22:05:30,386 [ERROR] LogOutputStream:75 - [STDERR_REDIRECT] 
2026-04-30 22:05:31,388 [ERROR] LogOutputStream:75 - [STDERR_REDIRECT] [Fatal Error] :1:1: Premature end of file.
2026-04-30 22:05:31,398 [ERROR] LogOutputStream:75 - [STDERR_REDIRECT] 
2026-04-30 22:05:32,408 [ERROR] LogOutputStream:75 - [STDERR_REDIRECT] [Fatal Error] :1:1: Premature end of file.
2026-04-30 22:05:32,408 [ERROR] LogOutputStream:75 - [STDERR_REDIRECT] 
2026-04-30 22:05:33,402 [ERROR] LogOutputStream:75 - [STDERR_REDIRECT] [Fatal Error] :1:1: Premature end of file.
2026-04-30 22:05:33,402 [ERROR] LogOutputStream:75 - [STDERR_REDIRECT] 
2026-04-30 22:05:34,403 [ERROR] LogOutputStream:75 - [STDERR_REDIRECT] [Fatal Error] :1:1: Premature end of file.
2026-04-30 22:05:34,403 [ERROR] LogOutputStream:75 - [STDERR_REDIRECT] 
2026-04-30 22:05:35,410 [ERROR] LogOutputStream:75 - [STDERR_REDIRECT] [Fatal Error] :1:1: Premature end of file.
2026-04-30 22:05:35,410 [ERROR] LogOutputStream:75 - [STDERR_REDIRECT] 
2026-04-30 22:05:36,404 [ERROR] LogOutputStream:75 - [STDERR_REDIRECT] [Fatal Error] :1:1: Premature end of file.
2026-04-30 22:05:36,404 [ERROR] LogOutputStream:75 - [STDERR_REDIRECT] 
2026-04-30 22:05:37,381 [ERROR] LogOutputStream:75 - [STDERR_REDIRECT] [Fatal Error] :1:1: Premature end of file.
2026-04-30 22:05:37,381 [ERROR] LogOutputStream:75 - [STDERR_REDIRECT] 
2026-04-30 22:05:38,393 [ERROR] LogOutputStream:75 - [STDERR_REDIRECT] [Fatal Error] :1:1: Premature end of file.
2026-04-30 22:05:38,393 [ERROR] LogOutputStream:75 - [STDERR_REDIRECT] 
2026-04-30 22:05:39,394 [ERROR] LogOutputStream:75 - [STDERR_REDIRECT] [Fatal Error] :1:1: Premature end of file.
2026-04-30 22:05:39,394 [ERROR] LogOutputStream:75 - [STDERR_REDIRECT] 
2026-04-30 22:05:40,379 [ERROR] LogOutputStream:75 - [STDERR_REDIRECT] [Fatal Error] :1:1: Premature end of file.
2026-04-30 22:05:40,379 [ERROR] LogOutputStream:75 - [STDERR_REDIRECT] 
2026-04-30 22:05:41,409 [ERROR] LogOutputStream:75 - [STDERR_REDIRECT] [Fatal Error] :1:1: Premature end of file.
2026-04-30 22:05:41,409 [ERROR] LogOutputStream:75 - [STDERR_REDIRECT] 
2026-04-30 22:05:42,396 [ERROR] LogOutputStream:75 - [STDERR_REDIRECT] [Fatal Error] :1:1: Premature end of file.
2026-04-30 22:05:42,396 [ERROR] LogOutputStream:75 - [STDERR_REDIRECT] 
2026-04-30 22:05:43,405 [ERROR] LogOutputStream:75 - [STDERR_REDIRECT] [Fatal Error] :1:1: Premature end of file.
2026-04-30 22:05:43,405 [ERROR] LogOutputStream:75 - [STDERR_REDIRECT] 
2026-04-30 22:05:44,417 [ERROR] LogOutputStream:75 - [STDERR_REDIRECT] [Fatal Error] :1:1: Premature end of file.
2026-04-30 22:05:44,417 [ERROR] LogOutputStream:75 - [STDERR_REDIRECT] 
2026-04-30 22:05:45,401 [ERROR] LogOutputStream:75 - [STDERR_REDIRECT] [Fatal Error] :1:1: Premature end of file.
2026-04-30 22:05:45,401 [ERROR] LogOutputStream:75 - [STDERR_REDIRECT] 
2026-04-30 22:05:46,405 [ERROR] LogOutputStream:75 - [STDERR_REDIRECT] [Fatal Error] :1:1: Premature end of file.
2026-04-30 22:05:46,405 [ERROR] LogOutputStream:75 - [STDERR_REDIRECT] 
2026-04-30 22:05:47,414 [ERROR] LogOutputStream:75 - [STDERR_REDIRECT] [Fatal Error] :1:1: Premature end of file.
2026-04-30 22:05:47,414 [ERROR] LogOutputStream:75 - [STDERR_REDIRECT] 
2026-04-30 22:05:48,413 [ERROR] LogOutputStream:75 - [STDERR_REDIRECT] [Fatal Error] :1:1: Premature end of file.
2026-04-30 22:05:48,413 [ERROR] LogOutputStream:75 - [STDERR_REDIRECT] 
2026-04-30 22:05:49,409 [ERROR] LogOutputStream:75 - [STDERR_REDIRECT] [Fatal Error] :1:1: Premature end of file.
2026-04-30 22:05:49,409 [ERROR] LogOutputStream:75 - [STDERR_REDIRECT] 
2026-04-30 22:05:50,396 [ERROR] LogOutputStream:75 - [STDERR_REDIRECT] [Fatal Error] :1:1: Premature end of file.
2026-04-30 22:05:50,396 [ERROR] LogOutputStream:75 - [STDERR_REDIRECT] 
2026-04-30 22:05:51,409 [ERROR] LogOutputStream:75 - [STDERR_REDIRECT] [Fatal Error] :1:1: Premature end of file.
2026-04-30 22:05:51,409 [ERROR] LogOutputStream:75 - [STDERR_REDIRECT] 
2026-04-30 22:05:52,418 [ERROR] LogOutputStream:75 - [STDERR_REDIRECT] [Fatal Error] :1:1: Premature end of file.
2026-04-30 22:05:52,418 [ERROR] LogOutputStream:75 - [STDERR_REDIRECT] 
2026-04-30 22:05:53,419 [ERROR] LogOutputStream:75 - [STDERR_REDIRECT] [Fatal Error] :1:1: Premature end of file.
2026-04-30 22:05:53,419 [ERROR] LogOutputStream:75 - [STDERR_REDIRECT] 
2026-04-30 22:05:54,397 [ERROR] LogOutputStream:75 - [STDERR_REDIRECT] [Fatal Error] :1:1: Premature end of file.
2026-04-30 22:05:54,397 [ERROR] LogOutputStream:75 - [STDERR_REDIRECT] 
2026-04-30 22:05:55,406 [ERROR] LogOutputStream:75 - [STDERR_REDIRECT] [Fatal Error] :1:1: Premature end of file.
2026-04-30 22:05:55,407 [ERROR] LogOutputStream:75 - [STDERR_REDIRECT] 
2026-04-30 22:05:56,412 [ERROR] LogOutputStream:75 - [STDERR_REDIRECT] [Fatal Error] :1:1: Premature end of file.
2026-04-30 22:05:56,412 [ERROR] LogOutputStream:75 - [STDERR_REDIRECT] 
2026-04-30 22:05:57,408 [ERROR] LogOutputStream:75 - [STDERR_REDIRECT] [Fatal Error] :1:1: Premature end of file.
2026-04-30 22:05:57,408 [ERROR] LogOutputStream:75 - [STDERR_REDIRECT] 
2026-04-30 22:05:58,392 [ERROR] LogOutputStream:75 - [STDERR_REDIRECT] [Fatal Error] :1:1: Premature end of file.
2026-04-30 22:05:58,392 [ERROR] LogOutputStream:75 - [STDERR_REDIRECT] 
2026-04-30 22:05:59,392 [ERROR] LogOutputStream:75 - [STDERR_REDIRECT] [Fatal Error] :1:1: Premature end of file.
2026-04-30 22:05:59,392 [ERROR] LogOutputStream:75 - [STDERR_REDIRECT] 
2026-04-30 22:06:00,382 [ERROR] LogOutputStream:75 - [STDERR_REDIRECT] [Fatal Error] :1:1: Premature end of file.
2026-04-30 22:06:00,382 [ERROR] LogOutputStream:75 - [STDERR_REDIRECT] 
2026-04-30 22:06:01,392 [ERROR] LogOutputStream:75 - [STDERR_REDIRECT] [Fatal Error] :1:1: Premature end of file.
2026-04-30 22:06:01,392 [ERROR] LogOutputStream:75 - [STDERR_REDIRECT] 
2026-04-30 22:06:02,395 [ERROR] LogOutputStream:75 - [STDERR_REDIRECT] [Fatal Error] :1:1: Premature end of file.
2026-04-30 22:06:02,395 [ERROR] LogOutputStream:75 - [STDERR_REDIRECT] 
2026-04-30 22:06:03,388 [ERROR] LogOutputStream:75 - [STDERR_REDIRECT] [Fatal Error] :1:1: Premature end of file.
2026-04-30 22:06:03,388 [ERROR] LogOutputStream:75 - [STDERR_REDIRECT] 
2026-04-30 22:06:04,386 [ERROR] LogOutputStream:75 - [STDERR_REDIRECT] [Fatal Error] :1:1: Premature end of file.
2026-04-30 22:06:04,386 [ERROR] LogOutputStream:75 - [STDERR_REDIRECT] 
2026-04-30 22:06:05,373 [ERROR] LogOutputStream:75 - [STDERR_REDIRECT] [Fatal Error] :1:1: Premature end of file.
2026-04-30 22:06:05,373 [ERROR] LogOutputStream:75 - [STDERR_REDIRECT] 
2026-04-30 22:06:06,382 [ERROR] LogOutputStream:75 - [STDERR_REDIRECT] [Fatal Error] :1:1: Premature end of file.
2026-04-30 22:06:06,382 [ERROR] LogOutputStream:75 - [STDERR_REDIRECT] 
2026-04-30 22:06:07,393 [ERROR] LogOutputStream:75 - [STDERR_REDIRECT] [Fatal Error] :1:1: Premature end of file.
2026-04-30 22:06:07,393 [ERROR] LogOutputStream:75 - [STDERR_REDIRECT] 
2026-04-30 22:06:08,394 [ERROR] LogOutputStream:75 - [STDERR_REDIRECT] [Fatal Error] :1:1: Premature end of file.
2026-04-30 22:06:08,394 [ERROR] LogOutputStream:75 - [STDERR_REDIRECT] 
2026-04-30 22:06:09,395 [ERROR] LogOutputStream:75 - [STDERR_REDIRECT] [Fatal Error] :1:1: Premature end of file.
2026-04-30 22:06:09,395 [ERROR] LogOutputStream:75 - [STDERR_REDIRECT] 
2026-04-30 22:06:10,387 [ERROR] LogOutputStream:75 - [STDERR_REDIRECT] [Fatal Error] :1:1: Premature end of file.
2026-04-30 22:06:10,387 [ERROR] LogOutputStream:75 - [STDERR_REDIRECT] 
2026-04-30 22:06:11,379 [ERROR] LogOutputStream:75 - [STDERR_REDIRECT] [Fatal Error] :1:1: Premature end of file.
2026-04-30 22:06:11,379 [ERROR] LogOutputStream:75 - [STDERR_REDIRECT] 
2026-04-30 22:06:12,396 [ERROR] LogOutputStream:75 - [STDERR_REDIRECT] [Fatal Error] :1:1: Premature end of file.
2026-04-30 22:06:12,396 [ERROR] LogOutputStream:75 - [STDERR_REDIRECT] 
2026-04-30 22:06:13,393 [ERROR] LogOutputStream:75 - [STDERR_REDIRECT] [Fatal Error] :1:1: Premature end of file.
2026-04-30 22:06:13,393 [ERROR] LogOutputStream:75 - [STDERR_REDIRECT] 
2026-04-30 22:06:14,415 [ERROR] LogOutputStream:75 - [STDERR_REDIRECT] [Fatal Error] :1:1: Premature end of file.
2026-04-30 22:06:14,415 [ERROR] LogOutputStream:75 - [STDERR_REDIRECT] 
2026-04-30 22:06:15,410 [ERROR] LogOutputStream:75 - [STDERR_REDIRECT] [Fatal Error] :1:1: Premature end of file.
2026-04-30 22:06:15,410 [ERROR] LogOutputStream:75 - [STDERR_REDIRECT] 
2026-04-30 22:06:16,414 [ERROR] LogOutputStream:75 - [STDERR_REDIRECT] [Fatal Error] :1:1: Premature end of file.
2026-04-30 22:06:16,414 [ERROR] LogOutputStream:75 - [STDERR_REDIRECT] 
2026-04-30 22:06:17,406 [ERROR] LogOutputStream:75 - [STDERR_REDIRECT] [Fatal Error] :1:1: Premature end of file.
2026-04-30 22:06:17,406 [ERROR] LogOutputStream:75 - [STDERR_REDIRECT] 
2026-04-30 22:06:18,399 [ERROR] LogOutputStream:75 - [STDERR_REDIRECT] [Fatal Error] :1:1: Premature end of file.
2026-04-30 22:06:18,399 [ERROR] LogOutputStream:75 - [STDERR_REDIRECT] 
2026-04-30 22:06:19,408 [ERROR] LogOutputStream:75 - [STDERR_REDIRECT] [Fatal Error] :1:1: Premature end of file.
2026-04-30 22:06:19,408 [ERROR] LogOutputStream:75 - [STDERR_REDIRECT] 
2026-04-30 22:06:20,408 [ERROR] LogOutputStream:75 - [STDERR_REDIRECT] [Fatal Error] :1:1: Premature end of file.
2026-04-30 22:06:20,410 [ERROR] LogOutputStream:75 - [STDERR_REDIRECT] 
2026-04-30 22:06:21,396 [ERROR] LogOutputStream:75 - [STDERR_REDIRECT] [Fatal Error] :1:1: Premature end of file.
2026-04-30 22:06:21,396 [ERROR] LogOutputStream:75 - [STDERR_REDIRECT] 
2026-04-30 22:06:22,411 [ERROR] LogOutputStream:75 - [STDERR_REDIRECT] [Fatal Error] :1:1: Premature end of file.
2026-04-30 22:06:22,411 [ERROR] LogOutputStream:75 - [STDERR_REDIRECT] 
2026-04-30 22:06:23,414 [ERROR] LogOutputStream:75 - [STDERR_REDIRECT] [Fatal Error] :1:1: Premature end of file.
2026-04-30 22:06:23,414 [ERROR] LogOutputStream:75 - [STDERR_REDIRECT] 
2026-04-30 22:06:24,402 [ERROR] LogOutputStream:75 - [STDERR_REDIRECT] [Fatal Error] :1:1: Premature end of file.
2026-04-30 22:06:24,402 [ERROR] LogOutputStream:75 - [STDERR_REDIRECT] 
2026-04-30 22:06:25,403 [ERROR] LogOutputStream:75 - [STDERR_REDIRECT] [Fatal Error] :1:1: Premature end of file.
2026-04-30 22:06:25,403 [ERROR] LogOutputStream:75 - [STDERR_REDIRECT] 
2026-04-30 22:06:26,413 [ERROR] LogOutputStream:75 - [STDERR_REDIRECT] [Fatal Error] :1:1: Premature end of file.
2026-04-30 22:06:26,413 [ERROR] LogOutputStream:75 - [STDERR_REDIRECT] 
2026-04-30 22:06:27,413 [ERROR] LogOutputStream:75 - [STDERR_REDIRECT] [Fatal Error] :1:1: Premature end of file.
2026-04-30 22:06:27,413 [ERROR] LogOutputStream:75 - [STDERR_REDIRECT] 
2026-04-30 22:06:28,401 [ERROR] LogOutputStream:75 - [STDERR_REDIRECT] [Fatal Error] :1:1: Premature end of file.
2026-04-30 22:06:28,401 [ERROR] LogOutputStream:75 - [STDERR_REDIRECT] 
2026-04-30 22:06:29,408 [ERROR] LogOutputStream:75 - [STDERR_REDIRECT] [Fatal Error] :1:1: Premature end of file.
2026-04-30 22:06:29,408 [ERROR] LogOutputStream:75 - [STDERR_REDIRECT] 
2026-04-30 22:06:30,388 [ERROR] LogOutputStream:75 - [STDERR_REDIRECT] [Fatal Error] :1:1: Premature end of file.
2026-04-30 22:06:30,388 [ERROR] LogOutputStream:75 - [STDERR_REDIRECT] 
2026-04-30 22:06:31,411 [ERROR] LogOutputStream:75 - [STDERR_REDIRECT] [Fatal Error] :1:1: Premature end of file.
2026-04-30 22:06:31,411 [ERROR] LogOutputStream:75 - [STDERR_REDIRECT] 
2026-04-30 22:06:32,407 [ERROR] LogOutputStream:75 - [STDERR_REDIRECT] [Fatal Error] :1:1: Premature end of file.
2026-04-30 22:06:32,407 [ERROR] LogOutputStream:75 - [STDERR_REDIRECT] 
2026-04-30 22:06:33,399 [ERROR] LogOutputStream:75 - [STDERR_REDIRECT] [Fatal Error] :1:1: Premature end of file.
2026-04-30 22:06:33,399 [ERROR] LogOutputStream:75 - [STDERR_REDIRECT] 
2026-04-30 22:06:34,409 [ERROR] LogOutputStream:75 - [STDERR_REDIRECT] [Fatal Error] :1:1: Premature end of file.
2026-04-30 22:06:34,409 [ERROR] LogOutputStream:75 - [STDERR_REDIRECT] 
2026-04-30 22:06:35,410 [ERROR] LogOutputStream:75 - [STDERR_REDIRECT] [Fatal Error] :1:1: Premature end of file.
2026-04-30 22:06:35,413 [ERROR] LogOutputStream:75 - [STDERR_REDIRECT] 
2026-04-30 22:06:36,407 [ERROR] LogOutputStream:75 - [STDERR_REDIRECT] [Fatal Error] :1:1: Premature end of file.
2026-04-30 22:06:36,407 [ERROR] LogOutputStream:75 - [STDERR_REDIRECT] 
2026-04-30 22:06:37,409 [ERROR] LogOutputStream:75 - [STDERR_REDIRECT] [Fatal Error] :1:1: Premature end of file.
2026-04-30 22:06:37,409 [ERROR] LogOutputStream:75 - [STDERR_REDIRECT] 
2026-04-30 22:06:38,402 [ERROR] LogOutputStream:75 - [STDERR_REDIRECT] [Fatal Error] :1:1: Premature end of file.
2026-04-30 22:06:38,412 [ERROR] LogOutputStream:75 - [STDERR_REDIRECT] 
2026-04-30 22:06:39,408 [ERROR] LogOutputStream:75 - [STDERR_REDIRECT] [Fatal Error] :1:1: Premature end of file.
2026-04-30 22:06:39,408 [ERROR] LogOutputStream:75 - [STDERR_REDIRECT] 
2026-04-30 22:06:40,406 [ERROR] LogOutputStream:75 - [STDERR_REDIRECT] [Fatal Error] :1:1: Premature end of file.
2026-04-30 22:06:40,406 [ERROR] LogOutputStream:75 - [STDERR_REDIRECT] 
2026-04-30 22:06:41,411 [ERROR] LogOutputStream:75 - [STDERR_REDIRECT] [Fatal Error] :1:1: Premature end of file.
2026-04-30 22:06:41,411 [ERROR] LogOutputStream:75 - [STDERR_REDIRECT] 
2026-04-30 22:06:42,397 [ERROR] LogOutputStream:75 - [STDERR_REDIRECT] [Fatal Error] :1:1: Premature end of file.
2026-04-30 22:06:42,397 [ERROR] LogOutputStream:75 - [STDERR_REDIRECT] 
2026-04-30 22:06:43,400 [ERROR] LogOutputStream:75 - [STDERR_REDIRECT] [Fatal Error] :1:1: Premature end of file.
2026-04-30 22:06:43,400 [ERROR] LogOutputStream:75 - [STDERR_REDIRECT] 
2026-04-30 22:06:44,413 [ERROR] LogOutputStream:75 - [STDERR_REDIRECT] [Fatal Error] :1:1: Premature end of file.
2026-04-30 22:06:44,413 [ERROR] LogOutputStream:75 - [STDERR_REDIRECT] 
2026-04-30 22:06:45,409 [ERROR] LogOutputStream:75 - [STDERR_REDIRECT] [Fatal Error] :1:1: Premature end of file.
2026-04-30 22:06:45,409 [ERROR] LogOutputStream:75 - [STDERR_REDIRECT] 
2026-04-30 22:06:46,403 [ERROR] LogOutputStream:75 - [STDERR_REDIRECT] [Fatal Error] :1:1: Premature end of file.
2026-04-30 22:06:46,403 [ERROR] LogOutputStream:75 - [STDERR_REDIRECT] 
2026-04-30 22:06:47,410 [ERROR] LogOutputStream:75 - [STDERR_REDIRECT] [Fatal Error] :1:1: Premature end of file.
2026-04-30 22:06:47,411 [ERROR] LogOutputStream:75 - [STDERR_REDIRECT] 
2026-04-30 22:06:48,410 [ERROR] LogOutputStream:75 - [STDERR_REDIRECT] [Fatal Error] :1:1: Premature end of file.
2026-04-30 22:06:48,410 [ERROR] LogOutputStream:75 - [STDERR_REDIRECT] 
2026-04-30 22:06:49,411 [ERROR] LogOutputStream:75 - [STDERR_REDIRECT] [Fatal Error] :1:1: Premature end of file.
2026-04-30 22:06:49,411 [ERROR] LogOutputStream:75 - [STDERR_REDIRECT] 
2026-04-30 22:06:50,415 [ERROR] LogOutputStream:75 - [STDERR_REDIRECT] [Fatal Error] :1:1: Premature end of file.
2026-04-30 22:06:50,415 [ERROR] LogOutputStream:75 - [STDERR_REDIRECT] 
2026-04-30 22:06:51,407 [ERROR] LogOutputStream:75 - [STDERR_REDIRECT] [Fatal Error] :1:1: Premature end of file.
2026-04-30 22:06:51,407 [ERROR] LogOutputStream:75 - [STDERR_REDIRECT] 
2026-04-30 22:06:52,408 [ERROR] LogOutputStream:75 - [STDERR_REDIRECT] [Fatal Error] :1:1: Premature end of file.
2026-04-30 22:06:52,408 [ERROR] LogOutputStream:75 - [STDERR_REDIRECT] 
2026-04-30 22:06:53,410 [ERROR] LogOutputStream:75 - [STDERR_REDIRECT] [Fatal Error] :1:1: Premature end of file.
2026-04-30 22:06:53,410 [ERROR] LogOutputStream:75 - [STDERR_REDIRECT] 
2026-04-30 22:06:54,406 [ERROR] LogOutputStream:75 - [STDERR_REDIRECT] [Fatal Error] :1:1: Premature end of file.
2026-04-30 22:06:54,406 [ERROR] LogOutputStream:75 - [STDERR_REDIRECT] 
2026-04-30 22:06:55,407 [ERROR] LogOutputStream:75 - [STDERR_REDIRECT] [Fatal Error] :1:1: Premature end of file.
2026-04-30 22:06:55,407 [ERROR] LogOutputStream:75 - [STDERR_REDIRECT] 
2026-04-30 22:06:56,402 [ERROR] LogOutputStream:75 - [STDERR_REDIRECT] [Fatal Error] :1:1: Premature end of file.
2026-04-30 22:06:56,402 [ERROR] LogOutputStream:75 - [STDERR_REDIRECT] 
2026-04-30 22:06:57,408 [ERROR] LogOutputStream:75 - [STDERR_REDIRECT] [Fatal Error] :1:1: Premature end of file.
2026-04-30 22:06:57,408 [ERROR] LogOutputStream:75 - [STDERR_REDIRECT] 
2026-04-30 22:06:58,411 [ERROR] LogOutputStream:75 - [STDERR_REDIRECT] [Fatal Error] :1:1: Premature end of file.
2026-04-30 22:06:58,411 [ERROR] LogOutputStream:75 - [STDERR_REDIRECT] 
2026-04-30 22:06:59,379 [ERROR] LogOutputStream:75 - [STDERR_REDIRECT] [Fatal Error] :1:1: Premature end of file.
2026-04-30 22:06:59,379 [ERROR] LogOutputStream:75 - [STDERR_REDIRECT] 
2026-04-30 22:07:00,407 [ERROR] LogOutputStream:75 - [STDERR_REDIRECT] [Fatal Error] :1:1: Premature end of file.
2026-04-30 22:07:00,407 [ERROR] LogOutputStream:75 - [STDERR_REDIRECT] 
2026-04-30 22:07:01,407 [ERROR] LogOutputStream:75 - [STDERR_REDIRECT] [Fatal Error] :1:1: Premature end of file.
2026-04-30 22:07:01,407 [ERROR] LogOutputStream:75 - [STDERR_REDIRECT] 
2026-04-30 22:07:02,406 [ERROR] LogOutputStream:75 - [STDERR_REDIRECT] [Fatal Error] :1:1: Premature end of file.
2026-04-30 22:07:02,406 [ERROR] LogOutputStream:75 - [STDERR_REDIRECT] 
2026-04-30 22:07:03,405 [ERROR] LogOutputStream:75 - [STDERR_REDIRECT] [Fatal Error] :1:1: Premature end of file.
2026-04-30 22:07:03,405 [ERROR] LogOutputStream:75 - [STDERR_REDIRECT] 
2026-04-30 22:07:04,406 [ERROR] LogOutputStream:75 - [STDERR_REDIRECT] [Fatal Error] :1:1: Premature end of file.
2026-04-30 22:07:04,406 [ERROR] LogOutputStream:75 - [STDERR_REDIRECT] 
2026-04-30 22:07:05,406 [ERROR] LogOutputStream:75 - [STDERR_REDIRECT] [Fatal Error] :1:1: Premature end of file.
2026-04-30 22:07:05,406 [ERROR] LogOutputStream:75 - [STDERR_REDIRECT] 
2026-04-30 22:07:06,407 [ERROR] LogOutputStream:75 - [STDERR_REDIRECT] [Fatal Error] :1:1: Premature end of file.
2026-04-30 22:07:06,407 [ERROR] LogOutputStream:75 - [STDERR_REDIRECT] 
2026-04-30 22:07:07,408 [ERROR] LogOutputStream:75 - [STDERR_REDIRECT] [Fatal Error] :1:1: Premature end of file.
2026-04-30 22:07:07,408 [ERROR] LogOutputStream:75 - [STDERR_REDIRECT] 
2026-04-30 22:07:08,406 [ERROR] LogOutputStream:75 - [STDERR_REDIRECT] [Fatal Error] :1:1: Premature end of file.
2026-04-30 22:07:08,406 [ERROR] LogOutputStream:75 - [STDERR_REDIRECT] 
2026-04-30 22:07:09,411 [ERROR] LogOutputStream:75 - [STDERR_REDIRECT] [Fatal Error] :1:1: Premature end of file.
2026-04-30 22:07:09,411 [ERROR] LogOutputStream:75 - [STDERR_REDIRECT] 
2026-04-30 22:07:10,402 [ERROR] LogOutputStream:75 - [STDERR_REDIRECT] [Fatal Error] :1:1: Premature end of file.
2026-04-30 22:07:10,402 [ERROR] LogOutputStream:75 - [STDERR_REDIRECT] 
2026-04-30 22:07:11,409 [ERROR] LogOutputStream:75 - [STDERR_REDIRECT] [Fatal Error] :1:1: Premature end of file.
2026-04-30 22:07:11,409 [ERROR] LogOutputStream:75 - [STDERR_REDIRECT] 
2026-04-30 22:07:12,405 [ERROR] LogOutputStream:75 - [STDERR_REDIRECT] [Fatal Error] :1:1: Premature end of file.
2026-04-30 22:07:12,405 [ERROR] LogOutputStream:75 - [STDERR_REDIRECT] 
2026-04-30 22:07:13,398 [ERROR] LogOutputStream:75 - [STDERR_REDIRECT] [Fatal Error] :1:1: Premature end of file.
2026-04-30 22:07:13,398 [ERROR] LogOutputStream:75 - [STDERR_REDIRECT] 
2026-04-30 22:07:14,409 [ERROR] LogOutputStream:75 - [STDERR_REDIRECT] [Fatal Error] :1:1: Premature end of file.
2026-04-30 22:07:14,409 [ERROR] LogOutputStream:75 - [STDERR_REDIRECT] 
2026-04-30 22:07:15,414 [ERROR] LogOutputStream:75 - [STDERR_REDIRECT] [Fatal Error] :1:1: Premature end of file.
2026-04-30 22:07:15,414 [ERROR] LogOutputStream:75 - [STDERR_REDIRECT] 
2026-04-30 22:07:16,408 [ERROR] LogOutputStream:75 - [STDERR_REDIRECT] [Fatal Error] :1:1: Premature end of file.
2026-04-30 22:07:16,408 [ERROR] LogOutputStream:75 - [STDERR_REDIRECT] 
2026-04-30 22:07:17,408 [ERROR] LogOutputStream:75 - [STDERR_REDIRECT] [Fatal Error] :1:1: Premature end of file.
2026-04-30 22:07:17,408 [ERROR] LogOutputStream:75 - [STDERR_REDIRECT] 
2026-04-30 22:07:18,405 [ERROR] LogOutputStream:75 - [STDERR_REDIRECT] [Fatal Error] :1:1: Premature end of file.
2026-04-30 22:07:18,405 [ERROR] LogOutputStream:75 - [STDERR_REDIRECT] 
2026-04-30 22:07:19,406 [ERROR] LogOutputStream:75 - [STDERR_REDIRECT] [Fatal Error] :1:1: Premature end of file.
2026-04-30 22:07:19,406 [ERROR] LogOutputStream:75 - [STDERR_REDIRECT] 
2026-04-30 22:07:20,408 [ERROR] LogOutputStream:75 - [STDERR_REDIRECT] [Fatal Error] :1:1: Premature end of file.
2026-04-30 22:07:20,408 [ERROR] LogOutputStream:75 - [STDERR_REDIRECT] 
2026-04-30 22:07:21,407 [ERROR] LogOutputStream:75 - [STDERR_REDIRECT] [Fatal Error] :1:1: Premature end of file.
2026-04-30 22:07:21,407 [ERROR] LogOutputStream:75 - [STDERR_REDIRECT] 
2026-04-30 22:07:22,408 [ERROR] LogOutputStream:75 - [STDERR_REDIRECT] [Fatal Error] :1:1: Premature end of file.
2026-04-30 22:07:22,408 [ERROR] LogOutputStream:75 - [STDERR_REDIRECT] 
2026-04-30 22:07:23,405 [ERROR] LogOutputStream:75 - [STDERR_REDIRECT] [Fatal Error] :1:1: Premature end of file.
2026-04-30 22:07:23,405 [ERROR] LogOutputStream:75 - [STDERR_REDIRECT] 
2026-04-30 22:07:24,405 [ERROR] LogOutputStream:75 - [STDERR_REDIRECT] [Fatal Error] :1:1: Premature end of file.
2026-04-30 22:07:24,405 [ERROR] LogOutputStream:75 - [STDERR_REDIRECT] 
2026-04-30 22:07:25,403 [ERROR] LogOutputStream:75 - [STDERR_REDIRECT] [Fatal Error] :1:1: Premature end of file.
2026-04-30 22:07:25,403 [ERROR] LogOutputStream:75 - [STDERR_REDIRECT] 
2026-04-30 22:07:26,410 [ERROR] LogOutputStream:75 - [STDERR_REDIRECT] [Fatal Error] :1:1: Premature end of file.
2026-04-30 22:07:26,410 [ERROR] LogOutputStream:75 - [STDERR_REDIRECT] 
2026-04-30 22:07:27,400 [ERROR] LogOutputStream:75 - [STDERR_REDIRECT] [Fatal Error] :1:1: Premature end of file.
2026-04-30 22:07:27,400 [ERROR] LogOutputStream:75 - [STDERR_REDIRECT] 
2026-04-30 22:07:28,409 [ERROR] LogOutputStream:75 - [STDERR_REDIRECT] [Fatal Error] :1:1: Premature end of file.
2026-04-30 22:07:28,409 [ERROR] LogOutputStream:75 - [STDERR_REDIRECT] 
2026-04-30 22:07:29,409 [ERROR] LogOutputStream:75 - [STDERR_REDIRECT] [Fatal Error] :1:1: Premature end of file.
2026-04-30 22:07:29,409 [ERROR] LogOutputStream:75 - [STDERR_REDIRECT] 
2026-04-30 22:07:30,398 [ERROR] LogOutputStream:75 - [STDERR_REDIRECT] [Fatal Error] :1:1: Premature end of file.
2026-04-30 22:07:30,398 [ERROR] LogOutputStream:75 - [STDERR_REDIRECT] 
2026-04-30 22:07:31,395 [ERROR] LogOutputStream:75 - [STDERR_REDIRECT] [Fatal Error] :1:1: Premature end of file.
2026-04-30 22:07:31,395 [ERROR] LogOutputStream:75 - [STDERR_REDIRECT] 
2026-04-30 22:07:32,395 [ERROR] LogOutputStream:75 - [STDERR_REDIRECT] [Fatal Error] :1:1: Premature end of file.
2026-04-30 22:07:32,395 [ERROR] LogOutputStream:75 - [STDERR_REDIRECT] 
2026-04-30 22:07:33,383 [ERROR] LogOutputStream:75 - [STDERR_REDIRECT] [Fatal Error] :1:1: Premature end of file.
2026-04-30 22:07:33,383 [ERROR] LogOutputStream:75 - [STDERR_REDIRECT] 
2026-04-30 22:07:34,393 [ERROR] LogOutputStream:75 - [STDERR_REDIRECT] [Fatal Error] :1:1: Premature end of file.
2026-04-30 22:07:34,393 [ERROR] LogOutputStream:75 - [STDERR_REDIRECT] 
2026-04-30 22:07:35,381 [ERROR] LogOutputStream:75 - [STDERR_REDIRECT] [Fatal Error] :1:1: Premature end of file.
2026-04-30 22:07:35,381 [ERROR] LogOutputStream:75 - [STDERR_REDIRECT] 
2026-04-30 22:07:36,406 [ERROR] LogOutputStream:75 - [STDERR_REDIRECT] [Fatal Error] :1:1: Premature end of file.
2026-04-30 22:07:36,406 [ERROR] LogOutputStream:75 - [STDERR_REDIRECT] 
2026-04-30 22:07:37,406 [ERROR] LogOutputStream:75 - [STDERR_REDIRECT] [Fatal Error] :1:1: Premature end of file.
2026-04-30 22:07:37,406 [ERROR] LogOutputStream:75 - [STDERR_REDIRECT] 
2026-04-30 22:07:38,403 [ERROR] LogOutputStream:75 - [STDERR_REDIRECT] [Fatal Error] :1:1: Premature end of file.
2026-04-30 22:07:38,403 [ERROR] LogOutputStream:75 - [STDERR_REDIRECT] 
2026-04-30 22:07:39,408 [ERROR] LogOutputStream:75 - [STDERR_REDIRECT] [Fatal Error] :1:1: Premature end of file.
2026-04-30 22:07:39,408 [ERROR] LogOutputStream:75 - [STDERR_REDIRECT] 
2026-04-30 22:07:40,404 [ERROR] LogOutputStream:75 - [STDERR_REDIRECT] [Fatal Error] :1:1: Premature end of file.
2026-04-30 22:07:40,404 [ERROR] LogOutputStream:75 - [STDERR_REDIRECT] 
2026-04-30 22:07:41,407 [ERROR] LogOutputStream:75 - [STDERR_REDIRECT] [Fatal Error] :1:1: Premature end of file.
2026-04-30 22:07:41,407 [ERROR] LogOutputStream:75 - [STDERR_REDIRECT] 
2026-04-30 22:07:42,407 [ERROR] LogOutputStream:75 - [STDERR_REDIRECT] [Fatal Error] :1:1: Premature end of file.
2026-04-30 22:07:42,407 [ERROR] LogOutputStream:75 - [STDERR_REDIRECT] 
2026-04-30 22:07:43,410 [ERROR] LogOutputStream:75 - [STDERR_REDIRECT] [Fatal Error] :1:1: Premature end of file.
2026-04-30 22:07:43,412 [ERROR] LogOutputStream:75 - [STDERR_REDIRECT] 
2026-04-30 22:07:44,407 [ERROR] LogOutputStream:75 - [STDERR_REDIRECT] [Fatal Error] :1:1: Premature end of file.
2026-04-30 22:07:44,407 [ERROR] LogOutputStream:75 - [STDERR_REDIRECT] 
2026-04-30 22:07:45,406 [ERROR] LogOutputStream:75 - [STDERR_REDIRECT] [Fatal Error] :1:1: Premature end of file.
2026-04-30 22:07:45,406 [ERROR] LogOutputStream:75 - [STDERR_REDIRECT] 
2026-04-30 22:07:46,403 [ERROR] LogOutputStream:75 - [STDERR_REDIRECT] [Fatal Error] :1:1: Premature end of file.
2026-04-30 22:07:46,403 [ERROR] LogOutputStream:75 - [STDERR_REDIRECT] 
2026-04-30 22:07:47,412 [ERROR] LogOutputStream:75 - [STDERR_REDIRECT] [Fatal Error] :1:1: Premature end of file.
2026-04-30 22:07:47,412 [ERROR] LogOutputStream:75 - [STDERR_REDIRECT] 
2026-04-30 22:07:48,397 [ERROR] LogOutputStream:75 - [STDERR_REDIRECT] [Fatal Error] :1:1: Premature end of file.
2026-04-30 22:07:48,397 [ERROR] LogOutputStream:75 - [STDERR_REDIRECT] 
2026-04-30 22:07:49,404 [ERROR] LogOutputStream:75 - [STDERR_REDIRECT] [Fatal Error] :1:1: Premature end of file.
2026-04-30 22:07:49,404 [ERROR] LogOutputStream:75 - [STDERR_REDIRECT] 
2026-04-30 22:07:50,396 [ERROR] LogOutputStream:75 - [STDERR_REDIRECT] [Fatal Error] :1:1: Premature end of file.
2026-04-30 22:07:50,396 [ERROR] LogOutputStream:75 - [STDERR_REDIRECT] 
2026-04-30 22:07:51,395 [ERROR] LogOutputStream:75 - [STDERR_REDIRECT] [Fatal Error] :1:1: Premature end of file.
2026-04-30 22:07:51,395 [ERROR] LogOutputStream:75 - [STDERR_REDIRECT] 
2026-04-30 22:07:52,411 [ERROR] LogOutputStream:75 - [STDERR_REDIRECT] [Fatal Error] :1:1: Premature end of file.
2026-04-30 22:07:52,411 [ERROR] LogOutputStream:75 - [STDERR_REDIRECT] 
2026-04-30 22:07:53,408 [ERROR] LogOutputStream:75 - [STDERR_REDIRECT] [Fatal Error] :1:1: Premature end of file.
2026-04-30 22:07:53,408 [ERROR] LogOutputStream:75 - [STDERR_REDIRECT] 
2026-04-30 22:07:54,407 [ERROR] LogOutputStream:75 - [STDERR_REDIRECT] [Fatal Error] :1:1: Premature end of file.
2026-04-30 22:07:54,407 [ERROR] LogOutputStream:75 - [STDERR_REDIRECT] 
2026-04-30 22:07:55,414 [ERROR] LogOutputStream:75 - [STDERR_REDIRECT] [Fatal Error] :1:1: Premature end of file.
2026-04-30 22:07:55,414 [ERROR] LogOutputStream:75 - [STDERR_REDIRECT] 
2026-04-30 22:07:56,394 [ERROR] LogOutputStream:75 - [STDERR_REDIRECT] [Fatal Error] :1:1: Premature end of file.
2026-04-30 22:07:56,394 [ERROR] LogOutputStream:75 - [STDERR_REDIRECT] 
2026-04-30 22:07:57,388 [ERROR] LogOutputStream:75 - [STDERR_REDIRECT] [Fatal Error] :1:1: Premature end of file.
2026-04-30 22:07:57,388 [ERROR] LogOutputStream:75 - [STDERR_REDIRECT] 
2026-04-30 22:07:58,386 [ERROR] LogOutputStream:75 - [STDERR_REDIRECT] [Fatal Error] :1:1: Premature end of file.
2026-04-30 22:07:58,386 [ERROR] LogOutputStream:75 - [STDERR_REDIRECT] 
2026-04-30 22:07:59,387 [ERROR] LogOutputStream:75 - [STDERR_REDIRECT] [Fatal Error] :1:1: Premature end of file.
2026-04-30 22:07:59,387 [ERROR] LogOutputStream:75 - [STDERR_REDIRECT] 
2026-04-30 22:08:00,385 [ERROR] LogOutputStream:75 - [STDERR_REDIRECT] [Fatal Error] :1:1: Premature end of file.
2026-04-30 22:08:00,385 [ERROR] LogOutputStream:75 - [STDERR_REDIRECT] 
2026-04-30 22:08:01,385 [ERROR] LogOutputStream:75 - [STDERR_REDIRECT] [Fatal Error] :1:1: Premature end of file.
2026-04-30 22:08:01,385 [ERROR] LogOutputStream:75 - [STDERR_REDIRECT] 
2026-04-30 22:08:02,395 [ERROR] LogOutputStream:75 - [STDERR_REDIRECT] [Fatal Error] :1:1: Premature end of file.
2026-04-30 22:08:02,404 [ERROR] LogOutputStream:75 - [STDERR_REDIRECT] 
2026-04-30 22:08:03,387 [ERROR] LogOutputStream:75 - [STDERR_REDIRECT] [Fatal Error] :1:1: Premature end of file.
2026-04-30 22:08:03,387 [ERROR] LogOutputStream:75 - [STDERR_REDIRECT] 
2026-04-30 22:08:04,387 [ERROR] LogOutputStream:75 - [STDERR_REDIRECT] [Fatal Error] :1:1: Premature end of file.
2026-04-30 22:08:04,392 [ERROR] LogOutputStream:75 - [STDERR_REDIRECT] 
2026-04-30 22:08:05,393 [ERROR] LogOutputStream:75 - [STDERR_REDIRECT] [Fatal Error] :1:1: Premature end of file.
2026-04-30 22:08:05,393 [ERROR] LogOutputStream:75 - [STDERR_REDIRECT] 
2026-04-30 22:08:06,387 [ERROR] LogOutputStream:75 - [STDERR_REDIRECT] [Fatal Error] :1:1: Premature end of file.
2026-04-30 22:08:06,387 [ERROR] LogOutputStream:75 - [STDERR_REDIRECT] 
2026-04-30 22:08:07,426 [ERROR] LogOutputStream:75 - [STDERR_REDIRECT] [Fatal Error] :1:1: Premature end of file.
2026-04-30 22:08:07,426 [ERROR] LogOutputStream:75 - [STDERR_REDIRECT] 
2026-04-30 22:08:08,417 [ERROR] LogOutputStream:75 - [STDERR_REDIRECT] [Fatal Error] :1:1: Premature end of file.
2026-04-30 22:08:08,417 [ERROR] LogOutputStream:75 - [STDERR_REDIRECT] 
2026-04-30 22:08:09,425 [ERROR] LogOutputStream:75 - [STDERR_REDIRECT] [Fatal Error] :1:1: Premature end of file.
2026-04-30 22:08:09,425 [ERROR] LogOutputStream:75 - [STDERR_REDIRECT] 
2026-04-30 22:08:10,429 [ERROR] LogOutputStream:75 - [STDERR_REDIRECT] [Fatal Error] :1:1: Premature end of file.
2026-04-30 22:08:10,429 [ERROR] LogOutputStream:75 - [STDERR_REDIRECT] 
2026-04-30 22:08:11,414 [ERROR] LogOutputStream:75 - [STDERR_REDIRECT] [Fatal Error] :1:1: Premature end of file.
2026-04-30 22:08:11,414 [ERROR] LogOutputStream:75 - [STDERR_REDIRECT] 
2026-04-30 22:08:12,419 [ERROR] LogOutputStream:75 - [STDERR_REDIRECT] [Fatal Error] :1:1: Premature end of file.
2026-04-30 22:08:12,419 [ERROR] LogOutputStream:75 - [STDERR_REDIRECT] 
2026-04-30 22:08:13,423 [ERROR] LogOutputStream:75 - [STDERR_REDIRECT] [Fatal Error] :1:1: Premature end of file.
2026-04-30 22:08:13,423 [ERROR] LogOutputStream:75 - [STDERR_REDIRECT] 
2026-04-30 22:08:14,419 [ERROR] LogOutputStream:75 - [STDERR_REDIRECT] [Fatal Error] :1:1: Premature end of file.
2026-04-30 22:08:14,419 [ERROR] LogOutputStream:75 - [STDERR_REDIRECT] 
2026-04-30 22:08:15,419 [ERROR] LogOutputStream:75 - [STDERR_REDIRECT] [Fatal Error] :1:1: Premature end of file.
2026-04-30 22:08:15,419 [ERROR] LogOutputStream:75 - [STDERR_REDIRECT] 
2026-04-30 22:08:16,419 [ERROR] LogOutputStream:75 - [STDERR_REDIRECT] [Fatal Error] :1:1: Premature end of file.
2026-04-30 22:08:16,419 [ERROR] LogOutputStream:75 - [STDERR_REDIRECT] 
2026-04-30 22:08:17,422 [ERROR] LogOutputStream:75 - [STDERR_REDIRECT] [Fatal Error] :1:1: Premature end of file.
2026-04-30 22:08:17,422 [ERROR] LogOutputStream:75 - [STDERR_REDIRECT] 
2026-04-30 22:08:18,413 [ERROR] LogOutputStream:75 - [STDERR_REDIRECT] [Fatal Error] :1:1: Premature end of file.
2026-04-30 22:08:18,413 [ERROR] LogOutputStream:75 - [STDERR_REDIRECT] 
2026-04-30 22:08:19,412 [ERROR] LogOutputStream:75 - [STDERR_REDIRECT] [Fatal Error] :1:1: Premature end of file.
2026-04-30 22:08:19,422 [ERROR] LogOutputStream:75 - [STDERR_REDIRECT] 
2026-04-30 22:08:20,419 [ERROR] LogOutputStream:75 - [STDERR_REDIRECT] [Fatal Error] :1:1: Premature end of file.
2026-04-30 22:08:20,419 [ERROR] LogOutputStream:75 - [STDERR_REDIRECT] 
2026-04-30 22:08:21,421 [ERROR] LogOutputStream:75 - [STDERR_REDIRECT] [Fatal Error] :1:1: Premature end of file.
2026-04-30 22:08:21,421 [ERROR] LogOutputStream:75 - [STDERR_REDIRECT] 
2026-04-30 22:08:22,418 [ERROR] LogOutputStream:75 - [STDERR_REDIRECT] [Fatal Error] :1:1: Premature end of file.
2026-04-30 22:08:22,419 [ERROR] LogOutputStream:75 - [STDERR_REDIRECT] 
2026-04-30 22:08:23,407 [ERROR] LogOutputStream:75 - [STDERR_REDIRECT] [Fatal Error] :1:1: Premature end of file.
2026-04-30 22:08:23,407 [ERROR] LogOutputStream:75 - [STDERR_REDIRECT] 
2026-04-30 22:08:24,407 [ERROR] LogOutputStream:75 - [STDERR_REDIRECT] [Fatal Error] :1:1: Premature end of file.
2026-04-30 22:08:24,407 [ERROR] LogOutputStream:75 - [STDERR_REDIRECT] 
2026-04-30 22:08:25,424 [ERROR] LogOutputStream:75 - [STDERR_REDIRECT] [Fatal Error] :1:1: Premature end of file.
2026-04-30 22:08:25,424 [ERROR] LogOutputStream:75 - [STDERR_REDIRECT] 
2026-04-30 22:08:26,416 [ERROR] LogOutputStream:75 - [STDERR_REDIRECT] [Fatal Error] :1:1: Premature end of file.
2026-04-30 22:08:26,416 [ERROR] LogOutputStream:75 - [STDERR_REDIRECT] 
2026-04-30 22:08:27,425 [ERROR] LogOutputStream:75 - [STDERR_REDIRECT] [Fatal Error] :1:1: Premature end of file.
2026-04-30 22:08:27,425 [ERROR] LogOutputStream:75 - [STDERR_REDIRECT] 
2026-04-30 22:08:28,414 [ERROR] LogOutputStream:75 - [STDERR_REDIRECT] [Fatal Error] :1:1: Premature end of file.
2026-04-30 22:08:28,414 [ERROR] LogOutputStream:75 - [STDERR_REDIRECT] 
2026-04-30 22:08:29,407 [ERROR] LogOutputStream:75 - [STDERR_REDIRECT] [Fatal Error] :1:1: Premature end of file.
2026-04-30 22:08:29,407 [ERROR] LogOutputStream:75 - [STDERR_REDIRECT] 
2026-04-30 22:08:30,405 [ERROR] LogOutputStream:75 - [STDERR_REDIRECT] [Fatal Error] :1:1: Premature end of file.
2026-04-30 22:08:30,405 [ERROR] LogOutputStream:75 - [STDERR_REDIRECT] 
2026-04-30 22:08:31,420 [ERROR] LogOutputStream:75 - [STDERR_REDIRECT] [Fatal Error] :1:1: Premature end of file.
2026-04-30 22:08:31,420 [ERROR] LogOutputStream:75 - [STDERR_REDIRECT] 
2026-04-30 22:08:32,420 [ERROR] LogOutputStream:75 - [STDERR_REDIRECT] [Fatal Error] :1:1: Premature end of file.
2026-04-30 22:08:32,420 [ERROR] LogOutputStream:75 - [STDERR_REDIRECT] 
2026-04-30 22:08:33,425 [ERROR] LogOutputStream:75 - [STDERR_REDIRECT] [Fatal Error] :1:1: Premature end of file.
2026-04-30 22:08:33,425 [ERROR] LogOutputStream:75 - [STDERR_REDIRECT] 
2026-04-30 22:08:34,416 [ERROR] LogOutputStream:75 - [STDERR_REDIRECT] [Fatal Error] :1:1: Premature end of file.
2026-04-30 22:08:34,416 [ERROR] LogOutputStream:75 - [STDERR_REDIRECT] 
2026-04-30 22:08:35,421 [ERROR] LogOutputStream:75 - [STDERR_REDIRECT] [Fatal Error] :1:1: Premature end of file.
2026-04-30 22:08:35,421 [ERROR] LogOutputStream:75 - [STDERR_REDIRECT] 
2026-04-30 22:08:36,417 [ERROR] LogOutputStream:75 - [STDERR_REDIRECT] [Fatal Error] :1:1: Premature end of file.
2026-04-30 22:08:36,419 [ERROR] LogOutputStream:75 - [STDERR_REDIRECT] 
2026-04-30 22:08:37,416 [ERROR] LogOutputStream:75 - [STDERR_REDIRECT] [Fatal Error] :1:1: Premature end of file.
2026-04-30 22:08:37,416 [ERROR] LogOutputStream:75 - [STDERR_REDIRECT] 
2026-04-30 22:08:38,419 [ERROR] LogOutputStream:75 - [STDERR_REDIRECT] [Fatal Error] :1:1: Premature end of file.
2026-04-30 22:08:38,419 [ERROR] LogOutputStream:75 - [STDERR_REDIRECT] 
2026-04-30 22:08:39,415 [ERROR] LogOutputStream:75 - [STDERR_REDIRECT] [Fatal Error] :1:1: Premature end of file.
2026-04-30 22:08:39,415 [ERROR] LogOutputStream:75 - [STDERR_REDIRECT] 
2026-04-30 22:08:40,412 [ERROR] LogOutputStream:75 - [STDERR_REDIRECT] [Fatal Error] :1:1: Premature end of file.
2026-04-30 22:08:40,412 [ERROR] LogOutputStream:75 - [STDERR_REDIRECT] 
2026-04-30 22:08:41,410 [ERROR] LogOutputStream:75 - [STDERR_REDIRECT] [Fatal Error] :1:1: Premature end of file.
2026-04-30 22:08:41,410 [ERROR] LogOutputStream:75 - [STDERR_REDIRECT] 
2026-04-30 22:08:42,418 [ERROR] LogOutputStream:75 - [STDERR_REDIRECT] [Fatal Error] :1:1: Premature end of file.
2026-04-30 22:08:42,418 [ERROR] LogOutputStream:75 - [STDERR_REDIRECT] 
2026-04-30 22:08:43,419 [ERROR] LogOutputStream:75 - [STDERR_REDIRECT] [Fatal Error] :1:1: Premature end of file.
2026-04-30 22:08:43,419 [ERROR] LogOutputStream:75 - [STDERR_REDIRECT] 
2026-04-30 22:08:44,415 [ERROR] LogOutputStream:75 - [STDERR_REDIRECT] [Fatal Error] :1:1: Premature end of file.
2026-04-30 22:08:44,415 [ERROR] LogOutputStream:75 - [STDERR_REDIRECT] 
2026-04-30 22:08:45,415 [ERROR] LogOutputStream:75 - [STDERR_REDIRECT] [Fatal Error] :1:1: Premature end of file.
2026-04-30 22:08:45,415 [ERROR] LogOutputStream:75 - [STDERR_REDIRECT] 
2026-04-30 22:08:46,421 [ERROR] LogOutputStream:75 - [STDERR_REDIRECT] [Fatal Error] :1:1: Premature end of file.
2026-04-30 22:08:46,421 [ERROR] LogOutputStream:75 - [STDERR_REDIRECT] 
2026-04-30 22:08:47,418 [ERROR] LogOutputStream:75 - [STDERR_REDIRECT] [Fatal Error] :1:1: Premature end of file.
2026-04-30 22:08:47,418 [ERROR] LogOutputStream:75 - [STDERR_REDIRECT] 
2026-04-30 22:08:48,418 [ERROR] LogOutputStream:75 - [STDERR_REDIRECT] [Fatal Error] :1:1: Premature end of file.
2026-04-30 22:08:48,418 [ERROR] LogOutputStream:75 - [STDERR_REDIRECT] 
2026-04-30 22:08:49,415 [ERROR] LogOutputStream:75 - [STDERR_REDIRECT] [Fatal Error] :1:1: Premature end of file.
2026-04-30 22:08:49,415 [ERROR] LogOutputStream:75 - [STDERR_REDIRECT] 
2026-04-30 22:08:50,419 [ERROR] LogOutputStream:75 - [STDERR_REDIRECT] [Fatal Error] :1:1: Premature end of file.
2026-04-30 22:08:50,419 [ERROR] LogOutputStream:75 - [STDERR_REDIRECT] 
2026-04-30 22:08:51,413 [ERROR] LogOutputStream:75 - [STDERR_REDIRECT] [Fatal Error] :1:1: Premature end of file.
2026-04-30 22:08:51,413 [ERROR] LogOutputStream:75 - [STDERR_REDIRECT] 
2026-04-30 22:08:52,424 [ERROR] LogOutputStream:75 - [STDERR_REDIRECT] [Fatal Error] :1:1: Premature end of file.
2026-04-30 22:08:52,424 [ERROR] LogOutputStream:75 - [STDERR_REDIRECT] 
2026-04-30 22:08:53,412 [ERROR] LogOutputStream:75 - [STDERR_REDIRECT] [Fatal Error] :1:1: Premature end of file.
2026-04-30 22:08:53,417 [ERROR] LogOutputStream:75 - [STDERR_REDIRECT] 
2026-04-30 22:08:54,422 [ERROR] LogOutputStream:75 - [STDERR_REDIRECT] [Fatal Error] :1:1: Premature end of file.
2026-04-30 22:08:54,422 [ERROR] LogOutputStream:75 - [STDERR_REDIRECT] 
2026-04-30 22:08:55,417 [ERROR] LogOutputStream:75 - [STDERR_REDIRECT] [Fatal Error] :1:1: Premature end of file.
2026-04-30 22:08:55,417 [ERROR] LogOutputStream:75 - [STDERR_REDIRECT] 
2026-04-30 22:08:56,416 [ERROR] LogOutputStream:75 - [STDERR_REDIRECT] [Fatal Error] :1:1: Premature end of file.
2026-04-30 22:08:56,416 [ERROR] LogOutputStream:75 - [STDERR_REDIRECT] 
2026-04-30 22:08:57,419 [ERROR] LogOutputStream:75 - [STDERR_REDIRECT] [Fatal Error] :1:1: Premature end of file.
2026-04-30 22:08:57,419 [ERROR] LogOutputStream:75 - [STDERR_REDIRECT] 
2026-04-30 22:08:58,418 [ERROR] LogOutputStream:75 - [STDERR_REDIRECT] [Fatal Error] :1:1: Premature end of file.
2026-04-30 22:08:58,418 [ERROR] LogOutputStream:75 - [STDERR_REDIRECT] 
2026-04-30 22:08:59,419 [ERROR] LogOutputStream:75 - [STDERR_REDIRECT] [Fatal Error] :1:1: Premature end of file.
2026-04-30 22:08:59,419 [ERROR] LogOutputStream:75 - [STDERR_REDIRECT] 
2026-04-30 22:09:00,419 [ERROR] LogOutputStream:75 - [STDERR_REDIRECT] [Fatal Error] :1:1: Premature end of file.
2026-04-30 22:09:00,419 [ERROR] LogOutputStream:75 - [STDERR_REDIRECT] 
2026-04-30 22:09:01,426 [ERROR] LogOutputStream:75 - [STDERR_REDIRECT] [Fatal Error] :1:1: Premature end of file.
2026-04-30 22:09:01,426 [ERROR] LogOutputStream:75 - [STDERR_REDIRECT] 
2026-04-30 22:09:02,404 [ERROR] LogOutputStream:75 - [STDERR_REDIRECT] [Fatal Error] :1:1: Premature end of file.
2026-04-30 22:09:02,404 [ERROR] LogOutputStream:75 - [STDERR_REDIRECT] 
2026-04-30 22:09:03,417 [ERROR] LogOutputStream:75 - [STDERR_REDIRECT] [Fatal Error] :1:1: Premature end of file.
2026-04-30 22:09:03,417 [ERROR] LogOutputStream:75 - [STDERR_REDIRECT] 
2026-04-30 22:09:04,416 [ERROR] LogOutputStream:75 - [STDERR_REDIRECT] [Fatal Error] :1:1: Premature end of file.
2026-04-30 22:09:04,416 [ERROR] LogOutputStream:75 - [STDERR_REDIRECT] 
2026-04-30 22:09:05,415 [ERROR] LogOutputStream:75 - [STDERR_REDIRECT] [Fatal Error] :1:1: Premature end of file.
2026-04-30 22:09:05,419 [ERROR] LogOutputStream:75 - [STDERR_REDIRECT] 
2026-04-30 22:09:06,419 [ERROR] LogOutputStream:75 - [STDERR_REDIRECT] [Fatal Error] :1:1: Premature end of file.
2026-04-30 22:09:06,419 [ERROR] LogOutputStream:75 - [STDERR_REDIRECT] 
2026-04-30 22:09:07,408 [ERROR] LogOutputStream:75 - [STDERR_REDIRECT] [Fatal Error] :1:1: Premature end of file.
2026-04-30 22:09:07,418 [ERROR] LogOutputStream:75 - [STDERR_REDIRECT] 
2026-04-30 22:09:08,422 [ERROR] LogOutputStream:75 - [STDERR_REDIRECT] [Fatal Error] :1:1: Premature end of file.
2026-04-30 22:09:08,422 [ERROR] LogOutputStream:75 - [STDERR_REDIRECT] 
2026-04-30 22:09:09,407 [ERROR] LogOutputStream:75 - [STDERR_REDIRECT] [Fatal Error] :1:1: Premature end of file.
2026-04-30 22:09:09,417 [ERROR] LogOutputStream:75 - [STDERR_REDIRECT] 
2026-04-30 22:09:10,422 [ERROR] LogOutputStream:75 - [STDERR_REDIRECT] [Fatal Error] :1:1: Premature end of file.
2026-04-30 22:09:10,422 [ERROR] LogOutputStream:75 - [STDERR_REDIRECT] 
2026-04-30 22:09:11,415 [ERROR] LogOutputStream:75 - [STDERR_REDIRECT] [Fatal Error] :1:1: Premature end of file.
2026-04-30 22:09:11,415 [ERROR] LogOutputStream:75 - [STDERR_REDIRECT] 
2026-04-30 22:09:12,421 [ERROR] LogOutputStream:75 - [STDERR_REDIRECT] [Fatal Error] :1:1: Premature end of file.
2026-04-30 22:09:12,421 [ERROR] LogOutputStream:75 - [STDERR_REDIRECT] 
2026-04-30 22:09:13,417 [ERROR] LogOutputStream:75 - [STDERR_REDIRECT] [Fatal Error] :1:1: Premature end of file.
2026-04-30 22:09:13,417 [ERROR] LogOutputStream:75 - [STDERR_REDIRECT] 
2026-04-30 22:09:14,420 [ERROR] LogOutputStream:75 - [STDERR_REDIRECT] [Fatal Error] :1:1: Premature end of file.
2026-04-30 22:09:14,420 [ERROR] LogOutputStream:75 - [STDERR_REDIRECT] 
2026-04-30 22:09:15,416 [ERROR] LogOutputStream:75 - [STDERR_REDIRECT] [Fatal Error] :1:1: Premature end of file.
2026-04-30 22:09:15,420 [ERROR] LogOutputStream:75 - [STDERR_REDIRECT] 
2026-04-30 22:09:16,421 [ERROR] LogOutputStream:75 - [STDERR_REDIRECT] [Fatal Error] :1:1: Premature end of file.
2026-04-30 22:09:16,421 [ERROR] LogOutputStream:75 - [STDERR_REDIRECT] 
2026-04-30 22:09:17,418 [ERROR] LogOutputStream:75 - [STDERR_REDIRECT] [Fatal Error] :1:1: Premature end of file.
2026-04-30 22:09:17,418 [ERROR] LogOutputStream:75 - [STDERR_REDIRECT] 
2026-04-30 22:09:18,418 [ERROR] LogOutputStream:75 - [STDERR_REDIRECT] [Fatal Error] :1:1: Premature end of file.
2026-04-30 22:09:18,418 [ERROR] LogOutputStream:75 - [STDERR_REDIRECT] 
2026-04-30 22:09:19,419 [ERROR] LogOutputStream:75 - [STDERR_REDIRECT] [Fatal Error] :1:1: Premature end of file.
2026-04-30 22:09:19,419 [ERROR] LogOutputStream:75 - [STDERR_REDIRECT] 
2026-04-30 22:09:20,416 [ERROR] LogOutputStream:75 - [STDERR_REDIRECT] [Fatal Error] :1:1: Premature end of file.
2026-04-30 22:09:20,416 [ERROR] LogOutputStream:75 - [STDERR_REDIRECT] 
2026-04-30 22:09:21,419 [ERROR] LogOutputStream:75 - [STDERR_REDIRECT] [Fatal Error] :1:1: Premature end of file.
2026-04-30 22:09:21,419 [ERROR] LogOutputStream:75 - [STDERR_REDIRECT] 
2026-04-30 22:09:22,423 [ERROR] LogOutputStream:75 - [STDERR_REDIRECT] [Fatal Error] :1:1: Premature end of file.
2026-04-30 22:09:22,423 [ERROR] LogOutputStream:75 - [STDERR_REDIRECT] 
2026-04-30 22:09:23,412 [ERROR] LogOutputStream:75 - [STDERR_REDIRECT] [Fatal Error] :1:1: Premature end of file.
2026-04-30 22:09:23,412 [ERROR] LogOutputStream:75 - [STDERR_REDIRECT] 
2026-04-30 22:09:24,418 [ERROR] LogOutputStream:75 - [STDERR_REDIRECT] [Fatal Error] :1:1: Premature end of file.
2026-04-30 22:09:24,418 [ERROR] LogOutputStream:75 - [STDERR_REDIRECT] 
2026-04-30 22:09:25,414 [ERROR] LogOutputStream:75 - [STDERR_REDIRECT] [Fatal Error] :1:1: Premature end of file.
2026-04-30 22:09:25,419 [ERROR] LogOutputStream:75 - [STDERR_REDIRECT] 
2026-04-30 22:09:26,423 [ERROR] LogOutputStream:75 - [STDERR_REDIRECT] [Fatal Error] :1:1: Premature end of file.
2026-04-30 22:09:26,423 [ERROR] LogOutputStream:75 - [STDERR_REDIRECT] 
2026-04-30 22:09:27,412 [ERROR] LogOutputStream:75 - [STDERR_REDIRECT] [Fatal Error] :1:1: Premature end of file.
2026-04-30 22:09:27,412 [ERROR] LogOutputStream:75 - [STDERR_REDIRECT] 
2026-04-30 22:09:28,413 [ERROR] LogOutputStream:75 - [STDERR_REDIRECT] [Fatal Error] :1:1: Premature end of file.
2026-04-30 22:09:28,421 [ERROR] LogOutputStream:75 - [STDERR_REDIRECT] 
2026-04-30 22:09:29,422 [ERROR] LogOutputStream:75 - [STDERR_REDIRECT] [Fatal Error] :1:1: Premature end of file.
2026-04-30 22:09:29,424 [ERROR] LogOutputStream:75 - [STDERR_REDIRECT] 
2026-04-30 22:09:30,418 [ERROR] LogOutputStream:75 - [STDERR_REDIRECT] [Fatal Error] :1:1: Premature end of file.
2026-04-30 22:09:30,418 [ERROR] LogOutputStream:75 - [STDERR_REDIRECT] 
2026-04-30 22:09:31,419 [ERROR] LogOutputStream:75 - [STDERR_REDIRECT] [Fatal Error] :1:1: Premature end of file.
2026-04-30 22:09:31,419 [ERROR] LogOutputStream:75 - [STDERR_REDIRECT] 
2026-04-30 22:09:32,418 [ERROR] LogOutputStream:75 - [STDERR_REDIRECT] [Fatal Error] :1:1: Premature end of file.
2026-04-30 22:09:32,418 [ERROR] LogOutputStream:75 - [STDERR_REDIRECT] 
2026-04-30 22:09:33,419 [ERROR] LogOutputStream:75 - [STDERR_REDIRECT] [Fatal Error] :1:1: Premature end of file.
2026-04-30 22:09:33,419 [ERROR] LogOutputStream:75 - [STDERR_REDIRECT] 
2026-04-30 22:09:34,414 [ERROR] LogOutputStream:75 - [STDERR_REDIRECT] [Fatal Error] :1:1: Premature end of file.
2026-04-30 22:09:34,414 [ERROR] LogOutputStream:75 - [STDERR_REDIRECT] 
2026-04-30 22:09:35,417 [ERROR] LogOutputStream:75 - [STDERR_REDIRECT] [Fatal Error] :1:1: Premature end of file.
2026-04-30 22:09:35,417 [ERROR] LogOutputStream:75 - [STDERR_REDIRECT] 
2026-04-30 22:09:36,424 [ERROR] LogOutputStream:75 - [STDERR_REDIRECT] [Fatal Error] :1:1: Premature end of file.
2026-04-30 22:09:36,424 [ERROR] LogOutputStream:75 - [STDERR_REDIRECT] 
2026-04-30 22:09:37,414 [ERROR] LogOutputStream:75 - [STDERR_REDIRECT] [Fatal Error] :1:1: Premature end of file.
2026-04-30 22:09:37,414 [ERROR] LogOutputStream:75 - [STDERR_REDIRECT] 
2026-04-30 22:09:38,412 [ERROR] LogOutputStream:75 - [STDERR_REDIRECT] [Fatal Error] :1:1: Premature end of file.
2026-04-30 22:09:38,412 [ERROR] LogOutputStream:75 - [STDERR_REDIRECT] 
2026-04-30 22:09:39,434 [ERROR] LogOutputStream:75 - [STDERR_REDIRECT] [Fatal Error] :1:1: Premature end of file.
2026-04-30 22:09:39,434 [ERROR] LogOutputStream:75 - [STDERR_REDIRECT] 
2026-04-30 22:09:40,404 [ERROR] LogOutputStream:75 - [STDERR_REDIRECT] [Fatal Error] :1:1: Premature end of file.
2026-04-30 22:09:40,405 [ERROR] LogOutputStream:75 - [STDERR_REDIRECT] 
2026-04-30 22:09:41,400 [ERROR] LogOutputStream:75 - [STDERR_REDIRECT] [Fatal Error] :1:1: Premature end of file.
2026-04-30 22:09:41,400 [ERROR] LogOutputStream:75 - [STDERR_REDIRECT] 
2026-04-30 22:09:42,385 [ERROR] LogOutputStream:75 - [STDERR_REDIRECT] [Fatal Error] :1:1: Premature end of file.
2026-04-30 22:09:42,385 [ERROR] LogOutputStream:75 - [STDERR_REDIRECT] 
2026-04-30 22:09:43,382 [ERROR] LogOutputStream:75 - [STDERR_REDIRECT] [Fatal Error] :1:1: Premature end of file.
2026-04-30 22:09:43,382 [ERROR] LogOutputStream:75 - [STDERR_REDIRECT] 
2026-04-30 22:09:44,383 [ERROR] LogOutputStream:75 - [STDERR_REDIRECT] [Fatal Error] :1:1: Premature end of file.
2026-04-30 22:09:44,383 [ERROR] LogOutputStream:75 - [STDERR_REDIRECT] 
2026-04-30 22:09:45,381 [ERROR] LogOutputStream:75 - [STDERR_REDIRECT] [Fatal Error] :1:1: Premature end of file.
2026-04-30 22:09:45,381 [ERROR] LogOutputStream:75 - [STDERR_REDIRECT] 
2026-04-30 22:09:46,383 [ERROR] LogOutputStream:75 - [STDERR_REDIRECT] [Fatal Error] :1:1: Premature end of file.
2026-04-30 22:09:46,383 [ERROR] LogOutputStream:75 - [STDERR_REDIRECT] 
2026-04-30 22:09:47,395 [ERROR] LogOutputStream:75 - [STDERR_REDIRECT] [Fatal Error] :1:1: Premature end of file.
2026-04-30 22:09:47,395 [ERROR] LogOutputStream:75 - [STDERR_REDIRECT] 
2026-04-30 22:09:48,385 [ERROR] LogOutputStream:75 - [STDERR_REDIRECT] [Fatal Error] :1:1: Premature end of file.
2026-04-30 22:09:48,385 [ERROR] LogOutputStream:75 - [STDERR_REDIRECT] 
2026-04-30 22:09:49,386 [ERROR] LogOutputStream:75 - [STDERR_REDIRECT] [Fatal Error] :1:1: Premature end of file.
2026-04-30 22:09:49,386 [ERROR] LogOutputStream:75 - [STDERR_REDIRECT] 
2026-04-30 22:09:50,399 [ERROR] LogOutputStream:75 - [STDERR_REDIRECT] [Fatal Error] :1:1: Premature end of file.
2026-04-30 22:09:50,399 [ERROR] LogOutputStream:75 - [STDERR_REDIRECT] 
2026-04-30 22:09:51,384 [ERROR] LogOutputStream:75 - [STDERR_REDIRECT] [Fatal Error] :1:1: Premature end of file.
2026-04-30 22:09:51,384 [ERROR] LogOutputStream:75 - [STDERR_REDIRECT] 
2026-04-30 22:09:52,383 [ERROR] LogOutputStream:75 - [STDERR_REDIRECT] [Fatal Error] :1:1: Premature end of file.
2026-04-30 22:09:52,383 [ERROR] LogOutputStream:75 - [STDERR_REDIRECT] 
2026-04-30 22:09:53,388 [ERROR] LogOutputStream:75 - [STDERR_REDIRECT] [Fatal Error] :1:1: Premature end of file.
2026-04-30 22:09:53,388 [ERROR] LogOutputStream:75 - [STDERR_REDIRECT] 
2026-04-30 22:09:54,382 [ERROR] LogOutputStream:75 - [STDERR_REDIRECT] [Fatal Error] :1:1: Premature end of file.
2026-04-30 22:09:54,382 [ERROR] LogOutputStream:75 - [STDERR_REDIRECT] 
2026-04-30 22:09:55,385 [ERROR] LogOutputStream:75 - [STDERR_REDIRECT] [Fatal Error] :1:1: Premature end of file.
2026-04-30 22:09:55,385 [ERROR] LogOutputStream:75 - [STDERR_REDIRECT] 
2026-04-30 22:09:56,386 [ERROR] LogOutputStream:75 - [STDERR_REDIRECT] [Fatal Error] :1:1: Premature end of file.
2026-04-30 22:09:56,387 [ERROR] LogOutputStream:75 - [STDERR_REDIRECT] 
2026-04-30 22:09:57,375 [ERROR] LogOutputStream:75 - [STDERR_REDIRECT] [Fatal Error] :1:1: Premature end of file.
2026-04-30 22:09:57,375 [ERROR] LogOutputStream:75 - [STDERR_REDIRECT] 
2026-04-30 22:09:58,375 [ERROR] LogOutputStream:75 - [STDERR_REDIRECT] [Fatal Error] :1:1: Premature end of file.
2026-04-30 22:09:58,376 [ERROR] LogOutputStream:75 - [STDERR_REDIRECT] 
2026-04-30 22:09:59,394 [ERROR] LogOutputStream:75 - [STDERR_REDIRECT] [Fatal Error] :1:1: Premature end of file.
2026-04-30 22:09:59,394 [ERROR] LogOutputStream:75 - [STDERR_REDIRECT] 
2026-04-30 22:10:00,380 [ERROR] LogOutputStream:75 - [STDERR_REDIRECT] [Fatal Error] :1:1: Premature end of file.
2026-04-30 22:10:00,380 [ERROR] LogOutputStream:75 - [STDERR_REDIRECT] 
2026-04-30 22:10:01,381 [ERROR] LogOutputStream:75 - [STDERR_REDIRECT] [Fatal Error] :1:1: Premature end of file.
2026-04-30 22:10:01,382 [ERROR] LogOutputStream:75 - [STDERR_REDIRECT] 
2026-04-30 22:10:02,384 [ERROR] LogOutputStream:75 - [STDERR_REDIRECT] [Fatal Error] :1:1: Premature end of file.
2026-04-30 22:10:02,384 [ERROR] LogOutputStream:75 - [STDERR_REDIRECT] 
2026-04-30 22:10:03,382 [ERROR] LogOutputStream:75 - [STDERR_REDIRECT] [Fatal Error] :1:1: Premature end of file.
2026-04-30 22:10:03,382 [ERROR] LogOutputStream:75 - [STDERR_REDIRECT] 
2026-04-30 22:10:04,387 [ERROR] LogOutputStream:75 - [STDERR_REDIRECT] [Fatal Error] :1:1: Premature end of file.
2026-04-30 22:10:04,387 [ERROR] LogOutputStream:75 - [STDERR_REDIRECT] 
2026-04-30 22:10:05,379 [ERROR] LogOutputStream:75 - [STDERR_REDIRECT] [Fatal Error] :1:1: Premature end of file.
2026-04-30 22:10:05,379 [ERROR] LogOutputStream:75 - [STDERR_REDIRECT] 
2026-04-30 22:10:06,377 [ERROR] LogOutputStream:75 - [STDERR_REDIRECT] [Fatal Error] :1:1: Premature end of file.
2026-04-30 22:10:06,377 [ERROR] LogOutputStream:75 - [STDERR_REDIRECT] 
2026-04-30 22:10:07,380 [ERROR] LogOutputStream:75 - [STDERR_REDIRECT] [Fatal Error] :1:1: Premature end of file.
2026-04-30 22:10:07,381 [ERROR] LogOutputStream:75 - [STDERR_REDIRECT] 
2026-04-30 22:10:08,389 [ERROR] LogOutputStream:75 - [STDERR_REDIRECT] [Fatal Error] :1:1: Premature end of file.
2026-04-30 22:10:08,389 [ERROR] LogOutputStream:75 - [STDERR_REDIRECT] 
2026-04-30 22:10:09,380 [ERROR] LogOutputStream:75 - [STDERR_REDIRECT] [Fatal Error] :1:1: Premature end of file.
2026-04-30 22:10:09,380 [ERROR] LogOutputStream:75 - [STDERR_REDIRECT] 
2026-04-30 22:10:10,380 [ERROR] LogOutputStream:75 - [STDERR_REDIRECT] [Fatal Error] :1:1: Premature end of file.
2026-04-30 22:10:10,380 [ERROR] LogOutputStream:75 - [STDERR_REDIRECT] 
2026-04-30 22:10:11,375 [ERROR] LogOutputStream:75 - [STDERR_REDIRECT] [Fatal Error] :1:1: Premature end of file.
2026-04-30 22:10:11,375 [ERROR] LogOutputStream:75 - [STDERR_REDIRECT] 
2026-04-30 22:10:12,381 [ERROR] LogOutputStream:75 - [STDERR_REDIRECT] [Fatal Error] :1:1: Premature end of file.
2026-04-30 22:10:12,381 [ERROR] LogOutputStream:75 - [STDERR_REDIRECT] 
2026-04-30 22:10:13,381 [ERROR] LogOutputStream:75 - [STDERR_REDIRECT] [Fatal Error] :1:1: Premature end of file.
2026-04-30 22:10:13,382 [ERROR] LogOutputStream:75 - [STDERR_REDIRECT] 
2026-04-30 22:10:14,380 [ERROR] LogOutputStream:75 - [STDERR_REDIRECT] [Fatal Error] :1:1: Premature end of file.
2026-04-30 22:10:14,380 [ERROR] LogOutputStream:75 - [STDERR_REDIRECT] 
2026-04-30 22:10:15,382 [ERROR] LogOutputStream:75 - [STDERR_REDIRECT] [Fatal Error] :1:1: Premature end of file.
2026-04-30 22:10:15,382 [ERROR] LogOutputStream:75 - [STDERR_REDIRECT] 
2026-04-30 22:10:16,394 [ERROR] LogOutputStream:75 - [STDERR_REDIRECT] [Fatal Error] :1:1: Premature end of file.
2026-04-30 22:10:16,394 [ERROR] LogOutputStream:75 - [STDERR_REDIRECT] 
2026-04-30 22:10:17,390 [ERROR] LogOutputStream:75 - [STDERR_REDIRECT] [Fatal Error] :1:1: Premature end of file.
2026-04-30 22:10:17,390 [ERROR] LogOutputStream:75 - [STDERR_REDIRECT] 
2026-04-30 22:10:18,380 [ERROR] LogOutputStream:75 - [STDERR_REDIRECT] [Fatal Error] :1:1: Premature end of file.
2026-04-30 22:10:18,380 [ERROR] LogOutputStream:75 - [STDERR_REDIRECT] 
2026-04-30 22:10:19,397 [ERROR] LogOutputStream:75 - [STDERR_REDIRECT] [Fatal Error] :1:1: Premature end of file.
2026-04-30 22:10:19,397 [ERROR] LogOutputStream:75 - [STDERR_REDIRECT] 
2026-04-30 22:10:20,391 [ERROR] LogOutputStream:75 - [STDERR_REDIRECT] [Fatal Error] :1:1: Premature end of file.
2026-04-30 22:10:20,391 [ERROR] LogOutputStream:75 - [STDERR_REDIRECT] 
2026-04-30 22:10:21,381 [ERROR] LogOutputStream:75 - [STDERR_REDIRECT] [Fatal Error] :1:1: Premature end of file.
2026-04-30 22:10:21,381 [ERROR] LogOutputStream:75 - [STDERR_REDIRECT] 
2026-04-30 22:10:22,381 [ERROR] LogOutputStream:75 - [STDERR_REDIRECT] [Fatal Error] :1:1: Premature end of file.
2026-04-30 22:10:22,381 [ERROR] LogOutputStream:75 - [STDERR_REDIRECT] 
2026-04-30 22:10:23,379 [ERROR] LogOutputStream:75 - [STDERR_REDIRECT] [Fatal Error] :1:1: Premature end of file.
2026-04-30 22:10:23,379 [ERROR] LogOutputStream:75 - [STDERR_REDIRECT] 
2026-04-30 22:10:24,379 [ERROR] LogOutputStream:75 - [STDERR_REDIRECT] [Fatal Error] :1:1: Premature end of file.
2026-04-30 22:10:24,379 [ERROR] LogOutputStream:75 - [STDERR_REDIRECT] 
2026-04-30 22:10:25,401 [ERROR] LogOutputStream:75 - [STDERR_REDIRECT] [Fatal Error] :1:1: Premature end of file.
2026-04-30 22:10:25,401 [ERROR] LogOutputStream:75 - [STDERR_REDIRECT] 
2026-04-30 22:10:26,393 [ERROR] LogOutputStream:75 - [STDERR_REDIRECT] [Fatal Error] :1:1: Premature end of file.
2026-04-30 22:10:26,393 [ERROR] LogOutputStream:75 - [STDERR_REDIRECT] 
2026-04-30 22:10:27,388 [ERROR] LogOutputStream:75 - [STDERR_REDIRECT] [Fatal Error] :1:1: Premature end of file.
2026-04-30 22:10:27,388 [ERROR] LogOutputStream:75 - [STDERR_REDIRECT] 
2026-04-30 22:10:28,391 [ERROR] LogOutputStream:75 - [STDERR_REDIRECT] [Fatal Error] :1:1: Premature end of file.
2026-04-30 22:10:28,391 [ERROR] LogOutputStream:75 - [STDERR_REDIRECT] 
2026-04-30 22:10:29,414 [ERROR] LogOutputStream:75 - [STDERR_REDIRECT] [Fatal Error] :1:1: Premature end of file.
2026-04-30 22:10:29,414 [ERROR] LogOutputStream:75 - [STDERR_REDIRECT] 
2026-04-30 22:10:30,409 [ERROR] LogOutputStream:75 - [STDERR_REDIRECT] [Fatal Error] :1:1: Premature end of file.
2026-04-30 22:10:30,409 [ERROR] LogOutputStream:75 - [STDERR_REDIRECT] 
2026-04-30 22:10:31,404 [ERROR] LogOutputStream:75 - [STDERR_REDIRECT] [Fatal Error] :1:1: Premature end of file.
2026-04-30 22:10:31,406 [ERROR] LogOutputStream:75 - [STDERR_REDIRECT] 
2026-04-30 22:10:32,400 [ERROR] LogOutputStream:75 - [STDERR_REDIRECT] [Fatal Error] :1:1: Premature end of file.
2026-04-30 22:10:32,400 [ERROR] LogOutputStream:75 - [STDERR_REDIRECT] 
2026-04-30 22:10:33,415 [ERROR] LogOutputStream:75 - [STDERR_REDIRECT] [Fatal Error] :1:1: Premature end of file.
2026-04-30 22:10:33,417 [ERROR] LogOutputStream:75 - [STDERR_REDIRECT] 
2026-04-30 22:10:34,412 [ERROR] LogOutputStream:75 - [STDERR_REDIRECT] [Fatal Error] :1:1: Premature end of file.
2026-04-30 22:10:34,414 [ERROR] LogOutputStream:75 - [STDERR_REDIRECT] 
2026-04-30 22:10:35,415 [ERROR] LogOutputStream:75 - [STDERR_REDIRECT] [Fatal Error] :1:1: Premature end of file.
2026-04-30 22:10:35,417 [ERROR] LogOutputStream:75 - [STDERR_REDIRECT] 
2026-04-30 22:10:36,395 [ERROR] LogOutputStream:75 - [STDERR_REDIRECT] [Fatal Error] :1:1: Premature end of file.
2026-04-30 22:10:36,395 [ERROR] LogOutputStream:75 - [STDERR_REDIRECT] 
2026-04-30 22:10:37,388 [ERROR] LogOutputStream:75 - [STDERR_REDIRECT] [Fatal Error] :1:1: Premature end of file.
2026-04-30 22:10:37,392 [ERROR] LogOutputStream:75 - [STDERR_REDIRECT] 
2026-04-30 22:10:38,390 [ERROR] LogOutputStream:75 - [STDERR_REDIRECT] [Fatal Error] :1:1: Premature end of file.
2026-04-30 22:10:38,390 [ERROR] LogOutputStream:75 - [STDERR_REDIRECT] 
2026-04-30 22:10:39,394 [ERROR] LogOutputStream:75 - [STDERR_REDIRECT] [Fatal Error] :1:1: Premature end of file.
2026-04-30 22:10:39,394 [ERROR] LogOutputStream:75 - [STDERR_REDIRECT] 
2026-04-30 22:10:40,401 [ERROR] LogOutputStream:75 - [STDERR_REDIRECT] [Fatal Error] :1:1: Premature end of file.
2026-04-30 22:10:40,401 [ERROR] LogOutputStream:75 - [STDERR_REDIRECT] 
2026-04-30 22:10:41,408 [ERROR] LogOutputStream:75 - [STDERR_REDIRECT] [Fatal Error] :1:1: Premature end of file.
2026-04-30 22:10:41,408 [ERROR] LogOutputStream:75 - [STDERR_REDIRECT] 
2026-04-30 22:10:42,396 [ERROR] LogOutputStream:75 - [STDERR_REDIRECT] [Fatal Error] :1:1: Premature end of file.
2026-04-30 22:10:42,396 [ERROR] LogOutputStream:75 - [STDERR_REDIRECT] 
2026-04-30 22:10:43,387 [ERROR] LogOutputStream:75 - [STDERR_REDIRECT] [Fatal Error] :1:1: Premature end of file.
2026-04-30 22:10:43,387 [ERROR] LogOutputStream:75 - [STDERR_REDIRECT] 
2026-04-30 22:10:44,415 [ERROR] LogOutputStream:75 - [STDERR_REDIRECT] [Fatal Error] :1:1: Premature end of file.
2026-04-30 22:10:44,415 [ERROR] LogOutputStream:75 - [STDERR_REDIRECT] 
2026-04-30 22:10:45,412 [ERROR] LogOutputStream:75 - [STDERR_REDIRECT] [Fatal Error] :1:1: Premature end of file.
2026-04-30 22:10:45,412 [ERROR] LogOutputStream:75 - [STDERR_REDIRECT] 
2026-04-30 22:10:46,407 [ERROR] LogOutputStream:75 - [STDERR_REDIRECT] [Fatal Error] :1:1: Premature end of file.
2026-04-30 22:10:46,407 [ERROR] LogOutputStream:75 - [STDERR_REDIRECT] 
2026-04-30 22:10:47,421 [ERROR] LogOutputStream:75 - [STDERR_REDIRECT] [Fatal Error] :1:1: Premature end of file.
2026-04-30 22:10:47,421 [ERROR] LogOutputStream:75 - [STDERR_REDIRECT] 
2026-04-30 22:10:48,395 [ERROR] LogOutputStream:75 - [STDERR_REDIRECT] [Fatal Error] :1:1: Premature end of file.
2026-04-30 22:10:48,395 [ERROR] LogOutputStream:75 - [STDERR_REDIRECT] 
2026-04-30 22:10:49,400 [ERROR] LogOutputStream:75 - [STDERR_REDIRECT] [Fatal Error] :1:1: Premature end of file.
2026-04-30 22:10:49,400 [ERROR] LogOutputStream:75 - [STDERR_REDIRECT] 
2026-04-30 22:10:50,386 [ERROR] LogOutputStream:75 - [STDERR_REDIRECT] [Fatal Error] :1:1: Premature end of file.
2026-04-30 22:10:50,387 [ERROR] LogOutputStream:75 - [STDERR_REDIRECT] 
2026-04-30 22:10:51,393 [ERROR] LogOutputStream:75 - [STDERR_REDIRECT] [Fatal Error] :1:1: Premature end of file.
2026-04-30 22:10:51,394 [ERROR] LogOutputStream:75 - [STDERR_REDIRECT] 
2026-04-30 22:10:52,393 [ERROR] LogOutputStream:75 - [STDERR_REDIRECT] [Fatal Error] :1:1: Premature end of file.
2026-04-30 22:10:52,393 [ERROR] LogOutputStream:75 - [STDERR_REDIRECT] 
2026-04-30 22:10:53,388 [ERROR] LogOutputStream:75 - [STDERR_REDIRECT] [Fatal Error] :1:1: Premature end of file.
2026-04-30 22:10:53,389 [ERROR] LogOutputStream:75 - [STDERR_REDIRECT] 
2026-04-30 22:10:54,376 [ERROR] LogOutputStream:75 - [STDERR_REDIRECT] [Fatal Error] :1:1: Premature end of file.
2026-04-30 22:10:54,377 [ERROR] LogOutputStream:75 - [STDERR_REDIRECT] 
2026-04-30 22:10:55,379 [ERROR] LogOutputStream:75 - [STDERR_REDIRECT] [Fatal Error] :1:1: Premature end of file.
2026-04-30 22:10:55,379 [ERROR] LogOutputStream:75 - [STDERR_REDIRECT] 
2026-04-30 22:10:56,420 [ERROR] LogOutputStream:75 - [STDERR_REDIRECT] [Fatal Error] :1:1: Premature end of file.
2026-04-30 22:10:56,420 [ERROR] LogOutputStream:75 - [STDERR_REDIRECT] 
2026-04-30 22:10:57,390 [ERROR] LogOutputStream:75 - [STDERR_REDIRECT] [Fatal Error] :1:1: Premature end of file.
2026-04-30 22:10:57,390 [ERROR] LogOutputStream:75 - [STDERR_REDIRECT] 
2026-04-30 22:10:58,394 [ERROR] LogOutputStream:75 - [STDERR_REDIRECT] [Fatal Error] :1:1: Premature end of file.
2026-04-30 22:10:58,394 [ERROR] LogOutputStream:75 - [STDERR_REDIRECT] 
2026-04-30 22:10:59,399 [ERROR] LogOutputStream:75 - [STDERR_REDIRECT] [Fatal Error] :1:1: Premature end of file.
2026-04-30 22:10:59,399 [ERROR] LogOutputStream:75 - [STDERR_REDIRECT] 
2026-04-30 22:11:00,383 [ERROR] LogOutputStream:75 - [STDERR_REDIRECT] [Fatal Error] :1:1: Premature end of file.
2026-04-30 22:11:00,385 [ERROR] LogOutputStream:75 - [STDERR_REDIRECT] 
2026-04-30 22:11:01,383 [ERROR] LogOutputStream:75 - [STDERR_REDIRECT] [Fatal Error] :1:1: Premature end of file.
2026-04-30 22:11:01,383 [ERROR] LogOutputStream:75 - [STDERR_REDIRECT] 
2026-04-30 22:11:02,390 [ERROR] LogOutputStream:75 - [STDERR_REDIRECT] [Fatal Error] :1:1: Premature end of file.
2026-04-30 22:11:02,390 [ERROR] LogOutputStream:75 - [STDERR_REDIRECT] 
2026-04-30 22:11:03,392 [ERROR] LogOutputStream:75 - [STDERR_REDIRECT] [Fatal Error] :1:1: Premature end of file.
2026-04-30 22:11:03,392 [ERROR] LogOutputStream:75 - [STDERR_REDIRECT] 
2026-04-30 22:11:04,404 [ERROR] LogOutputStream:75 - [STDERR_REDIRECT] [Fatal Error] :1:1: Premature end of file.
2026-04-30 22:11:04,404 [ERROR] LogOutputStream:75 - [STDERR_REDIRECT] 
2026-04-30 22:11:05,389 [ERROR] LogOutputStream:75 - [STDERR_REDIRECT] [Fatal Error] :1:1: Premature end of file.
2026-04-30 22:11:05,389 [ERROR] LogOutputStream:75 - [STDERR_REDIRECT] 
2026-04-30 22:11:06,384 [ERROR] LogOutputStream:75 - [STDERR_REDIRECT] [Fatal Error] :1:1: Premature end of file.
2026-04-30 22:11:06,384 [ERROR] LogOutputStream:75 - [STDERR_REDIRECT] 
2026-04-30 22:11:07,398 [ERROR] LogOutputStream:75 - [STDERR_REDIRECT] [Fatal Error] :1:1: Premature end of file.
2026-04-30 22:11:07,398 [ERROR] LogOutputStream:75 - [STDERR_REDIRECT] 
2026-04-30 22:11:08,390 [ERROR] LogOutputStream:75 - [STDERR_REDIRECT] [Fatal Error] :1:1: Premature end of file.
2026-04-30 22:11:08,390 [ERROR] LogOutputStream:75 - [STDERR_REDIRECT] 
2026-04-30 22:11:09,390 [ERROR] LogOutputStream:75 - [STDERR_REDIRECT] [Fatal Error] :1:1: Premature end of file.
2026-04-30 22:11:09,390 [ERROR] LogOutputStream:75 - [STDERR_REDIRECT] 
2026-04-30 22:11:10,395 [ERROR] LogOutputStream:75 - [STDERR_REDIRECT] [Fatal Error] :1:1: Premature end of file.
2026-04-30 22:11:10,395 [ERROR] LogOutputStream:75 - [STDERR_REDIRECT] 
2026-04-30 22:11:11,386 [ERROR] LogOutputStream:75 - [STDERR_REDIRECT] [Fatal Error] :1:1: Premature end of file.
2026-04-30 22:11:11,391 [ERROR] LogOutputStream:75 - [STDERR_REDIRECT] 
2026-04-30 22:11:12,401 [ERROR] LogOutputStream:75 - [STDERR_REDIRECT] [Fatal Error] :1:1: Premature end of file.
2026-04-30 22:11:12,401 [ERROR] LogOutputStream:75 - [STDERR_REDIRECT] 
2026-04-30 22:11:13,387 [ERROR] LogOutputStream:75 - [STDERR_REDIRECT] [Fatal Error] :1:1: Premature end of file.
2026-04-30 22:11:13,387 [ERROR] LogOutputStream:75 - [STDERR_REDIRECT] 
2026-04-30 22:11:14,383 [ERROR] LogOutputStream:75 - [STDERR_REDIRECT] [Fatal Error] :1:1: Premature end of file.
2026-04-30 22:11:14,383 [ERROR] LogOutputStream:75 - [STDERR_REDIRECT] 
2026-04-30 22:11:15,392 [ERROR] LogOutputStream:75 - [STDERR_REDIRECT] [Fatal Error] :1:1: Premature end of file.
2026-04-30 22:11:15,392 [ERROR] LogOutputStream:75 - [STDERR_REDIRECT] 
2026-04-30 22:11:16,390 [ERROR] LogOutputStream:75 - [STDERR_REDIRECT] [Fatal Error] :1:1: Premature end of file.
2026-04-30 22:11:16,390 [ERROR] LogOutputStream:75 - [STDERR_REDIRECT] 
2026-04-30 22:11:17,386 [ERROR] LogOutputStream:75 - [STDERR_REDIRECT] [Fatal Error] :1:1: Premature end of file.
2026-04-30 22:11:17,386 [ERROR] LogOutputStream:75 - [STDERR_REDIRECT] 
2026-04-30 22:11:18,417 [ERROR] LogOutputStream:75 - [STDERR_REDIRECT] [Fatal Error] :1:1: Premature end of file.
2026-04-30 22:11:18,417 [ERROR] LogOutputStream:75 - [STDERR_REDIRECT] 
2026-04-30 22:11:19,406 [ERROR] LogOutputStream:75 - [STDERR_REDIRECT] [Fatal Error] :1:1: Premature end of file.
2026-04-30 22:11:19,406 [ERROR] LogOutputStream:75 - [STDERR_REDIRECT] 
2026-04-30 22:11:20,412 [ERROR] LogOutputStream:75 - [STDERR_REDIRECT] [Fatal Error] :1:1: Premature end of file.
2026-04-30 22:11:20,412 [ERROR] LogOutputStream:75 - [STDERR_REDIRECT] 
2026-04-30 22:11:21,400 [ERROR] LogOutputStream:75 - [STDERR_REDIRECT] [Fatal Error] :1:1: Premature end of file.
2026-04-30 22:11:21,400 [ERROR] LogOutputStream:75 - [STDERR_REDIRECT] 
2026-04-30 22:11:22,387 [ERROR] LogOutputStream:75 - [STDERR_REDIRECT] [Fatal Error] :1:1: Premature end of file.
2026-04-30 22:11:22,393 [ERROR] LogOutputStream:75 - [STDERR_REDIRECT] 
2026-04-30 22:11:23,402 [ERROR] LogOutputStream:75 - [STDERR_REDIRECT] [Fatal Error] :1:1: Premature end of file.
2026-04-30 22:11:23,402 [ERROR] LogOutputStream:75 - [STDERR_REDIRECT] 
2026-04-30 22:11:24,405 [ERROR] LogOutputStream:75 - [STDERR_REDIRECT] [Fatal Error] :1:1: Premature end of file.
2026-04-30 22:11:24,405 [ERROR] LogOutputStream:75 - [STDERR_REDIRECT] 
2026-04-30 22:11:25,405 [ERROR] LogOutputStream:75 - [STDERR_REDIRECT] [Fatal Error] :1:1: Premature end of file.
2026-04-30 22:11:25,405 [ERROR] LogOutputStream:75 - [STDERR_REDIRECT] 
2026-04-30 22:11:26,414 [ERROR] LogOutputStream:75 - [STDERR_REDIRECT] [Fatal Error] :1:1: Premature end of file.
2026-04-30 22:11:26,414 [ERROR] LogOutputStream:75 - [STDERR_REDIRECT] 
2026-04-30 22:11:27,409 [ERROR] LogOutputStream:75 - [STDERR_REDIRECT] [Fatal Error] :1:1: Premature end of file.
2026-04-30 22:11:27,409 [ERROR] LogOutputStream:75 - [STDERR_REDIRECT] 
2026-04-30 22:11:28,398 [ERROR] LogOutputStream:75 - [STDERR_REDIRECT] [Fatal Error] :1:1: Premature end of file.
2026-04-30 22:11:28,398 [ERROR] LogOutputStream:75 - [STDERR_REDIRECT] 
2026-04-30 22:11:29,396 [ERROR] LogOutputStream:75 - [STDERR_REDIRECT] [Fatal Error] :1:1: Premature end of file.
2026-04-30 22:11:29,396 [ERROR] LogOutputStream:75 - [STDERR_REDIRECT] 
2026-04-30 22:11:30,399 [ERROR] LogOutputStream:75 - [STDERR_REDIRECT] [Fatal Error] :1:1: Premature end of file.
2026-04-30 22:11:30,399 [ERROR] LogOutputStream:75 - [STDERR_REDIRECT] 
2026-04-30 22:11:31,397 [ERROR] LogOutputStream:75 - [STDERR_REDIRECT] [Fatal Error] :1:1: Premature end of file.
2026-04-30 22:11:31,397 [ERROR] LogOutputStream:75 - [STDERR_REDIRECT] 
2026-04-30 22:11:32,382 [ERROR] LogOutputStream:75 - [STDERR_REDIRECT] [Fatal Error] :1:1: Premature end of file.
2026-04-30 22:11:32,382 [ERROR] LogOutputStream:75 - [STDERR_REDIRECT] 
2026-04-30 22:11:33,399 [ERROR] LogOutputStream:75 - [STDERR_REDIRECT] [Fatal Error] :1:1: Premature end of file.
2026-04-30 22:11:33,399 [ERROR] LogOutputStream:75 - [STDERR_REDIRECT] 
2026-04-30 22:11:34,394 [ERROR] LogOutputStream:75 - [STDERR_REDIRECT] [Fatal Error] :1:1: Premature end of file.
2026-04-30 22:11:34,397 [ERROR] LogOutputStream:75 - [STDERR_REDIRECT] 
2026-04-30 22:11:35,397 [ERROR] LogOutputStream:75 - [STDERR_REDIRECT] [Fatal Error] :1:1: Premature end of file.
2026-04-30 22:11:35,397 [ERROR] LogOutputStream:75 - [STDERR_REDIRECT] 
2026-04-30 22:11:36,391 [ERROR] LogOutputStream:75 - [STDERR_REDIRECT] [Fatal Error] :1:1: Premature end of file.
2026-04-30 22:11:36,391 [ERROR] LogOutputStream:75 - [STDERR_REDIRECT] 
2026-04-30 22:11:37,391 [ERROR] LogOutputStream:75 - [STDERR_REDIRECT] [Fatal Error] :1:1: Premature end of file.
2026-04-30 22:11:37,393 [ERROR] LogOutputStream:75 - [STDERR_REDIRECT] 
2026-04-30 22:11:38,392 [ERROR] LogOutputStream:75 - [STDERR_REDIRECT] [Fatal Error] :1:1: Premature end of file.
2026-04-30 22:11:38,396 [ERROR] LogOutputStream:75 - [STDERR_REDIRECT] 
2026-04-30 22:11:39,390 [ERROR] LogOutputStream:75 - [STDERR_REDIRECT] [Fatal Error] :1:1: Premature end of file.
2026-04-30 22:11:39,390 [ERROR] LogOutputStream:75 - [STDERR_REDIRECT] 
2026-04-30 22:11:40,404 [ERROR] LogOutputStream:75 - [STDERR_REDIRECT] [Fatal Error] :1:1: Premature end of file.
2026-04-30 22:11:40,404 [ERROR] LogOutputStream:75 - [STDERR_REDIRECT] 
2026-04-30 22:11:41,399 [ERROR] LogOutputStream:75 - [STDERR_REDIRECT] [Fatal Error] :1:1: Premature end of file.
2026-04-30 22:11:41,403 [ERROR] LogOutputStream:75 - [STDERR_REDIRECT] 
2026-04-30 22:11:42,386 [ERROR] LogOutputStream:75 - [STDERR_REDIRECT] [Fatal Error] :1:1: Premature end of file.
2026-04-30 22:11:42,386 [ERROR] LogOutputStream:75 - [STDERR_REDIRECT] 
2026-04-30 22:11:43,395 [ERROR] LogOutputStream:75 - [STDERR_REDIRECT] [Fatal Error] :1:1: Premature end of file.
2026-04-30 22:11:43,395 [ERROR] LogOutputStream:75 - [STDERR_REDIRECT] 
2026-04-30 22:11:44,395 [ERROR] LogOutputStream:75 - [STDERR_REDIRECT] [Fatal Error] :1:1: Premature end of file.
2026-04-30 22:11:44,395 [ERROR] LogOutputStream:75 - [STDERR_REDIRECT] 
2026-04-30 22:11:45,404 [ERROR] LogOutputStream:75 - [STDERR_REDIRECT] [Fatal Error] :1:1: Premature end of file.
2026-04-30 22:11:45,404 [ERROR] LogOutputStream:75 - [STDERR_REDIRECT] 
2026-04-30 22:11:46,382 [ERROR] LogOutputStream:75 - [STDERR_REDIRECT] [Fatal Error] :1:1: Premature end of file.
2026-04-30 22:11:46,382 [ERROR] LogOutputStream:75 - [STDERR_REDIRECT] 
2026-04-30 22:11:47,386 [ERROR] LogOutputStream:75 - [STDERR_REDIRECT] [Fatal Error] :1:1: Premature end of file.
2026-04-30 22:11:47,386 [ERROR] LogOutputStream:75 - [STDERR_REDIRECT] 
2026-04-30 22:11:48,386 [ERROR] LogOutputStream:75 - [STDERR_REDIRECT] [Fatal Error] :1:1: Premature end of file.
2026-04-30 22:11:48,386 [ERROR] LogOutputStream:75 - [STDERR_REDIRECT] 
2026-04-30 22:11:49,387 [ERROR] LogOutputStream:75 - [STDERR_REDIRECT] [Fatal Error] :1:1: Premature end of file.
2026-04-30 22:11:49,387 [ERROR] LogOutputStream:75 - [STDERR_REDIRECT] 
2026-04-30 22:11:50,389 [ERROR] LogOutputStream:75 - [STDERR_REDIRECT] [Fatal Error] :1:1: Premature end of file.
2026-04-30 22:11:50,389 [ERROR] LogOutputStream:75 - [STDERR_REDIRECT] 
2026-04-30 22:11:51,385 [ERROR] LogOutputStream:75 - [STDERR_REDIRECT] [Fatal Error] :1:1: Premature end of file.
2026-04-30 22:11:51,385 [ERROR] LogOutputStream:75 - [STDERR_REDIRECT] 
2026-04-30 22:11:52,385 [ERROR] LogOutputStream:75 - [STDERR_REDIRECT] [Fatal Error] :1:1: Premature end of file.
2026-04-30 22:11:52,385 [ERROR] LogOutputStream:75 - [STDERR_REDIRECT] 
2026-04-30 22:11:53,387 [ERROR] LogOutputStream:75 - [STDERR_REDIRECT] [Fatal Error] :1:1: Premature end of file.
2026-04-30 22:11:53,388 [ERROR] LogOutputStream:75 - [STDERR_REDIRECT] 
2026-04-30 22:11:54,388 [ERROR] LogOutputStream:75 - [STDERR_REDIRECT] [Fatal Error] :1:1: Premature end of file.
2026-04-30 22:11:54,388 [ERROR] LogOutputStream:75 - [STDERR_REDIRECT] 
2026-04-30 22:11:55,386 [ERROR] LogOutputStream:75 - [STDERR_REDIRECT] [Fatal Error] :1:1: Premature end of file.
2026-04-30 22:11:55,386 [ERROR] LogOutputStream:75 - [STDERR_REDIRECT] 
2026-04-30 22:11:56,392 [ERROR] LogOutputStream:75 - [STDERR_REDIRECT] [Fatal Error] :1:1: Premature end of file.
2026-04-30 22:11:56,393 [ERROR] LogOutputStream:75 - [STDERR_REDIRECT] 
2026-04-30 22:11:57,388 [ERROR] LogOutputStream:75 - [STDERR_REDIRECT] [Fatal Error] :1:1: Premature end of file.
2026-04-30 22:11:57,388 [ERROR] LogOutputStream:75 - [STDERR_REDIRECT] 
2026-04-30 22:11:58,390 [ERROR] LogOutputStream:75 - [STDERR_REDIRECT] [Fatal Error] :1:1: Premature end of file.
2026-04-30 22:11:58,390 [ERROR] LogOutputStream:75 - [STDERR_REDIRECT] 
2026-04-30 22:11:59,379 [ERROR] LogOutputStream:75 - [STDERR_REDIRECT] [Fatal Error] :1:1: Premature end of file.
2026-04-30 22:11:59,379 [ERROR] LogOutputStream:75 - [STDERR_REDIRECT] 
2026-04-30 22:12:00,384 [ERROR] LogOutputStream:75 - [STDERR_REDIRECT] [Fatal Error] :1:1: Premature end of file.
2026-04-30 22:12:00,384 [ERROR] LogOutputStream:75 - [STDERR_REDIRECT] 
2026-04-30 22:12:01,376 [ERROR] LogOutputStream:75 - [STDERR_REDIRECT] [Fatal Error] :1:1: Premature end of file.
2026-04-30 22:12:01,376 [ERROR] LogOutputStream:75 - [STDERR_REDIRECT] 
2026-04-30 22:12:02,391 [ERROR] LogOutputStream:75 - [STDERR_REDIRECT] [Fatal Error] :1:1: Premature end of file.
2026-04-30 22:12:02,392 [ERROR] LogOutputStream:75 - [STDERR_REDIRECT] 
2026-04-30 22:12:03,385 [ERROR] LogOutputStream:75 - [STDERR_REDIRECT] [Fatal Error] :1:1: Premature end of file.
2026-04-30 22:12:03,385 [ERROR] LogOutputStream:75 - [STDERR_REDIRECT] 
2026-04-30 22:12:04,383 [ERROR] LogOutputStream:75 - [STDERR_REDIRECT] [Fatal Error] :1:1: Premature end of file.
2026-04-30 22:12:04,383 [ERROR] LogOutputStream:75 - [STDERR_REDIRECT] 
2026-04-30 22:12:05,389 [ERROR] LogOutputStream:75 - [STDERR_REDIRECT] [Fatal Error] :1:1: Premature end of file.
2026-04-30 22:12:05,389 [ERROR] LogOutputStream:75 - [STDERR_REDIRECT] 
2026-04-30 22:12:06,383 [ERROR] LogOutputStream:75 - [STDERR_REDIRECT] [Fatal Error] :1:1: Premature end of file.
2026-04-30 22:12:06,384 [ERROR] LogOutputStream:75 - [STDERR_REDIRECT] 
2026-04-30 22:12:07,384 [ERROR] LogOutputStream:75 - [STDERR_REDIRECT] [Fatal Error] :1:1: Premature end of file.
2026-04-30 22:12:07,384 [ERROR] LogOutputStream:75 - [STDERR_REDIRECT] 
2026-04-30 22:12:08,385 [ERROR] LogOutputStream:75 - [STDERR_REDIRECT] [Fatal Error] :1:1: Premature end of file.
2026-04-30 22:12:08,385 [ERROR] LogOutputStream:75 - [STDERR_REDIRECT] 
2026-04-30 22:12:09,387 [ERROR] LogOutputStream:75 - [STDERR_REDIRECT] [Fatal Error] :1:1: Premature end of file.
2026-04-30 22:12:09,387 [ERROR] LogOutputStream:75 - [STDERR_REDIRECT] 
2026-04-30 22:12:10,385 [ERROR] LogOutputStream:75 - [STDERR_REDIRECT] [Fatal Error] :1:1: Premature end of file.
2026-04-30 22:12:10,385 [ERROR] LogOutputStream:75 - [STDERR_REDIRECT] 
2026-04-30 22:12:11,403 [ERROR] LogOutputStream:75 - [STDERR_REDIRECT] [Fatal Error] :1:1: Premature end of file.
2026-04-30 22:12:11,403 [ERROR] LogOutputStream:75 - [STDERR_REDIRECT] 
2026-04-30 22:12:12,386 [ERROR] LogOutputStream:75 - [STDERR_REDIRECT] [Fatal Error] :1:1: Premature end of file.
2026-04-30 22:12:12,386 [ERROR] LogOutputStream:75 - [STDERR_REDIRECT] 
2026-04-30 22:12:13,385 [ERROR] LogOutputStream:75 - [STDERR_REDIRECT] [Fatal Error] :1:1: Premature end of file.
2026-04-30 22:12:13,385 [ERROR] LogOutputStream:75 - [STDERR_REDIRECT] 
2026-04-30 22:12:14,386 [ERROR] LogOutputStream:75 - [STDERR_REDIRECT] [Fatal Error] :1:1: Premature end of file.
2026-04-30 22:12:14,386 [ERROR] LogOutputStream:75 - [STDERR_REDIRECT] 
2026-04-30 22:12:15,386 [ERROR] LogOutputStream:75 - [STDERR_REDIRECT] [Fatal Error] :1:1: Premature end of file.
2026-04-30 22:12:15,386 [ERROR] LogOutputStream:75 - [STDERR_REDIRECT] 
2026-04-30 22:12:16,386 [ERROR] LogOutputStream:75 - [STDERR_REDIRECT] [Fatal Error] :1:1: Premature end of file.
2026-04-30 22:12:16,386 [ERROR] LogOutputStream:75 - [STDERR_REDIRECT] 
2026-04-30 22:12:17,385 [ERROR] LogOutputStream:75 - [STDERR_REDIRECT] [Fatal Error] :1:1: Premature end of file.
2026-04-30 22:12:17,386 [ERROR] LogOutputStream:75 - [STDERR_REDIRECT] 
2026-04-30 22:12:18,387 [ERROR] LogOutputStream:75 - [STDERR_REDIRECT] [Fatal Error] :1:1: Premature end of file.
2026-04-30 22:12:18,387 [ERROR] LogOutputStream:75 - [STDERR_REDIRECT] 
2026-04-30 22:12:19,378 [ERROR] LogOutputStream:75 - [STDERR_REDIRECT] [Fatal Error] :1:1: Premature end of file.
2026-04-30 22:12:19,378 [ERROR] LogOutputStream:75 - [STDERR_REDIRECT] 
2026-04-30 22:12:20,392 [ERROR] LogOutputStream:75 - [STDERR_REDIRECT] [Fatal Error] :1:1: Premature end of file.
2026-04-30 22:12:20,392 [ERROR] LogOutputStream:75 - [STDERR_REDIRECT] 
2026-04-30 22:12:21,384 [ERROR] LogOutputStream:75 - [STDERR_REDIRECT] [Fatal Error] :1:1: Premature end of file.
2026-04-30 22:12:21,384 [ERROR] LogOutputStream:75 - [STDERR_REDIRECT] 
2026-04-30 22:12:22,385 [ERROR] LogOutputStream:75 - [STDERR_REDIRECT] [Fatal Error] :1:1: Premature end of file.
2026-04-30 22:12:22,385 [ERROR] LogOutputStream:75 - [STDERR_REDIRECT] 
2026-04-30 22:12:23,384 [ERROR] LogOutputStream:75 - [STDERR_REDIRECT] [Fatal Error] :1:1: Premature end of file.
2026-04-30 22:12:23,384 [ERROR] LogOutputStream:75 - [STDERR_REDIRECT] 
2026-04-30 22:12:24,386 [ERROR] LogOutputStream:75 - [STDERR_REDIRECT] [Fatal Error] :1:1: Premature end of file.
2026-04-30 22:12:24,387 [ERROR] LogOutputStream:75 - [STDERR_REDIRECT] 
2026-04-30 22:12:25,387 [ERROR] LogOutputStream:75 - [STDERR_REDIRECT] [Fatal Error] :1:1: Premature end of file.
2026-04-30 22:12:25,387 [ERROR] LogOutputStream:75 - [STDERR_REDIRECT] 
2026-04-30 22:12:26,379 [ERROR] LogOutputStream:75 - [STDERR_REDIRECT] [Fatal Error] :1:1: Premature end of file.
2026-04-30 22:12:26,379 [ERROR] LogOutputStream:75 - [STDERR_REDIRECT] 
2026-04-30 22:12:27,383 [ERROR] LogOutputStream:75 - [STDERR_REDIRECT] [Fatal Error] :1:1: Premature end of file.
2026-04-30 22:12:27,384 [ERROR] LogOutputStream:75 - [STDERR_REDIRECT] 
2026-04-30 22:12:28,385 [ERROR] LogOutputStream:75 - [STDERR_REDIRECT] [Fatal Error] :1:1: Premature end of file.
2026-04-30 22:12:28,385 [ERROR] LogOutputStream:75 - [STDERR_REDIRECT] 
2026-04-30 22:12:29,384 [ERROR] LogOutputStream:75 - [STDERR_REDIRECT] [Fatal Error] :1:1: Premature end of file.
2026-04-30 22:12:29,384 [ERROR] LogOutputStream:75 - [STDERR_REDIRECT] 
2026-04-30 22:12:30,386 [ERROR] LogOutputStream:75 - [STDERR_REDIRECT] [Fatal Error] :1:1: Premature end of file.
2026-04-30 22:12:30,387 [ERROR] LogOutputStream:75 - [STDERR_REDIRECT] 
2026-04-30 22:12:31,393 [ERROR] LogOutputStream:75 - [STDERR_REDIRECT] [Fatal Error] :1:1: Premature end of file.
2026-04-30 22:12:31,393 [ERROR] LogOutputStream:75 - [STDERR_REDIRECT] 
2026-04-30 22:12:32,385 [ERROR] LogOutputStream:75 - [STDERR_REDIRECT] [Fatal Error] :1:1: Premature end of file.
2026-04-30 22:12:32,385 [ERROR] LogOutputStream:75 - [STDERR_REDIRECT] 
2026-04-30 22:12:33,388 [ERROR] LogOutputStream:75 - [STDERR_REDIRECT] [Fatal Error] :1:1: Premature end of file.
2026-04-30 22:12:33,388 [ERROR] LogOutputStream:75 - [STDERR_REDIRECT] 
2026-04-30 22:12:34,384 [ERROR] LogOutputStream:75 - [STDERR_REDIRECT] [Fatal Error] :1:1: Premature end of file.
2026-04-30 22:12:34,384 [ERROR] LogOutputStream:75 - [STDERR_REDIRECT] 
2026-04-30 22:12:35,406 [ERROR] LogOutputStream:75 - [STDERR_REDIRECT] [Fatal Error] :1:1: Premature end of file.
2026-04-30 22:12:35,406 [ERROR] LogOutputStream:75 - [STDERR_REDIRECT] 
2026-04-30 22:12:36,402 [ERROR] LogOutputStream:75 - [STDERR_REDIRECT] [Fatal Error] :1:1: Premature end of file.
2026-04-30 22:12:36,402 [ERROR] LogOutputStream:75 - [STDERR_REDIRECT] 
2026-04-30 22:12:37,390 [ERROR] LogOutputStream:75 - [STDERR_REDIRECT] [Fatal Error] :1:1: Premature end of file.
2026-04-30 22:12:37,390 [ERROR] LogOutputStream:75 - [STDERR_REDIRECT] 
2026-04-30 22:12:38,384 [ERROR] LogOutputStream:75 - [STDERR_REDIRECT] [Fatal Error] :1:1: Premature end of file.
2026-04-30 22:12:38,384 [ERROR] LogOutputStream:75 - [STDERR_REDIRECT] 
2026-04-30 22:12:39,414 [ERROR] LogOutputStream:75 - [STDERR_REDIRECT] [Fatal Error] :1:1: Premature end of file.
2026-04-30 22:12:39,414 [ERROR] LogOutputStream:75 - [STDERR_REDIRECT] 
2026-04-30 22:12:40,399 [ERROR] LogOutputStream:75 - [STDERR_REDIRECT] [Fatal Error] :1:1: Premature end of file.
2026-04-30 22:12:40,399 [ERROR] LogOutputStream:75 - [STDERR_REDIRECT] 
2026-04-30 22:12:41,408 [ERROR] LogOutputStream:75 - [STDERR_REDIRECT] [Fatal Error] :1:1: Premature end of file.
2026-04-30 22:12:41,408 [ERROR] LogOutputStream:75 - [STDERR_REDIRECT] 
2026-04-30 22:12:42,414 [ERROR] LogOutputStream:75 - [STDERR_REDIRECT] [Fatal Error] :1:1: Premature end of file.
2026-04-30 22:12:42,414 [ERROR] LogOutputStream:75 - [STDERR_REDIRECT] 
2026-04-30 22:12:43,386 [ERROR] LogOutputStream:75 - [STDERR_REDIRECT] [Fatal Error] :1:1: Premature end of file.
2026-04-30 22:12:43,386 [ERROR] LogOutputStream:75 - [STDERR_REDIRECT] 
2026-04-30 22:12:44,404 [ERROR] LogOutputStream:75 - [STDERR_REDIRECT] [Fatal Error] :1:1: Premature end of file.
2026-04-30 22:12:44,404 [ERROR] LogOutputStream:75 - [STDERR_REDIRECT] 
2026-04-30 22:12:45,381 [ERROR] LogOutputStream:75 - [STDERR_REDIRECT] [Fatal Error] :1:1: Premature end of file.
2026-04-30 22:12:45,381 [ERROR] LogOutputStream:75 - [STDERR_REDIRECT] 
2026-04-30 22:12:46,397 [ERROR] LogOutputStream:75 - [STDERR_REDIRECT] [Fatal Error] :1:1: Premature end of file.
2026-04-30 22:12:46,397 [ERROR] LogOutputStream:75 - [STDERR_REDIRECT] 
2026-04-30 22:12:47,383 [ERROR] LogOutputStream:75 - [STDERR_REDIRECT] [Fatal Error] :1:1: Premature end of file.
2026-04-30 22:12:47,383 [ERROR] LogOutputStream:75 - [STDERR_REDIRECT] 
2026-04-30 22:12:48,381 [ERROR] LogOutputStream:75 - [STDERR_REDIRECT] [Fatal Error] :1:1: Premature end of file.
2026-04-30 22:12:48,381 [ERROR] LogOutputStream:75 - [STDERR_REDIRECT] 
2026-04-30 22:12:49,385 [ERROR] LogOutputStream:75 - [STDERR_REDIRECT] [Fatal Error] :1:1: Premature end of file.
2026-04-30 22:12:49,385 [ERROR] LogOutputStream:75 - [STDERR_REDIRECT] 
2026-04-30 22:12:50,386 [ERROR] LogOutputStream:75 - [STDERR_REDIRECT] [Fatal Error] :1:1: Premature end of file.
2026-04-30 22:12:50,386 [ERROR] LogOutputStream:75 - [STDERR_REDIRECT] 
2026-04-30 22:12:51,400 [ERROR] LogOutputStream:75 - [STDERR_REDIRECT] [Fatal Error] :1:1: Premature end of file.
2026-04-30 22:12:51,401 [ERROR] LogOutputStream:75 - [STDERR_REDIRECT] 
2026-04-30 22:12:52,395 [ERROR] LogOutputStream:75 - [STDERR_REDIRECT] [Fatal Error] :1:1: Premature end of file.
2026-04-30 22:12:52,395 [ERROR] LogOutputStream:75 - [STDERR_REDIRECT] 
2026-04-30 22:12:53,412 [ERROR] LogOutputStream:75 - [STDERR_REDIRECT] [Fatal Error] :1:1: Premature end of file.
2026-04-30 22:12:53,412 [ERROR] LogOutputStream:75 - [STDERR_REDIRECT] 
2026-04-30 22:12:54,411 [ERROR] LogOutputStream:75 - [STDERR_REDIRECT] [Fatal Error] :1:1: Premature end of file.
2026-04-30 22:12:54,411 [ERROR] LogOutputStream:75 - [STDERR_REDIRECT] 
2026-04-30 22:12:55,386 [ERROR] LogOutputStream:75 - [STDERR_REDIRECT] [Fatal Error] :1:1: Premature end of file.
2026-04-30 22:12:55,386 [ERROR] LogOutputStream:75 - [STDERR_REDIRECT] 
2026-04-30 22:12:56,408 [ERROR] LogOutputStream:75 - [STDERR_REDIRECT] [Fatal Error] :1:1: Premature end of file.
2026-04-30 22:12:56,408 [ERROR] LogOutputStream:75 - [STDERR_REDIRECT] 
2026-04-30 22:12:57,394 [ERROR] LogOutputStream:75 - [STDERR_REDIRECT] [Fatal Error] :1:1: Premature end of file.
2026-04-30 22:12:57,394 [ERROR] LogOutputStream:75 - [STDERR_REDIRECT] 
2026-04-30 22:12:58,396 [ERROR] LogOutputStream:75 - [STDERR_REDIRECT] [Fatal Error] :1:1: Premature end of file.
2026-04-30 22:12:58,396 [ERROR] LogOutputStream:75 - [STDERR_REDIRECT] 
2026-04-30 22:12:59,395 [ERROR] LogOutputStream:75 - [STDERR_REDIRECT] [Fatal Error] :1:1: Premature end of file.
2026-04-30 22:12:59,395 [ERROR] LogOutputStream:75 - [STDERR_REDIRECT] 
2026-04-30 22:13:00,386 [ERROR] LogOutputStream:75 - [STDERR_REDIRECT] [Fatal Error] :1:1: Premature end of file.
2026-04-30 22:13:00,386 [ERROR] LogOutputStream:75 - [STDERR_REDIRECT] 
2026-04-30 22:13:01,428 [ERROR] LogOutputStream:75 - [STDERR_REDIRECT] [Fatal Error] :1:1: Premature end of file.
2026-04-30 22:13:01,428 [ERROR] LogOutputStream:75 - [STDERR_REDIRECT] 
2026-04-30 22:13:02,386 [ERROR] LogOutputStream:75 - [STDERR_REDIRECT] [Fatal Error] :1:1: Premature end of file.
2026-04-30 22:13:02,388 [ERROR] LogOutputStream:75 - [STDERR_REDIRECT] 
2026-04-30 22:13:03,390 [ERROR] LogOutputStream:75 - [STDERR_REDIRECT] [Fatal Error] :1:1: Premature end of file.
2026-04-30 22:13:03,390 [ERROR] LogOutputStream:75 - [STDERR_REDIRECT] 
2026-04-30 22:13:04,395 [ERROR] LogOutputStream:75 - [STDERR_REDIRECT] [Fatal Error] :1:1: Premature end of file.
2026-04-30 22:13:04,395 [ERROR] LogOutputStream:75 - [STDERR_REDIRECT] 
2026-04-30 22:13:05,409 [ERROR] LogOutputStream:75 - [STDERR_REDIRECT] [Fatal Error] :1:1: Premature end of file.
2026-04-30 22:13:05,409 [ERROR] LogOutputStream:75 - [STDERR_REDIRECT] 
2026-04-30 22:13:06,391 [ERROR] LogOutputStream:75 - [STDERR_REDIRECT] [Fatal Error] :1:1: Premature end of file.
2026-04-30 22:13:06,391 [ERROR] LogOutputStream:75 - [STDERR_REDIRECT] 
2026-04-30 22:13:07,419 [ERROR] LogOutputStream:75 - [STDERR_REDIRECT] [Fatal Error] :1:1: Premature end of file.
2026-04-30 22:13:07,419 [ERROR] LogOutputStream:75 - [STDERR_REDIRECT] 
2026-04-30 22:13:08,407 [ERROR] LogOutputStream:75 - [STDERR_REDIRECT] [Fatal Error] :1:1: Premature end of file.
2026-04-30 22:13:08,409 [ERROR] LogOutputStream:75 - [STDERR_REDIRECT] 
2026-04-30 22:13:09,401 [ERROR] LogOutputStream:75 - [STDERR_REDIRECT] [Fatal Error] :1:1: Premature end of file.
2026-04-30 22:13:09,401 [ERROR] LogOutputStream:75 - [STDERR_REDIRECT] 
2026-04-30 22:13:10,394 [ERROR] LogOutputStream:75 - [STDERR_REDIRECT] [Fatal Error] :1:1: Premature end of file.
2026-04-30 22:13:10,394 [ERROR] LogOutputStream:75 - [STDERR_REDIRECT] 
2026-04-30 22:13:11,394 [ERROR] LogOutputStream:75 - [STDERR_REDIRECT] [Fatal Error] :1:1: Premature end of file.
2026-04-30 22:13:11,394 [ERROR] LogOutputStream:75 - [STDERR_REDIRECT] 
2026-04-30 22:13:12,389 [ERROR] LogOutputStream:75 - [STDERR_REDIRECT] [Fatal Error] :1:1: Premature end of file.
2026-04-30 22:13:12,389 [ERROR] LogOutputStream:75 - [STDERR_REDIRECT] 
2026-04-30 22:13:13,392 [ERROR] LogOutputStream:75 - [STDERR_REDIRECT] [Fatal Error] :1:1: Premature end of file.
2026-04-30 22:13:13,392 [ERROR] LogOutputStream:75 - [STDERR_REDIRECT] 
2026-04-30 22:13:14,404 [ERROR] LogOutputStream:75 - [STDERR_REDIRECT] [Fatal Error] :1:1: Premature end of file.
2026-04-30 22:13:14,404 [ERROR] LogOutputStream:75 - [STDERR_REDIRECT] 
2026-04-30 22:13:15,388 [ERROR] LogOutputStream:75 - [STDERR_REDIRECT] [Fatal Error] :1:1: Premature end of file.
2026-04-30 22:13:15,388 [ERROR] LogOutputStream:75 - [STDERR_REDIRECT] 
2026-04-30 22:13:16,384 [ERROR] LogOutputStream:75 - [STDERR_REDIRECT] [Fatal Error] :1:1: Premature end of file.
2026-04-30 22:13:16,384 [ERROR] LogOutputStream:75 - [STDERR_REDIRECT] 
2026-04-30 22:13:17,387 [ERROR] LogOutputStream:75 - [STDERR_REDIRECT] [Fatal Error] :1:1: Premature end of file.
2026-04-30 22:13:17,387 [ERROR] LogOutputStream:75 - [STDERR_REDIRECT] 
2026-04-30 22:13:18,397 [ERROR] LogOutputStream:75 - [STDERR_REDIRECT] [Fatal Error] :1:1: Premature end of file.
2026-04-30 22:13:18,397 [ERROR] LogOutputStream:75 - [STDERR_REDIRECT] 
2026-04-30 22:13:19,408 [ERROR] LogOutputStream:75 - [STDERR_REDIRECT] [Fatal Error] :1:1: Premature end of file.
2026-04-30 22:13:19,408 [ERROR] LogOutputStream:75 - [STDERR_REDIRECT] 
2026-04-30 22:13:20,392 [ERROR] LogOutputStream:75 - [STDERR_REDIRECT] [Fatal Error] :1:1: Premature end of file.
2026-04-30 22:13:20,392 [ERROR] LogOutputStream:75 - [STDERR_REDIRECT] 
2026-04-30 22:13:21,400 [ERROR] LogOutputStream:75 - [STDERR_REDIRECT] [Fatal Error] :1:1: Premature end of file.
2026-04-30 22:13:21,400 [ERROR] LogOutputStream:75 - [STDERR_REDIRECT] 
2026-04-30 22:13:22,403 [ERROR] LogOutputStream:75 - [STDERR_REDIRECT] [Fatal Error] :1:1: Premature end of file.
2026-04-30 22:13:22,403 [ERROR] LogOutputStream:75 - [STDERR_REDIRECT] 
2026-04-30 22:13:23,399 [ERROR] LogOutputStream:75 - [STDERR_REDIRECT] [Fatal Error] :1:1: Premature end of file.
2026-04-30 22:13:23,400 [ERROR] LogOutputStream:75 - [STDERR_REDIRECT] 
2026-04-30 22:13:24,394 [ERROR] LogOutputStream:75 - [STDERR_REDIRECT] [Fatal Error] :1:1: Premature end of file.
2026-04-30 22:13:24,394 [ERROR] LogOutputStream:75 - [STDERR_REDIRECT] 
2026-04-30 22:13:25,407 [ERROR] LogOutputStream:75 - [STDERR_REDIRECT] [Fatal Error] :1:1: Premature end of file.
2026-04-30 22:13:25,407 [ERROR] LogOutputStream:75 - [STDERR_REDIRECT] 
2026-04-30 22:13:26,394 [ERROR] LogOutputStream:75 - [STDERR_REDIRECT] [Fatal Error] :1:1: Premature end of file.
2026-04-30 22:13:26,394 [ERROR] LogOutputStream:75 - [STDERR_REDIRECT] 
2026-04-30 22:13:27,392 [ERROR] LogOutputStream:75 - [STDERR_REDIRECT] [Fatal Error] :1:1: Premature end of file.
2026-04-30 22:13:27,392 [ERROR] LogOutputStream:75 - [STDERR_REDIRECT] 
2026-04-30 22:13:28,399 [ERROR] LogOutputStream:75 - [STDERR_REDIRECT] [Fatal Error] :1:1: Premature end of file.
2026-04-30 22:13:28,401 [ERROR] LogOutputStream:75 - [STDERR_REDIRECT] 
2026-04-30 22:13:29,411 [ERROR] LogOutputStream:75 - [STDERR_REDIRECT] [Fatal Error] :1:1: Premature end of file.
2026-04-30 22:13:29,411 [ERROR] LogOutputStream:75 - [STDERR_REDIRECT] 
2026-04-30 22:13:30,403 [ERROR] LogOutputStream:75 - [STDERR_REDIRECT] [Fatal Error] :1:1: Premature end of file.
2026-04-30 22:13:30,403 [ERROR] LogOutputStream:75 - [STDERR_REDIRECT] 
2026-04-30 22:13:31,389 [ERROR] LogOutputStream:75 - [STDERR_REDIRECT] [Fatal Error] :1:1: Premature end of file.
2026-04-30 22:13:31,389 [ERROR] LogOutputStream:75 - [STDERR_REDIRECT] 
2026-04-30 22:13:32,387 [ERROR] LogOutputStream:75 - [STDERR_REDIRECT] [Fatal Error] :1:1: Premature end of file.
2026-04-30 22:13:32,387 [ERROR] LogOutputStream:75 - [STDERR_REDIRECT] 
2026-04-30 22:13:33,391 [ERROR] LogOutputStream:75 - [STDERR_REDIRECT] [Fatal Error] :1:1: Premature end of file.
2026-04-30 22:13:33,391 [ERROR] LogOutputStream:75 - [STDERR_REDIRECT] 
2026-04-30 22:13:34,378 [ERROR] LogOutputStream:75 - [STDERR_REDIRECT] [Fatal Error] :1:1: Premature end of file.
2026-04-30 22:13:34,378 [ERROR] LogOutputStream:75 - [STDERR_REDIRECT] 
2026-04-30 22:13:35,386 [ERROR] LogOutputStream:75 - [STDERR_REDIRECT] [Fatal Error] :1:1: Premature end of file.
2026-04-30 22:13:35,387 [ERROR] LogOutputStream:75 - [STDERR_REDIRECT] 
2026-04-30 22:13:36,396 [ERROR] LogOutputStream:75 - [STDERR_REDIRECT] [Fatal Error] :1:1: Premature end of file.
2026-04-30 22:13:36,396 [ERROR] LogOutputStream:75 - [STDERR_REDIRECT] 
2026-04-30 22:13:37,400 [ERROR] LogOutputStream:75 - [STDERR_REDIRECT] [Fatal Error] :1:1: Premature end of file.
2026-04-30 22:13:37,400 [ERROR] LogOutputStream:75 - [STDERR_REDIRECT] 
2026-04-30 22:13:38,390 [ERROR] LogOutputStream:75 - [STDERR_REDIRECT] [Fatal Error] :1:1: Premature end of file.
2026-04-30 22:13:38,390 [ERROR] LogOutputStream:75 - [STDERR_REDIRECT] 
2026-04-30 22:13:39,405 [ERROR] LogOutputStream:75 - [STDERR_REDIRECT] [Fatal Error] :1:1: Premature end of file.
2026-04-30 22:13:39,405 [ERROR] LogOutputStream:75 - [STDERR_REDIRECT] 
2026-04-30 22:13:40,383 [ERROR] LogOutputStream:75 - [STDERR_REDIRECT] [Fatal Error] :1:1: Premature end of file.
2026-04-30 22:13:40,383 [ERROR] LogOutputStream:75 - [STDERR_REDIRECT] 
2026-04-30 22:13:41,388 [ERROR] LogOutputStream:75 - [STDERR_REDIRECT] [Fatal Error] :1:1: Premature end of file.
2026-04-30 22:13:41,388 [ERROR] LogOutputStream:75 - [STDERR_REDIRECT] 
2026-04-30 22:13:42,386 [ERROR] LogOutputStream:75 - [STDERR_REDIRECT] [Fatal Error] :1:1: Premature end of file.
2026-04-30 22:13:42,387 [ERROR] LogOutputStream:75 - [STDERR_REDIRECT] 
2026-04-30 22:13:43,386 [ERROR] LogOutputStream:75 - [STDERR_REDIRECT] [Fatal Error] :1:1: Premature end of file.
2026-04-30 22:13:43,386 [ERROR] LogOutputStream:75 - [STDERR_REDIRECT] 
2026-04-30 22:13:44,388 [ERROR] LogOutputStream:75 - [STDERR_REDIRECT] [Fatal Error] :1:1: Premature end of file.
2026-04-30 22:13:44,389 [ERROR] LogOutputStream:75 - [STDERR_REDIRECT] 
2026-04-30 22:13:45,394 [ERROR] LogOutputStream:75 - [STDERR_REDIRECT] [Fatal Error] :1:1: Premature end of file.
2026-04-30 22:13:45,394 [ERROR] LogOutputStream:75 - [STDERR_REDIRECT] 
2026-04-30 22:13:46,384 [ERROR] LogOutputStream:75 - [STDERR_REDIRECT] [Fatal Error] :1:1: Premature end of file.
2026-04-30 22:13:46,384 [ERROR] LogOutputStream:75 - [STDERR_REDIRECT] 
2026-04-30 22:13:47,383 [ERROR] LogOutputStream:75 - [STDERR_REDIRECT] [Fatal Error] :1:1: Premature end of file.
2026-04-30 22:13:47,383 [ERROR] LogOutputStream:75 - [STDERR_REDIRECT] 
2026-04-30 22:13:48,393 [ERROR] LogOutputStream:75 - [STDERR_REDIRECT] [Fatal Error] :1:1: Premature end of file.
2026-04-30 22:13:48,393 [ERROR] LogOutputStream:75 - [STDERR_REDIRECT] 
2026-04-30 22:13:49,394 [ERROR] LogOutputStream:75 - [STDERR_REDIRECT] [Fatal Error] :1:1: Premature end of file.
2026-04-30 22:13:49,395 [ERROR] LogOutputStream:75 - [STDERR_REDIRECT] 
2026-04-30 22:13:50,404 [ERROR] LogOutputStream:75 - [STDERR_REDIRECT] [Fatal Error] :1:1: Premature end of file.
2026-04-30 22:13:50,405 [ERROR] LogOutputStream:75 - [STDERR_REDIRECT] 
2026-04-30 22:13:51,401 [ERROR] LogOutputStream:75 - [STDERR_REDIRECT] [Fatal Error] :1:1: Premature end of file.
2026-04-30 22:13:51,401 [ERROR] LogOutputStream:75 - [STDERR_REDIRECT] 
2026-04-30 22:13:52,385 [ERROR] LogOutputStream:75 - [STDERR_REDIRECT] [Fatal Error] :1:1: Premature end of file.
2026-04-30 22:13:52,386 [ERROR] LogOutputStream:75 - [STDERR_REDIRECT] 
2026-04-30 22:13:53,383 [ERROR] LogOutputStream:75 - [STDERR_REDIRECT] [Fatal Error] :1:1: Premature end of file.
2026-04-30 22:13:53,384 [ERROR] LogOutputStream:75 - [STDERR_REDIRECT] 
2026-04-30 22:13:54,388 [ERROR] LogOutputStream:75 - [STDERR_REDIRECT] [Fatal Error] :1:1: Premature end of file.
2026-04-30 22:13:54,388 [ERROR] LogOutputStream:75 - [STDERR_REDIRECT] 
2026-04-30 22:13:55,390 [ERROR] LogOutputStream:75 - [STDERR_REDIRECT] [Fatal Error] :1:1: Premature end of file.
2026-04-30 22:13:55,391 [ERROR] LogOutputStream:75 - [STDERR_REDIRECT] 
2026-04-30 22:13:56,394 [ERROR] LogOutputStream:75 - [STDERR_REDIRECT] [Fatal Error] :1:1: Premature end of file.
2026-04-30 22:13:56,394 [ERROR] LogOutputStream:75 - [STDERR_REDIRECT] 
2026-04-30 22:13:57,387 [ERROR] LogOutputStream:75 - [STDERR_REDIRECT] [Fatal Error] :1:1: Premature end of file.
2026-04-30 22:13:57,387 [ERROR] LogOutputStream:75 - [STDERR_REDIRECT] 
2026-04-30 22:13:58,387 [ERROR] LogOutputStream:75 - [STDERR_REDIRECT] [Fatal Error] :1:1: Premature end of file.
2026-04-30 22:13:58,387 [ERROR] LogOutputStream:75 - [STDERR_REDIRECT] 
2026-04-30 22:13:59,378 [ERROR] LogOutputStream:75 - [STDERR_REDIRECT] [Fatal Error] :1:1: Premature end of file.
2026-04-30 22:13:59,378 [ERROR] LogOutputStream:75 - [STDERR_REDIRECT] 
2026-04-30 22:14:00,391 [ERROR] LogOutputStream:75 - [STDERR_REDIRECT] [Fatal Error] :1:1: Premature end of file.
2026-04-30 22:14:00,391 [ERROR] LogOutputStream:75 - [STDERR_REDIRECT] 
2026-04-30 22:14:01,390 [ERROR] LogOutputStream:75 - [STDERR_REDIRECT] [Fatal Error] :1:1: Premature end of file.
2026-04-30 22:14:01,390 [ERROR] LogOutputStream:75 - [STDERR_REDIRECT] 
2026-04-30 22:14:02,383 [ERROR] LogOutputStream:75 - [STDERR_REDIRECT] [Fatal Error] :1:1: Premature end of file.
2026-04-30 22:14:02,383 [ERROR] LogOutputStream:75 - [STDERR_REDIRECT] 
2026-04-30 22:14:03,396 [ERROR] LogOutputStream:75 - [STDERR_REDIRECT] [Fatal Error] :1:1: Premature end of file.
2026-04-30 22:14:03,396 [ERROR] LogOutputStream:75 - [STDERR_REDIRECT] 
2026-04-30 22:14:04,397 [ERROR] LogOutputStream:75 - [STDERR_REDIRECT] [Fatal Error] :1:1: Premature end of file.
2026-04-30 22:14:04,397 [ERROR] LogOutputStream:75 - [STDERR_REDIRECT] 
2026-04-30 22:14:05,406 [ERROR] LogOutputStream:75 - [STDERR_REDIRECT] [Fatal Error] :1:1: Premature end of file.
2026-04-30 22:14:05,406 [ERROR] LogOutputStream:75 - [STDERR_REDIRECT] 
2026-04-30 22:14:06,403 [ERROR] LogOutputStream:75 - [STDERR_REDIRECT] [Fatal Error] :1:1: Premature end of file.
2026-04-30 22:14:06,411 [ERROR] LogOutputStream:75 - [STDERR_REDIRECT] 
2026-04-30 22:14:07,403 [ERROR] LogOutputStream:75 - [STDERR_REDIRECT] [Fatal Error] :1:1: Premature end of file.
2026-04-30 22:14:07,403 [ERROR] LogOutputStream:75 - [STDERR_REDIRECT] 
2026-04-30 22:14:08,394 [ERROR] LogOutputStream:75 - [STDERR_REDIRECT] [Fatal Error] :1:1: Premature end of file.
2026-04-30 22:14:08,394 [ERROR] LogOutputStream:75 - [STDERR_REDIRECT] 
2026-04-30 22:14:09,407 [ERROR] LogOutputStream:75 - [STDERR_REDIRECT] [Fatal Error] :1:1: Premature end of file.
2026-04-30 22:14:09,407 [ERROR] LogOutputStream:75 - [STDERR_REDIRECT] 
2026-04-30 22:14:10,395 [ERROR] LogOutputStream:75 - [STDERR_REDIRECT] [Fatal Error] :1:1: Premature end of file.
2026-04-30 22:14:10,395 [ERROR] LogOutputStream:75 - [STDERR_REDIRECT] 
2026-04-30 22:14:11,409 [ERROR] LogOutputStream:75 - [STDERR_REDIRECT] [Fatal Error] :1:1: Premature end of file.
2026-04-30 22:14:11,410 [ERROR] LogOutputStream:75 - [STDERR_REDIRECT] 
2026-04-30 22:14:12,422 [ERROR] LogOutputStream:75 - [STDERR_REDIRECT] [Fatal Error] :1:1: Premature end of file.
2026-04-30 22:14:12,422 [ERROR] LogOutputStream:75 - [STDERR_REDIRECT] 
2026-04-30 22:14:13,420 [ERROR] LogOutputStream:75 - [STDERR_REDIRECT] [Fatal Error] :1:1: Premature end of file.
2026-04-30 22:14:13,420 [ERROR] LogOutputStream:75 - [STDERR_REDIRECT] 
2026-04-30 22:14:14,392 [ERROR] LogOutputStream:75 - [STDERR_REDIRECT] [Fatal Error] :1:1: Premature end of file.
2026-04-30 22:14:14,392 [ERROR] LogOutputStream:75 - [STDERR_REDIRECT] 
2026-04-30 22:14:15,389 [ERROR] LogOutputStream:75 - [STDERR_REDIRECT] [Fatal Error] :1:1: Premature end of file.
2026-04-30 22:14:15,389 [ERROR] LogOutputStream:75 - [STDERR_REDIRECT] 
2026-04-30 22:14:16,381 [ERROR] LogOutputStream:75 - [STDERR_REDIRECT] [Fatal Error] :1:1: Premature end of file.
2026-04-30 22:14:16,382 [ERROR] LogOutputStream:75 - [STDERR_REDIRECT] 
2026-04-30 22:14:17,383 [ERROR] LogOutputStream:75 - [STDERR_REDIRECT] [Fatal Error] :1:1: Premature end of file.
2026-04-30 22:14:17,384 [ERROR] LogOutputStream:75 - [STDERR_REDIRECT] 
2026-04-30 22:14:18,386 [ERROR] LogOutputStream:75 - [STDERR_REDIRECT] [Fatal Error] :1:1: Premature end of file.
2026-04-30 22:14:18,386 [ERROR] LogOutputStream:75 - [STDERR_REDIRECT] 
2026-04-30 22:14:19,379 [ERROR] LogOutputStream:75 - [STDERR_REDIRECT] [Fatal Error] :1:1: Premature end of file.
2026-04-30 22:14:19,379 [ERROR] LogOutputStream:75 - [STDERR_REDIRECT] 
2026-04-30 22:14:20,388 [ERROR] LogOutputStream:75 - [STDERR_REDIRECT] [Fatal Error] :1:1: Premature end of file.
2026-04-30 22:14:20,388 [ERROR] LogOutputStream:75 - [STDERR_REDIRECT] 
2026-04-30 22:14:21,386 [ERROR] LogOutputStream:75 - [STDERR_REDIRECT] [Fatal Error] :1:1: Premature end of file.
2026-04-30 22:14:21,386 [ERROR] LogOutputStream:75 - [STDERR_REDIRECT] 
2026-04-30 22:14:22,382 [ERROR] LogOutputStream:75 - [STDERR_REDIRECT] [Fatal Error] :1:1: Premature end of file.
2026-04-30 22:14:22,383 [ERROR] LogOutputStream:75 - [STDERR_REDIRECT] 
2026-04-30 22:14:23,385 [ERROR] LogOutputStream:75 - [STDERR_REDIRECT] [Fatal Error] :1:1: Premature end of file.
2026-04-30 22:14:23,385 [ERROR] LogOutputStream:75 - [STDERR_REDIRECT] 
2026-04-30 22:14:24,385 [ERROR] LogOutputStream:75 - [STDERR_REDIRECT] [Fatal Error] :1:1: Premature end of file.
2026-04-30 22:14:24,385 [ERROR] LogOutputStream:75 - [STDERR_REDIRECT] 
2026-04-30 22:14:25,408 [ERROR] LogOutputStream:75 - [STDERR_REDIRECT] [Fatal Error] :1:1: Premature end of file.
2026-04-30 22:14:25,409 [ERROR] LogOutputStream:75 - [STDERR_REDIRECT] 
2026-04-30 22:14:26,386 [ERROR] LogOutputStream:75 - [STDERR_REDIRECT] [Fatal Error] :1:1: Premature end of file.
2026-04-30 22:14:26,387 [ERROR] LogOutputStream:75 - [STDERR_REDIRECT] 
2026-04-30 22:14:27,380 [ERROR] LogOutputStream:75 - [STDERR_REDIRECT] [Fatal Error] :1:1: Premature end of file.
2026-04-30 22:14:27,381 [ERROR] LogOutputStream:75 - [STDERR_REDIRECT] 
2026-04-30 22:14:28,387 [ERROR] LogOutputStream:75 - [STDERR_REDIRECT] [Fatal Error] :1:1: Premature end of file.
2026-04-30 22:14:28,387 [ERROR] LogOutputStream:75 - [STDERR_REDIRECT] 
2026-04-30 22:14:29,400 [ERROR] LogOutputStream:75 - [STDERR_REDIRECT] [Fatal Error] :1:1: Premature end of file.
2026-04-30 22:14:29,400 [ERROR] LogOutputStream:75 - [STDERR_REDIRECT] 
2026-04-30 22:14:30,426 [ERROR] LogOutputStream:75 - [STDERR_REDIRECT] [Fatal Error] :1:1: Premature end of file.
2026-04-30 22:14:30,426 [ERROR] LogOutputStream:75 - [STDERR_REDIRECT] 
2026-04-30 22:14:30,608 [ERROR] LogOutputStream:75 - [STDERR_REDIRECT] 
2026-04-30 22:14:30,612 [ERROR] LogOutputStream:75 - [STDERR_REDIRECT] 
