2026-04-19 23:34:42,024 [INFO] Activator:176 - 


2026-04-19 23:34:42,024 [INFO] Activator:177 - !SESSION log4j initialized
2026-04-19 23:34:48,113 [INFO] LogOutputStream:77 - [STDOUT_REDIRECT] 
2026-04-19 23:34:51,040 [INFO] ApplicationProperties:184 - Using Application install path: C:\ST\STM32CubeIDE_1.19.0\STM32CubeIDE\plugins\com.st.stm32cube.common.mx_6.15.0.202507011659
2026-04-19 23:34:51,067 [INFO] DbMcusXml:78 - Set database path to: C:\ST\STM32CubeIDE_1.19.0\STM32CubeIDE\plugins\com.st.stm32cube.common.mx_6.15.0.202507011659\\db\/mcu/
2026-04-19 23:34:51,067 [INFO] ApiDb:274 - Set plugin database path to: C:\ST\STM32CubeIDE_1.19.0\STM32CubeIDE\plugins\com.st.stm32cube.common.mx_6.15.0.202507011659\\db\/plugins/boardmanager/
2026-04-19 23:34:51,067 [WARN] ApiDb:259 - Overriding images path with different value:  => C:\ST\STM32CubeIDE_1.19.0\STM32CubeIDE\plugins\com.st.stm32cube.common.mx_6.15.0.202507011659\\db\/plugins/mcufinder/images/
2026-04-19 23:34:51,075 [INFO] ApiDb:250 - Set database path to: C:\Users\santi\.stmcufinder\plugins\mcufinder//mcu/
2026-04-19 23:34:51,078 [INFO] DbMcusAds:125 - Set database path to: C:\Users\santi\.stmcufinder\plugins\mcufinder//mcu/
2026-04-19 23:34:51,081 [INFO] CrossReferenceDbSqlite:203 - Set database path to: C:\Users\santi\.stmcufinder\plugins\mcufinder//mcu/cs/
2026-04-19 23:34:51,261 [INFO] RulesReader:64 - Compatibility file has been processed (317 Rules)
2026-04-19 23:34:51,387 [INFO] DbMcusXml:78 - Set database path to: C:\ST\STM32CubeIDE_1.19.0\STM32CubeIDE\plugins\com.st.stm32cube.common.mx_6.15.0.202507011659\\db\/mcu/
2026-04-19 23:34:51,387 [INFO] ApiDb:274 - Set plugin database path to: C:\ST\STM32CubeIDE_1.19.0\STM32CubeIDE\plugins\com.st.stm32cube.common.mx_6.15.0.202507011659\\db\/plugins/boardmanager/
2026-04-19 23:34:51,387 [INFO] ApiDb:261 - Set plugin images path to: C:\ST\STM32CubeIDE_1.19.0\STM32CubeIDE\plugins\com.st.stm32cube.common.mx_6.15.0.202507011659\\db\/plugins/mcufinder/images/
2026-04-19 23:34:51,387 [WARN] DbFile:41 - Overriding database path with different value: C:\Users\santi\.stmcufinder\plugins\mcufinder/ => C:\Users\santi\.stmcufinder\plugins\mcufinder
2026-04-19 23:34:51,388 [INFO] ApiDb:250 - Set database path to: C:\Users\santi\.stmcufinder\plugins\mcufinder//mcu/
2026-04-19 23:34:51,388 [WARN] DbFile:41 - Overriding database path with different value: C:\Users\santi\.stmcufinder\plugins\mcufinder/ => C:\Users\santi\.stmcufinder\plugins\mcufinder
2026-04-19 23:34:51,388 [INFO] DbMcusAds:125 - Set database path to: C:\Users\santi\.stmcufinder\plugins\mcufinder//mcu/
2026-04-19 23:34:51,388 [WARN] DbFile:41 - Overriding database path with different value: C:\Users\santi\.stmcufinder\plugins\mcufinder/ => C:\Users\santi\.stmcufinder\plugins\mcufinder
2026-04-19 23:34:51,388 [WARN] DbFile:41 - Overriding database path with different value: C:\Users\santi\.stmcufinder\plugins\mcufinder/ => C:\Users\santi\.stmcufinder\plugins\mcufinder
2026-04-19 23:34:51,388 [INFO] CrossReferenceDbSqlite:203 - Set database path to: C:\Users\santi\.stmcufinder\plugins\mcufinder//mcu/cs/
2026-04-19 23:34:51,487 [INFO] MainPanel:274 - HeapMemory: 296747008
2026-04-19 23:34:51,639 [INFO] DbMcusXml:78 - Set database path to: C:\ST\STM32CubeIDE_1.19.0\STM32CubeIDE\plugins\com.st.stm32cube.common.mx_6.15.0.202507011659\\db\/mcu/
2026-04-19 23:34:51,640 [INFO] ApiDb:274 - Set plugin database path to: C:\ST\STM32CubeIDE_1.19.0\STM32CubeIDE\plugins\com.st.stm32cube.common.mx_6.15.0.202507011659\\db\/plugins/boardmanager/
2026-04-19 23:34:51,640 [INFO] ApiDb:261 - Set plugin images path to: C:\ST\STM32CubeIDE_1.19.0\STM32CubeIDE\plugins\com.st.stm32cube.common.mx_6.15.0.202507011659\\db\/plugins/mcufinder/images/
2026-04-19 23:34:51,640 [WARN] DbFile:41 - Overriding database path with different value: C:\Users\santi\.stmcufinder\plugins\mcufinder/ => C:\Users\santi\.stmcufinder\plugins\mcufinder
2026-04-19 23:34:51,641 [INFO] ApiDb:250 - Set database path to: C:\Users\santi\.stmcufinder\plugins\mcufinder//mcu/
2026-04-19 23:34:51,641 [WARN] DbFile:41 - Overriding database path with different value: C:\Users\santi\.stmcufinder\plugins\mcufinder/ => C:\Users\santi\.stmcufinder\plugins\mcufinder
2026-04-19 23:34:51,641 [INFO] DbMcusAds:125 - Set database path to: C:\Users\santi\.stmcufinder\plugins\mcufinder//mcu/
2026-04-19 23:34:51,641 [WARN] DbFile:41 - Overriding database path with different value: C:\Users\santi\.stmcufinder\plugins\mcufinder/ => C:\Users\santi\.stmcufinder\plugins\mcufinder
2026-04-19 23:34:51,641 [WARN] DbFile:41 - Overriding database path with different value: C:\Users\santi\.stmcufinder\plugins\mcufinder/ => C:\Users\santi\.stmcufinder\plugins\mcufinder
2026-04-19 23:34:51,641 [INFO] CrossReferenceDbSqlite:203 - Set database path to: C:\Users\santi\.stmcufinder\plugins\mcufinder//mcu/cs/
2026-04-19 23:34:51,668 [INFO] ApplicationProperties:184 - Using Application install path: C:\ST\STM32CubeIDE_1.19.0\STM32CubeIDE\plugins\com.st.stm32cube.common.mx_6.15.0.202507011659
2026-04-19 23:34:51,671 [INFO] PluginManage:196 - Search for loadable plugins [exclusion list=, ]
2026-04-19 23:34:51,673 [INFO] PluginManage:310 - Check plugin analytics
2026-04-19 23:34:51,934 [INFO] AnalyticsPlugin:253 - Accepted Software Licenses: 
2026-04-19 23:34:51,936 [INFO] AnalyticsPlugin:255 - Accepted CMSIS Pack Licenses: 
2026-04-19 23:34:51,936 [INFO] AnalyticsPlugin:257 - Accepted Firmware Licenses: 
2026-04-19 23:34:51,939 [INFO] PluginManage:359 - Loaded plugin analytics (category:tool,tabindex:-1)
2026-04-19 23:34:51,940 [INFO] PluginManage:310 - Check plugin cadmodel
2026-04-19 23:34:51,947 [INFO] CADModel:105 - Init CAD model plugin
2026-04-19 23:34:51,947 [INFO] PluginManage:359 - Loaded plugin cadmodel (category:power,tabindex:5)
2026-04-19 23:34:51,947 [INFO] PluginManage:310 - Check plugin clock
2026-04-19 23:34:51,952 [INFO] PluginManage:359 - Loaded plugin clock (category:base,tabindex:2)
2026-04-19 23:34:51,952 [INFO] PluginManage:310 - Check plugin ddr
2026-04-19 23:34:51,957 [INFO] PluginManage:359 - Loaded plugin ddr (category:tool,tabindex:6)
2026-04-19 23:34:51,957 [INFO] PluginManage:310 - Check plugin filemanager
2026-04-19 23:34:52,151 [INFO] PluginManage:359 - Loaded plugin filemanager (category:base,tabindex:10)
2026-04-19 23:34:52,151 [INFO] PluginManage:310 - Check plugin ipmanager
2026-04-19 23:34:52,162 [INFO] PluginManage:359 - Loaded plugin ipmanager (category:base,tabindex:5)
2026-04-19 23:34:52,162 [INFO] PluginManage:310 - Check plugin lpbam
2026-04-19 23:34:52,171 [INFO] PluginManage:359 - Loaded plugin lpbam (category:base,tabindex:0)
2026-04-19 23:34:52,171 [INFO] PluginManage:310 - Check plugin memorymap
2026-04-19 23:34:52,188 [INFO] PluginManage:359 - Loaded plugin memorymap (category:base,tabindex:4)
2026-04-19 23:34:52,188 [INFO] PluginManage:310 - Check plugin pinoutandconfiguration
2026-04-19 23:34:52,199 [INFO] PluginManage:359 - Loaded plugin pinoutandconfiguration (category:base,tabindex:1)
2026-04-19 23:34:52,199 [INFO] PluginManage:310 - Check plugin pinoutconfig
2026-04-19 23:34:52,423 [WARN] SupportedApi:132 - Cannot load RTOS API schema: s4s-elt-must-match.1: The content of 'definitions' must match (annotation?, (simpleType | complexType)?, (unique | key | keyref)*)). A problem was found starting at: attribute.
2026-04-19 23:34:52,555 [INFO] PluginManage:359 - Loaded plugin pinoutconfig (category:base,tabindex:0)
2026-04-19 23:34:52,555 [INFO] PluginManage:310 - Check plugin power
2026-04-19 23:34:52,564 [INFO] PluginManage:359 - Loaded plugin power (category:power,tabindex:4)
2026-04-19 23:34:52,565 [INFO] PluginManage:310 - Check plugin projectmanager
2026-04-19 23:34:52,584 [INFO] PluginManage:359 - Loaded plugin projectmanager (category:projectmanager,tabindex:4)
2026-04-19 23:34:52,585 [INFO] PluginManage:310 - Check plugin rif
2026-04-19 23:34:52,595 [INFO] PluginManage:359 - Loaded plugin rif (category:base,tabindex:3)
2026-04-19 23:34:52,596 [INFO] PluginManage:310 - Check plugin thirdparty
2026-04-19 23:34:52,720 [INFO] PluginManage:359 - Loaded plugin thirdparty (category:base,tabindex:-1)
2026-04-19 23:34:52,720 [INFO] PluginManage:310 - Check plugin tools
2026-04-19 23:34:52,720 [WARN] IntegrityCheckThread:84 - waiting for thirdparty lock release [integrity check]
2026-04-19 23:34:52,720 [INFO] IntegrityCheckThread:86 - entering critical section [integrity check]
2026-04-19 23:34:52,722 [INFO] ThirdPartyUpdaterWithRetryManager:70 - Updater plugin not ready yet. [1/15]
2026-04-19 23:34:52,723 [INFO] PluginManage:359 - Loaded plugin tools (category:base,tabindex:7)
2026-04-19 23:34:52,724 [INFO] PluginManage:310 - Check plugin tutovideos
2026-04-19 23:34:52,898 [INFO] PluginManage:359 - Loaded plugin tutovideos (category:base,tabindex:-1)
2026-04-19 23:34:52,898 [INFO] PluginManage:310 - Check plugin updater
2026-04-19 23:34:52,922 [INFO] PluginManage:359 - Loaded plugin updater (category:base,tabindex:12)
2026-04-19 23:34:52,922 [INFO] PluginManage:310 - Check plugin userauth
2026-04-19 23:34:52,925 [INFO] UserAuth:118 - Init User Auth plugin
2026-04-19 23:34:52,927 [INFO] PluginManage:359 - Loaded plugin userauth (category:base,tabindex:14)
2026-04-19 23:34:52,928 [INFO] PluginManage:283 - PluginManage : Loaded plugins [18]
2026-04-19 23:34:53,190 [INFO] PinOutPanel:1589 - setPackage(No Configuration,No Configuration)
2026-04-19 23:34:53,305 [INFO] CADModel:165 - CPN selected for project level
2026-04-19 23:34:53,306 [INFO] CADModel:114 - Register for checkConnection events
2026-04-19 23:34:53,339 [INFO] IPUIPlugin:80 - create IPUIPlugin
2026-04-19 23:34:53,339 [INFO] PluginManager:220 - loadIPPluginJar : add adc
2026-04-19 23:34:53,343 [INFO] IPUIPlugin:80 - create IPUIPlugin
2026-04-19 23:34:53,343 [INFO] PluginManager:220 - loadIPPluginJar : add aes
2026-04-19 23:34:53,345 [INFO] IPUIPlugin:80 - create IPUIPlugin
2026-04-19 23:34:53,346 [INFO] PluginManager:220 - loadIPPluginJar : add can
2026-04-19 23:34:53,347 [INFO] IPUIPlugin:80 - create IPUIPlugin
2026-04-19 23:34:53,348 [INFO] PluginManager:220 - loadIPPluginJar : add comp
2026-04-19 23:34:53,350 [INFO] IPUIPlugin:80 - create IPUIPlugin
2026-04-19 23:34:53,350 [INFO] PluginManager:220 - loadIPPluginJar : add cryp
2026-04-19 23:34:53,355 [INFO] IPUIPlugin:80 - create IPUIPlugin
2026-04-19 23:34:53,355 [INFO] PluginManager:220 - loadIPPluginJar : add ddr_ctrl_phy
2026-04-19 23:34:53,359 [INFO] IPUIPlugin:80 - create IPUIPlugin
2026-04-19 23:34:53,359 [INFO] PluginManager:220 - loadIPPluginJar : add dfsdm
2026-04-19 23:34:53,366 [INFO] IPUIPlugin:80 - create IPUIPlugin
2026-04-19 23:34:53,367 [INFO] PluginManager:220 - loadIPPluginJar : add dma
2026-04-19 23:34:53,370 [INFO] IPUIPlugin:80 - create IPUIPlugin
2026-04-19 23:34:53,370 [INFO] PluginManager:220 - loadIPPluginJar : add dma3
2026-04-19 23:34:53,376 [INFO] IPUIPlugin:80 - create IPUIPlugin
2026-04-19 23:34:53,376 [INFO] PluginManager:220 - loadIPPluginJar : add extmemmanager
2026-04-19 23:34:53,378 [INFO] IPUIPlugin:80 - create IPUIPlugin
2026-04-19 23:34:53,379 [INFO] PluginManager:220 - loadIPPluginJar : add fatfs
2026-04-19 23:34:53,383 [INFO] IPUIPlugin:80 - create IPUIPlugin
2026-04-19 23:34:53,384 [INFO] PluginManager:220 - loadIPPluginJar : add fmc
2026-04-19 23:34:53,393 [INFO] IPUIPlugin:80 - create IPUIPlugin
2026-04-19 23:34:53,394 [INFO] PluginManager:220 - loadIPPluginJar : add freertos
2026-04-19 23:34:53,395 [INFO] IPUIPlugin:80 - create IPUIPlugin
2026-04-19 23:34:53,395 [INFO] PluginManager:220 - loadIPPluginJar : add genericplugin
2026-04-19 23:34:53,398 [INFO] IPUIPlugin:80 - create IPUIPlugin
2026-04-19 23:34:53,398 [INFO] PluginManager:220 - loadIPPluginJar : add gfxmmu
2026-04-19 23:34:53,407 [INFO] IPUIPlugin:80 - create IPUIPlugin
2026-04-19 23:34:53,408 [INFO] PluginManager:220 - loadIPPluginJar : add gic
2026-04-19 23:34:53,413 [INFO] IPUIPlugin:80 - create IPUIPlugin
2026-04-19 23:34:53,413 [INFO] PluginManager:220 - loadIPPluginJar : add gpio
2026-04-19 23:34:53,416 [INFO] IPUIPlugin:80 - create IPUIPlugin
2026-04-19 23:34:53,417 [INFO] PluginManager:220 - loadIPPluginJar : add gtzc
2026-04-19 23:34:53,422 [INFO] IPUIPlugin:80 - create IPUIPlugin
2026-04-19 23:34:53,422 [INFO] PluginManager:220 - loadIPPluginJar : add hash
2026-04-19 23:34:53,426 [INFO] IPUIPlugin:80 - create IPUIPlugin
2026-04-19 23:34:53,426 [INFO] PluginManager:220 - loadIPPluginJar : add i2c
2026-04-19 23:34:53,429 [INFO] IPUIPlugin:80 - create IPUIPlugin
2026-04-19 23:34:53,429 [INFO] PluginManager:220 - loadIPPluginJar : add i2s
2026-04-19 23:34:53,432 [INFO] IPUIPlugin:80 - create IPUIPlugin
2026-04-19 23:34:53,432 [INFO] PluginManager:220 - loadIPPluginJar : add i3c
2026-04-19 23:34:53,436 [INFO] IPUIPlugin:80 - create IPUIPlugin
2026-04-19 23:34:53,437 [INFO] PluginManager:220 - loadIPPluginJar : add ipddr
2026-04-19 23:34:53,445 [INFO] IPUIPlugin:80 - create IPUIPlugin
2026-04-19 23:34:53,446 [INFO] PluginManager:220 - loadIPPluginJar : add linkedlist
2026-04-19 23:34:53,449 [INFO] IPUIPlugin:80 - create IPUIPlugin
2026-04-19 23:34:53,449 [INFO] PluginManager:220 - loadIPPluginJar : add lorawan
2026-04-19 23:34:53,450 [INFO] IPUIPlugin:80 - create IPUIPlugin
2026-04-19 23:34:53,450 [INFO] PluginManager:220 - loadIPPluginJar : add ltdc
2026-04-19 23:34:53,458 [INFO] IPUIPlugin:80 - create IPUIPlugin
2026-04-19 23:34:53,458 [INFO] PluginManager:220 - loadIPPluginJar : add mdma
2026-04-19 23:34:53,462 [INFO] IPUIPlugin:80 - create IPUIPlugin
2026-04-19 23:34:53,463 [INFO] PluginManager:220 - loadIPPluginJar : add nvic
2026-04-19 23:34:53,466 [INFO] IPUIPlugin:80 - create IPUIPlugin
2026-04-19 23:34:53,466 [INFO] PluginManager:220 - loadIPPluginJar : add opamp
2026-04-19 23:34:53,473 [INFO] IPUIPlugin:80 - create IPUIPlugin
2026-04-19 23:34:53,474 [INFO] PluginManager:220 - loadIPPluginJar : add openamp
2026-04-19 23:34:53,478 [INFO] IPUIPlugin:80 - create IPUIPlugin
2026-04-19 23:34:53,478 [INFO] PluginManager:220 - loadIPPluginJar : add pdm2pcm
2026-04-19 23:34:53,485 [INFO] IPUIPlugin:80 - create IPUIPlugin
2026-04-19 23:34:53,489 [INFO] PluginManager:220 - loadIPPluginJar : add plateformsettings
2026-04-19 23:34:53,490 [INFO] IPUIPlugin:80 - create IPUIPlugin
2026-04-19 23:34:53,490 [INFO] PluginManager:220 - loadIPPluginJar : add quadspi
2026-04-19 23:34:53,492 [INFO] IPUIPlugin:80 - create IPUIPlugin
2026-04-19 23:34:53,493 [INFO] PluginManager:220 - loadIPPluginJar : add radio
2026-04-19 23:34:53,496 [INFO] IPUIPlugin:80 - create IPUIPlugin
2026-04-19 23:34:53,496 [INFO] PluginManager:220 - loadIPPluginJar : add resmgrutility
2026-04-19 23:34:53,498 [INFO] IPUIPlugin:80 - create IPUIPlugin
2026-04-19 23:34:53,499 [INFO] PluginManager:220 - loadIPPluginJar : add sai
2026-04-19 23:34:53,501 [INFO] IPUIPlugin:80 - create IPUIPlugin
2026-04-19 23:34:53,501 [INFO] PluginManager:220 - loadIPPluginJar : add spi
2026-04-19 23:34:53,506 [INFO] IPUIPlugin:80 - create IPUIPlugin
2026-04-19 23:34:53,506 [INFO] PluginManager:220 - loadIPPluginJar : add stm32_wpan
2026-04-19 23:34:53,508 [INFO] IPUIPlugin:80 - create IPUIPlugin
2026-04-19 23:34:53,508 [INFO] PluginManager:220 - loadIPPluginJar : add tim
2026-04-19 23:34:53,512 [INFO] IPUIPlugin:80 - create IPUIPlugin
2026-04-19 23:34:53,512 [INFO] PluginManager:220 - loadIPPluginJar : add touchsensing
2026-04-19 23:34:53,514 [INFO] IPUIPlugin:80 - create IPUIPlugin
2026-04-19 23:34:53,514 [INFO] PluginManager:220 - loadIPPluginJar : add tracer_emb
2026-04-19 23:34:53,516 [INFO] IPUIPlugin:80 - create IPUIPlugin
2026-04-19 23:34:53,516 [INFO] PluginManager:220 - loadIPPluginJar : add ts
2026-04-19 23:34:53,519 [INFO] IPUIPlugin:80 - create IPUIPlugin
2026-04-19 23:34:53,519 [INFO] PluginManager:220 - loadIPPluginJar : add tsc
2026-04-19 23:34:53,522 [INFO] IPUIPlugin:80 - create IPUIPlugin
2026-04-19 23:34:53,522 [INFO] PluginManager:220 - loadIPPluginJar : add ucpd
2026-04-19 23:34:53,525 [INFO] IPUIPlugin:80 - create IPUIPlugin
2026-04-19 23:34:53,525 [INFO] PluginManager:220 - loadIPPluginJar : add usart
2026-04-19 23:34:53,529 [INFO] IPUIPlugin:80 - create IPUIPlugin
2026-04-19 23:34:53,529 [INFO] PluginManager:220 - loadIPPluginJar : add usbx
2026-04-19 23:34:53,674 [FATAL] Updater:351 - Updater called before beeing initialized
2026-04-19 23:34:53,714 [INFO] RulesReader:64 - Compatibility file has been processed (317 Rules)
2026-04-19 23:34:53,733 [INFO] RulesReader:64 - Compatibility file has been processed (317 Rules)
2026-04-19 23:34:53,742 [INFO] CADModel:165 - CPN selected for project level
2026-04-19 23:34:53,742 [INFO] CADModel:114 - Register for checkConnection events
2026-04-19 23:34:53,742 [FATAL] Updater:351 - Updater called before beeing initialized
2026-04-19 23:34:53,742 [ERROR] CADModel:125 - Updater not yet initialized, retry later 
2026-04-19 23:34:53,897 [FATAL] Updater:351 - Updater called before beeing initialized
2026-04-19 23:34:53,898 [INFO] CADModel:165 - CPN selected for project level
2026-04-19 23:34:53,899 [INFO] CADModel:114 - Register for checkConnection events
2026-04-19 23:34:53,899 [FATAL] Updater:351 - Updater called before beeing initialized
2026-04-19 23:34:53,899 [ERROR] CADModel:125 - Updater not yet initialized, retry later 
2026-04-19 23:34:53,903 [FATAL] Updater:351 - Updater called before beeing initialized
2026-04-19 23:34:54,029 [FATAL] Updater:351 - Updater called before beeing initialized
2026-04-19 23:34:54,035 [INFO] DbMcusAds:53 - JSON generation date=Thu Sep 30 03:55:09 ART 2021 (1632984909247)
2026-04-19 23:34:54,035 [FATAL] Updater:351 - Updater called before beeing initialized
2026-04-19 23:34:54,073 [WARN] DetailPanel:346 - Failed to get advertising image, set to default
2026-04-19 23:34:54,252 [FATAL] Updater:351 - Updater called before beeing initialized
2026-04-19 23:34:54,255 [FATAL] Updater:351 - Updater called before beeing initialized
2026-04-19 23:34:54,256 [FATAL] Updater:351 - Updater called before beeing initialized
2026-04-19 23:34:54,256 [WARN] DetailPanel:346 - Failed to get advertising image, set to default
2026-04-19 23:34:54,258 [FATAL] Updater:351 - Updater called before beeing initialized
2026-04-19 23:34:54,327 [ERROR] Updater:1198 - MainUpdater not yet initialized. External WinMGr cannot be set.
2026-04-19 23:34:54,328 [INFO] Updater:1134 - Updater Version found : 6.15.0
2026-04-19 23:34:54,348 [INFO] ApplicationProperties:184 - Using Application install path: C:\ST\STM32CubeIDE_1.19.0\STM32CubeIDE\plugins\com.st.stm32cube.common.mx_6.15.0.202507011659
2026-04-19 23:34:55,723 [INFO] ThirdPartyUpdaterWithRetryManager:70 - Updater plugin not ready yet. [2/15]
2026-04-19 23:34:55,920 [ERROR] LogOutputStream:75 - [STDERR_REDIRECT] Apr 19, 2026 11:34:55 PM java.util.prefs.WindowsPreferences <init>
2026-04-19 23:34:55,922 [ERROR] LogOutputStream:75 - [STDERR_REDIRECT] WARNING: Could not open/create prefs root node Software\JavaSoft\Prefs at root 0xffffffff80000002. Windows RegCreateKeyEx(...) returned error code 5.
2026-04-19 23:34:55,922 [ERROR] LogOutputStream:75 - [STDERR_REDIRECT] 
2026-04-19 23:34:56,187 [INFO] MainUpdater:2872 - connection check result : 10
2026-04-19 23:34:56,189 [INFO] MainUpdater:289 - Updater Check For Update Now.
2026-04-19 23:34:56,189 [INFO] MicroXplorer:498 - Change Database Version : DB.6.0.150
2026-04-19 23:34:56,198 [INFO] McuFinderGlobals:63 - Set McuFinder mode to 2 (CubeIDE integrated)
2026-04-19 23:34:56,198 [INFO] UserAuth:171 - activating auth plugin
2026-04-19 23:34:56,200 [INFO] UserAuth:487 - Internet connection configuration mode: 1
2026-04-19 23:34:56,222 [INFO] JxBrowserEngine:152 - Initiate JxBrowser Engine with user profile folder
2026-04-19 23:34:56,375 [INFO] CheckServerUpdateThread:120 - End of CheckServer Thread
2026-04-19 23:34:56,898 [INFO] WebApp:169 - Instantiating new browser for Auth
2026-04-19 23:34:57,841 [INFO] WebApp:463 - Apply proxy settings
2026-04-19 23:34:57,842 [INFO] WebApp:548 - Chromium requires no authentication
2026-04-19 23:34:57,849 [INFO] WebApp:491 - Direct internet connection detected
2026-04-19 23:34:57,882 [INFO] WebApp:900 - Register for checkConnection events
2026-04-19 23:34:57,882 [INFO] WebApp:463 - Apply proxy settings
2026-04-19 23:34:57,882 [INFO] WebApp:548 - Chromium requires no authentication
2026-04-19 23:34:57,883 [INFO] WebApp:491 - Direct internet connection detected
2026-04-19 23:34:58,073 [INFO] WebApp:225 - Starting web application
2026-04-19 23:34:58,073 [INFO] WebApp:593 - Web application path used C:\ST\STM32CubeIDE_1.19.0\STM32CubeIDE\plugins\com.st.stm32cube.common.mx_6.15.0.202507011659\db\plugins\mcufinder\reactClient1\index.html
2026-04-19 23:34:58,301 [ERROR] LogOutputStream:75 - [STDERR_REDIRECT] [Fatal Error] :1:1: Premature end of file.
2026-04-19 23:34:58,302 [ERROR] LogOutputStream:75 - [STDERR_REDIRECT] 
2026-04-19 23:34:58,332 [INFO] WebApp:191 - Connection restablished
2026-04-19 23:34:58,905 [WARN] PackLoader:240 - Cannot read IP mode file for STMicroelectronics.FP-ATR-ASTRA1.2.0.2
2026-04-19 23:34:58,916 [WARN] PackLoader:240 - Cannot read IP mode file for STMicroelectronics.FP-SNS-SMARTAG2.1.2.0
2026-04-19 23:34:58,927 [WARN] PackLoader:240 - Cannot read IP mode file for STMicroelectronics.FP-SNS-FLIGHT1.5.1.0
2026-04-19 23:34:58,941 [WARN] PackLoader:240 - Cannot read IP mode file for STMicroelectronics.X-CUBE-BLE2.3.3.0
2026-04-19 23:34:58,949 [WARN] PackLoader:240 - Cannot read IP mode file for STMicroelectronics.X-CUBE-BLE1.7.1.0
2026-04-19 23:34:58,958 [WARN] PackLoader:240 - Cannot read IP mode file for STMicroelectronics.FP-ATR-SIGFOX1.3.2.0
2026-04-19 23:34:58,969 [WARN] PackLoader:240 - Cannot read IP mode file for STMicroelectronics.X-CUBE-ALS.1.0.2
2026-04-19 23:34:58,972 [INFO] ThirdParty:978 - Integrity check success = true
2026-04-19 23:34:58,972 [INFO] IntegrityCheckThread:100 - exiting critical section [integrity check]
2026-04-19 23:34:58,972 [INFO] IntegrityCheckThread:103 - End integrity checks thread
2026-04-19 23:34:59,274 [ERROR] LogOutputStream:75 - [STDERR_REDIRECT] [Fatal Error] :1:1: Premature end of file.
2026-04-19 23:34:59,274 [ERROR] LogOutputStream:75 - [STDERR_REDIRECT] 
2026-04-19 23:35:00,277 [ERROR] LogOutputStream:75 - [STDERR_REDIRECT] [Fatal Error] :1:1: Premature end of file.
2026-04-19 23:35:00,277 [ERROR] LogOutputStream:75 - [STDERR_REDIRECT] 
2026-04-19 23:35:01,283 [ERROR] LogOutputStream:75 - [STDERR_REDIRECT] [Fatal Error] :1:1: Premature end of file.
2026-04-19 23:35:01,283 [ERROR] LogOutputStream:75 - [STDERR_REDIRECT] 
2026-04-19 23:35:02,284 [ERROR] LogOutputStream:75 - [STDERR_REDIRECT] [Fatal Error] :1:1: Premature end of file.
2026-04-19 23:35:02,285 [ERROR] LogOutputStream:75 - [STDERR_REDIRECT] 
2026-04-19 23:35:03,277 [ERROR] LogOutputStream:75 - [STDERR_REDIRECT] [Fatal Error] :1:1: Premature end of file.
2026-04-19 23:35:03,278 [ERROR] LogOutputStream:75 - [STDERR_REDIRECT] 
2026-04-19 23:35:04,288 [ERROR] LogOutputStream:75 - [STDERR_REDIRECT] [Fatal Error] :1:1: Premature end of file.
2026-04-19 23:35:04,288 [ERROR] LogOutputStream:75 - [STDERR_REDIRECT] 
2026-04-19 23:35:05,288 [ERROR] LogOutputStream:75 - [STDERR_REDIRECT] [Fatal Error] :1:1: Premature end of file.
2026-04-19 23:35:05,288 [ERROR] LogOutputStream:75 - [STDERR_REDIRECT] 
2026-04-19 23:35:06,285 [ERROR] LogOutputStream:75 - [STDERR_REDIRECT] [Fatal Error] :1:1: Premature end of file.
2026-04-19 23:35:06,285 [ERROR] LogOutputStream:75 - [STDERR_REDIRECT] 
2026-04-19 23:35:07,275 [ERROR] LogOutputStream:75 - [STDERR_REDIRECT] [Fatal Error] :1:1: Premature end of file.
2026-04-19 23:35:07,275 [ERROR] LogOutputStream:75 - [STDERR_REDIRECT] 
2026-04-19 23:35:08,274 [ERROR] LogOutputStream:75 - [STDERR_REDIRECT] [Fatal Error] :1:1: Premature end of file.
2026-04-19 23:35:08,274 [ERROR] LogOutputStream:75 - [STDERR_REDIRECT] 
2026-04-19 23:35:09,276 [ERROR] LogOutputStream:75 - [STDERR_REDIRECT] [Fatal Error] :1:1: Premature end of file.
2026-04-19 23:35:09,276 [ERROR] LogOutputStream:75 - [STDERR_REDIRECT] 
2026-04-19 23:35:10,272 [ERROR] LogOutputStream:75 - [STDERR_REDIRECT] [Fatal Error] :1:1: Premature end of file.
2026-04-19 23:35:10,272 [ERROR] LogOutputStream:75 - [STDERR_REDIRECT] 
2026-04-19 23:35:11,283 [ERROR] LogOutputStream:75 - [STDERR_REDIRECT] [Fatal Error] :1:1: Premature end of file.
2026-04-19 23:35:11,283 [ERROR] LogOutputStream:75 - [STDERR_REDIRECT] 
2026-04-19 23:35:12,298 [ERROR] LogOutputStream:75 - [STDERR_REDIRECT] [Fatal Error] :1:1: Premature end of file.
2026-04-19 23:35:12,298 [ERROR] LogOutputStream:75 - [STDERR_REDIRECT] 
2026-04-19 23:35:13,276 [ERROR] LogOutputStream:75 - [STDERR_REDIRECT] [Fatal Error] :1:1: Premature end of file.
2026-04-19 23:35:13,277 [ERROR] LogOutputStream:75 - [STDERR_REDIRECT] 
2026-04-19 23:35:14,284 [ERROR] LogOutputStream:75 - [STDERR_REDIRECT] [Fatal Error] :1:1: Premature end of file.
2026-04-19 23:35:14,284 [ERROR] LogOutputStream:75 - [STDERR_REDIRECT] 
2026-04-19 23:35:15,273 [ERROR] LogOutputStream:75 - [STDERR_REDIRECT] [Fatal Error] :1:1: Premature end of file.
2026-04-19 23:35:15,273 [ERROR] LogOutputStream:75 - [STDERR_REDIRECT] 
2026-04-19 23:35:16,286 [ERROR] LogOutputStream:75 - [STDERR_REDIRECT] [Fatal Error] :1:1: Premature end of file.
2026-04-19 23:35:16,287 [ERROR] LogOutputStream:75 - [STDERR_REDIRECT] 
2026-04-19 23:35:17,280 [ERROR] LogOutputStream:75 - [STDERR_REDIRECT] [Fatal Error] :1:1: Premature end of file.
2026-04-19 23:35:17,281 [ERROR] LogOutputStream:75 - [STDERR_REDIRECT] 
2026-04-19 23:35:18,279 [ERROR] LogOutputStream:75 - [STDERR_REDIRECT] [Fatal Error] :1:1: Premature end of file.
2026-04-19 23:35:18,279 [ERROR] LogOutputStream:75 - [STDERR_REDIRECT] 
2026-04-19 23:35:19,284 [ERROR] LogOutputStream:75 - [STDERR_REDIRECT] [Fatal Error] :1:1: Premature end of file.
2026-04-19 23:35:19,284 [ERROR] LogOutputStream:75 - [STDERR_REDIRECT] 
2026-04-19 23:35:20,273 [ERROR] LogOutputStream:75 - [STDERR_REDIRECT] [Fatal Error] :1:1: Premature end of file.
2026-04-19 23:35:20,273 [ERROR] LogOutputStream:75 - [STDERR_REDIRECT] 
2026-04-19 23:35:21,274 [ERROR] LogOutputStream:75 - [STDERR_REDIRECT] [Fatal Error] :1:1: Premature end of file.
2026-04-19 23:35:21,274 [ERROR] LogOutputStream:75 - [STDERR_REDIRECT] 
2026-04-19 23:35:22,274 [ERROR] LogOutputStream:75 - [STDERR_REDIRECT] [Fatal Error] :1:1: Premature end of file.
2026-04-19 23:35:22,274 [ERROR] LogOutputStream:75 - [STDERR_REDIRECT] 
2026-04-19 23:35:23,284 [ERROR] LogOutputStream:75 - [STDERR_REDIRECT] [Fatal Error] :1:1: Premature end of file.
2026-04-19 23:35:23,284 [ERROR] LogOutputStream:75 - [STDERR_REDIRECT] 
2026-04-19 23:35:24,272 [ERROR] LogOutputStream:75 - [STDERR_REDIRECT] [Fatal Error] :1:1: Premature end of file.
2026-04-19 23:35:24,272 [ERROR] LogOutputStream:75 - [STDERR_REDIRECT] 
2026-04-19 23:35:25,292 [ERROR] LogOutputStream:75 - [STDERR_REDIRECT] [Fatal Error] :1:1: Premature end of file.
2026-04-19 23:35:25,292 [ERROR] LogOutputStream:75 - [STDERR_REDIRECT] 
2026-04-19 23:35:26,284 [ERROR] LogOutputStream:75 - [STDERR_REDIRECT] [Fatal Error] :1:1: Premature end of file.
2026-04-19 23:35:26,284 [ERROR] LogOutputStream:75 - [STDERR_REDIRECT] 
2026-04-19 23:35:27,285 [ERROR] LogOutputStream:75 - [STDERR_REDIRECT] [Fatal Error] :1:1: Premature end of file.
2026-04-19 23:35:27,286 [ERROR] LogOutputStream:75 - [STDERR_REDIRECT] 
2026-04-19 23:35:28,284 [ERROR] LogOutputStream:75 - [STDERR_REDIRECT] [Fatal Error] :1:1: Premature end of file.
2026-04-19 23:35:28,284 [ERROR] LogOutputStream:75 - [STDERR_REDIRECT] 
2026-04-19 23:35:29,272 [ERROR] LogOutputStream:75 - [STDERR_REDIRECT] [Fatal Error] :1:1: Premature end of file.
2026-04-19 23:35:29,272 [ERROR] LogOutputStream:75 - [STDERR_REDIRECT] 
2026-04-19 23:35:30,274 [ERROR] LogOutputStream:75 - [STDERR_REDIRECT] [Fatal Error] :1:1: Premature end of file.
2026-04-19 23:35:30,274 [ERROR] LogOutputStream:75 - [STDERR_REDIRECT] 
2026-04-19 23:35:31,283 [ERROR] LogOutputStream:75 - [STDERR_REDIRECT] [Fatal Error] :1:1: Premature end of file.
2026-04-19 23:35:31,283 [ERROR] LogOutputStream:75 - [STDERR_REDIRECT] 
2026-04-19 23:35:32,272 [ERROR] LogOutputStream:75 - [STDERR_REDIRECT] [Fatal Error] :1:1: Premature end of file.
2026-04-19 23:35:32,272 [ERROR] LogOutputStream:75 - [STDERR_REDIRECT] 
2026-04-19 23:35:33,283 [ERROR] LogOutputStream:75 - [STDERR_REDIRECT] [Fatal Error] :1:1: Premature end of file.
2026-04-19 23:35:33,283 [ERROR] LogOutputStream:75 - [STDERR_REDIRECT] 
2026-04-19 23:35:34,264 [ERROR] LogOutputStream:75 - [STDERR_REDIRECT] [Fatal Error] :1:1: Premature end of file.
2026-04-19 23:35:34,264 [ERROR] LogOutputStream:75 - [STDERR_REDIRECT] 
2026-04-19 23:35:35,275 [ERROR] LogOutputStream:75 - [STDERR_REDIRECT] [Fatal Error] :1:1: Premature end of file.
2026-04-19 23:35:35,275 [ERROR] LogOutputStream:75 - [STDERR_REDIRECT] 
2026-04-19 23:35:36,273 [ERROR] LogOutputStream:75 - [STDERR_REDIRECT] [Fatal Error] :1:1: Premature end of file.
2026-04-19 23:35:36,275 [ERROR] LogOutputStream:75 - [STDERR_REDIRECT] 
2026-04-19 23:35:37,274 [ERROR] LogOutputStream:75 - [STDERR_REDIRECT] [Fatal Error] :1:1: Premature end of file.
2026-04-19 23:35:37,278 [ERROR] LogOutputStream:75 - [STDERR_REDIRECT] 
2026-04-19 23:35:38,284 [ERROR] LogOutputStream:75 - [STDERR_REDIRECT] [Fatal Error] :1:1: Premature end of file.
2026-04-19 23:35:38,285 [ERROR] LogOutputStream:75 - [STDERR_REDIRECT] 
2026-04-19 23:35:39,284 [ERROR] LogOutputStream:75 - [STDERR_REDIRECT] [Fatal Error] :1:1: Premature end of file.
2026-04-19 23:35:39,284 [ERROR] LogOutputStream:75 - [STDERR_REDIRECT] 
2026-04-19 23:35:40,275 [ERROR] LogOutputStream:75 - [STDERR_REDIRECT] [Fatal Error] :1:1: Premature end of file.
2026-04-19 23:35:40,275 [ERROR] LogOutputStream:75 - [STDERR_REDIRECT] 
2026-04-19 23:35:41,272 [ERROR] LogOutputStream:75 - [STDERR_REDIRECT] [Fatal Error] :1:1: Premature end of file.
2026-04-19 23:35:41,273 [ERROR] LogOutputStream:75 - [STDERR_REDIRECT] 
2026-04-19 23:35:42,282 [ERROR] LogOutputStream:75 - [STDERR_REDIRECT] [Fatal Error] :1:1: Premature end of file.
2026-04-19 23:35:42,283 [ERROR] LogOutputStream:75 - [STDERR_REDIRECT] 
2026-04-19 23:35:43,274 [ERROR] LogOutputStream:75 - [STDERR_REDIRECT] [Fatal Error] :1:1: Premature end of file.
2026-04-19 23:35:43,274 [ERROR] LogOutputStream:75 - [STDERR_REDIRECT] 
2026-04-19 23:35:44,284 [ERROR] LogOutputStream:75 - [STDERR_REDIRECT] [Fatal Error] :1:1: Premature end of file.
2026-04-19 23:35:44,284 [ERROR] LogOutputStream:75 - [STDERR_REDIRECT] 
2026-04-19 23:35:45,272 [ERROR] LogOutputStream:75 - [STDERR_REDIRECT] [Fatal Error] :1:1: Premature end of file.
2026-04-19 23:35:45,272 [ERROR] LogOutputStream:75 - [STDERR_REDIRECT] 
2026-04-19 23:35:46,285 [ERROR] LogOutputStream:75 - [STDERR_REDIRECT] [Fatal Error] :1:1: Premature end of file.
2026-04-19 23:35:46,286 [ERROR] LogOutputStream:75 - [STDERR_REDIRECT] 
2026-04-19 23:35:47,285 [ERROR] LogOutputStream:75 - [STDERR_REDIRECT] [Fatal Error] :1:1: Premature end of file.
2026-04-19 23:35:47,285 [ERROR] LogOutputStream:75 - [STDERR_REDIRECT] 
2026-04-19 23:35:48,263 [ERROR] LogOutputStream:75 - [STDERR_REDIRECT] [Fatal Error] :1:1: Premature end of file.
2026-04-19 23:35:48,272 [ERROR] LogOutputStream:75 - [STDERR_REDIRECT] 
2026-04-19 23:35:49,275 [ERROR] LogOutputStream:75 - [STDERR_REDIRECT] [Fatal Error] :1:1: Premature end of file.
2026-04-19 23:35:49,275 [ERROR] LogOutputStream:75 - [STDERR_REDIRECT] 
2026-04-19 23:35:50,287 [ERROR] LogOutputStream:75 - [STDERR_REDIRECT] [Fatal Error] :1:1: Premature end of file.
2026-04-19 23:35:50,287 [ERROR] LogOutputStream:75 - [STDERR_REDIRECT] 
2026-04-19 23:35:51,276 [ERROR] LogOutputStream:75 - [STDERR_REDIRECT] [Fatal Error] :1:1: Premature end of file.
2026-04-19 23:35:51,276 [ERROR] LogOutputStream:75 - [STDERR_REDIRECT] 
2026-04-19 23:35:52,272 [ERROR] LogOutputStream:75 - [STDERR_REDIRECT] [Fatal Error] :1:1: Premature end of file.
2026-04-19 23:35:52,272 [ERROR] LogOutputStream:75 - [STDERR_REDIRECT] 
2026-04-19 23:35:53,300 [ERROR] LogOutputStream:75 - [STDERR_REDIRECT] [Fatal Error] :1:1: Premature end of file.
2026-04-19 23:35:53,300 [ERROR] LogOutputStream:75 - [STDERR_REDIRECT] 
2026-04-19 23:35:54,273 [ERROR] LogOutputStream:75 - [STDERR_REDIRECT] [Fatal Error] :1:1: Premature end of file.
2026-04-19 23:35:54,274 [ERROR] LogOutputStream:75 - [STDERR_REDIRECT] 
2026-04-19 23:35:55,286 [ERROR] LogOutputStream:75 - [STDERR_REDIRECT] [Fatal Error] :1:1: Premature end of file.
2026-04-19 23:35:55,287 [ERROR] LogOutputStream:75 - [STDERR_REDIRECT] 
2026-04-19 23:35:56,270 [ERROR] LogOutputStream:75 - [STDERR_REDIRECT] [Fatal Error] :1:1: Premature end of file.
2026-04-19 23:35:56,271 [ERROR] LogOutputStream:75 - [STDERR_REDIRECT] 
2026-04-19 23:35:57,278 [ERROR] LogOutputStream:75 - [STDERR_REDIRECT] [Fatal Error] :1:1: Premature end of file.
2026-04-19 23:35:57,278 [ERROR] LogOutputStream:75 - [STDERR_REDIRECT] 
2026-04-19 23:35:58,284 [ERROR] LogOutputStream:75 - [STDERR_REDIRECT] [Fatal Error] :1:1: Premature end of file.
2026-04-19 23:35:58,284 [ERROR] LogOutputStream:75 - [STDERR_REDIRECT] 
2026-04-19 23:35:59,285 [ERROR] LogOutputStream:75 - [STDERR_REDIRECT] [Fatal Error] :1:1: Premature end of file.
2026-04-19 23:35:59,286 [ERROR] LogOutputStream:75 - [STDERR_REDIRECT] 
2026-04-19 23:36:00,273 [ERROR] LogOutputStream:75 - [STDERR_REDIRECT] [Fatal Error] :1:1: Premature end of file.
2026-04-19 23:36:00,273 [ERROR] LogOutputStream:75 - [STDERR_REDIRECT] 
2026-04-19 23:36:01,270 [ERROR] LogOutputStream:75 - [STDERR_REDIRECT] [Fatal Error] :1:1: Premature end of file.
2026-04-19 23:36:01,270 [ERROR] LogOutputStream:75 - [STDERR_REDIRECT] 
2026-04-19 23:36:02,284 [ERROR] LogOutputStream:75 - [STDERR_REDIRECT] [Fatal Error] :1:1: Premature end of file.
2026-04-19 23:36:02,284 [ERROR] LogOutputStream:75 - [STDERR_REDIRECT] 
2026-04-19 23:36:03,282 [ERROR] LogOutputStream:75 - [STDERR_REDIRECT] [Fatal Error] :1:1: Premature end of file.
2026-04-19 23:36:03,282 [ERROR] LogOutputStream:75 - [STDERR_REDIRECT] 
2026-04-19 23:36:04,266 [ERROR] LogOutputStream:75 - [STDERR_REDIRECT] [Fatal Error] :1:1: Premature end of file.
2026-04-19 23:36:04,266 [ERROR] LogOutputStream:75 - [STDERR_REDIRECT] 
2026-04-19 23:36:05,281 [ERROR] LogOutputStream:75 - [STDERR_REDIRECT] [Fatal Error] :1:1: Premature end of file.
2026-04-19 23:36:05,281 [ERROR] LogOutputStream:75 - [STDERR_REDIRECT] 
2026-04-19 23:36:06,276 [ERROR] LogOutputStream:75 - [STDERR_REDIRECT] [Fatal Error] :1:1: Premature end of file.
2026-04-19 23:36:06,276 [ERROR] LogOutputStream:75 - [STDERR_REDIRECT] 
2026-04-19 23:36:07,279 [ERROR] LogOutputStream:75 - [STDERR_REDIRECT] [Fatal Error] :1:1: Premature end of file.
2026-04-19 23:36:07,279 [ERROR] LogOutputStream:75 - [STDERR_REDIRECT] 
2026-04-19 23:36:08,269 [ERROR] LogOutputStream:75 - [STDERR_REDIRECT] [Fatal Error] :1:1: Premature end of file.
2026-04-19 23:36:08,269 [ERROR] LogOutputStream:75 - [STDERR_REDIRECT] 
2026-04-19 23:36:09,272 [ERROR] LogOutputStream:75 - [STDERR_REDIRECT] [Fatal Error] :1:1: Premature end of file.
2026-04-19 23:36:09,272 [ERROR] LogOutputStream:75 - [STDERR_REDIRECT] 
2026-04-19 23:36:10,276 [ERROR] LogOutputStream:75 - [STDERR_REDIRECT] [Fatal Error] :1:1: Premature end of file.
2026-04-19 23:36:10,276 [ERROR] LogOutputStream:75 - [STDERR_REDIRECT] 
2026-04-19 23:36:11,294 [ERROR] LogOutputStream:75 - [STDERR_REDIRECT] [Fatal Error] :1:1: Premature end of file.
2026-04-19 23:36:11,294 [ERROR] LogOutputStream:75 - [STDERR_REDIRECT] 
2026-04-19 23:36:12,290 [ERROR] LogOutputStream:75 - [STDERR_REDIRECT] [Fatal Error] :1:1: Premature end of file.
2026-04-19 23:36:12,290 [ERROR] LogOutputStream:75 - [STDERR_REDIRECT] 
2026-04-19 23:36:13,285 [ERROR] LogOutputStream:75 - [STDERR_REDIRECT] [Fatal Error] :1:1: Premature end of file.
2026-04-19 23:36:13,285 [ERROR] LogOutputStream:75 - [STDERR_REDIRECT] 
2026-04-19 23:36:14,277 [ERROR] LogOutputStream:75 - [STDERR_REDIRECT] [Fatal Error] :1:1: Premature end of file.
2026-04-19 23:36:14,277 [ERROR] LogOutputStream:75 - [STDERR_REDIRECT] 
2026-04-19 23:36:15,270 [ERROR] LogOutputStream:75 - [STDERR_REDIRECT] [Fatal Error] :1:1: Premature end of file.
2026-04-19 23:36:15,270 [ERROR] LogOutputStream:75 - [STDERR_REDIRECT] 
2026-04-19 23:36:16,273 [ERROR] LogOutputStream:75 - [STDERR_REDIRECT] [Fatal Error] :1:1: Premature end of file.
2026-04-19 23:36:16,273 [ERROR] LogOutputStream:75 - [STDERR_REDIRECT] 
2026-04-19 23:36:17,275 [ERROR] LogOutputStream:75 - [STDERR_REDIRECT] [Fatal Error] :1:1: Premature end of file.
2026-04-19 23:36:17,276 [ERROR] LogOutputStream:75 - [STDERR_REDIRECT] 
2026-04-19 23:36:18,272 [ERROR] LogOutputStream:75 - [STDERR_REDIRECT] [Fatal Error] :1:1: Premature end of file.
2026-04-19 23:36:18,273 [ERROR] LogOutputStream:75 - [STDERR_REDIRECT] 
2026-04-19 23:36:19,264 [ERROR] LogOutputStream:75 - [STDERR_REDIRECT] [Fatal Error] :1:1: Premature end of file.
2026-04-19 23:36:19,264 [ERROR] LogOutputStream:75 - [STDERR_REDIRECT] 
2026-04-19 23:36:20,276 [ERROR] LogOutputStream:75 - [STDERR_REDIRECT] [Fatal Error] :1:1: Premature end of file.
2026-04-19 23:36:20,276 [ERROR] LogOutputStream:75 - [STDERR_REDIRECT] 
2026-04-19 23:36:21,273 [ERROR] LogOutputStream:75 - [STDERR_REDIRECT] [Fatal Error] :1:1: Premature end of file.
2026-04-19 23:36:21,273 [ERROR] LogOutputStream:75 - [STDERR_REDIRECT] 
2026-04-19 23:36:22,276 [ERROR] LogOutputStream:75 - [STDERR_REDIRECT] [Fatal Error] :1:1: Premature end of file.
2026-04-19 23:36:22,276 [ERROR] LogOutputStream:75 - [STDERR_REDIRECT] 
2026-04-19 23:36:23,283 [ERROR] LogOutputStream:75 - [STDERR_REDIRECT] [Fatal Error] :1:1: Premature end of file.
2026-04-19 23:36:23,283 [ERROR] LogOutputStream:75 - [STDERR_REDIRECT] 
2026-04-19 23:36:24,283 [ERROR] LogOutputStream:75 - [STDERR_REDIRECT] [Fatal Error] :1:1: Premature end of file.
2026-04-19 23:36:24,283 [ERROR] LogOutputStream:75 - [STDERR_REDIRECT] 
2026-04-19 23:36:25,275 [ERROR] LogOutputStream:75 - [STDERR_REDIRECT] [Fatal Error] :1:1: Premature end of file.
2026-04-19 23:36:25,275 [ERROR] LogOutputStream:75 - [STDERR_REDIRECT] 
2026-04-19 23:36:26,294 [ERROR] LogOutputStream:75 - [STDERR_REDIRECT] [Fatal Error] :1:1: Premature end of file.
2026-04-19 23:36:26,294 [ERROR] LogOutputStream:75 - [STDERR_REDIRECT] 
2026-04-19 23:36:27,277 [ERROR] LogOutputStream:75 - [STDERR_REDIRECT] [Fatal Error] :1:1: Premature end of file.
2026-04-19 23:36:27,277 [ERROR] LogOutputStream:75 - [STDERR_REDIRECT] 
2026-04-19 23:36:28,282 [ERROR] LogOutputStream:75 - [STDERR_REDIRECT] [Fatal Error] :1:1: Premature end of file.
2026-04-19 23:36:28,282 [ERROR] LogOutputStream:75 - [STDERR_REDIRECT] 
2026-04-19 23:36:29,271 [ERROR] LogOutputStream:75 - [STDERR_REDIRECT] [Fatal Error] :1:1: Premature end of file.
2026-04-19 23:36:29,271 [ERROR] LogOutputStream:75 - [STDERR_REDIRECT] 
2026-04-19 23:36:30,270 [ERROR] LogOutputStream:75 - [STDERR_REDIRECT] [Fatal Error] :1:1: Premature end of file.
2026-04-19 23:36:30,270 [ERROR] LogOutputStream:75 - [STDERR_REDIRECT] 
2026-04-19 23:36:31,291 [ERROR] LogOutputStream:75 - [STDERR_REDIRECT] [Fatal Error] :1:1: Premature end of file.
2026-04-19 23:36:31,291 [ERROR] LogOutputStream:75 - [STDERR_REDIRECT] 
2026-04-19 23:36:32,283 [ERROR] LogOutputStream:75 - [STDERR_REDIRECT] [Fatal Error] :1:1: Premature end of file.
2026-04-19 23:36:32,283 [ERROR] LogOutputStream:75 - [STDERR_REDIRECT] 
2026-04-19 23:36:33,273 [ERROR] LogOutputStream:75 - [STDERR_REDIRECT] [Fatal Error] :1:1: Premature end of file.
2026-04-19 23:36:33,273 [ERROR] LogOutputStream:75 - [STDERR_REDIRECT] 
2026-04-19 23:36:34,289 [ERROR] LogOutputStream:75 - [STDERR_REDIRECT] [Fatal Error] :1:1: Premature end of file.
2026-04-19 23:36:34,289 [ERROR] LogOutputStream:75 - [STDERR_REDIRECT] 
2026-04-19 23:36:35,277 [ERROR] LogOutputStream:75 - [STDERR_REDIRECT] [Fatal Error] :1:1: Premature end of file.
2026-04-19 23:36:35,277 [ERROR] LogOutputStream:75 - [STDERR_REDIRECT] 
2026-04-19 23:36:36,285 [ERROR] LogOutputStream:75 - [STDERR_REDIRECT] [Fatal Error] :1:1: Premature end of file.
2026-04-19 23:36:36,285 [ERROR] LogOutputStream:75 - [STDERR_REDIRECT] 
2026-04-19 23:36:37,270 [ERROR] LogOutputStream:75 - [STDERR_REDIRECT] [Fatal Error] :1:1: Premature end of file.
2026-04-19 23:36:37,271 [ERROR] LogOutputStream:75 - [STDERR_REDIRECT] 
2026-04-19 23:36:38,270 [ERROR] LogOutputStream:75 - [STDERR_REDIRECT] [Fatal Error] :1:1: Premature end of file.
2026-04-19 23:36:38,270 [ERROR] LogOutputStream:75 - [STDERR_REDIRECT] 
2026-04-19 23:36:39,288 [ERROR] LogOutputStream:75 - [STDERR_REDIRECT] [Fatal Error] :1:1: Premature end of file.
2026-04-19 23:36:39,288 [ERROR] LogOutputStream:75 - [STDERR_REDIRECT] 
2026-04-19 23:36:40,283 [ERROR] LogOutputStream:75 - [STDERR_REDIRECT] [Fatal Error] :1:1: Premature end of file.
2026-04-19 23:36:40,283 [ERROR] LogOutputStream:75 - [STDERR_REDIRECT] 
2026-04-19 23:36:41,282 [ERROR] LogOutputStream:75 - [STDERR_REDIRECT] [Fatal Error] :1:1: Premature end of file.
2026-04-19 23:36:41,282 [ERROR] LogOutputStream:75 - [STDERR_REDIRECT] 
2026-04-19 23:36:42,280 [ERROR] LogOutputStream:75 - [STDERR_REDIRECT] [Fatal Error] :1:1: Premature end of file.
2026-04-19 23:36:42,280 [ERROR] LogOutputStream:75 - [STDERR_REDIRECT] 
2026-04-19 23:36:43,277 [ERROR] LogOutputStream:75 - [STDERR_REDIRECT] [Fatal Error] :1:1: Premature end of file.
2026-04-19 23:36:43,278 [ERROR] LogOutputStream:75 - [STDERR_REDIRECT] 
2026-04-19 23:36:44,284 [ERROR] LogOutputStream:75 - [STDERR_REDIRECT] [Fatal Error] :1:1: Premature end of file.
2026-04-19 23:36:44,284 [ERROR] LogOutputStream:75 - [STDERR_REDIRECT] 
2026-04-19 23:36:45,281 [ERROR] LogOutputStream:75 - [STDERR_REDIRECT] [Fatal Error] :1:1: Premature end of file.
2026-04-19 23:36:45,281 [ERROR] LogOutputStream:75 - [STDERR_REDIRECT] 
2026-04-19 23:36:46,289 [ERROR] LogOutputStream:75 - [STDERR_REDIRECT] [Fatal Error] :1:1: Premature end of file.
2026-04-19 23:36:46,289 [ERROR] LogOutputStream:75 - [STDERR_REDIRECT] 
2026-04-19 23:36:47,272 [ERROR] LogOutputStream:75 - [STDERR_REDIRECT] [Fatal Error] :1:1: Premature end of file.
2026-04-19 23:36:47,272 [ERROR] LogOutputStream:75 - [STDERR_REDIRECT] 
2026-04-19 23:36:48,279 [ERROR] LogOutputStream:75 - [STDERR_REDIRECT] [Fatal Error] :1:1: Premature end of file.
2026-04-19 23:36:48,280 [ERROR] LogOutputStream:75 - [STDERR_REDIRECT] 
2026-04-19 23:36:49,280 [ERROR] LogOutputStream:75 - [STDERR_REDIRECT] [Fatal Error] :1:1: Premature end of file.
2026-04-19 23:36:49,282 [ERROR] LogOutputStream:75 - [STDERR_REDIRECT] 
2026-04-19 23:36:50,279 [ERROR] LogOutputStream:75 - [STDERR_REDIRECT] [Fatal Error] :1:1: Premature end of file.
2026-04-19 23:36:50,279 [ERROR] LogOutputStream:75 - [STDERR_REDIRECT] 
2026-04-19 23:36:51,281 [ERROR] LogOutputStream:75 - [STDERR_REDIRECT] [Fatal Error] :1:1: Premature end of file.
2026-04-19 23:36:51,284 [ERROR] LogOutputStream:75 - [STDERR_REDIRECT] 
2026-04-19 23:36:52,291 [ERROR] LogOutputStream:75 - [STDERR_REDIRECT] [Fatal Error] :1:1: Premature end of file.
2026-04-19 23:36:52,291 [ERROR] LogOutputStream:75 - [STDERR_REDIRECT] 
2026-04-19 23:36:53,277 [ERROR] LogOutputStream:75 - [STDERR_REDIRECT] [Fatal Error] :1:1: Premature end of file.
2026-04-19 23:36:53,277 [ERROR] LogOutputStream:75 - [STDERR_REDIRECT] 
2026-04-19 23:36:54,275 [ERROR] LogOutputStream:75 - [STDERR_REDIRECT] [Fatal Error] :1:1: Premature end of file.
2026-04-19 23:36:54,275 [ERROR] LogOutputStream:75 - [STDERR_REDIRECT] 
2026-04-19 23:36:55,284 [ERROR] LogOutputStream:75 - [STDERR_REDIRECT] [Fatal Error] :1:1: Premature end of file.
2026-04-19 23:36:55,284 [ERROR] LogOutputStream:75 - [STDERR_REDIRECT] 
2026-04-19 23:36:56,269 [ERROR] LogOutputStream:75 - [STDERR_REDIRECT] [Fatal Error] :1:1: Premature end of file.
2026-04-19 23:36:56,269 [ERROR] LogOutputStream:75 - [STDERR_REDIRECT] 
2026-04-19 23:36:57,277 [ERROR] LogOutputStream:75 - [STDERR_REDIRECT] [Fatal Error] :1:1: Premature end of file.
2026-04-19 23:36:57,279 [ERROR] LogOutputStream:75 - [STDERR_REDIRECT] 
2026-04-19 23:36:58,268 [ERROR] LogOutputStream:75 - [STDERR_REDIRECT] [Fatal Error] :1:1: Premature end of file.
2026-04-19 23:36:58,268 [ERROR] LogOutputStream:75 - [STDERR_REDIRECT] 
2026-04-19 23:36:59,269 [ERROR] LogOutputStream:75 - [STDERR_REDIRECT] [Fatal Error] :1:1: Premature end of file.
2026-04-19 23:36:59,269 [ERROR] LogOutputStream:75 - [STDERR_REDIRECT] 
2026-04-19 23:37:00,268 [ERROR] LogOutputStream:75 - [STDERR_REDIRECT] [Fatal Error] :1:1: Premature end of file.
2026-04-19 23:37:00,276 [ERROR] LogOutputStream:75 - [STDERR_REDIRECT] 
2026-04-19 23:37:01,293 [ERROR] LogOutputStream:75 - [STDERR_REDIRECT] [Fatal Error] :1:1: Premature end of file.
2026-04-19 23:37:01,293 [ERROR] LogOutputStream:75 - [STDERR_REDIRECT] 
2026-04-19 23:37:02,272 [ERROR] LogOutputStream:75 - [STDERR_REDIRECT] [Fatal Error] :1:1: Premature end of file.
2026-04-19 23:37:02,272 [ERROR] LogOutputStream:75 - [STDERR_REDIRECT] 
2026-04-19 23:37:03,263 [ERROR] LogOutputStream:75 - [STDERR_REDIRECT] [Fatal Error] :1:1: Premature end of file.
2026-04-19 23:37:03,263 [ERROR] LogOutputStream:75 - [STDERR_REDIRECT] 
2026-04-19 23:37:04,274 [ERROR] LogOutputStream:75 - [STDERR_REDIRECT] [Fatal Error] :1:1: Premature end of file.
2026-04-19 23:37:04,276 [ERROR] LogOutputStream:75 - [STDERR_REDIRECT] 
2026-04-19 23:37:05,280 [ERROR] LogOutputStream:75 - [STDERR_REDIRECT] [Fatal Error] :1:1: Premature end of file.
2026-04-19 23:37:05,280 [ERROR] LogOutputStream:75 - [STDERR_REDIRECT] 
2026-04-19 23:37:06,307 [ERROR] LogOutputStream:75 - [STDERR_REDIRECT] [Fatal Error] :1:1: Premature end of file.
2026-04-19 23:37:06,307 [ERROR] LogOutputStream:75 - [STDERR_REDIRECT] 
2026-04-19 23:37:07,287 [ERROR] LogOutputStream:75 - [STDERR_REDIRECT] [Fatal Error] :1:1: Premature end of file.
2026-04-19 23:37:07,287 [ERROR] LogOutputStream:75 - [STDERR_REDIRECT] 
2026-04-19 23:37:08,275 [ERROR] LogOutputStream:75 - [STDERR_REDIRECT] [Fatal Error] :1:1: Premature end of file.
2026-04-19 23:37:08,275 [ERROR] LogOutputStream:75 - [STDERR_REDIRECT] 
2026-04-19 23:37:09,296 [ERROR] LogOutputStream:75 - [STDERR_REDIRECT] [Fatal Error] :1:1: Premature end of file.
2026-04-19 23:37:09,296 [ERROR] LogOutputStream:75 - [STDERR_REDIRECT] 
2026-04-19 23:37:10,268 [ERROR] LogOutputStream:75 - [STDERR_REDIRECT] [Fatal Error] :1:1: Premature end of file.
2026-04-19 23:37:10,268 [ERROR] LogOutputStream:75 - [STDERR_REDIRECT] 
2026-04-19 23:37:11,278 [ERROR] LogOutputStream:75 - [STDERR_REDIRECT] [Fatal Error] :1:1: Premature end of file.
2026-04-19 23:37:11,278 [ERROR] LogOutputStream:75 - [STDERR_REDIRECT] 
2026-04-19 23:37:12,272 [ERROR] LogOutputStream:75 - [STDERR_REDIRECT] [Fatal Error] :1:1: Premature end of file.
2026-04-19 23:37:12,272 [ERROR] LogOutputStream:75 - [STDERR_REDIRECT] 
2026-04-19 23:37:13,269 [ERROR] LogOutputStream:75 - [STDERR_REDIRECT] [Fatal Error] :1:1: Premature end of file.
2026-04-19 23:37:13,269 [ERROR] LogOutputStream:75 - [STDERR_REDIRECT] 
2026-04-19 23:37:14,273 [ERROR] LogOutputStream:75 - [STDERR_REDIRECT] [Fatal Error] :1:1: Premature end of file.
2026-04-19 23:37:14,273 [ERROR] LogOutputStream:75 - [STDERR_REDIRECT] 
2026-04-19 23:37:15,278 [ERROR] LogOutputStream:75 - [STDERR_REDIRECT] [Fatal Error] :1:1: Premature end of file.
2026-04-19 23:37:15,278 [ERROR] LogOutputStream:75 - [STDERR_REDIRECT] 
2026-04-19 23:37:16,292 [ERROR] LogOutputStream:75 - [STDERR_REDIRECT] [Fatal Error] :1:1: Premature end of file.
2026-04-19 23:37:16,292 [ERROR] LogOutputStream:75 - [STDERR_REDIRECT] 
2026-04-19 23:37:17,273 [ERROR] LogOutputStream:75 - [STDERR_REDIRECT] [Fatal Error] :1:1: Premature end of file.
2026-04-19 23:37:17,273 [ERROR] LogOutputStream:75 - [STDERR_REDIRECT] 
2026-04-19 23:37:18,280 [ERROR] LogOutputStream:75 - [STDERR_REDIRECT] [Fatal Error] :1:1: Premature end of file.
2026-04-19 23:37:18,280 [ERROR] LogOutputStream:75 - [STDERR_REDIRECT] 
2026-04-19 23:37:19,280 [ERROR] LogOutputStream:75 - [STDERR_REDIRECT] [Fatal Error] :1:1: Premature end of file.
2026-04-19 23:37:19,280 [ERROR] LogOutputStream:75 - [STDERR_REDIRECT] 
2026-04-19 23:37:20,281 [ERROR] LogOutputStream:75 - [STDERR_REDIRECT] [Fatal Error] :1:1: Premature end of file.
2026-04-19 23:37:20,281 [ERROR] LogOutputStream:75 - [STDERR_REDIRECT] 
2026-04-19 23:37:21,292 [ERROR] LogOutputStream:75 - [STDERR_REDIRECT] [Fatal Error] :1:1: Premature end of file.
2026-04-19 23:37:21,292 [ERROR] LogOutputStream:75 - [STDERR_REDIRECT] 
2026-04-19 23:37:22,285 [ERROR] LogOutputStream:75 - [STDERR_REDIRECT] [Fatal Error] :1:1: Premature end of file.
2026-04-19 23:37:22,285 [ERROR] LogOutputStream:75 - [STDERR_REDIRECT] 
2026-04-19 23:37:23,269 [ERROR] LogOutputStream:75 - [STDERR_REDIRECT] [Fatal Error] :1:1: Premature end of file.
2026-04-19 23:37:23,269 [ERROR] LogOutputStream:75 - [STDERR_REDIRECT] 
2026-04-19 23:37:24,276 [ERROR] LogOutputStream:75 - [STDERR_REDIRECT] [Fatal Error] :1:1: Premature end of file.
2026-04-19 23:37:24,276 [ERROR] LogOutputStream:75 - [STDERR_REDIRECT] 
2026-04-19 23:37:25,271 [ERROR] LogOutputStream:75 - [STDERR_REDIRECT] [Fatal Error] :1:1: Premature end of file.
2026-04-19 23:37:25,271 [ERROR] LogOutputStream:75 - [STDERR_REDIRECT] 
2026-04-19 23:37:26,272 [ERROR] LogOutputStream:75 - [STDERR_REDIRECT] [Fatal Error] :1:1: Premature end of file.
2026-04-19 23:37:26,272 [ERROR] LogOutputStream:75 - [STDERR_REDIRECT] 
2026-04-19 23:37:27,318 [ERROR] LogOutputStream:75 - [STDERR_REDIRECT] [Fatal Error] :1:1: Premature end of file.
2026-04-19 23:37:27,318 [ERROR] LogOutputStream:75 - [STDERR_REDIRECT] 
2026-04-19 23:37:28,268 [ERROR] LogOutputStream:75 - [STDERR_REDIRECT] [Fatal Error] :1:1: Premature end of file.
2026-04-19 23:37:28,268 [ERROR] LogOutputStream:75 - [STDERR_REDIRECT] 
2026-04-19 23:37:29,271 [ERROR] LogOutputStream:75 - [STDERR_REDIRECT] [Fatal Error] :1:1: Premature end of file.
2026-04-19 23:37:29,271 [ERROR] LogOutputStream:75 - [STDERR_REDIRECT] 
2026-04-19 23:37:30,275 [ERROR] LogOutputStream:75 - [STDERR_REDIRECT] [Fatal Error] :1:1: Premature end of file.
2026-04-19 23:37:30,275 [ERROR] LogOutputStream:75 - [STDERR_REDIRECT] 
2026-04-19 23:37:31,275 [ERROR] LogOutputStream:75 - [STDERR_REDIRECT] [Fatal Error] :1:1: Premature end of file.
2026-04-19 23:37:31,275 [ERROR] LogOutputStream:75 - [STDERR_REDIRECT] 
2026-04-19 23:37:32,280 [ERROR] LogOutputStream:75 - [STDERR_REDIRECT] [Fatal Error] :1:1: Premature end of file.
2026-04-19 23:37:32,280 [ERROR] LogOutputStream:75 - [STDERR_REDIRECT] 
2026-04-19 23:37:33,275 [ERROR] LogOutputStream:75 - [STDERR_REDIRECT] [Fatal Error] :1:1: Premature end of file.
2026-04-19 23:37:33,275 [ERROR] LogOutputStream:75 - [STDERR_REDIRECT] 
2026-04-19 23:37:34,294 [ERROR] LogOutputStream:75 - [STDERR_REDIRECT] [Fatal Error] :1:1: Premature end of file.
2026-04-19 23:37:34,294 [ERROR] LogOutputStream:75 - [STDERR_REDIRECT] 
2026-04-19 23:37:35,274 [ERROR] LogOutputStream:75 - [STDERR_REDIRECT] [Fatal Error] :1:1: Premature end of file.
2026-04-19 23:37:35,274 [ERROR] LogOutputStream:75 - [STDERR_REDIRECT] 
2026-04-19 23:37:36,282 [ERROR] LogOutputStream:75 - [STDERR_REDIRECT] [Fatal Error] :1:1: Premature end of file.
2026-04-19 23:37:36,283 [ERROR] LogOutputStream:75 - [STDERR_REDIRECT] 
2026-04-19 23:37:37,283 [ERROR] LogOutputStream:75 - [STDERR_REDIRECT] [Fatal Error] :1:1: Premature end of file.
2026-04-19 23:37:37,283 [ERROR] LogOutputStream:75 - [STDERR_REDIRECT] 
2026-04-19 23:37:38,299 [ERROR] LogOutputStream:75 - [STDERR_REDIRECT] [Fatal Error] :1:1: Premature end of file.
2026-04-19 23:37:38,299 [ERROR] LogOutputStream:75 - [STDERR_REDIRECT] 
2026-04-19 23:37:39,504 [ERROR] LogOutputStream:75 - [STDERR_REDIRECT] [Fatal Error] :1:1: Premature end of file.
2026-04-19 23:37:39,505 [ERROR] LogOutputStream:75 - [STDERR_REDIRECT] 
2026-04-19 23:37:40,303 [ERROR] LogOutputStream:75 - [STDERR_REDIRECT] [Fatal Error] :1:1: Premature end of file.
2026-04-19 23:37:40,303 [ERROR] LogOutputStream:75 - [STDERR_REDIRECT] 
2026-04-19 23:37:41,377 [ERROR] LogOutputStream:75 - [STDERR_REDIRECT] [Fatal Error] :1:1: Premature end of file.
2026-04-19 23:37:41,378 [ERROR] LogOutputStream:75 - [STDERR_REDIRECT] 
2026-04-19 23:37:42,311 [ERROR] LogOutputStream:75 - [STDERR_REDIRECT] [Fatal Error] :1:1: Premature end of file.
2026-04-19 23:37:42,311 [ERROR] LogOutputStream:75 - [STDERR_REDIRECT] 
2026-04-19 23:37:43,317 [ERROR] LogOutputStream:75 - [STDERR_REDIRECT] [Fatal Error] :1:1: Premature end of file.
2026-04-19 23:37:43,318 [ERROR] LogOutputStream:75 - [STDERR_REDIRECT] 
2026-04-19 23:37:44,308 [ERROR] LogOutputStream:75 - [STDERR_REDIRECT] [Fatal Error] :1:1: Premature end of file.
2026-04-19 23:37:44,309 [ERROR] LogOutputStream:75 - [STDERR_REDIRECT] 
2026-04-19 23:37:45,326 [ERROR] LogOutputStream:75 - [STDERR_REDIRECT] [Fatal Error] :1:1: Premature end of file.
2026-04-19 23:37:45,328 [ERROR] LogOutputStream:75 - [STDERR_REDIRECT] 
2026-04-19 23:37:46,333 [ERROR] LogOutputStream:75 - [STDERR_REDIRECT] [Fatal Error] :1:1: Premature end of file.
2026-04-19 23:37:46,333 [ERROR] LogOutputStream:75 - [STDERR_REDIRECT] 
2026-04-19 23:37:47,358 [ERROR] LogOutputStream:75 - [STDERR_REDIRECT] [Fatal Error] :1:1: Premature end of file.
2026-04-19 23:37:47,360 [ERROR] LogOutputStream:75 - [STDERR_REDIRECT] 
2026-04-19 23:37:48,314 [ERROR] LogOutputStream:75 - [STDERR_REDIRECT] [Fatal Error] :1:1: Premature end of file.
2026-04-19 23:37:48,314 [ERROR] LogOutputStream:75 - [STDERR_REDIRECT] 
2026-04-19 23:37:49,291 [ERROR] LogOutputStream:75 - [STDERR_REDIRECT] [Fatal Error] :1:1: Premature end of file.
2026-04-19 23:37:49,292 [ERROR] LogOutputStream:75 - [STDERR_REDIRECT] 
2026-04-19 23:37:50,306 [ERROR] LogOutputStream:75 - [STDERR_REDIRECT] [Fatal Error] :1:1: Premature end of file.
2026-04-19 23:37:50,307 [ERROR] LogOutputStream:75 - [STDERR_REDIRECT] 
2026-04-19 23:37:51,316 [ERROR] LogOutputStream:75 - [STDERR_REDIRECT] [Fatal Error] :1:1: Premature end of file.
2026-04-19 23:37:51,317 [ERROR] LogOutputStream:75 - [STDERR_REDIRECT] 
2026-04-19 23:37:52,281 [ERROR] LogOutputStream:75 - [STDERR_REDIRECT] [Fatal Error] :1:1: Premature end of file.
2026-04-19 23:37:52,281 [ERROR] LogOutputStream:75 - [STDERR_REDIRECT] 
2026-04-19 23:37:53,275 [ERROR] LogOutputStream:75 - [STDERR_REDIRECT] [Fatal Error] :1:1: Premature end of file.
2026-04-19 23:37:53,275 [ERROR] LogOutputStream:75 - [STDERR_REDIRECT] 
2026-04-19 23:37:54,283 [ERROR] LogOutputStream:75 - [STDERR_REDIRECT] [Fatal Error] :1:1: Premature end of file.
2026-04-19 23:37:54,283 [ERROR] LogOutputStream:75 - [STDERR_REDIRECT] 
2026-04-19 23:37:55,301 [ERROR] LogOutputStream:75 - [STDERR_REDIRECT] [Fatal Error] :1:1: Premature end of file.
2026-04-19 23:37:55,302 [ERROR] LogOutputStream:75 - [STDERR_REDIRECT] 
2026-04-19 23:37:56,277 [ERROR] LogOutputStream:75 - [STDERR_REDIRECT] [Fatal Error] :1:1: Premature end of file.
2026-04-19 23:37:56,277 [ERROR] LogOutputStream:75 - [STDERR_REDIRECT] 
2026-04-19 23:37:57,278 [ERROR] LogOutputStream:75 - [STDERR_REDIRECT] [Fatal Error] :1:1: Premature end of file.
2026-04-19 23:37:57,278 [ERROR] LogOutputStream:75 - [STDERR_REDIRECT] 
2026-04-19 23:37:58,282 [ERROR] LogOutputStream:75 - [STDERR_REDIRECT] [Fatal Error] :1:1: Premature end of file.
2026-04-19 23:37:58,282 [ERROR] LogOutputStream:75 - [STDERR_REDIRECT] 
2026-04-19 23:37:59,286 [ERROR] LogOutputStream:75 - [STDERR_REDIRECT] [Fatal Error] :1:1: Premature end of file.
2026-04-19 23:37:59,286 [ERROR] LogOutputStream:75 - [STDERR_REDIRECT] 
2026-04-19 23:38:00,265 [ERROR] LogOutputStream:75 - [STDERR_REDIRECT] [Fatal Error] :1:1: Premature end of file.
2026-04-19 23:38:00,272 [ERROR] LogOutputStream:75 - [STDERR_REDIRECT] 
2026-04-19 23:38:01,317 [ERROR] LogOutputStream:75 - [STDERR_REDIRECT] [Fatal Error] :1:1: Premature end of file.
2026-04-19 23:38:01,318 [ERROR] LogOutputStream:75 - [STDERR_REDIRECT] 
2026-04-19 23:38:02,272 [ERROR] LogOutputStream:75 - [STDERR_REDIRECT] [Fatal Error] :1:1: Premature end of file.
2026-04-19 23:38:02,272 [ERROR] LogOutputStream:75 - [STDERR_REDIRECT] 
2026-04-19 23:38:03,260 [ERROR] LogOutputStream:75 - [STDERR_REDIRECT] [Fatal Error] :1:1: Premature end of file.
2026-04-19 23:38:03,260 [ERROR] LogOutputStream:75 - [STDERR_REDIRECT] 
2026-04-19 23:38:04,280 [ERROR] LogOutputStream:75 - [STDERR_REDIRECT] [Fatal Error] :1:1: Premature end of file.
2026-04-19 23:38:04,280 [ERROR] LogOutputStream:75 - [STDERR_REDIRECT] 
2026-04-19 23:38:05,274 [ERROR] LogOutputStream:75 - [STDERR_REDIRECT] [Fatal Error] :1:1: Premature end of file.
2026-04-19 23:38:05,275 [ERROR] LogOutputStream:75 - [STDERR_REDIRECT] 
2026-04-19 23:38:06,265 [ERROR] LogOutputStream:75 - [STDERR_REDIRECT] [Fatal Error] :1:1: Premature end of file.
2026-04-19 23:38:06,274 [ERROR] LogOutputStream:75 - [STDERR_REDIRECT] 
2026-04-19 23:38:07,277 [ERROR] LogOutputStream:75 - [STDERR_REDIRECT] [Fatal Error] :1:1: Premature end of file.
2026-04-19 23:38:07,277 [ERROR] LogOutputStream:75 - [STDERR_REDIRECT] 
2026-04-19 23:38:08,279 [ERROR] LogOutputStream:75 - [STDERR_REDIRECT] [Fatal Error] :1:1: Premature end of file.
2026-04-19 23:38:08,279 [ERROR] LogOutputStream:75 - [STDERR_REDIRECT] 
2026-04-19 23:38:09,272 [ERROR] LogOutputStream:75 - [STDERR_REDIRECT] [Fatal Error] :1:1: Premature end of file.
2026-04-19 23:38:09,272 [ERROR] LogOutputStream:75 - [STDERR_REDIRECT] 
2026-04-19 23:38:10,280 [ERROR] LogOutputStream:75 - [STDERR_REDIRECT] [Fatal Error] :1:1: Premature end of file.
2026-04-19 23:38:10,280 [ERROR] LogOutputStream:75 - [STDERR_REDIRECT] 
2026-04-19 23:38:11,278 [ERROR] LogOutputStream:75 - [STDERR_REDIRECT] [Fatal Error] :1:1: Premature end of file.
2026-04-19 23:38:11,278 [ERROR] LogOutputStream:75 - [STDERR_REDIRECT] 
2026-04-19 23:38:12,281 [ERROR] LogOutputStream:75 - [STDERR_REDIRECT] [Fatal Error] :1:1: Premature end of file.
2026-04-19 23:38:12,281 [ERROR] LogOutputStream:75 - [STDERR_REDIRECT] 
2026-04-19 23:38:13,273 [ERROR] LogOutputStream:75 - [STDERR_REDIRECT] [Fatal Error] :1:1: Premature end of file.
2026-04-19 23:38:13,273 [ERROR] LogOutputStream:75 - [STDERR_REDIRECT] 
2026-04-19 23:38:14,275 [ERROR] LogOutputStream:75 - [STDERR_REDIRECT] [Fatal Error] :1:1: Premature end of file.
2026-04-19 23:38:14,275 [ERROR] LogOutputStream:75 - [STDERR_REDIRECT] 
2026-04-19 23:38:15,278 [ERROR] LogOutputStream:75 - [STDERR_REDIRECT] [Fatal Error] :1:1: Premature end of file.
2026-04-19 23:38:15,278 [ERROR] LogOutputStream:75 - [STDERR_REDIRECT] 
2026-04-19 23:38:16,274 [ERROR] LogOutputStream:75 - [STDERR_REDIRECT] [Fatal Error] :1:1: Premature end of file.
2026-04-19 23:38:16,274 [ERROR] LogOutputStream:75 - [STDERR_REDIRECT] 
2026-04-19 23:38:17,279 [ERROR] LogOutputStream:75 - [STDERR_REDIRECT] [Fatal Error] :1:1: Premature end of file.
2026-04-19 23:38:17,279 [ERROR] LogOutputStream:75 - [STDERR_REDIRECT] 
2026-04-19 23:38:18,280 [ERROR] LogOutputStream:75 - [STDERR_REDIRECT] [Fatal Error] :1:1: Premature end of file.
2026-04-19 23:38:18,280 [ERROR] LogOutputStream:75 - [STDERR_REDIRECT] 
2026-04-19 23:38:19,281 [ERROR] LogOutputStream:75 - [STDERR_REDIRECT] [Fatal Error] :1:1: Premature end of file.
2026-04-19 23:38:19,282 [ERROR] LogOutputStream:75 - [STDERR_REDIRECT] 
2026-04-19 23:38:20,274 [ERROR] LogOutputStream:75 - [STDERR_REDIRECT] [Fatal Error] :1:1: Premature end of file.
2026-04-19 23:38:20,274 [ERROR] LogOutputStream:75 - [STDERR_REDIRECT] 
2026-04-19 23:38:21,263 [ERROR] LogOutputStream:75 - [STDERR_REDIRECT] [Fatal Error] :1:1: Premature end of file.
2026-04-19 23:38:21,263 [ERROR] LogOutputStream:75 - [STDERR_REDIRECT] 
2026-04-19 23:38:22,279 [ERROR] LogOutputStream:75 - [STDERR_REDIRECT] [Fatal Error] :1:1: Premature end of file.
2026-04-19 23:38:22,279 [ERROR] LogOutputStream:75 - [STDERR_REDIRECT] 
2026-04-19 23:38:23,273 [ERROR] LogOutputStream:75 - [STDERR_REDIRECT] [Fatal Error] :1:1: Premature end of file.
2026-04-19 23:38:23,273 [ERROR] LogOutputStream:75 - [STDERR_REDIRECT] 
2026-04-19 23:38:24,274 [ERROR] LogOutputStream:75 - [STDERR_REDIRECT] [Fatal Error] :1:1: Premature end of file.
2026-04-19 23:38:24,274 [ERROR] LogOutputStream:75 - [STDERR_REDIRECT] 
2026-04-19 23:38:25,273 [ERROR] LogOutputStream:75 - [STDERR_REDIRECT] [Fatal Error] :1:1: Premature end of file.
2026-04-19 23:38:25,274 [ERROR] LogOutputStream:75 - [STDERR_REDIRECT] 
2026-04-19 23:38:26,273 [ERROR] LogOutputStream:75 - [STDERR_REDIRECT] [Fatal Error] :1:1: Premature end of file.
2026-04-19 23:38:26,273 [ERROR] LogOutputStream:75 - [STDERR_REDIRECT] 
2026-04-19 23:38:27,271 [ERROR] LogOutputStream:75 - [STDERR_REDIRECT] [Fatal Error] :1:1: Premature end of file.
2026-04-19 23:38:27,273 [ERROR] LogOutputStream:75 - [STDERR_REDIRECT] 
2026-04-19 23:38:28,342 [ERROR] LogOutputStream:75 - [STDERR_REDIRECT] [Fatal Error] :1:1: Premature end of file.
2026-04-19 23:38:28,343 [ERROR] LogOutputStream:75 - [STDERR_REDIRECT] 
2026-04-19 23:38:29,281 [ERROR] LogOutputStream:75 - [STDERR_REDIRECT] [Fatal Error] :1:1: Premature end of file.
2026-04-19 23:38:29,283 [ERROR] LogOutputStream:75 - [STDERR_REDIRECT] 
2026-04-19 23:38:30,283 [ERROR] LogOutputStream:75 - [STDERR_REDIRECT] [Fatal Error] :1:1: Premature end of file.
2026-04-19 23:38:30,283 [ERROR] LogOutputStream:75 - [STDERR_REDIRECT] 
2026-04-19 23:38:31,272 [ERROR] LogOutputStream:75 - [STDERR_REDIRECT] [Fatal Error] :1:1: Premature end of file.
2026-04-19 23:38:31,272 [ERROR] LogOutputStream:75 - [STDERR_REDIRECT] 
2026-04-19 23:38:32,293 [ERROR] LogOutputStream:75 - [STDERR_REDIRECT] [Fatal Error] :1:1: Premature end of file.
2026-04-19 23:38:32,293 [ERROR] LogOutputStream:75 - [STDERR_REDIRECT] 
2026-04-19 23:38:33,293 [ERROR] LogOutputStream:75 - [STDERR_REDIRECT] [Fatal Error] :1:1: Premature end of file.
2026-04-19 23:38:33,293 [ERROR] LogOutputStream:75 - [STDERR_REDIRECT] 
2026-04-19 23:38:34,300 [ERROR] LogOutputStream:75 - [STDERR_REDIRECT] [Fatal Error] :1:1: Premature end of file.
2026-04-19 23:38:34,300 [ERROR] LogOutputStream:75 - [STDERR_REDIRECT] 
2026-04-19 23:38:35,290 [ERROR] LogOutputStream:75 - [STDERR_REDIRECT] [Fatal Error] :1:1: Premature end of file.
2026-04-19 23:38:35,290 [ERROR] LogOutputStream:75 - [STDERR_REDIRECT] 
2026-04-19 23:38:36,283 [ERROR] LogOutputStream:75 - [STDERR_REDIRECT] [Fatal Error] :1:1: Premature end of file.
2026-04-19 23:38:36,283 [ERROR] LogOutputStream:75 - [STDERR_REDIRECT] 
2026-04-19 23:38:37,278 [ERROR] LogOutputStream:75 - [STDERR_REDIRECT] [Fatal Error] :1:1: Premature end of file.
2026-04-19 23:38:37,278 [ERROR] LogOutputStream:75 - [STDERR_REDIRECT] 
2026-04-19 23:38:38,282 [ERROR] LogOutputStream:75 - [STDERR_REDIRECT] [Fatal Error] :1:1: Premature end of file.
2026-04-19 23:38:38,282 [ERROR] LogOutputStream:75 - [STDERR_REDIRECT] 
2026-04-19 23:38:39,281 [ERROR] LogOutputStream:75 - [STDERR_REDIRECT] [Fatal Error] :1:1: Premature end of file.
2026-04-19 23:38:39,281 [ERROR] LogOutputStream:75 - [STDERR_REDIRECT] 
2026-04-19 23:38:40,289 [ERROR] LogOutputStream:75 - [STDERR_REDIRECT] [Fatal Error] :1:1: Premature end of file.
2026-04-19 23:38:40,289 [ERROR] LogOutputStream:75 - [STDERR_REDIRECT] 
2026-04-19 23:38:41,281 [ERROR] LogOutputStream:75 - [STDERR_REDIRECT] [Fatal Error] :1:1: Premature end of file.
2026-04-19 23:38:41,281 [ERROR] LogOutputStream:75 - [STDERR_REDIRECT] 
2026-04-19 23:38:42,272 [ERROR] LogOutputStream:75 - [STDERR_REDIRECT] [Fatal Error] :1:1: Premature end of file.
2026-04-19 23:38:42,272 [ERROR] LogOutputStream:75 - [STDERR_REDIRECT] 
2026-04-19 23:38:43,272 [ERROR] LogOutputStream:75 - [STDERR_REDIRECT] [Fatal Error] :1:1: Premature end of file.
2026-04-19 23:38:43,282 [ERROR] LogOutputStream:75 - [STDERR_REDIRECT] 
2026-04-19 23:38:44,272 [ERROR] LogOutputStream:75 - [STDERR_REDIRECT] [Fatal Error] :1:1: Premature end of file.
2026-04-19 23:38:44,272 [ERROR] LogOutputStream:75 - [STDERR_REDIRECT] 
2026-04-19 23:38:45,282 [ERROR] LogOutputStream:75 - [STDERR_REDIRECT] [Fatal Error] :1:1: Premature end of file.
2026-04-19 23:38:45,282 [ERROR] LogOutputStream:75 - [STDERR_REDIRECT] 
2026-04-19 23:38:46,273 [ERROR] LogOutputStream:75 - [STDERR_REDIRECT] [Fatal Error] :1:1: Premature end of file.
2026-04-19 23:38:46,273 [ERROR] LogOutputStream:75 - [STDERR_REDIRECT] 
2026-04-19 23:38:47,278 [ERROR] LogOutputStream:75 - [STDERR_REDIRECT] [Fatal Error] :1:1: Premature end of file.
2026-04-19 23:38:47,278 [ERROR] LogOutputStream:75 - [STDERR_REDIRECT] 
2026-04-19 23:38:48,281 [ERROR] LogOutputStream:75 - [STDERR_REDIRECT] [Fatal Error] :1:1: Premature end of file.
2026-04-19 23:38:48,282 [ERROR] LogOutputStream:75 - [STDERR_REDIRECT] 
2026-04-19 23:38:49,277 [ERROR] LogOutputStream:75 - [STDERR_REDIRECT] [Fatal Error] :1:1: Premature end of file.
2026-04-19 23:38:49,278 [ERROR] LogOutputStream:75 - [STDERR_REDIRECT] 
2026-04-19 23:38:50,272 [ERROR] LogOutputStream:75 - [STDERR_REDIRECT] [Fatal Error] :1:1: Premature end of file.
2026-04-19 23:38:50,272 [ERROR] LogOutputStream:75 - [STDERR_REDIRECT] 
2026-04-19 23:38:51,266 [ERROR] LogOutputStream:75 - [STDERR_REDIRECT] [Fatal Error] :1:1: Premature end of file.
2026-04-19 23:38:51,266 [ERROR] LogOutputStream:75 - [STDERR_REDIRECT] 
2026-04-19 23:38:52,272 [ERROR] LogOutputStream:75 - [STDERR_REDIRECT] [Fatal Error] :1:1: Premature end of file.
2026-04-19 23:38:52,272 [ERROR] LogOutputStream:75 - [STDERR_REDIRECT] 
2026-04-19 23:38:53,281 [ERROR] LogOutputStream:75 - [STDERR_REDIRECT] [Fatal Error] :1:1: Premature end of file.
2026-04-19 23:38:53,281 [ERROR] LogOutputStream:75 - [STDERR_REDIRECT] 
2026-04-19 23:38:54,297 [ERROR] LogOutputStream:75 - [STDERR_REDIRECT] [Fatal Error] :1:1: Premature end of file.
2026-04-19 23:38:54,297 [ERROR] LogOutputStream:75 - [STDERR_REDIRECT] 
2026-04-19 23:38:55,279 [ERROR] LogOutputStream:75 - [STDERR_REDIRECT] [Fatal Error] :1:1: Premature end of file.
2026-04-19 23:38:55,279 [ERROR] LogOutputStream:75 - [STDERR_REDIRECT] 
2026-04-19 23:38:56,280 [ERROR] LogOutputStream:75 - [STDERR_REDIRECT] [Fatal Error] :1:1: Premature end of file.
2026-04-19 23:38:56,280 [ERROR] LogOutputStream:75 - [STDERR_REDIRECT] 
2026-04-19 23:38:57,274 [ERROR] LogOutputStream:75 - [STDERR_REDIRECT] [Fatal Error] :1:1: Premature end of file.
2026-04-19 23:38:57,274 [ERROR] LogOutputStream:75 - [STDERR_REDIRECT] 
2026-04-19 23:38:58,297 [ERROR] LogOutputStream:75 - [STDERR_REDIRECT] [Fatal Error] :1:1: Premature end of file.
2026-04-19 23:38:58,297 [ERROR] LogOutputStream:75 - [STDERR_REDIRECT] 
2026-04-19 23:38:59,268 [ERROR] LogOutputStream:75 - [STDERR_REDIRECT] [Fatal Error] :1:1: Premature end of file.
2026-04-19 23:38:59,268 [ERROR] LogOutputStream:75 - [STDERR_REDIRECT] 
2026-04-19 23:39:00,272 [ERROR] LogOutputStream:75 - [STDERR_REDIRECT] [Fatal Error] :1:1: Premature end of file.
2026-04-19 23:39:00,272 [ERROR] LogOutputStream:75 - [STDERR_REDIRECT] 
2026-04-19 23:39:01,277 [ERROR] LogOutputStream:75 - [STDERR_REDIRECT] [Fatal Error] :1:1: Premature end of file.
2026-04-19 23:39:01,277 [ERROR] LogOutputStream:75 - [STDERR_REDIRECT] 
2026-04-19 23:39:02,290 [ERROR] LogOutputStream:75 - [STDERR_REDIRECT] [Fatal Error] :1:1: Premature end of file.
2026-04-19 23:39:02,290 [ERROR] LogOutputStream:75 - [STDERR_REDIRECT] 
2026-04-19 23:39:03,273 [ERROR] LogOutputStream:75 - [STDERR_REDIRECT] [Fatal Error] :1:1: Premature end of file.
2026-04-19 23:39:03,273 [ERROR] LogOutputStream:75 - [STDERR_REDIRECT] 
2026-04-19 23:39:04,276 [ERROR] LogOutputStream:75 - [STDERR_REDIRECT] [Fatal Error] :1:1: Premature end of file.
2026-04-19 23:39:04,277 [ERROR] LogOutputStream:75 - [STDERR_REDIRECT] 
2026-04-19 23:39:05,284 [ERROR] LogOutputStream:75 - [STDERR_REDIRECT] [Fatal Error] :1:1: Premature end of file.
2026-04-19 23:39:05,284 [ERROR] LogOutputStream:75 - [STDERR_REDIRECT] 
2026-04-19 23:39:06,273 [ERROR] LogOutputStream:75 - [STDERR_REDIRECT] [Fatal Error] :1:1: Premature end of file.
2026-04-19 23:39:06,273 [ERROR] LogOutputStream:75 - [STDERR_REDIRECT] 
2026-04-19 23:39:07,275 [ERROR] LogOutputStream:75 - [STDERR_REDIRECT] [Fatal Error] :1:1: Premature end of file.
2026-04-19 23:39:07,275 [ERROR] LogOutputStream:75 - [STDERR_REDIRECT] 
2026-04-19 23:39:08,276 [ERROR] LogOutputStream:75 - [STDERR_REDIRECT] [Fatal Error] :1:1: Premature end of file.
2026-04-19 23:39:08,276 [ERROR] LogOutputStream:75 - [STDERR_REDIRECT] 
2026-04-19 23:39:09,274 [ERROR] LogOutputStream:75 - [STDERR_REDIRECT] [Fatal Error] :1:1: Premature end of file.
2026-04-19 23:39:09,274 [ERROR] LogOutputStream:75 - [STDERR_REDIRECT] 
2026-04-19 23:39:10,287 [ERROR] LogOutputStream:75 - [STDERR_REDIRECT] [Fatal Error] :1:1: Premature end of file.
2026-04-19 23:39:10,287 [ERROR] LogOutputStream:75 - [STDERR_REDIRECT] 
2026-04-19 23:39:11,282 [ERROR] LogOutputStream:75 - [STDERR_REDIRECT] [Fatal Error] :1:1: Premature end of file.
2026-04-19 23:39:11,282 [ERROR] LogOutputStream:75 - [STDERR_REDIRECT] 
2026-04-19 23:39:12,274 [ERROR] LogOutputStream:75 - [STDERR_REDIRECT] [Fatal Error] :1:1: Premature end of file.
2026-04-19 23:39:12,274 [ERROR] LogOutputStream:75 - [STDERR_REDIRECT] 
2026-04-19 23:39:13,275 [ERROR] LogOutputStream:75 - [STDERR_REDIRECT] [Fatal Error] :1:1: Premature end of file.
2026-04-19 23:39:13,275 [ERROR] LogOutputStream:75 - [STDERR_REDIRECT] 
2026-04-19 23:39:14,284 [ERROR] LogOutputStream:75 - [STDERR_REDIRECT] [Fatal Error] :1:1: Premature end of file.
2026-04-19 23:39:14,284 [ERROR] LogOutputStream:75 - [STDERR_REDIRECT] 
2026-04-19 23:39:15,292 [ERROR] LogOutputStream:75 - [STDERR_REDIRECT] [Fatal Error] :1:1: Premature end of file.
2026-04-19 23:39:15,292 [ERROR] LogOutputStream:75 - [STDERR_REDIRECT] 
2026-04-19 23:39:16,307 [ERROR] LogOutputStream:75 - [STDERR_REDIRECT] [Fatal Error] :1:1: Premature end of file.
2026-04-19 23:39:16,308 [ERROR] LogOutputStream:75 - [STDERR_REDIRECT] 
2026-04-19 23:39:17,287 [ERROR] LogOutputStream:75 - [STDERR_REDIRECT] [Fatal Error] :1:1: Premature end of file.
2026-04-19 23:39:17,287 [ERROR] LogOutputStream:75 - [STDERR_REDIRECT] 
2026-04-19 23:39:18,323 [ERROR] LogOutputStream:75 - [STDERR_REDIRECT] [Fatal Error] :1:1: Premature end of file.
2026-04-19 23:39:18,323 [ERROR] LogOutputStream:75 - [STDERR_REDIRECT] 
2026-04-19 23:39:19,273 [ERROR] LogOutputStream:75 - [STDERR_REDIRECT] [Fatal Error] :1:1: Premature end of file.
2026-04-19 23:39:19,273 [ERROR] LogOutputStream:75 - [STDERR_REDIRECT] 
2026-04-19 23:39:20,278 [ERROR] LogOutputStream:75 - [STDERR_REDIRECT] [Fatal Error] :1:1: Premature end of file.
2026-04-19 23:39:20,279 [ERROR] LogOutputStream:75 - [STDERR_REDIRECT] 
2026-04-19 23:39:21,279 [ERROR] LogOutputStream:75 - [STDERR_REDIRECT] [Fatal Error] :1:1: Premature end of file.
2026-04-19 23:39:21,279 [ERROR] LogOutputStream:75 - [STDERR_REDIRECT] 
2026-04-19 23:39:22,292 [ERROR] LogOutputStream:75 - [STDERR_REDIRECT] [Fatal Error] :1:1: Premature end of file.
2026-04-19 23:39:22,292 [ERROR] LogOutputStream:75 - [STDERR_REDIRECT] 
2026-04-19 23:39:23,273 [ERROR] LogOutputStream:75 - [STDERR_REDIRECT] [Fatal Error] :1:1: Premature end of file.
2026-04-19 23:39:23,273 [ERROR] LogOutputStream:75 - [STDERR_REDIRECT] 
2026-04-19 23:39:24,275 [ERROR] LogOutputStream:75 - [STDERR_REDIRECT] [Fatal Error] :1:1: Premature end of file.
2026-04-19 23:39:24,275 [ERROR] LogOutputStream:75 - [STDERR_REDIRECT] 
2026-04-19 23:39:25,268 [ERROR] LogOutputStream:75 - [STDERR_REDIRECT] [Fatal Error] :1:1: Premature end of file.
2026-04-19 23:39:25,268 [ERROR] LogOutputStream:75 - [STDERR_REDIRECT] 
2026-04-19 23:39:26,275 [ERROR] LogOutputStream:75 - [STDERR_REDIRECT] [Fatal Error] :1:1: Premature end of file.
2026-04-19 23:39:26,275 [ERROR] LogOutputStream:75 - [STDERR_REDIRECT] 
2026-04-19 23:39:27,274 [ERROR] LogOutputStream:75 - [STDERR_REDIRECT] [Fatal Error] :1:1: Premature end of file.
2026-04-19 23:39:27,274 [ERROR] LogOutputStream:75 - [STDERR_REDIRECT] 
2026-04-19 23:39:28,290 [ERROR] LogOutputStream:75 - [STDERR_REDIRECT] [Fatal Error] :1:1: Premature end of file.
2026-04-19 23:39:28,292 [ERROR] LogOutputStream:75 - [STDERR_REDIRECT] 
2026-04-19 23:39:29,273 [ERROR] LogOutputStream:75 - [STDERR_REDIRECT] [Fatal Error] :1:1: Premature end of file.
2026-04-19 23:39:29,273 [ERROR] LogOutputStream:75 - [STDERR_REDIRECT] 
2026-04-19 23:39:30,282 [ERROR] LogOutputStream:75 - [STDERR_REDIRECT] [Fatal Error] :1:1: Premature end of file.
2026-04-19 23:39:30,282 [ERROR] LogOutputStream:75 - [STDERR_REDIRECT] 
2026-04-19 23:39:31,286 [ERROR] LogOutputStream:75 - [STDERR_REDIRECT] [Fatal Error] :1:1: Premature end of file.
2026-04-19 23:39:31,286 [ERROR] LogOutputStream:75 - [STDERR_REDIRECT] 
2026-04-19 23:39:32,357 [ERROR] LogOutputStream:75 - [STDERR_REDIRECT] [Fatal Error] :1:1: Premature end of file.
2026-04-19 23:39:32,357 [ERROR] LogOutputStream:75 - [STDERR_REDIRECT] 
2026-04-19 23:39:33,349 [ERROR] LogOutputStream:75 - [STDERR_REDIRECT] [Fatal Error] :1:1: Premature end of file.
2026-04-19 23:39:33,350 [ERROR] LogOutputStream:75 - [STDERR_REDIRECT] 
2026-04-19 23:39:34,286 [ERROR] LogOutputStream:75 - [STDERR_REDIRECT] [Fatal Error] :1:1: Premature end of file.
2026-04-19 23:39:34,286 [ERROR] LogOutputStream:75 - [STDERR_REDIRECT] 
2026-04-19 23:39:35,398 [ERROR] LogOutputStream:75 - [STDERR_REDIRECT] [Fatal Error] :1:1: Premature end of file.
2026-04-19 23:39:35,398 [ERROR] LogOutputStream:75 - [STDERR_REDIRECT] 
2026-04-19 23:39:36,550 [ERROR] LogOutputStream:75 - [STDERR_REDIRECT] [Fatal Error] :1:1: Premature end of file.
2026-04-19 23:39:36,550 [ERROR] LogOutputStream:75 - [STDERR_REDIRECT] 
2026-04-19 23:39:37,324 [ERROR] LogOutputStream:75 - [STDERR_REDIRECT] [Fatal Error] :1:1: Premature end of file.
2026-04-19 23:39:37,325 [ERROR] LogOutputStream:75 - [STDERR_REDIRECT] 
2026-04-19 23:39:38,434 [ERROR] LogOutputStream:75 - [STDERR_REDIRECT] [Fatal Error] :1:1: Premature end of file.
2026-04-19 23:39:38,452 [ERROR] LogOutputStream:75 - [STDERR_REDIRECT] 
2026-04-19 23:39:39,468 [ERROR] LogOutputStream:75 - [STDERR_REDIRECT] [Fatal Error] :1:1: Premature end of file.
2026-04-19 23:39:39,473 [ERROR] LogOutputStream:75 - [STDERR_REDIRECT] 
2026-04-19 23:39:40,523 [ERROR] LogOutputStream:75 - [STDERR_REDIRECT] [Fatal Error] :1:1: Premature end of file.
2026-04-19 23:39:40,523 [ERROR] LogOutputStream:75 - [STDERR_REDIRECT] 
2026-04-19 23:39:41,399 [ERROR] LogOutputStream:75 - [STDERR_REDIRECT] [Fatal Error] :1:1: Premature end of file.
2026-04-19 23:39:41,404 [ERROR] LogOutputStream:75 - [STDERR_REDIRECT] 
2026-04-19 23:39:42,304 [ERROR] LogOutputStream:75 - [STDERR_REDIRECT] [Fatal Error] :1:1: Premature end of file.
2026-04-19 23:39:42,304 [ERROR] LogOutputStream:75 - [STDERR_REDIRECT] 
2026-04-19 23:39:43,515 [ERROR] LogOutputStream:75 - [STDERR_REDIRECT] [Fatal Error] :1:1: Premature end of file.
2026-04-19 23:39:43,515 [ERROR] LogOutputStream:75 - [STDERR_REDIRECT] 
2026-04-19 23:39:44,541 [ERROR] LogOutputStream:75 - [STDERR_REDIRECT] [Fatal Error] :1:1: Premature end of file.
2026-04-19 23:39:44,542 [ERROR] LogOutputStream:75 - [STDERR_REDIRECT] 
2026-04-19 23:39:45,435 [ERROR] LogOutputStream:75 - [STDERR_REDIRECT] [Fatal Error] :1:1: Premature end of file.
2026-04-19 23:39:45,435 [ERROR] LogOutputStream:75 - [STDERR_REDIRECT] 
2026-04-19 23:39:46,442 [ERROR] LogOutputStream:75 - [STDERR_REDIRECT] [Fatal Error] :1:1: Premature end of file.
2026-04-19 23:39:46,443 [ERROR] LogOutputStream:75 - [STDERR_REDIRECT] 
2026-04-19 23:39:47,293 [ERROR] LogOutputStream:75 - [STDERR_REDIRECT] [Fatal Error] :1:1: Premature end of file.
2026-04-19 23:39:47,294 [ERROR] LogOutputStream:75 - [STDERR_REDIRECT] 
2026-04-19 23:39:48,281 [ERROR] LogOutputStream:75 - [STDERR_REDIRECT] [Fatal Error] :1:1: Premature end of file.
2026-04-19 23:39:48,281 [ERROR] LogOutputStream:75 - [STDERR_REDIRECT] 
2026-04-19 23:39:49,288 [ERROR] LogOutputStream:75 - [STDERR_REDIRECT] [Fatal Error] :1:1: Premature end of file.
2026-04-19 23:39:49,288 [ERROR] LogOutputStream:75 - [STDERR_REDIRECT] 
2026-04-19 23:39:50,270 [ERROR] LogOutputStream:75 - [STDERR_REDIRECT] [Fatal Error] :1:1: Premature end of file.
2026-04-19 23:39:50,270 [ERROR] LogOutputStream:75 - [STDERR_REDIRECT] 
2026-04-19 23:39:51,279 [ERROR] LogOutputStream:75 - [STDERR_REDIRECT] [Fatal Error] :1:1: Premature end of file.
2026-04-19 23:39:51,279 [ERROR] LogOutputStream:75 - [STDERR_REDIRECT] 
2026-04-19 23:39:52,287 [ERROR] LogOutputStream:75 - [STDERR_REDIRECT] [Fatal Error] :1:1: Premature end of file.
2026-04-19 23:39:52,287 [ERROR] LogOutputStream:75 - [STDERR_REDIRECT] 
2026-04-19 23:39:53,305 [ERROR] LogOutputStream:75 - [STDERR_REDIRECT] [Fatal Error] :1:1: Premature end of file.
2026-04-19 23:39:53,306 [ERROR] LogOutputStream:75 - [STDERR_REDIRECT] 
2026-04-19 23:39:54,287 [ERROR] LogOutputStream:75 - [STDERR_REDIRECT] [Fatal Error] :1:1: Premature end of file.
2026-04-19 23:39:54,287 [ERROR] LogOutputStream:75 - [STDERR_REDIRECT] 
2026-04-19 23:39:55,286 [ERROR] LogOutputStream:75 - [STDERR_REDIRECT] [Fatal Error] :1:1: Premature end of file.
2026-04-19 23:39:55,288 [ERROR] LogOutputStream:75 - [STDERR_REDIRECT] 
2026-04-19 23:39:56,275 [ERROR] LogOutputStream:75 - [STDERR_REDIRECT] [Fatal Error] :1:1: Premature end of file.
2026-04-19 23:39:56,275 [ERROR] LogOutputStream:75 - [STDERR_REDIRECT] 
2026-04-19 23:39:57,271 [ERROR] LogOutputStream:75 - [STDERR_REDIRECT] [Fatal Error] :1:1: Premature end of file.
2026-04-19 23:39:57,271 [ERROR] LogOutputStream:75 - [STDERR_REDIRECT] 
2026-04-19 23:39:58,292 [ERROR] LogOutputStream:75 - [STDERR_REDIRECT] [Fatal Error] :1:1: Premature end of file.
2026-04-19 23:39:58,292 [ERROR] LogOutputStream:75 - [STDERR_REDIRECT] 
2026-04-19 23:39:59,276 [ERROR] LogOutputStream:75 - [STDERR_REDIRECT] [Fatal Error] :1:1: Premature end of file.
2026-04-19 23:39:59,277 [ERROR] LogOutputStream:75 - [STDERR_REDIRECT] 
2026-04-19 23:40:00,340 [ERROR] LogOutputStream:75 - [STDERR_REDIRECT] [Fatal Error] :1:1: Premature end of file.
2026-04-19 23:40:00,341 [ERROR] LogOutputStream:75 - [STDERR_REDIRECT] 
2026-04-19 23:40:01,269 [ERROR] LogOutputStream:75 - [STDERR_REDIRECT] [Fatal Error] :1:1: Premature end of file.
2026-04-19 23:40:01,269 [ERROR] LogOutputStream:75 - [STDERR_REDIRECT] 
2026-04-19 23:40:02,276 [ERROR] LogOutputStream:75 - [STDERR_REDIRECT] [Fatal Error] :1:1: Premature end of file.
2026-04-19 23:40:02,277 [ERROR] LogOutputStream:75 - [STDERR_REDIRECT] 
2026-04-19 23:40:03,272 [ERROR] LogOutputStream:75 - [STDERR_REDIRECT] [Fatal Error] :1:1: Premature end of file.
2026-04-19 23:40:03,272 [ERROR] LogOutputStream:75 - [STDERR_REDIRECT] 
2026-04-19 23:40:04,270 [ERROR] LogOutputStream:75 - [STDERR_REDIRECT] [Fatal Error] :1:1: Premature end of file.
2026-04-19 23:40:04,270 [ERROR] LogOutputStream:75 - [STDERR_REDIRECT] 
2026-04-19 23:40:05,273 [ERROR] LogOutputStream:75 - [STDERR_REDIRECT] [Fatal Error] :1:1: Premature end of file.
2026-04-19 23:40:05,273 [ERROR] LogOutputStream:75 - [STDERR_REDIRECT] 
2026-04-19 23:40:06,269 [ERROR] LogOutputStream:75 - [STDERR_REDIRECT] [Fatal Error] :1:1: Premature end of file.
2026-04-19 23:40:06,269 [ERROR] LogOutputStream:75 - [STDERR_REDIRECT] 
2026-04-19 23:40:07,275 [ERROR] LogOutputStream:75 - [STDERR_REDIRECT] [Fatal Error] :1:1: Premature end of file.
2026-04-19 23:40:07,275 [ERROR] LogOutputStream:75 - [STDERR_REDIRECT] 
2026-04-19 23:40:08,271 [ERROR] LogOutputStream:75 - [STDERR_REDIRECT] [Fatal Error] :1:1: Premature end of file.
2026-04-19 23:40:08,272 [ERROR] LogOutputStream:75 - [STDERR_REDIRECT] 
2026-04-19 23:40:09,292 [ERROR] LogOutputStream:75 - [STDERR_REDIRECT] [Fatal Error] :1:1: Premature end of file.
2026-04-19 23:40:09,292 [ERROR] LogOutputStream:75 - [STDERR_REDIRECT] 
2026-04-19 23:40:10,272 [ERROR] LogOutputStream:75 - [STDERR_REDIRECT] [Fatal Error] :1:1: Premature end of file.
2026-04-19 23:40:10,272 [ERROR] LogOutputStream:75 - [STDERR_REDIRECT] 
2026-04-19 23:40:11,276 [ERROR] LogOutputStream:75 - [STDERR_REDIRECT] [Fatal Error] :1:1: Premature end of file.
2026-04-19 23:40:11,277 [ERROR] LogOutputStream:75 - [STDERR_REDIRECT] 
2026-04-19 23:40:12,277 [ERROR] LogOutputStream:75 - [STDERR_REDIRECT] [Fatal Error] :1:1: Premature end of file.
2026-04-19 23:40:12,277 [ERROR] LogOutputStream:75 - [STDERR_REDIRECT] 
2026-04-19 23:40:13,292 [ERROR] LogOutputStream:75 - [STDERR_REDIRECT] [Fatal Error] :1:1: Premature end of file.
2026-04-19 23:40:13,292 [ERROR] LogOutputStream:75 - [STDERR_REDIRECT] 
2026-04-19 23:40:14,278 [ERROR] LogOutputStream:75 - [STDERR_REDIRECT] [Fatal Error] :1:1: Premature end of file.
2026-04-19 23:40:14,278 [ERROR] LogOutputStream:75 - [STDERR_REDIRECT] 
2026-04-19 23:40:15,277 [ERROR] LogOutputStream:75 - [STDERR_REDIRECT] [Fatal Error] :1:1: Premature end of file.
2026-04-19 23:40:15,277 [ERROR] LogOutputStream:75 - [STDERR_REDIRECT] 
2026-04-19 23:40:16,271 [ERROR] LogOutputStream:75 - [STDERR_REDIRECT] [Fatal Error] :1:1: Premature end of file.
2026-04-19 23:40:16,271 [ERROR] LogOutputStream:75 - [STDERR_REDIRECT] 
2026-04-19 23:40:17,272 [ERROR] LogOutputStream:75 - [STDERR_REDIRECT] [Fatal Error] :1:1: Premature end of file.
2026-04-19 23:40:17,272 [ERROR] LogOutputStream:75 - [STDERR_REDIRECT] 
2026-04-19 23:40:18,270 [ERROR] LogOutputStream:75 - [STDERR_REDIRECT] [Fatal Error] :1:1: Premature end of file.
2026-04-19 23:40:18,270 [ERROR] LogOutputStream:75 - [STDERR_REDIRECT] 
2026-04-19 23:40:19,272 [ERROR] LogOutputStream:75 - [STDERR_REDIRECT] [Fatal Error] :1:1: Premature end of file.
2026-04-19 23:40:19,272 [ERROR] LogOutputStream:75 - [STDERR_REDIRECT] 
2026-04-19 23:40:20,271 [ERROR] LogOutputStream:75 - [STDERR_REDIRECT] [Fatal Error] :1:1: Premature end of file.
2026-04-19 23:40:20,271 [ERROR] LogOutputStream:75 - [STDERR_REDIRECT] 
2026-04-19 23:40:21,299 [ERROR] LogOutputStream:75 - [STDERR_REDIRECT] [Fatal Error] :1:1: Premature end of file.
2026-04-19 23:40:21,299 [ERROR] LogOutputStream:75 - [STDERR_REDIRECT] 
2026-04-19 23:40:22,283 [ERROR] LogOutputStream:75 - [STDERR_REDIRECT] [Fatal Error] :1:1: Premature end of file.
2026-04-19 23:40:22,283 [ERROR] LogOutputStream:75 - [STDERR_REDIRECT] 
2026-04-19 23:40:23,282 [ERROR] LogOutputStream:75 - [STDERR_REDIRECT] [Fatal Error] :1:1: Premature end of file.
2026-04-19 23:40:23,282 [ERROR] LogOutputStream:75 - [STDERR_REDIRECT] 
2026-04-19 23:40:24,314 [ERROR] LogOutputStream:75 - [STDERR_REDIRECT] [Fatal Error] :1:1: Premature end of file.
2026-04-19 23:40:24,314 [ERROR] LogOutputStream:75 - [STDERR_REDIRECT] 
2026-04-19 23:40:25,278 [ERROR] LogOutputStream:75 - [STDERR_REDIRECT] [Fatal Error] :1:1: Premature end of file.
2026-04-19 23:40:25,278 [ERROR] LogOutputStream:75 - [STDERR_REDIRECT] 
2026-04-19 23:40:26,280 [ERROR] LogOutputStream:75 - [STDERR_REDIRECT] [Fatal Error] :1:1: Premature end of file.
2026-04-19 23:40:26,280 [ERROR] LogOutputStream:75 - [STDERR_REDIRECT] 
2026-04-19 23:40:27,284 [ERROR] LogOutputStream:75 - [STDERR_REDIRECT] [Fatal Error] :1:1: Premature end of file.
2026-04-19 23:40:27,285 [ERROR] LogOutputStream:75 - [STDERR_REDIRECT] 
2026-04-19 23:40:28,270 [ERROR] LogOutputStream:75 - [STDERR_REDIRECT] [Fatal Error] :1:1: Premature end of file.
2026-04-19 23:40:28,270 [ERROR] LogOutputStream:75 - [STDERR_REDIRECT] 
2026-04-19 23:40:29,267 [ERROR] LogOutputStream:75 - [STDERR_REDIRECT] [Fatal Error] :1:1: Premature end of file.
2026-04-19 23:40:29,267 [ERROR] LogOutputStream:75 - [STDERR_REDIRECT] 
2026-04-19 23:40:30,277 [ERROR] LogOutputStream:75 - [STDERR_REDIRECT] [Fatal Error] :1:1: Premature end of file.
2026-04-19 23:40:30,277 [ERROR] LogOutputStream:75 - [STDERR_REDIRECT] 
2026-04-19 23:40:31,277 [ERROR] LogOutputStream:75 - [STDERR_REDIRECT] [Fatal Error] :1:1: Premature end of file.
2026-04-19 23:40:31,284 [ERROR] LogOutputStream:75 - [STDERR_REDIRECT] 
2026-04-19 23:40:32,278 [ERROR] LogOutputStream:75 - [STDERR_REDIRECT] [Fatal Error] :1:1: Premature end of file.
2026-04-19 23:40:32,278 [ERROR] LogOutputStream:75 - [STDERR_REDIRECT] 
2026-04-19 23:40:33,277 [ERROR] LogOutputStream:75 - [STDERR_REDIRECT] [Fatal Error] :1:1: Premature end of file.
2026-04-19 23:40:33,277 [ERROR] LogOutputStream:75 - [STDERR_REDIRECT] 
2026-04-19 23:40:34,267 [ERROR] LogOutputStream:75 - [STDERR_REDIRECT] [Fatal Error] :1:1: Premature end of file.
2026-04-19 23:40:34,267 [ERROR] LogOutputStream:75 - [STDERR_REDIRECT] 
2026-04-19 23:40:35,276 [ERROR] LogOutputStream:75 - [STDERR_REDIRECT] [Fatal Error] :1:1: Premature end of file.
2026-04-19 23:40:35,276 [ERROR] LogOutputStream:75 - [STDERR_REDIRECT] 
2026-04-19 23:40:36,281 [ERROR] LogOutputStream:75 - [STDERR_REDIRECT] [Fatal Error] :1:1: Premature end of file.
2026-04-19 23:40:36,281 [ERROR] LogOutputStream:75 - [STDERR_REDIRECT] 
2026-04-19 23:40:37,281 [ERROR] LogOutputStream:75 - [STDERR_REDIRECT] [Fatal Error] :1:1: Premature end of file.
2026-04-19 23:40:37,281 [ERROR] LogOutputStream:75 - [STDERR_REDIRECT] 
2026-04-19 23:40:38,277 [ERROR] LogOutputStream:75 - [STDERR_REDIRECT] [Fatal Error] :1:1: Premature end of file.
2026-04-19 23:40:38,278 [ERROR] LogOutputStream:75 - [STDERR_REDIRECT] 
2026-04-19 23:40:39,280 [ERROR] LogOutputStream:75 - [STDERR_REDIRECT] [Fatal Error] :1:1: Premature end of file.
2026-04-19 23:40:39,280 [ERROR] LogOutputStream:75 - [STDERR_REDIRECT] 
2026-04-19 23:40:40,281 [ERROR] LogOutputStream:75 - [STDERR_REDIRECT] [Fatal Error] :1:1: Premature end of file.
2026-04-19 23:40:40,281 [ERROR] LogOutputStream:75 - [STDERR_REDIRECT] 
2026-04-19 23:40:41,281 [ERROR] LogOutputStream:75 - [STDERR_REDIRECT] [Fatal Error] :1:1: Premature end of file.
2026-04-19 23:40:41,281 [ERROR] LogOutputStream:75 - [STDERR_REDIRECT] 
2026-04-19 23:40:42,289 [ERROR] LogOutputStream:75 - [STDERR_REDIRECT] [Fatal Error] :1:1: Premature end of file.
2026-04-19 23:40:42,289 [ERROR] LogOutputStream:75 - [STDERR_REDIRECT] 
2026-04-19 23:40:43,286 [ERROR] LogOutputStream:75 - [STDERR_REDIRECT] [Fatal Error] :1:1: Premature end of file.
2026-04-19 23:40:43,286 [ERROR] LogOutputStream:75 - [STDERR_REDIRECT] 
2026-04-19 23:40:44,274 [ERROR] LogOutputStream:75 - [STDERR_REDIRECT] [Fatal Error] :1:1: Premature end of file.
2026-04-19 23:40:44,274 [ERROR] LogOutputStream:75 - [STDERR_REDIRECT] 
2026-04-19 23:40:45,310 [ERROR] LogOutputStream:75 - [STDERR_REDIRECT] [Fatal Error] :1:1: Premature end of file.
2026-04-19 23:40:45,310 [ERROR] LogOutputStream:75 - [STDERR_REDIRECT] 
2026-04-19 23:40:46,275 [ERROR] LogOutputStream:75 - [STDERR_REDIRECT] [Fatal Error] :1:1: Premature end of file.
2026-04-19 23:40:46,275 [ERROR] LogOutputStream:75 - [STDERR_REDIRECT] 
2026-04-19 23:40:47,278 [ERROR] LogOutputStream:75 - [STDERR_REDIRECT] [Fatal Error] :1:1: Premature end of file.
2026-04-19 23:40:47,280 [ERROR] LogOutputStream:75 - [STDERR_REDIRECT] 
2026-04-19 23:40:48,285 [ERROR] LogOutputStream:75 - [STDERR_REDIRECT] [Fatal Error] :1:1: Premature end of file.
2026-04-19 23:40:48,285 [ERROR] LogOutputStream:75 - [STDERR_REDIRECT] 
2026-04-19 23:40:49,272 [ERROR] LogOutputStream:75 - [STDERR_REDIRECT] [Fatal Error] :1:1: Premature end of file.
2026-04-19 23:40:49,272 [ERROR] LogOutputStream:75 - [STDERR_REDIRECT] 
2026-04-19 23:40:50,274 [ERROR] LogOutputStream:75 - [STDERR_REDIRECT] [Fatal Error] :1:1: Premature end of file.
2026-04-19 23:40:50,274 [ERROR] LogOutputStream:75 - [STDERR_REDIRECT] 
2026-04-19 23:40:51,298 [ERROR] LogOutputStream:75 - [STDERR_REDIRECT] [Fatal Error] :1:1: Premature end of file.
2026-04-19 23:40:51,300 [ERROR] LogOutputStream:75 - [STDERR_REDIRECT] 
2026-04-19 23:40:52,283 [ERROR] LogOutputStream:75 - [STDERR_REDIRECT] [Fatal Error] :1:1: Premature end of file.
2026-04-19 23:40:52,283 [ERROR] LogOutputStream:75 - [STDERR_REDIRECT] 
2026-04-19 23:40:53,269 [ERROR] LogOutputStream:75 - [STDERR_REDIRECT] [Fatal Error] :1:1: Premature end of file.
2026-04-19 23:40:53,269 [ERROR] LogOutputStream:75 - [STDERR_REDIRECT] 
2026-04-19 23:40:54,281 [ERROR] LogOutputStream:75 - [STDERR_REDIRECT] [Fatal Error] :1:1: Premature end of file.
2026-04-19 23:40:54,281 [ERROR] LogOutputStream:75 - [STDERR_REDIRECT] 
2026-04-19 23:40:55,286 [ERROR] LogOutputStream:75 - [STDERR_REDIRECT] [Fatal Error] :1:1: Premature end of file.
2026-04-19 23:40:55,286 [ERROR] LogOutputStream:75 - [STDERR_REDIRECT] 
2026-04-19 23:40:56,284 [ERROR] LogOutputStream:75 - [STDERR_REDIRECT] [Fatal Error] :1:1: Premature end of file.
2026-04-19 23:40:56,284 [ERROR] LogOutputStream:75 - [STDERR_REDIRECT] 
2026-04-19 23:40:57,278 [ERROR] LogOutputStream:75 - [STDERR_REDIRECT] [Fatal Error] :1:1: Premature end of file.
2026-04-19 23:40:57,278 [ERROR] LogOutputStream:75 - [STDERR_REDIRECT] 
2026-04-19 23:40:58,281 [ERROR] LogOutputStream:75 - [STDERR_REDIRECT] [Fatal Error] :1:1: Premature end of file.
2026-04-19 23:40:58,281 [ERROR] LogOutputStream:75 - [STDERR_REDIRECT] 
2026-04-19 23:40:59,285 [ERROR] LogOutputStream:75 - [STDERR_REDIRECT] [Fatal Error] :1:1: Premature end of file.
2026-04-19 23:40:59,285 [ERROR] LogOutputStream:75 - [STDERR_REDIRECT] 
2026-04-19 23:41:00,283 [ERROR] LogOutputStream:75 - [STDERR_REDIRECT] [Fatal Error] :1:1: Premature end of file.
2026-04-19 23:41:00,283 [ERROR] LogOutputStream:75 - [STDERR_REDIRECT] 
2026-04-19 23:41:01,277 [ERROR] LogOutputStream:75 - [STDERR_REDIRECT] [Fatal Error] :1:1: Premature end of file.
2026-04-19 23:41:01,277 [ERROR] LogOutputStream:75 - [STDERR_REDIRECT] 
2026-04-19 23:41:02,280 [ERROR] LogOutputStream:75 - [STDERR_REDIRECT] [Fatal Error] :1:1: Premature end of file.
2026-04-19 23:41:02,280 [ERROR] LogOutputStream:75 - [STDERR_REDIRECT] 
2026-04-19 23:41:03,283 [ERROR] LogOutputStream:75 - [STDERR_REDIRECT] [Fatal Error] :1:1: Premature end of file.
2026-04-19 23:41:03,283 [ERROR] LogOutputStream:75 - [STDERR_REDIRECT] 
2026-04-19 23:41:04,282 [ERROR] LogOutputStream:75 - [STDERR_REDIRECT] [Fatal Error] :1:1: Premature end of file.
2026-04-19 23:41:04,282 [ERROR] LogOutputStream:75 - [STDERR_REDIRECT] 
2026-04-19 23:41:05,281 [ERROR] LogOutputStream:75 - [STDERR_REDIRECT] [Fatal Error] :1:1: Premature end of file.
2026-04-19 23:41:05,282 [ERROR] LogOutputStream:75 - [STDERR_REDIRECT] 
2026-04-19 23:41:06,281 [ERROR] LogOutputStream:75 - [STDERR_REDIRECT] [Fatal Error] :1:1: Premature end of file.
2026-04-19 23:41:06,281 [ERROR] LogOutputStream:75 - [STDERR_REDIRECT] 
2026-04-19 23:41:07,298 [ERROR] LogOutputStream:75 - [STDERR_REDIRECT] [Fatal Error] :1:1: Premature end of file.
2026-04-19 23:41:07,298 [ERROR] LogOutputStream:75 - [STDERR_REDIRECT] 
2026-04-19 23:41:08,282 [ERROR] LogOutputStream:75 - [STDERR_REDIRECT] [Fatal Error] :1:1: Premature end of file.
2026-04-19 23:41:08,282 [ERROR] LogOutputStream:75 - [STDERR_REDIRECT] 
2026-04-19 23:41:09,282 [ERROR] LogOutputStream:75 - [STDERR_REDIRECT] [Fatal Error] :1:1: Premature end of file.
2026-04-19 23:41:09,282 [ERROR] LogOutputStream:75 - [STDERR_REDIRECT] 
2026-04-19 23:41:10,284 [ERROR] LogOutputStream:75 - [STDERR_REDIRECT] [Fatal Error] :1:1: Premature end of file.
2026-04-19 23:41:10,286 [ERROR] LogOutputStream:75 - [STDERR_REDIRECT] 
2026-04-19 23:41:11,282 [ERROR] LogOutputStream:75 - [STDERR_REDIRECT] [Fatal Error] :1:1: Premature end of file.
2026-04-19 23:41:11,282 [ERROR] LogOutputStream:75 - [STDERR_REDIRECT] 
2026-04-19 23:41:12,291 [ERROR] LogOutputStream:75 - [STDERR_REDIRECT] [Fatal Error] :1:1: Premature end of file.
2026-04-19 23:41:12,293 [ERROR] LogOutputStream:75 - [STDERR_REDIRECT] 
2026-04-19 23:41:13,284 [ERROR] LogOutputStream:75 - [STDERR_REDIRECT] [Fatal Error] :1:1: Premature end of file.
2026-04-19 23:41:13,284 [ERROR] LogOutputStream:75 - [STDERR_REDIRECT] 
2026-04-19 23:41:14,272 [ERROR] LogOutputStream:75 - [STDERR_REDIRECT] [Fatal Error] :1:1: Premature end of file.
2026-04-19 23:41:14,273 [ERROR] LogOutputStream:75 - [STDERR_REDIRECT] 
2026-04-19 23:41:15,274 [ERROR] LogOutputStream:75 - [STDERR_REDIRECT] [Fatal Error] :1:1: Premature end of file.
2026-04-19 23:41:15,274 [ERROR] LogOutputStream:75 - [STDERR_REDIRECT] 
2026-04-19 23:41:16,283 [ERROR] LogOutputStream:75 - [STDERR_REDIRECT] [Fatal Error] :1:1: Premature end of file.
2026-04-19 23:41:16,283 [ERROR] LogOutputStream:75 - [STDERR_REDIRECT] 
2026-04-19 23:41:17,281 [ERROR] LogOutputStream:75 - [STDERR_REDIRECT] [Fatal Error] :1:1: Premature end of file.
2026-04-19 23:41:17,281 [ERROR] LogOutputStream:75 - [STDERR_REDIRECT] 
2026-04-19 23:41:18,275 [ERROR] LogOutputStream:75 - [STDERR_REDIRECT] [Fatal Error] :1:1: Premature end of file.
2026-04-19 23:41:18,275 [ERROR] LogOutputStream:75 - [STDERR_REDIRECT] 
2026-04-19 23:41:19,288 [ERROR] LogOutputStream:75 - [STDERR_REDIRECT] [Fatal Error] :1:1: Premature end of file.
2026-04-19 23:41:19,288 [ERROR] LogOutputStream:75 - [STDERR_REDIRECT] 
2026-04-19 23:41:20,274 [ERROR] LogOutputStream:75 - [STDERR_REDIRECT] [Fatal Error] :1:1: Premature end of file.
2026-04-19 23:41:20,274 [ERROR] LogOutputStream:75 - [STDERR_REDIRECT] 
2026-04-19 23:41:21,280 [ERROR] LogOutputStream:75 - [STDERR_REDIRECT] [Fatal Error] :1:1: Premature end of file.
2026-04-19 23:41:21,281 [ERROR] LogOutputStream:75 - [STDERR_REDIRECT] 
2026-04-19 23:41:22,285 [ERROR] LogOutputStream:75 - [STDERR_REDIRECT] [Fatal Error] :1:1: Premature end of file.
2026-04-19 23:41:22,285 [ERROR] LogOutputStream:75 - [STDERR_REDIRECT] 
2026-04-19 23:41:23,282 [ERROR] LogOutputStream:75 - [STDERR_REDIRECT] [Fatal Error] :1:1: Premature end of file.
2026-04-19 23:41:23,282 [ERROR] LogOutputStream:75 - [STDERR_REDIRECT] 
2026-04-19 23:41:24,284 [ERROR] LogOutputStream:75 - [STDERR_REDIRECT] [Fatal Error] :1:1: Premature end of file.
2026-04-19 23:41:24,284 [ERROR] LogOutputStream:75 - [STDERR_REDIRECT] 
2026-04-19 23:41:25,282 [ERROR] LogOutputStream:75 - [STDERR_REDIRECT] [Fatal Error] :1:1: Premature end of file.
2026-04-19 23:41:25,282 [ERROR] LogOutputStream:75 - [STDERR_REDIRECT] 
2026-04-19 23:41:26,286 [ERROR] LogOutputStream:75 - [STDERR_REDIRECT] [Fatal Error] :1:1: Premature end of file.
2026-04-19 23:41:26,286 [ERROR] LogOutputStream:75 - [STDERR_REDIRECT] 
2026-04-19 23:41:27,280 [ERROR] LogOutputStream:75 - [STDERR_REDIRECT] [Fatal Error] :1:1: Premature end of file.
2026-04-19 23:41:27,282 [ERROR] LogOutputStream:75 - [STDERR_REDIRECT] 
2026-04-19 23:41:28,282 [ERROR] LogOutputStream:75 - [STDERR_REDIRECT] [Fatal Error] :1:1: Premature end of file.
2026-04-19 23:41:28,282 [ERROR] LogOutputStream:75 - [STDERR_REDIRECT] 
2026-04-19 23:41:29,282 [ERROR] LogOutputStream:75 - [STDERR_REDIRECT] [Fatal Error] :1:1: Premature end of file.
2026-04-19 23:41:29,282 [ERROR] LogOutputStream:75 - [STDERR_REDIRECT] 
2026-04-19 23:41:30,290 [ERROR] LogOutputStream:75 - [STDERR_REDIRECT] [Fatal Error] :1:1: Premature end of file.
2026-04-19 23:41:30,290 [ERROR] LogOutputStream:75 - [STDERR_REDIRECT] 
2026-04-19 23:41:31,275 [ERROR] LogOutputStream:75 - [STDERR_REDIRECT] [Fatal Error] :1:1: Premature end of file.
2026-04-19 23:41:31,275 [ERROR] LogOutputStream:75 - [STDERR_REDIRECT] 
2026-04-19 23:41:32,302 [ERROR] LogOutputStream:75 - [STDERR_REDIRECT] [Fatal Error] :1:1: Premature end of file.
2026-04-19 23:41:32,302 [ERROR] LogOutputStream:75 - [STDERR_REDIRECT] 
2026-04-19 23:41:33,274 [ERROR] LogOutputStream:75 - [STDERR_REDIRECT] [Fatal Error] :1:1: Premature end of file.
2026-04-19 23:41:33,274 [ERROR] LogOutputStream:75 - [STDERR_REDIRECT] 
2026-04-19 23:41:34,280 [ERROR] LogOutputStream:75 - [STDERR_REDIRECT] [Fatal Error] :1:1: Premature end of file.
2026-04-19 23:41:34,280 [ERROR] LogOutputStream:75 - [STDERR_REDIRECT] 
2026-04-19 23:41:35,282 [ERROR] LogOutputStream:75 - [STDERR_REDIRECT] [Fatal Error] :1:1: Premature end of file.
2026-04-19 23:41:35,282 [ERROR] LogOutputStream:75 - [STDERR_REDIRECT] 
2026-04-19 23:41:36,280 [ERROR] LogOutputStream:75 - [STDERR_REDIRECT] [Fatal Error] :1:1: Premature end of file.
2026-04-19 23:41:36,280 [ERROR] LogOutputStream:75 - [STDERR_REDIRECT] 
2026-04-19 23:41:37,272 [ERROR] LogOutputStream:75 - [STDERR_REDIRECT] [Fatal Error] :1:1: Premature end of file.
2026-04-19 23:41:37,272 [ERROR] LogOutputStream:75 - [STDERR_REDIRECT] 
2026-04-19 23:41:38,292 [ERROR] LogOutputStream:75 - [STDERR_REDIRECT] [Fatal Error] :1:1: Premature end of file.
2026-04-19 23:41:38,295 [ERROR] LogOutputStream:75 - [STDERR_REDIRECT] 
2026-04-19 23:41:39,284 [ERROR] LogOutputStream:75 - [STDERR_REDIRECT] [Fatal Error] :1:1: Premature end of file.
2026-04-19 23:41:39,284 [ERROR] LogOutputStream:75 - [STDERR_REDIRECT] 
2026-04-19 23:41:40,282 [ERROR] LogOutputStream:75 - [STDERR_REDIRECT] [Fatal Error] :1:1: Premature end of file.
2026-04-19 23:41:40,282 [ERROR] LogOutputStream:75 - [STDERR_REDIRECT] 
2026-04-19 23:41:41,306 [ERROR] LogOutputStream:75 - [STDERR_REDIRECT] [Fatal Error] :1:1: Premature end of file.
2026-04-19 23:41:41,306 [ERROR] LogOutputStream:75 - [STDERR_REDIRECT] 
2026-04-19 23:41:42,281 [ERROR] LogOutputStream:75 - [STDERR_REDIRECT] [Fatal Error] :1:1: Premature end of file.
2026-04-19 23:41:42,281 [ERROR] LogOutputStream:75 - [STDERR_REDIRECT] 
2026-04-19 23:41:43,283 [ERROR] LogOutputStream:75 - [STDERR_REDIRECT] [Fatal Error] :1:1: Premature end of file.
2026-04-19 23:41:43,283 [ERROR] LogOutputStream:75 - [STDERR_REDIRECT] 
2026-04-19 23:41:44,274 [ERROR] LogOutputStream:75 - [STDERR_REDIRECT] [Fatal Error] :1:1: Premature end of file.
2026-04-19 23:41:44,274 [ERROR] LogOutputStream:75 - [STDERR_REDIRECT] 
2026-04-19 23:41:45,281 [ERROR] LogOutputStream:75 - [STDERR_REDIRECT] [Fatal Error] :1:1: Premature end of file.
2026-04-19 23:41:45,281 [ERROR] LogOutputStream:75 - [STDERR_REDIRECT] 
2026-04-19 23:41:46,290 [ERROR] LogOutputStream:75 - [STDERR_REDIRECT] [Fatal Error] :1:1: Premature end of file.
2026-04-19 23:41:46,291 [ERROR] LogOutputStream:75 - [STDERR_REDIRECT] 
2026-04-19 23:41:47,277 [ERROR] LogOutputStream:75 - [STDERR_REDIRECT] [Fatal Error] :1:1: Premature end of file.
2026-04-19 23:41:47,278 [ERROR] LogOutputStream:75 - [STDERR_REDIRECT] 
2026-04-19 23:41:48,282 [ERROR] LogOutputStream:75 - [STDERR_REDIRECT] [Fatal Error] :1:1: Premature end of file.
2026-04-19 23:41:48,282 [ERROR] LogOutputStream:75 - [STDERR_REDIRECT] 
2026-04-19 23:41:49,301 [ERROR] LogOutputStream:75 - [STDERR_REDIRECT] [Fatal Error] :1:1: Premature end of file.
2026-04-19 23:41:49,302 [ERROR] LogOutputStream:75 - [STDERR_REDIRECT] 
2026-04-19 23:41:50,275 [ERROR] LogOutputStream:75 - [STDERR_REDIRECT] [Fatal Error] :1:1: Premature end of file.
2026-04-19 23:41:50,275 [ERROR] LogOutputStream:75 - [STDERR_REDIRECT] 
2026-04-19 23:41:51,272 [ERROR] LogOutputStream:75 - [STDERR_REDIRECT] [Fatal Error] :1:1: Premature end of file.
2026-04-19 23:41:51,272 [ERROR] LogOutputStream:75 - [STDERR_REDIRECT] 
2026-04-19 23:41:52,295 [ERROR] LogOutputStream:75 - [STDERR_REDIRECT] [Fatal Error] :1:1: Premature end of file.
2026-04-19 23:41:52,295 [ERROR] LogOutputStream:75 - [STDERR_REDIRECT] 
2026-04-19 23:41:53,276 [ERROR] LogOutputStream:75 - [STDERR_REDIRECT] [Fatal Error] :1:1: Premature end of file.
2026-04-19 23:41:53,277 [ERROR] LogOutputStream:75 - [STDERR_REDIRECT] 
2026-04-19 23:41:54,286 [ERROR] LogOutputStream:75 - [STDERR_REDIRECT] [Fatal Error] :1:1: Premature end of file.
2026-04-19 23:41:54,286 [ERROR] LogOutputStream:75 - [STDERR_REDIRECT] 
2026-04-19 23:41:55,282 [ERROR] LogOutputStream:75 - [STDERR_REDIRECT] [Fatal Error] :1:1: Premature end of file.
2026-04-19 23:41:55,282 [ERROR] LogOutputStream:75 - [STDERR_REDIRECT] 
2026-04-19 23:41:56,277 [ERROR] LogOutputStream:75 - [STDERR_REDIRECT] [Fatal Error] :1:1: Premature end of file.
2026-04-19 23:41:56,278 [ERROR] LogOutputStream:75 - [STDERR_REDIRECT] 
2026-04-19 23:41:57,287 [ERROR] LogOutputStream:75 - [STDERR_REDIRECT] [Fatal Error] :1:1: Premature end of file.
2026-04-19 23:41:57,287 [ERROR] LogOutputStream:75 - [STDERR_REDIRECT] 
2026-04-19 23:41:58,282 [ERROR] LogOutputStream:75 - [STDERR_REDIRECT] [Fatal Error] :1:1: Premature end of file.
2026-04-19 23:41:58,283 [ERROR] LogOutputStream:75 - [STDERR_REDIRECT] 
2026-04-19 23:41:59,285 [ERROR] LogOutputStream:75 - [STDERR_REDIRECT] [Fatal Error] :1:1: Premature end of file.
2026-04-19 23:41:59,285 [ERROR] LogOutputStream:75 - [STDERR_REDIRECT] 
2026-04-19 23:42:00,303 [ERROR] LogOutputStream:75 - [STDERR_REDIRECT] [Fatal Error] :1:1: Premature end of file.
2026-04-19 23:42:00,303 [ERROR] LogOutputStream:75 - [STDERR_REDIRECT] 
2026-04-19 23:42:01,288 [ERROR] LogOutputStream:75 - [STDERR_REDIRECT] [Fatal Error] :1:1: Premature end of file.
2026-04-19 23:42:01,288 [ERROR] LogOutputStream:75 - [STDERR_REDIRECT] 
2026-04-19 23:42:02,290 [ERROR] LogOutputStream:75 - [STDERR_REDIRECT] [Fatal Error] :1:1: Premature end of file.
2026-04-19 23:42:02,290 [ERROR] LogOutputStream:75 - [STDERR_REDIRECT] 
2026-04-19 23:42:03,272 [ERROR] LogOutputStream:75 - [STDERR_REDIRECT] [Fatal Error] :1:1: Premature end of file.
2026-04-19 23:42:03,272 [ERROR] LogOutputStream:75 - [STDERR_REDIRECT] 
2026-04-19 23:42:04,273 [ERROR] LogOutputStream:75 - [STDERR_REDIRECT] [Fatal Error] :1:1: Premature end of file.
2026-04-19 23:42:04,273 [ERROR] LogOutputStream:75 - [STDERR_REDIRECT] 
2026-04-19 23:42:05,280 [ERROR] LogOutputStream:75 - [STDERR_REDIRECT] [Fatal Error] :1:1: Premature end of file.
2026-04-19 23:42:05,280 [ERROR] LogOutputStream:75 - [STDERR_REDIRECT] 
2026-04-19 23:42:06,270 [ERROR] LogOutputStream:75 - [STDERR_REDIRECT] [Fatal Error] :1:1: Premature end of file.
2026-04-19 23:42:06,271 [ERROR] LogOutputStream:75 - [STDERR_REDIRECT] 
2026-04-19 23:42:07,275 [ERROR] LogOutputStream:75 - [STDERR_REDIRECT] [Fatal Error] :1:1: Premature end of file.
2026-04-19 23:42:07,280 [ERROR] LogOutputStream:75 - [STDERR_REDIRECT] 
2026-04-19 23:42:08,272 [ERROR] LogOutputStream:75 - [STDERR_REDIRECT] [Fatal Error] :1:1: Premature end of file.
2026-04-19 23:42:08,272 [ERROR] LogOutputStream:75 - [STDERR_REDIRECT] 
2026-04-19 23:42:09,267 [ERROR] LogOutputStream:75 - [STDERR_REDIRECT] [Fatal Error] :1:1: Premature end of file.
2026-04-19 23:42:09,268 [ERROR] LogOutputStream:75 - [STDERR_REDIRECT] 
2026-04-19 23:42:10,278 [ERROR] LogOutputStream:75 - [STDERR_REDIRECT] [Fatal Error] :1:1: Premature end of file.
2026-04-19 23:42:10,278 [ERROR] LogOutputStream:75 - [STDERR_REDIRECT] 
2026-04-19 23:42:11,283 [ERROR] LogOutputStream:75 - [STDERR_REDIRECT] [Fatal Error] :1:1: Premature end of file.
2026-04-19 23:42:11,283 [ERROR] LogOutputStream:75 - [STDERR_REDIRECT] 
2026-04-19 23:42:12,300 [ERROR] LogOutputStream:75 - [STDERR_REDIRECT] [Fatal Error] :1:1: Premature end of file.
2026-04-19 23:42:12,300 [ERROR] LogOutputStream:75 - [STDERR_REDIRECT] 
2026-04-19 23:42:13,271 [ERROR] LogOutputStream:75 - [STDERR_REDIRECT] [Fatal Error] :1:1: Premature end of file.
2026-04-19 23:42:13,271 [ERROR] LogOutputStream:75 - [STDERR_REDIRECT] 
2026-04-19 23:42:14,276 [ERROR] LogOutputStream:75 - [STDERR_REDIRECT] [Fatal Error] :1:1: Premature end of file.
2026-04-19 23:42:14,276 [ERROR] LogOutputStream:75 - [STDERR_REDIRECT] 
2026-04-19 23:42:15,276 [ERROR] LogOutputStream:75 - [STDERR_REDIRECT] [Fatal Error] :1:1: Premature end of file.
2026-04-19 23:42:15,276 [ERROR] LogOutputStream:75 - [STDERR_REDIRECT] 
2026-04-19 23:42:16,274 [ERROR] LogOutputStream:75 - [STDERR_REDIRECT] [Fatal Error] :1:1: Premature end of file.
2026-04-19 23:42:16,274 [ERROR] LogOutputStream:75 - [STDERR_REDIRECT] 
2026-04-19 23:42:17,264 [ERROR] LogOutputStream:75 - [STDERR_REDIRECT] [Fatal Error] :1:1: Premature end of file.
2026-04-19 23:42:17,271 [ERROR] LogOutputStream:75 - [STDERR_REDIRECT] 
2026-04-19 23:42:18,306 [ERROR] LogOutputStream:75 - [STDERR_REDIRECT] [Fatal Error] :1:1: Premature end of file.
2026-04-19 23:42:18,306 [ERROR] LogOutputStream:75 - [STDERR_REDIRECT] 
2026-04-19 23:42:19,283 [ERROR] LogOutputStream:75 - [STDERR_REDIRECT] [Fatal Error] :1:1: Premature end of file.
2026-04-19 23:42:19,283 [ERROR] LogOutputStream:75 - [STDERR_REDIRECT] 
2026-04-19 23:42:20,284 [ERROR] LogOutputStream:75 - [STDERR_REDIRECT] [Fatal Error] :1:1: Premature end of file.
2026-04-19 23:42:20,284 [ERROR] LogOutputStream:75 - [STDERR_REDIRECT] 
2026-04-19 23:42:21,323 [ERROR] LogOutputStream:75 - [STDERR_REDIRECT] [Fatal Error] :1:1: Premature end of file.
2026-04-19 23:42:21,323 [ERROR] LogOutputStream:75 - [STDERR_REDIRECT] 
2026-04-19 23:42:22,291 [ERROR] LogOutputStream:75 - [STDERR_REDIRECT] [Fatal Error] :1:1: Premature end of file.
2026-04-19 23:42:22,291 [ERROR] LogOutputStream:75 - [STDERR_REDIRECT] 
2026-04-19 23:42:23,280 [ERROR] LogOutputStream:75 - [STDERR_REDIRECT] [Fatal Error] :1:1: Premature end of file.
2026-04-19 23:42:23,280 [ERROR] LogOutputStream:75 - [STDERR_REDIRECT] 
2026-04-19 23:42:24,272 [ERROR] LogOutputStream:75 - [STDERR_REDIRECT] [Fatal Error] :1:1: Premature end of file.
2026-04-19 23:42:24,272 [ERROR] LogOutputStream:75 - [STDERR_REDIRECT] 
2026-04-19 23:42:25,282 [ERROR] LogOutputStream:75 - [STDERR_REDIRECT] [Fatal Error] :1:1: Premature end of file.
2026-04-19 23:42:25,282 [ERROR] LogOutputStream:75 - [STDERR_REDIRECT] 
2026-04-19 23:42:26,267 [ERROR] LogOutputStream:75 - [STDERR_REDIRECT] [Fatal Error] :1:1: Premature end of file.
2026-04-19 23:42:26,267 [ERROR] LogOutputStream:75 - [STDERR_REDIRECT] 
2026-04-19 23:42:27,273 [ERROR] LogOutputStream:75 - [STDERR_REDIRECT] [Fatal Error] :1:1: Premature end of file.
2026-04-19 23:42:27,273 [ERROR] LogOutputStream:75 - [STDERR_REDIRECT] 
2026-04-19 23:42:28,263 [ERROR] LogOutputStream:75 - [STDERR_REDIRECT] [Fatal Error] :1:1: Premature end of file.
2026-04-19 23:42:28,263 [ERROR] LogOutputStream:75 - [STDERR_REDIRECT] 
2026-04-19 23:42:29,277 [ERROR] LogOutputStream:75 - [STDERR_REDIRECT] [Fatal Error] :1:1: Premature end of file.
2026-04-19 23:42:29,277 [ERROR] LogOutputStream:75 - [STDERR_REDIRECT] 
2026-04-19 23:42:30,275 [ERROR] LogOutputStream:75 - [STDERR_REDIRECT] [Fatal Error] :1:1: Premature end of file.
2026-04-19 23:42:30,275 [ERROR] LogOutputStream:75 - [STDERR_REDIRECT] 
2026-04-19 23:42:31,283 [ERROR] LogOutputStream:75 - [STDERR_REDIRECT] [Fatal Error] :1:1: Premature end of file.
2026-04-19 23:42:31,283 [ERROR] LogOutputStream:75 - [STDERR_REDIRECT] 
2026-04-19 23:42:32,313 [ERROR] LogOutputStream:75 - [STDERR_REDIRECT] [Fatal Error] :1:1: Premature end of file.
2026-04-19 23:42:32,313 [ERROR] LogOutputStream:75 - [STDERR_REDIRECT] 
2026-04-19 23:42:33,271 [ERROR] LogOutputStream:75 - [STDERR_REDIRECT] [Fatal Error] :1:1: Premature end of file.
2026-04-19 23:42:33,271 [ERROR] LogOutputStream:75 - [STDERR_REDIRECT] 
2026-04-19 23:42:34,351 [ERROR] LogOutputStream:75 - [STDERR_REDIRECT] [Fatal Error] :1:1: Premature end of file.
2026-04-19 23:42:34,351 [ERROR] LogOutputStream:75 - [STDERR_REDIRECT] 
2026-04-19 23:42:35,279 [ERROR] LogOutputStream:75 - [STDERR_REDIRECT] [Fatal Error] :1:1: Premature end of file.
2026-04-19 23:42:35,279 [ERROR] LogOutputStream:75 - [STDERR_REDIRECT] 
2026-04-19 23:42:36,289 [ERROR] LogOutputStream:75 - [STDERR_REDIRECT] [Fatal Error] :1:1: Premature end of file.
2026-04-19 23:42:36,290 [ERROR] LogOutputStream:75 - [STDERR_REDIRECT] 
2026-04-19 23:42:37,330 [ERROR] LogOutputStream:75 - [STDERR_REDIRECT] [Fatal Error] :1:1: Premature end of file.
2026-04-19 23:42:37,330 [ERROR] LogOutputStream:75 - [STDERR_REDIRECT] 
2026-04-19 23:42:38,307 [ERROR] LogOutputStream:75 - [STDERR_REDIRECT] [Fatal Error] :1:1: Premature end of file.
2026-04-19 23:42:38,307 [ERROR] LogOutputStream:75 - [STDERR_REDIRECT] 
2026-04-19 23:42:39,330 [ERROR] LogOutputStream:75 - [STDERR_REDIRECT] [Fatal Error] :1:1: Premature end of file.
2026-04-19 23:42:39,330 [ERROR] LogOutputStream:75 - [STDERR_REDIRECT] 
2026-04-19 23:42:40,341 [ERROR] LogOutputStream:75 - [STDERR_REDIRECT] [Fatal Error] :1:1: Premature end of file.
2026-04-19 23:42:40,343 [ERROR] LogOutputStream:75 - [STDERR_REDIRECT] 
2026-04-19 23:42:41,292 [ERROR] LogOutputStream:75 - [STDERR_REDIRECT] [Fatal Error] :1:1: Premature end of file.
2026-04-19 23:42:41,292 [ERROR] LogOutputStream:75 - [STDERR_REDIRECT] 
2026-04-19 23:42:42,299 [ERROR] LogOutputStream:75 - [STDERR_REDIRECT] [Fatal Error] :1:1: Premature end of file.
2026-04-19 23:42:42,299 [ERROR] LogOutputStream:75 - [STDERR_REDIRECT] 
2026-04-19 23:42:43,297 [ERROR] LogOutputStream:75 - [STDERR_REDIRECT] [Fatal Error] :1:1: Premature end of file.
2026-04-19 23:42:43,297 [ERROR] LogOutputStream:75 - [STDERR_REDIRECT] 
2026-04-19 23:42:44,280 [ERROR] LogOutputStream:75 - [STDERR_REDIRECT] [Fatal Error] :1:1: Premature end of file.
2026-04-19 23:42:44,280 [ERROR] LogOutputStream:75 - [STDERR_REDIRECT] 
2026-04-19 23:42:45,283 [ERROR] LogOutputStream:75 - [STDERR_REDIRECT] [Fatal Error] :1:1: Premature end of file.
2026-04-19 23:42:45,283 [ERROR] LogOutputStream:75 - [STDERR_REDIRECT] 
2026-04-19 23:42:46,276 [ERROR] LogOutputStream:75 - [STDERR_REDIRECT] [Fatal Error] :1:1: Premature end of file.
2026-04-19 23:42:46,276 [ERROR] LogOutputStream:75 - [STDERR_REDIRECT] 
2026-04-19 23:42:47,278 [ERROR] LogOutputStream:75 - [STDERR_REDIRECT] [Fatal Error] :1:1: Premature end of file.
2026-04-19 23:42:47,278 [ERROR] LogOutputStream:75 - [STDERR_REDIRECT] 
2026-04-19 23:42:48,264 [ERROR] LogOutputStream:75 - [STDERR_REDIRECT] [Fatal Error] :1:1: Premature end of file.
2026-04-19 23:42:48,264 [ERROR] LogOutputStream:75 - [STDERR_REDIRECT] 
2026-04-19 23:42:49,282 [ERROR] LogOutputStream:75 - [STDERR_REDIRECT] [Fatal Error] :1:1: Premature end of file.
2026-04-19 23:42:49,282 [ERROR] LogOutputStream:75 - [STDERR_REDIRECT] 
2026-04-19 23:42:50,274 [ERROR] LogOutputStream:75 - [STDERR_REDIRECT] [Fatal Error] :1:1: Premature end of file.
2026-04-19 23:42:50,274 [ERROR] LogOutputStream:75 - [STDERR_REDIRECT] 
2026-04-19 23:42:51,309 [ERROR] LogOutputStream:75 - [STDERR_REDIRECT] [Fatal Error] :1:1: Premature end of file.
2026-04-19 23:42:51,309 [ERROR] LogOutputStream:75 - [STDERR_REDIRECT] 
2026-04-19 23:42:52,272 [ERROR] LogOutputStream:75 - [STDERR_REDIRECT] [Fatal Error] :1:1: Premature end of file.
2026-04-19 23:42:52,272 [ERROR] LogOutputStream:75 - [STDERR_REDIRECT] 
2026-04-19 23:42:53,274 [ERROR] LogOutputStream:75 - [STDERR_REDIRECT] [Fatal Error] :1:1: Premature end of file.
2026-04-19 23:42:53,275 [ERROR] LogOutputStream:75 - [STDERR_REDIRECT] 
2026-04-19 23:42:54,278 [ERROR] LogOutputStream:75 - [STDERR_REDIRECT] [Fatal Error] :1:1: Premature end of file.
2026-04-19 23:42:54,278 [ERROR] LogOutputStream:75 - [STDERR_REDIRECT] 
2026-04-19 23:42:55,284 [ERROR] LogOutputStream:75 - [STDERR_REDIRECT] [Fatal Error] :1:1: Premature end of file.
2026-04-19 23:42:55,284 [ERROR] LogOutputStream:75 - [STDERR_REDIRECT] 
2026-04-19 23:42:56,281 [ERROR] LogOutputStream:75 - [STDERR_REDIRECT] [Fatal Error] :1:1: Premature end of file.
2026-04-19 23:42:56,281 [ERROR] LogOutputStream:75 - [STDERR_REDIRECT] 
2026-04-19 23:42:57,311 [ERROR] LogOutputStream:75 - [STDERR_REDIRECT] [Fatal Error] :1:1: Premature end of file.
2026-04-19 23:42:57,312 [ERROR] LogOutputStream:75 - [STDERR_REDIRECT] 
2026-04-19 23:42:58,274 [ERROR] LogOutputStream:75 - [STDERR_REDIRECT] [Fatal Error] :1:1: Premature end of file.
2026-04-19 23:42:58,274 [ERROR] LogOutputStream:75 - [STDERR_REDIRECT] 
2026-04-19 23:42:59,278 [ERROR] LogOutputStream:75 - [STDERR_REDIRECT] [Fatal Error] :1:1: Premature end of file.
2026-04-19 23:42:59,278 [ERROR] LogOutputStream:75 - [STDERR_REDIRECT] 
2026-04-19 23:43:00,275 [ERROR] LogOutputStream:75 - [STDERR_REDIRECT] [Fatal Error] :1:1: Premature end of file.
2026-04-19 23:43:00,275 [ERROR] LogOutputStream:75 - [STDERR_REDIRECT] 
2026-04-19 23:43:01,293 [ERROR] LogOutputStream:75 - [STDERR_REDIRECT] [Fatal Error] :1:1: Premature end of file.
2026-04-19 23:43:01,293 [ERROR] LogOutputStream:75 - [STDERR_REDIRECT] 
2026-04-19 23:43:02,290 [ERROR] LogOutputStream:75 - [STDERR_REDIRECT] [Fatal Error] :1:1: Premature end of file.
2026-04-19 23:43:02,290 [ERROR] LogOutputStream:75 - [STDERR_REDIRECT] 
2026-04-19 23:43:03,287 [ERROR] LogOutputStream:75 - [STDERR_REDIRECT] [Fatal Error] :1:1: Premature end of file.
2026-04-19 23:43:03,288 [ERROR] LogOutputStream:75 - [STDERR_REDIRECT] 
2026-04-19 23:43:04,271 [ERROR] LogOutputStream:75 - [STDERR_REDIRECT] [Fatal Error] :1:1: Premature end of file.
2026-04-19 23:43:04,271 [ERROR] LogOutputStream:75 - [STDERR_REDIRECT] 
2026-04-19 23:43:05,272 [ERROR] LogOutputStream:75 - [STDERR_REDIRECT] [Fatal Error] :1:1: Premature end of file.
2026-04-19 23:43:05,272 [ERROR] LogOutputStream:75 - [STDERR_REDIRECT] 
2026-04-19 23:43:06,272 [ERROR] LogOutputStream:75 - [STDERR_REDIRECT] [Fatal Error] :1:1: Premature end of file.
2026-04-19 23:43:06,272 [ERROR] LogOutputStream:75 - [STDERR_REDIRECT] 
2026-04-19 23:43:07,272 [ERROR] LogOutputStream:75 - [STDERR_REDIRECT] [Fatal Error] :1:1: Premature end of file.
2026-04-19 23:43:07,272 [ERROR] LogOutputStream:75 - [STDERR_REDIRECT] 
2026-04-19 23:43:08,279 [ERROR] LogOutputStream:75 - [STDERR_REDIRECT] [Fatal Error] :1:1: Premature end of file.
2026-04-19 23:43:08,279 [ERROR] LogOutputStream:75 - [STDERR_REDIRECT] 
2026-04-19 23:43:09,283 [ERROR] LogOutputStream:75 - [STDERR_REDIRECT] [Fatal Error] :1:1: Premature end of file.
2026-04-19 23:43:09,283 [ERROR] LogOutputStream:75 - [STDERR_REDIRECT] 
2026-04-19 23:43:10,280 [ERROR] LogOutputStream:75 - [STDERR_REDIRECT] [Fatal Error] :1:1: Premature end of file.
2026-04-19 23:43:10,280 [ERROR] LogOutputStream:75 - [STDERR_REDIRECT] 
2026-04-19 23:43:11,300 [ERROR] LogOutputStream:75 - [STDERR_REDIRECT] [Fatal Error] :1:1: Premature end of file.
2026-04-19 23:43:11,300 [ERROR] LogOutputStream:75 - [STDERR_REDIRECT] 
2026-04-19 23:43:12,281 [ERROR] LogOutputStream:75 - [STDERR_REDIRECT] [Fatal Error] :1:1: Premature end of file.
2026-04-19 23:43:12,281 [ERROR] LogOutputStream:75 - [STDERR_REDIRECT] 
2026-04-19 23:43:13,291 [ERROR] LogOutputStream:75 - [STDERR_REDIRECT] [Fatal Error] :1:1: Premature end of file.
2026-04-19 23:43:13,291 [ERROR] LogOutputStream:75 - [STDERR_REDIRECT] 
2026-04-19 23:43:14,271 [ERROR] LogOutputStream:75 - [STDERR_REDIRECT] [Fatal Error] :1:1: Premature end of file.
2026-04-19 23:43:14,272 [ERROR] LogOutputStream:75 - [STDERR_REDIRECT] 
2026-04-19 23:43:15,279 [ERROR] LogOutputStream:75 - [STDERR_REDIRECT] [Fatal Error] :1:1: Premature end of file.
2026-04-19 23:43:15,279 [ERROR] LogOutputStream:75 - [STDERR_REDIRECT] 
2026-04-19 23:43:16,277 [ERROR] LogOutputStream:75 - [STDERR_REDIRECT] [Fatal Error] :1:1: Premature end of file.
2026-04-19 23:43:16,278 [ERROR] LogOutputStream:75 - [STDERR_REDIRECT] 
2026-04-19 23:43:17,281 [ERROR] LogOutputStream:75 - [STDERR_REDIRECT] [Fatal Error] :1:1: Premature end of file.
2026-04-19 23:43:17,281 [ERROR] LogOutputStream:75 - [STDERR_REDIRECT] 
2026-04-19 23:43:18,279 [ERROR] LogOutputStream:75 - [STDERR_REDIRECT] [Fatal Error] :1:1: Premature end of file.
2026-04-19 23:43:18,279 [ERROR] LogOutputStream:75 - [STDERR_REDIRECT] 
2026-04-19 23:43:19,280 [ERROR] LogOutputStream:75 - [STDERR_REDIRECT] [Fatal Error] :1:1: Premature end of file.
2026-04-19 23:43:19,280 [ERROR] LogOutputStream:75 - [STDERR_REDIRECT] 
2026-04-19 23:43:20,293 [ERROR] LogOutputStream:75 - [STDERR_REDIRECT] [Fatal Error] :1:1: Premature end of file.
2026-04-19 23:43:20,293 [ERROR] LogOutputStream:75 - [STDERR_REDIRECT] 
2026-04-19 23:43:21,293 [ERROR] LogOutputStream:75 - [STDERR_REDIRECT] [Fatal Error] :1:1: Premature end of file.
2026-04-19 23:43:21,293 [ERROR] LogOutputStream:75 - [STDERR_REDIRECT] 
2026-04-19 23:43:22,278 [ERROR] LogOutputStream:75 - [STDERR_REDIRECT] [Fatal Error] :1:1: Premature end of file.
2026-04-19 23:43:22,279 [ERROR] LogOutputStream:75 - [STDERR_REDIRECT] 
2026-04-19 23:43:23,294 [ERROR] LogOutputStream:75 - [STDERR_REDIRECT] [Fatal Error] :1:1: Premature end of file.
2026-04-19 23:43:23,294 [ERROR] LogOutputStream:75 - [STDERR_REDIRECT] 
2026-04-19 23:43:24,281 [ERROR] LogOutputStream:75 - [STDERR_REDIRECT] [Fatal Error] :1:1: Premature end of file.
2026-04-19 23:43:24,281 [ERROR] LogOutputStream:75 - [STDERR_REDIRECT] 
2026-04-19 23:43:25,275 [ERROR] LogOutputStream:75 - [STDERR_REDIRECT] [Fatal Error] :1:1: Premature end of file.
2026-04-19 23:43:25,275 [ERROR] LogOutputStream:75 - [STDERR_REDIRECT] 
2026-04-19 23:43:26,301 [ERROR] LogOutputStream:75 - [STDERR_REDIRECT] [Fatal Error] :1:1: Premature end of file.
2026-04-19 23:43:26,302 [ERROR] LogOutputStream:75 - [STDERR_REDIRECT] 
2026-04-19 23:43:27,298 [ERROR] LogOutputStream:75 - [STDERR_REDIRECT] [Fatal Error] :1:1: Premature end of file.
2026-04-19 23:43:27,298 [ERROR] LogOutputStream:75 - [STDERR_REDIRECT] 
2026-04-19 23:43:28,284 [ERROR] LogOutputStream:75 - [STDERR_REDIRECT] [Fatal Error] :1:1: Premature end of file.
2026-04-19 23:43:28,285 [ERROR] LogOutputStream:75 - [STDERR_REDIRECT] 
2026-04-19 23:43:29,290 [ERROR] LogOutputStream:75 - [STDERR_REDIRECT] [Fatal Error] :1:1: Premature end of file.
2026-04-19 23:43:29,292 [ERROR] LogOutputStream:75 - [STDERR_REDIRECT] 
2026-04-19 23:43:30,277 [ERROR] LogOutputStream:75 - [STDERR_REDIRECT] [Fatal Error] :1:1: Premature end of file.
2026-04-19 23:43:30,277 [ERROR] LogOutputStream:75 - [STDERR_REDIRECT] 
2026-04-19 23:43:31,288 [ERROR] LogOutputStream:75 - [STDERR_REDIRECT] [Fatal Error] :1:1: Premature end of file.
2026-04-19 23:43:31,288 [ERROR] LogOutputStream:75 - [STDERR_REDIRECT] 
2026-04-19 23:43:32,310 [ERROR] LogOutputStream:75 - [STDERR_REDIRECT] [Fatal Error] :1:1: Premature end of file.
2026-04-19 23:43:32,310 [ERROR] LogOutputStream:75 - [STDERR_REDIRECT] 
2026-04-19 23:43:33,297 [ERROR] LogOutputStream:75 - [STDERR_REDIRECT] [Fatal Error] :1:1: Premature end of file.
2026-04-19 23:43:33,297 [ERROR] LogOutputStream:75 - [STDERR_REDIRECT] 
2026-04-19 23:43:34,274 [ERROR] LogOutputStream:75 - [STDERR_REDIRECT] [Fatal Error] :1:1: Premature end of file.
2026-04-19 23:43:34,274 [ERROR] LogOutputStream:75 - [STDERR_REDIRECT] 
2026-04-19 23:43:35,277 [ERROR] LogOutputStream:75 - [STDERR_REDIRECT] [Fatal Error] :1:1: Premature end of file.
2026-04-19 23:43:35,277 [ERROR] LogOutputStream:75 - [STDERR_REDIRECT] 
2026-04-19 23:43:36,280 [ERROR] LogOutputStream:75 - [STDERR_REDIRECT] [Fatal Error] :1:1: Premature end of file.
2026-04-19 23:43:36,280 [ERROR] LogOutputStream:75 - [STDERR_REDIRECT] 
2026-04-19 23:43:37,278 [ERROR] LogOutputStream:75 - [STDERR_REDIRECT] [Fatal Error] :1:1: Premature end of file.
2026-04-19 23:43:37,278 [ERROR] LogOutputStream:75 - [STDERR_REDIRECT] 
2026-04-19 23:43:38,281 [ERROR] LogOutputStream:75 - [STDERR_REDIRECT] [Fatal Error] :1:1: Premature end of file.
2026-04-19 23:43:38,281 [ERROR] LogOutputStream:75 - [STDERR_REDIRECT] 
2026-04-19 23:43:39,297 [ERROR] LogOutputStream:75 - [STDERR_REDIRECT] [Fatal Error] :1:1: Premature end of file.
2026-04-19 23:43:39,297 [ERROR] LogOutputStream:75 - [STDERR_REDIRECT] 
2026-04-19 23:43:40,275 [ERROR] LogOutputStream:75 - [STDERR_REDIRECT] [Fatal Error] :1:1: Premature end of file.
2026-04-19 23:43:40,275 [ERROR] LogOutputStream:75 - [STDERR_REDIRECT] 
2026-04-19 23:43:41,285 [ERROR] LogOutputStream:75 - [STDERR_REDIRECT] [Fatal Error] :1:1: Premature end of file.
2026-04-19 23:43:41,285 [ERROR] LogOutputStream:75 - [STDERR_REDIRECT] 
2026-04-19 23:43:42,290 [ERROR] LogOutputStream:75 - [STDERR_REDIRECT] [Fatal Error] :1:1: Premature end of file.
2026-04-19 23:43:42,290 [ERROR] LogOutputStream:75 - [STDERR_REDIRECT] 
2026-04-19 23:43:43,288 [ERROR] LogOutputStream:75 - [STDERR_REDIRECT] [Fatal Error] :1:1: Premature end of file.
2026-04-19 23:43:43,288 [ERROR] LogOutputStream:75 - [STDERR_REDIRECT] 
2026-04-19 23:43:44,279 [ERROR] LogOutputStream:75 - [STDERR_REDIRECT] [Fatal Error] :1:1: Premature end of file.
2026-04-19 23:43:44,279 [ERROR] LogOutputStream:75 - [STDERR_REDIRECT] 
2026-04-19 23:43:45,278 [ERROR] LogOutputStream:75 - [STDERR_REDIRECT] [Fatal Error] :1:1: Premature end of file.
2026-04-19 23:43:45,278 [ERROR] LogOutputStream:75 - [STDERR_REDIRECT] 
2026-04-19 23:43:46,284 [ERROR] LogOutputStream:75 - [STDERR_REDIRECT] [Fatal Error] :1:1: Premature end of file.
2026-04-19 23:43:46,284 [ERROR] LogOutputStream:75 - [STDERR_REDIRECT] 
2026-04-19 23:43:47,277 [ERROR] LogOutputStream:75 - [STDERR_REDIRECT] [Fatal Error] :1:1: Premature end of file.
2026-04-19 23:43:47,277 [ERROR] LogOutputStream:75 - [STDERR_REDIRECT] 
2026-04-19 23:43:48,296 [ERROR] LogOutputStream:75 - [STDERR_REDIRECT] [Fatal Error] :1:1: Premature end of file.
2026-04-19 23:43:48,296 [ERROR] LogOutputStream:75 - [STDERR_REDIRECT] 
2026-04-19 23:43:49,306 [ERROR] LogOutputStream:75 - [STDERR_REDIRECT] [Fatal Error] :1:1: Premature end of file.
2026-04-19 23:43:49,306 [ERROR] LogOutputStream:75 - [STDERR_REDIRECT] 
2026-04-19 23:43:50,284 [ERROR] LogOutputStream:75 - [STDERR_REDIRECT] [Fatal Error] :1:1: Premature end of file.
2026-04-19 23:43:50,284 [ERROR] LogOutputStream:75 - [STDERR_REDIRECT] 
2026-04-19 23:43:51,306 [ERROR] LogOutputStream:75 - [STDERR_REDIRECT] [Fatal Error] :1:1: Premature end of file.
2026-04-19 23:43:51,306 [ERROR] LogOutputStream:75 - [STDERR_REDIRECT] 
2026-04-19 23:43:52,302 [ERROR] LogOutputStream:75 - [STDERR_REDIRECT] [Fatal Error] :1:1: Premature end of file.
2026-04-19 23:43:52,302 [ERROR] LogOutputStream:75 - [STDERR_REDIRECT] 
2026-04-19 23:43:53,291 [ERROR] LogOutputStream:75 - [STDERR_REDIRECT] [Fatal Error] :1:1: Premature end of file.
2026-04-19 23:43:53,291 [ERROR] LogOutputStream:75 - [STDERR_REDIRECT] 
2026-04-19 23:43:54,278 [ERROR] LogOutputStream:75 - [STDERR_REDIRECT] [Fatal Error] :1:1: Premature end of file.
2026-04-19 23:43:54,278 [ERROR] LogOutputStream:75 - [STDERR_REDIRECT] 
2026-04-19 23:43:55,284 [ERROR] LogOutputStream:75 - [STDERR_REDIRECT] [Fatal Error] :1:1: Premature end of file.
2026-04-19 23:43:55,284 [ERROR] LogOutputStream:75 - [STDERR_REDIRECT] 
2026-04-19 23:43:56,288 [ERROR] LogOutputStream:75 - [STDERR_REDIRECT] [Fatal Error] :1:1: Premature end of file.
2026-04-19 23:43:56,289 [ERROR] LogOutputStream:75 - [STDERR_REDIRECT] 
2026-04-19 23:43:57,306 [ERROR] LogOutputStream:75 - [STDERR_REDIRECT] [Fatal Error] :1:1: Premature end of file.
2026-04-19 23:43:57,306 [ERROR] LogOutputStream:75 - [STDERR_REDIRECT] 
2026-04-19 23:43:58,284 [ERROR] LogOutputStream:75 - [STDERR_REDIRECT] [Fatal Error] :1:1: Premature end of file.
2026-04-19 23:43:58,284 [ERROR] LogOutputStream:75 - [STDERR_REDIRECT] 
2026-04-19 23:43:59,292 [ERROR] LogOutputStream:75 - [STDERR_REDIRECT] [Fatal Error] :1:1: Premature end of file.
2026-04-19 23:43:59,292 [ERROR] LogOutputStream:75 - [STDERR_REDIRECT] 
2026-04-19 23:44:00,283 [ERROR] LogOutputStream:75 - [STDERR_REDIRECT] [Fatal Error] :1:1: Premature end of file.
2026-04-19 23:44:00,283 [ERROR] LogOutputStream:75 - [STDERR_REDIRECT] 
2026-04-19 23:44:01,277 [ERROR] LogOutputStream:75 - [STDERR_REDIRECT] [Fatal Error] :1:1: Premature end of file.
2026-04-19 23:44:01,277 [ERROR] LogOutputStream:75 - [STDERR_REDIRECT] 
2026-04-19 23:44:02,276 [ERROR] LogOutputStream:75 - [STDERR_REDIRECT] [Fatal Error] :1:1: Premature end of file.
2026-04-19 23:44:02,276 [ERROR] LogOutputStream:75 - [STDERR_REDIRECT] 
2026-04-19 23:44:03,269 [ERROR] LogOutputStream:75 - [STDERR_REDIRECT] [Fatal Error] :1:1: Premature end of file.
2026-04-19 23:44:03,269 [ERROR] LogOutputStream:75 - [STDERR_REDIRECT] 
2026-04-19 23:44:04,280 [ERROR] LogOutputStream:75 - [STDERR_REDIRECT] [Fatal Error] :1:1: Premature end of file.
2026-04-19 23:44:04,281 [ERROR] LogOutputStream:75 - [STDERR_REDIRECT] 
2026-04-19 23:44:05,281 [ERROR] LogOutputStream:75 - [STDERR_REDIRECT] [Fatal Error] :1:1: Premature end of file.
2026-04-19 23:44:05,281 [ERROR] LogOutputStream:75 - [STDERR_REDIRECT] 
2026-04-19 23:44:06,278 [ERROR] LogOutputStream:75 - [STDERR_REDIRECT] [Fatal Error] :1:1: Premature end of file.
2026-04-19 23:44:06,279 [ERROR] LogOutputStream:75 - [STDERR_REDIRECT] 
2026-04-19 23:44:07,281 [ERROR] LogOutputStream:75 - [STDERR_REDIRECT] [Fatal Error] :1:1: Premature end of file.
2026-04-19 23:44:07,281 [ERROR] LogOutputStream:75 - [STDERR_REDIRECT] 
2026-04-19 23:44:08,289 [ERROR] LogOutputStream:75 - [STDERR_REDIRECT] [Fatal Error] :1:1: Premature end of file.
2026-04-19 23:44:08,289 [ERROR] LogOutputStream:75 - [STDERR_REDIRECT] 
2026-04-19 23:44:09,287 [ERROR] LogOutputStream:75 - [STDERR_REDIRECT] [Fatal Error] :1:1: Premature end of file.
2026-04-19 23:44:09,288 [ERROR] LogOutputStream:75 - [STDERR_REDIRECT] 
2026-04-19 23:44:10,281 [ERROR] LogOutputStream:75 - [STDERR_REDIRECT] [Fatal Error] :1:1: Premature end of file.
2026-04-19 23:44:10,281 [ERROR] LogOutputStream:75 - [STDERR_REDIRECT] 
2026-04-19 23:44:11,293 [ERROR] LogOutputStream:75 - [STDERR_REDIRECT] [Fatal Error] :1:1: Premature end of file.
2026-04-19 23:44:11,293 [ERROR] LogOutputStream:75 - [STDERR_REDIRECT] 
2026-04-19 23:44:12,285 [ERROR] LogOutputStream:75 - [STDERR_REDIRECT] [Fatal Error] :1:1: Premature end of file.
2026-04-19 23:44:12,285 [ERROR] LogOutputStream:75 - [STDERR_REDIRECT] 
2026-04-19 23:44:13,298 [ERROR] LogOutputStream:75 - [STDERR_REDIRECT] [Fatal Error] :1:1: Premature end of file.
2026-04-19 23:44:13,299 [ERROR] LogOutputStream:75 - [STDERR_REDIRECT] 
2026-04-19 23:44:14,292 [ERROR] LogOutputStream:75 - [STDERR_REDIRECT] [Fatal Error] :1:1: Premature end of file.
2026-04-19 23:44:14,292 [ERROR] LogOutputStream:75 - [STDERR_REDIRECT] 
2026-04-19 23:44:15,281 [ERROR] LogOutputStream:75 - [STDERR_REDIRECT] [Fatal Error] :1:1: Premature end of file.
2026-04-19 23:44:15,282 [ERROR] LogOutputStream:75 - [STDERR_REDIRECT] 
2026-04-19 23:44:16,271 [ERROR] LogOutputStream:75 - [STDERR_REDIRECT] [Fatal Error] :1:1: Premature end of file.
2026-04-19 23:44:16,272 [ERROR] LogOutputStream:75 - [STDERR_REDIRECT] 
2026-04-19 23:44:17,275 [ERROR] LogOutputStream:75 - [STDERR_REDIRECT] [Fatal Error] :1:1: Premature end of file.
2026-04-19 23:44:17,275 [ERROR] LogOutputStream:75 - [STDERR_REDIRECT] 
2026-04-19 23:44:18,289 [ERROR] LogOutputStream:75 - [STDERR_REDIRECT] [Fatal Error] :1:1: Premature end of file.
2026-04-19 23:44:18,289 [ERROR] LogOutputStream:75 - [STDERR_REDIRECT] 
2026-04-19 23:44:19,272 [ERROR] LogOutputStream:75 - [STDERR_REDIRECT] [Fatal Error] :1:1: Premature end of file.
2026-04-19 23:44:19,272 [ERROR] LogOutputStream:75 - [STDERR_REDIRECT] 
2026-04-19 23:44:20,275 [ERROR] LogOutputStream:75 - [STDERR_REDIRECT] [Fatal Error] :1:1: Premature end of file.
2026-04-19 23:44:20,275 [ERROR] LogOutputStream:75 - [STDERR_REDIRECT] 
2026-04-19 23:44:21,287 [ERROR] LogOutputStream:75 - [STDERR_REDIRECT] [Fatal Error] :1:1: Premature end of file.
2026-04-19 23:44:21,287 [ERROR] LogOutputStream:75 - [STDERR_REDIRECT] 
2026-04-19 23:44:22,298 [ERROR] LogOutputStream:75 - [STDERR_REDIRECT] [Fatal Error] :1:1: Premature end of file.
2026-04-19 23:44:22,298 [ERROR] LogOutputStream:75 - [STDERR_REDIRECT] 
2026-04-19 23:44:23,294 [ERROR] LogOutputStream:75 - [STDERR_REDIRECT] [Fatal Error] :1:1: Premature end of file.
2026-04-19 23:44:23,294 [ERROR] LogOutputStream:75 - [STDERR_REDIRECT] 
2026-04-19 23:44:24,289 [ERROR] LogOutputStream:75 - [STDERR_REDIRECT] [Fatal Error] :1:1: Premature end of file.
2026-04-19 23:44:24,289 [ERROR] LogOutputStream:75 - [STDERR_REDIRECT] 
2026-04-19 23:44:25,273 [ERROR] LogOutputStream:75 - [STDERR_REDIRECT] [Fatal Error] :1:1: Premature end of file.
2026-04-19 23:44:25,273 [ERROR] LogOutputStream:75 - [STDERR_REDIRECT] 
2026-04-19 23:44:26,304 [ERROR] LogOutputStream:75 - [STDERR_REDIRECT] [Fatal Error] :1:1: Premature end of file.
2026-04-19 23:44:26,304 [ERROR] LogOutputStream:75 - [STDERR_REDIRECT] 
2026-04-19 23:44:27,287 [ERROR] LogOutputStream:75 - [STDERR_REDIRECT] [Fatal Error] :1:1: Premature end of file.
2026-04-19 23:44:27,287 [ERROR] LogOutputStream:75 - [STDERR_REDIRECT] 
2026-04-19 23:44:28,301 [ERROR] LogOutputStream:75 - [STDERR_REDIRECT] [Fatal Error] :1:1: Premature end of file.
2026-04-19 23:44:28,301 [ERROR] LogOutputStream:75 - [STDERR_REDIRECT] 
2026-04-19 23:44:29,292 [ERROR] LogOutputStream:75 - [STDERR_REDIRECT] [Fatal Error] :1:1: Premature end of file.
2026-04-19 23:44:29,293 [ERROR] LogOutputStream:75 - [STDERR_REDIRECT] 
2026-04-19 23:44:30,297 [ERROR] LogOutputStream:75 - [STDERR_REDIRECT] [Fatal Error] :1:1: Premature end of file.
2026-04-19 23:44:30,297 [ERROR] LogOutputStream:75 - [STDERR_REDIRECT] 
2026-04-19 23:44:31,289 [ERROR] LogOutputStream:75 - [STDERR_REDIRECT] [Fatal Error] :1:1: Premature end of file.
2026-04-19 23:44:31,289 [ERROR] LogOutputStream:75 - [STDERR_REDIRECT] 
2026-04-19 23:44:32,277 [ERROR] LogOutputStream:75 - [STDERR_REDIRECT] [Fatal Error] :1:1: Premature end of file.
2026-04-19 23:44:32,277 [ERROR] LogOutputStream:75 - [STDERR_REDIRECT] 
2026-04-19 23:44:33,273 [ERROR] LogOutputStream:75 - [STDERR_REDIRECT] [Fatal Error] :1:1: Premature end of file.
2026-04-19 23:44:33,273 [ERROR] LogOutputStream:75 - [STDERR_REDIRECT] 
2026-04-19 23:44:34,287 [ERROR] LogOutputStream:75 - [STDERR_REDIRECT] [Fatal Error] :1:1: Premature end of file.
2026-04-19 23:44:34,287 [ERROR] LogOutputStream:75 - [STDERR_REDIRECT] 
2026-04-19 23:44:35,272 [ERROR] LogOutputStream:75 - [STDERR_REDIRECT] [Fatal Error] :1:1: Premature end of file.
2026-04-19 23:44:35,272 [ERROR] LogOutputStream:75 - [STDERR_REDIRECT] 
2026-04-19 23:44:36,302 [ERROR] LogOutputStream:75 - [STDERR_REDIRECT] [Fatal Error] :1:1: Premature end of file.
2026-04-19 23:44:36,302 [ERROR] LogOutputStream:75 - [STDERR_REDIRECT] 
2026-04-19 23:44:37,283 [ERROR] LogOutputStream:75 - [STDERR_REDIRECT] [Fatal Error] :1:1: Premature end of file.
2026-04-19 23:44:37,283 [ERROR] LogOutputStream:75 - [STDERR_REDIRECT] 
2026-04-19 23:44:38,278 [ERROR] LogOutputStream:75 - [STDERR_REDIRECT] [Fatal Error] :1:1: Premature end of file.
2026-04-19 23:44:38,279 [ERROR] LogOutputStream:75 - [STDERR_REDIRECT] 
2026-04-19 23:44:39,283 [ERROR] LogOutputStream:75 - [STDERR_REDIRECT] [Fatal Error] :1:1: Premature end of file.
2026-04-19 23:44:39,283 [ERROR] LogOutputStream:75 - [STDERR_REDIRECT] 
2026-04-19 23:44:40,269 [ERROR] LogOutputStream:75 - [STDERR_REDIRECT] [Fatal Error] :1:1: Premature end of file.
2026-04-19 23:44:40,270 [ERROR] LogOutputStream:75 - [STDERR_REDIRECT] 
2026-04-19 23:44:41,288 [ERROR] LogOutputStream:75 - [STDERR_REDIRECT] [Fatal Error] :1:1: Premature end of file.
2026-04-19 23:44:41,289 [ERROR] LogOutputStream:75 - [STDERR_REDIRECT] 
2026-04-19 23:44:42,285 [ERROR] LogOutputStream:75 - [STDERR_REDIRECT] [Fatal Error] :1:1: Premature end of file.
2026-04-19 23:44:42,285 [ERROR] LogOutputStream:75 - [STDERR_REDIRECT] 
2026-04-19 23:44:43,306 [ERROR] LogOutputStream:75 - [STDERR_REDIRECT] [Fatal Error] :1:1: Premature end of file.
2026-04-19 23:44:43,306 [ERROR] LogOutputStream:75 - [STDERR_REDIRECT] 
2026-04-19 23:44:44,278 [ERROR] LogOutputStream:75 - [STDERR_REDIRECT] [Fatal Error] :1:1: Premature end of file.
2026-04-19 23:44:44,278 [ERROR] LogOutputStream:75 - [STDERR_REDIRECT] 
2026-04-19 23:44:45,275 [ERROR] LogOutputStream:75 - [STDERR_REDIRECT] [Fatal Error] :1:1: Premature end of file.
2026-04-19 23:44:45,276 [ERROR] LogOutputStream:75 - [STDERR_REDIRECT] 
2026-04-19 23:44:46,283 [ERROR] LogOutputStream:75 - [STDERR_REDIRECT] [Fatal Error] :1:1: Premature end of file.
2026-04-19 23:44:46,283 [ERROR] LogOutputStream:75 - [STDERR_REDIRECT] 
2026-04-19 23:44:47,273 [ERROR] LogOutputStream:75 - [STDERR_REDIRECT] [Fatal Error] :1:1: Premature end of file.
2026-04-19 23:44:47,273 [ERROR] LogOutputStream:75 - [STDERR_REDIRECT] 
2026-04-19 23:44:48,292 [ERROR] LogOutputStream:75 - [STDERR_REDIRECT] [Fatal Error] :1:1: Premature end of file.
2026-04-19 23:44:48,292 [ERROR] LogOutputStream:75 - [STDERR_REDIRECT] 
2026-04-19 23:44:49,278 [ERROR] LogOutputStream:75 - [STDERR_REDIRECT] [Fatal Error] :1:1: Premature end of file.
2026-04-19 23:44:49,278 [ERROR] LogOutputStream:75 - [STDERR_REDIRECT] 
2026-04-19 23:44:50,276 [ERROR] LogOutputStream:75 - [STDERR_REDIRECT] [Fatal Error] :1:1: Premature end of file.
2026-04-19 23:44:50,276 [ERROR] LogOutputStream:75 - [STDERR_REDIRECT] 
2026-04-19 23:44:51,282 [ERROR] LogOutputStream:75 - [STDERR_REDIRECT] [Fatal Error] :1:1: Premature end of file.
2026-04-19 23:44:51,282 [ERROR] LogOutputStream:75 - [STDERR_REDIRECT] 
2026-04-19 23:44:52,285 [ERROR] LogOutputStream:75 - [STDERR_REDIRECT] [Fatal Error] :1:1: Premature end of file.
2026-04-19 23:44:52,285 [ERROR] LogOutputStream:75 - [STDERR_REDIRECT] 
2026-04-19 23:44:53,293 [ERROR] LogOutputStream:75 - [STDERR_REDIRECT] [Fatal Error] :1:1: Premature end of file.
2026-04-19 23:44:53,293 [ERROR] LogOutputStream:75 - [STDERR_REDIRECT] 
2026-04-19 23:44:54,300 [ERROR] LogOutputStream:75 - [STDERR_REDIRECT] [Fatal Error] :1:1: Premature end of file.
2026-04-19 23:44:54,300 [ERROR] LogOutputStream:75 - [STDERR_REDIRECT] 
2026-04-19 23:44:55,335 [ERROR] LogOutputStream:75 - [STDERR_REDIRECT] [Fatal Error] :1:1: Premature end of file.
2026-04-19 23:44:55,335 [ERROR] LogOutputStream:75 - [STDERR_REDIRECT] 
2026-04-19 23:44:56,287 [ERROR] LogOutputStream:75 - [STDERR_REDIRECT] [Fatal Error] :1:1: Premature end of file.
2026-04-19 23:44:56,287 [ERROR] LogOutputStream:75 - [STDERR_REDIRECT] 
2026-04-19 23:44:57,286 [ERROR] LogOutputStream:75 - [STDERR_REDIRECT] [Fatal Error] :1:1: Premature end of file.
2026-04-19 23:44:57,286 [ERROR] LogOutputStream:75 - [STDERR_REDIRECT] 
2026-04-19 23:44:58,277 [ERROR] LogOutputStream:75 - [STDERR_REDIRECT] [Fatal Error] :1:1: Premature end of file.
2026-04-19 23:44:58,277 [ERROR] LogOutputStream:75 - [STDERR_REDIRECT] 
2026-04-19 23:44:59,284 [ERROR] LogOutputStream:75 - [STDERR_REDIRECT] [Fatal Error] :1:1: Premature end of file.
2026-04-19 23:44:59,284 [ERROR] LogOutputStream:75 - [STDERR_REDIRECT] 
2026-04-19 23:45:00,283 [ERROR] LogOutputStream:75 - [STDERR_REDIRECT] [Fatal Error] :1:1: Premature end of file.
2026-04-19 23:45:00,283 [ERROR] LogOutputStream:75 - [STDERR_REDIRECT] 
2026-04-19 23:45:01,276 [ERROR] LogOutputStream:75 - [STDERR_REDIRECT] [Fatal Error] :1:1: Premature end of file.
2026-04-19 23:45:01,276 [ERROR] LogOutputStream:75 - [STDERR_REDIRECT] 
2026-04-19 23:45:02,276 [ERROR] LogOutputStream:75 - [STDERR_REDIRECT] [Fatal Error] :1:1: Premature end of file.
2026-04-19 23:45:02,277 [ERROR] LogOutputStream:75 - [STDERR_REDIRECT] 
2026-04-19 23:45:03,282 [ERROR] LogOutputStream:75 - [STDERR_REDIRECT] [Fatal Error] :1:1: Premature end of file.
2026-04-19 23:45:03,282 [ERROR] LogOutputStream:75 - [STDERR_REDIRECT] 
2026-04-19 23:45:04,270 [ERROR] LogOutputStream:75 - [STDERR_REDIRECT] [Fatal Error] :1:1: Premature end of file.
2026-04-19 23:45:04,270 [ERROR] LogOutputStream:75 - [STDERR_REDIRECT] 
2026-04-19 23:45:05,292 [ERROR] LogOutputStream:75 - [STDERR_REDIRECT] [Fatal Error] :1:1: Premature end of file.
2026-04-19 23:45:05,292 [ERROR] LogOutputStream:75 - [STDERR_REDIRECT] 
2026-04-19 23:45:06,295 [ERROR] LogOutputStream:75 - [STDERR_REDIRECT] [Fatal Error] :1:1: Premature end of file.
2026-04-19 23:45:06,295 [ERROR] LogOutputStream:75 - [STDERR_REDIRECT] 
2026-04-19 23:45:07,274 [ERROR] LogOutputStream:75 - [STDERR_REDIRECT] [Fatal Error] :1:1: Premature end of file.
2026-04-19 23:45:07,274 [ERROR] LogOutputStream:75 - [STDERR_REDIRECT] 
2026-04-19 23:45:08,282 [ERROR] LogOutputStream:75 - [STDERR_REDIRECT] [Fatal Error] :1:1: Premature end of file.
2026-04-19 23:45:08,282 [ERROR] LogOutputStream:75 - [STDERR_REDIRECT] 
2026-04-19 23:45:09,284 [ERROR] LogOutputStream:75 - [STDERR_REDIRECT] [Fatal Error] :1:1: Premature end of file.
2026-04-19 23:45:09,284 [ERROR] LogOutputStream:75 - [STDERR_REDIRECT] 
2026-04-19 23:45:10,278 [ERROR] LogOutputStream:75 - [STDERR_REDIRECT] [Fatal Error] :1:1: Premature end of file.
2026-04-19 23:45:10,278 [ERROR] LogOutputStream:75 - [STDERR_REDIRECT] 
2026-04-19 23:45:11,277 [ERROR] LogOutputStream:75 - [STDERR_REDIRECT] [Fatal Error] :1:1: Premature end of file.
2026-04-19 23:45:11,277 [ERROR] LogOutputStream:75 - [STDERR_REDIRECT] 
2026-04-19 23:45:12,273 [ERROR] LogOutputStream:75 - [STDERR_REDIRECT] [Fatal Error] :1:1: Premature end of file.
2026-04-19 23:45:12,273 [ERROR] LogOutputStream:75 - [STDERR_REDIRECT] 
2026-04-19 23:45:13,280 [ERROR] LogOutputStream:75 - [STDERR_REDIRECT] [Fatal Error] :1:1: Premature end of file.
2026-04-19 23:45:13,280 [ERROR] LogOutputStream:75 - [STDERR_REDIRECT] 
2026-04-19 23:45:14,274 [ERROR] LogOutputStream:75 - [STDERR_REDIRECT] [Fatal Error] :1:1: Premature end of file.
2026-04-19 23:45:14,274 [ERROR] LogOutputStream:75 - [STDERR_REDIRECT] 
2026-04-19 23:45:15,280 [ERROR] LogOutputStream:75 - [STDERR_REDIRECT] [Fatal Error] :1:1: Premature end of file.
2026-04-19 23:45:15,280 [ERROR] LogOutputStream:75 - [STDERR_REDIRECT] 
2026-04-19 23:45:16,274 [ERROR] LogOutputStream:75 - [STDERR_REDIRECT] [Fatal Error] :1:1: Premature end of file.
2026-04-19 23:45:16,274 [ERROR] LogOutputStream:75 - [STDERR_REDIRECT] 
2026-04-19 23:45:17,278 [ERROR] LogOutputStream:75 - [STDERR_REDIRECT] [Fatal Error] :1:1: Premature end of file.
2026-04-19 23:45:17,278 [ERROR] LogOutputStream:75 - [STDERR_REDIRECT] 
2026-04-19 23:45:18,282 [ERROR] LogOutputStream:75 - [STDERR_REDIRECT] [Fatal Error] :1:1: Premature end of file.
2026-04-19 23:45:18,282 [ERROR] LogOutputStream:75 - [STDERR_REDIRECT] 
2026-04-19 23:45:19,279 [ERROR] LogOutputStream:75 - [STDERR_REDIRECT] [Fatal Error] :1:1: Premature end of file.
2026-04-19 23:45:19,279 [ERROR] LogOutputStream:75 - [STDERR_REDIRECT] 
2026-04-19 23:45:20,279 [ERROR] LogOutputStream:75 - [STDERR_REDIRECT] [Fatal Error] :1:1: Premature end of file.
2026-04-19 23:45:20,279 [ERROR] LogOutputStream:75 - [STDERR_REDIRECT] 
2026-04-19 23:45:21,271 [ERROR] LogOutputStream:75 - [STDERR_REDIRECT] [Fatal Error] :1:1: Premature end of file.
2026-04-19 23:45:21,271 [ERROR] LogOutputStream:75 - [STDERR_REDIRECT] 
2026-04-19 23:45:22,283 [ERROR] LogOutputStream:75 - [STDERR_REDIRECT] [Fatal Error] :1:1: Premature end of file.
2026-04-19 23:45:22,283 [ERROR] LogOutputStream:75 - [STDERR_REDIRECT] 
2026-04-19 23:45:23,275 [ERROR] LogOutputStream:75 - [STDERR_REDIRECT] [Fatal Error] :1:1: Premature end of file.
2026-04-19 23:45:23,275 [ERROR] LogOutputStream:75 - [STDERR_REDIRECT] 
2026-04-19 23:45:24,276 [ERROR] LogOutputStream:75 - [STDERR_REDIRECT] [Fatal Error] :1:1: Premature end of file.
2026-04-19 23:45:24,276 [ERROR] LogOutputStream:75 - [STDERR_REDIRECT] 
2026-04-19 23:45:25,280 [ERROR] LogOutputStream:75 - [STDERR_REDIRECT] [Fatal Error] :1:1: Premature end of file.
2026-04-19 23:45:25,280 [ERROR] LogOutputStream:75 - [STDERR_REDIRECT] 
2026-04-19 23:45:26,272 [ERROR] LogOutputStream:75 - [STDERR_REDIRECT] [Fatal Error] :1:1: Premature end of file.
2026-04-19 23:45:26,272 [ERROR] LogOutputStream:75 - [STDERR_REDIRECT] 
2026-04-19 23:45:27,286 [ERROR] LogOutputStream:75 - [STDERR_REDIRECT] [Fatal Error] :1:1: Premature end of file.
2026-04-19 23:45:27,287 [ERROR] LogOutputStream:75 - [STDERR_REDIRECT] 
2026-04-19 23:45:28,282 [ERROR] LogOutputStream:75 - [STDERR_REDIRECT] [Fatal Error] :1:1: Premature end of file.
2026-04-19 23:45:28,282 [ERROR] LogOutputStream:75 - [STDERR_REDIRECT] 
2026-04-19 23:45:29,283 [ERROR] LogOutputStream:75 - [STDERR_REDIRECT] [Fatal Error] :1:1: Premature end of file.
2026-04-19 23:45:29,283 [ERROR] LogOutputStream:75 - [STDERR_REDIRECT] 
2026-04-19 23:45:30,278 [ERROR] LogOutputStream:75 - [STDERR_REDIRECT] [Fatal Error] :1:1: Premature end of file.
2026-04-19 23:45:30,278 [ERROR] LogOutputStream:75 - [STDERR_REDIRECT] 
2026-04-19 23:45:31,293 [ERROR] LogOutputStream:75 - [STDERR_REDIRECT] [Fatal Error] :1:1: Premature end of file.
2026-04-19 23:45:31,293 [ERROR] LogOutputStream:75 - [STDERR_REDIRECT] 
2026-04-19 23:45:32,275 [ERROR] LogOutputStream:75 - [STDERR_REDIRECT] [Fatal Error] :1:1: Premature end of file.
2026-04-19 23:45:32,275 [ERROR] LogOutputStream:75 - [STDERR_REDIRECT] 
2026-04-19 23:45:33,273 [ERROR] LogOutputStream:75 - [STDERR_REDIRECT] [Fatal Error] :1:1: Premature end of file.
2026-04-19 23:45:33,273 [ERROR] LogOutputStream:75 - [STDERR_REDIRECT] 
2026-04-19 23:45:34,275 [ERROR] LogOutputStream:75 - [STDERR_REDIRECT] [Fatal Error] :1:1: Premature end of file.
2026-04-19 23:45:34,275 [ERROR] LogOutputStream:75 - [STDERR_REDIRECT] 
2026-04-19 23:45:35,277 [ERROR] LogOutputStream:75 - [STDERR_REDIRECT] [Fatal Error] :1:1: Premature end of file.
2026-04-19 23:45:35,277 [ERROR] LogOutputStream:75 - [STDERR_REDIRECT] 
2026-04-19 23:45:36,293 [ERROR] LogOutputStream:75 - [STDERR_REDIRECT] [Fatal Error] :1:1: Premature end of file.
2026-04-19 23:45:36,294 [ERROR] LogOutputStream:75 - [STDERR_REDIRECT] 
2026-04-19 23:45:37,303 [ERROR] LogOutputStream:75 - [STDERR_REDIRECT] [Fatal Error] :1:1: Premature end of file.
2026-04-19 23:45:37,303 [ERROR] LogOutputStream:75 - [STDERR_REDIRECT] 
2026-04-19 23:45:38,284 [ERROR] LogOutputStream:75 - [STDERR_REDIRECT] [Fatal Error] :1:1: Premature end of file.
2026-04-19 23:45:38,285 [ERROR] LogOutputStream:75 - [STDERR_REDIRECT] 
2026-04-19 23:45:39,283 [ERROR] LogOutputStream:75 - [STDERR_REDIRECT] [Fatal Error] :1:1: Premature end of file.
2026-04-19 23:45:39,283 [ERROR] LogOutputStream:75 - [STDERR_REDIRECT] 
2026-04-19 23:45:40,280 [ERROR] LogOutputStream:75 - [STDERR_REDIRECT] [Fatal Error] :1:1: Premature end of file.
2026-04-19 23:45:40,280 [ERROR] LogOutputStream:75 - [STDERR_REDIRECT] 
2026-04-19 23:45:41,276 [ERROR] LogOutputStream:75 - [STDERR_REDIRECT] [Fatal Error] :1:1: Premature end of file.
2026-04-19 23:45:41,276 [ERROR] LogOutputStream:75 - [STDERR_REDIRECT] 
2026-04-19 23:45:42,278 [ERROR] LogOutputStream:75 - [STDERR_REDIRECT] [Fatal Error] :1:1: Premature end of file.
2026-04-19 23:45:42,278 [ERROR] LogOutputStream:75 - [STDERR_REDIRECT] 
2026-04-19 23:45:43,307 [ERROR] LogOutputStream:75 - [STDERR_REDIRECT] [Fatal Error] :1:1: Premature end of file.
2026-04-19 23:45:43,307 [ERROR] LogOutputStream:75 - [STDERR_REDIRECT] 
2026-04-19 23:45:44,281 [ERROR] LogOutputStream:75 - [STDERR_REDIRECT] [Fatal Error] :1:1: Premature end of file.
2026-04-19 23:45:44,281 [ERROR] LogOutputStream:75 - [STDERR_REDIRECT] 
2026-04-19 23:45:45,277 [ERROR] LogOutputStream:75 - [STDERR_REDIRECT] [Fatal Error] :1:1: Premature end of file.
2026-04-19 23:45:45,277 [ERROR] LogOutputStream:75 - [STDERR_REDIRECT] 
2026-04-19 23:45:46,287 [ERROR] LogOutputStream:75 - [STDERR_REDIRECT] [Fatal Error] :1:1: Premature end of file.
2026-04-19 23:45:46,287 [ERROR] LogOutputStream:75 - [STDERR_REDIRECT] 
2026-04-19 23:45:47,310 [ERROR] LogOutputStream:75 - [STDERR_REDIRECT] [Fatal Error] :1:1: Premature end of file.
2026-04-19 23:45:47,310 [ERROR] LogOutputStream:75 - [STDERR_REDIRECT] 
2026-04-19 23:45:48,274 [ERROR] LogOutputStream:75 - [STDERR_REDIRECT] [Fatal Error] :1:1: Premature end of file.
2026-04-19 23:45:48,274 [ERROR] LogOutputStream:75 - [STDERR_REDIRECT] 
2026-04-19 23:45:49,277 [ERROR] LogOutputStream:75 - [STDERR_REDIRECT] [Fatal Error] :1:1: Premature end of file.
2026-04-19 23:45:49,277 [ERROR] LogOutputStream:75 - [STDERR_REDIRECT] 
2026-04-19 23:45:50,278 [ERROR] LogOutputStream:75 - [STDERR_REDIRECT] [Fatal Error] :1:1: Premature end of file.
2026-04-19 23:45:50,278 [ERROR] LogOutputStream:75 - [STDERR_REDIRECT] 
2026-04-19 23:45:51,280 [ERROR] LogOutputStream:75 - [STDERR_REDIRECT] [Fatal Error] :1:1: Premature end of file.
2026-04-19 23:45:51,280 [ERROR] LogOutputStream:75 - [STDERR_REDIRECT] 
2026-04-19 23:45:52,276 [ERROR] LogOutputStream:75 - [STDERR_REDIRECT] [Fatal Error] :1:1: Premature end of file.
2026-04-19 23:45:52,276 [ERROR] LogOutputStream:75 - [STDERR_REDIRECT] 
2026-04-19 23:45:53,276 [ERROR] LogOutputStream:75 - [STDERR_REDIRECT] [Fatal Error] :1:1: Premature end of file.
2026-04-19 23:45:53,276 [ERROR] LogOutputStream:75 - [STDERR_REDIRECT] 
2026-04-19 23:45:54,274 [ERROR] LogOutputStream:75 - [STDERR_REDIRECT] [Fatal Error] :1:1: Premature end of file.
2026-04-19 23:45:54,274 [ERROR] LogOutputStream:75 - [STDERR_REDIRECT] 
2026-04-19 23:45:55,288 [ERROR] LogOutputStream:75 - [STDERR_REDIRECT] [Fatal Error] :1:1: Premature end of file.
2026-04-19 23:45:55,288 [ERROR] LogOutputStream:75 - [STDERR_REDIRECT] 
2026-04-19 23:45:56,278 [ERROR] LogOutputStream:75 - [STDERR_REDIRECT] [Fatal Error] :1:1: Premature end of file.
2026-04-19 23:45:56,278 [ERROR] LogOutputStream:75 - [STDERR_REDIRECT] 
2026-04-19 23:45:57,275 [ERROR] LogOutputStream:75 - [STDERR_REDIRECT] [Fatal Error] :1:1: Premature end of file.
2026-04-19 23:45:57,275 [ERROR] LogOutputStream:75 - [STDERR_REDIRECT] 
2026-04-19 23:45:58,272 [ERROR] LogOutputStream:75 - [STDERR_REDIRECT] [Fatal Error] :1:1: Premature end of file.
2026-04-19 23:45:58,272 [ERROR] LogOutputStream:75 - [STDERR_REDIRECT] 
2026-04-19 23:45:59,273 [ERROR] LogOutputStream:75 - [STDERR_REDIRECT] [Fatal Error] :1:1: Premature end of file.
2026-04-19 23:45:59,273 [ERROR] LogOutputStream:75 - [STDERR_REDIRECT] 
2026-04-19 23:46:00,278 [ERROR] LogOutputStream:75 - [STDERR_REDIRECT] [Fatal Error] :1:1: Premature end of file.
2026-04-19 23:46:00,278 [ERROR] LogOutputStream:75 - [STDERR_REDIRECT] 
2026-04-19 23:46:01,273 [ERROR] LogOutputStream:75 - [STDERR_REDIRECT] [Fatal Error] :1:1: Premature end of file.
2026-04-19 23:46:01,273 [ERROR] LogOutputStream:75 - [STDERR_REDIRECT] 
2026-04-19 23:46:02,272 [ERROR] LogOutputStream:75 - [STDERR_REDIRECT] [Fatal Error] :1:1: Premature end of file.
2026-04-19 23:46:02,272 [ERROR] LogOutputStream:75 - [STDERR_REDIRECT] 
2026-04-19 23:46:03,275 [ERROR] LogOutputStream:75 - [STDERR_REDIRECT] [Fatal Error] :1:1: Premature end of file.
2026-04-19 23:46:03,275 [ERROR] LogOutputStream:75 - [STDERR_REDIRECT] 
2026-04-19 23:46:04,288 [ERROR] LogOutputStream:75 - [STDERR_REDIRECT] [Fatal Error] :1:1: Premature end of file.
2026-04-19 23:46:04,288 [ERROR] LogOutputStream:75 - [STDERR_REDIRECT] 
2026-04-19 23:46:05,287 [ERROR] LogOutputStream:75 - [STDERR_REDIRECT] [Fatal Error] :1:1: Premature end of file.
2026-04-19 23:46:05,287 [ERROR] LogOutputStream:75 - [STDERR_REDIRECT] 
2026-04-19 23:46:06,282 [ERROR] LogOutputStream:75 - [STDERR_REDIRECT] [Fatal Error] :1:1: Premature end of file.
2026-04-19 23:46:06,282 [ERROR] LogOutputStream:75 - [STDERR_REDIRECT] 
2026-04-19 23:46:07,278 [ERROR] LogOutputStream:75 - [STDERR_REDIRECT] [Fatal Error] :1:1: Premature end of file.
2026-04-19 23:46:07,278 [ERROR] LogOutputStream:75 - [STDERR_REDIRECT] 
2026-04-19 23:46:08,283 [ERROR] LogOutputStream:75 - [STDERR_REDIRECT] [Fatal Error] :1:1: Premature end of file.
2026-04-19 23:46:08,283 [ERROR] LogOutputStream:75 - [STDERR_REDIRECT] 
2026-04-19 23:46:09,291 [ERROR] LogOutputStream:75 - [STDERR_REDIRECT] [Fatal Error] :1:1: Premature end of file.
2026-04-19 23:46:09,291 [ERROR] LogOutputStream:75 - [STDERR_REDIRECT] 
2026-04-19 23:46:10,286 [ERROR] LogOutputStream:75 - [STDERR_REDIRECT] [Fatal Error] :1:1: Premature end of file.
2026-04-19 23:46:10,286 [ERROR] LogOutputStream:75 - [STDERR_REDIRECT] 
2026-04-19 23:46:11,288 [ERROR] LogOutputStream:75 - [STDERR_REDIRECT] [Fatal Error] :1:1: Premature end of file.
2026-04-19 23:46:11,288 [ERROR] LogOutputStream:75 - [STDERR_REDIRECT] 
2026-04-19 23:46:12,313 [ERROR] LogOutputStream:75 - [STDERR_REDIRECT] [Fatal Error] :1:1: Premature end of file.
2026-04-19 23:46:12,314 [ERROR] LogOutputStream:75 - [STDERR_REDIRECT] 
2026-04-19 23:46:13,273 [ERROR] LogOutputStream:75 - [STDERR_REDIRECT] [Fatal Error] :1:1: Premature end of file.
2026-04-19 23:46:13,273 [ERROR] LogOutputStream:75 - [STDERR_REDIRECT] 
2026-04-19 23:46:14,280 [ERROR] LogOutputStream:75 - [STDERR_REDIRECT] [Fatal Error] :1:1: Premature end of file.
2026-04-19 23:46:14,280 [ERROR] LogOutputStream:75 - [STDERR_REDIRECT] 
2026-04-19 23:46:15,277 [ERROR] LogOutputStream:75 - [STDERR_REDIRECT] [Fatal Error] :1:1: Premature end of file.
2026-04-19 23:46:15,277 [ERROR] LogOutputStream:75 - [STDERR_REDIRECT] 
2026-04-19 23:46:16,272 [ERROR] LogOutputStream:75 - [STDERR_REDIRECT] [Fatal Error] :1:1: Premature end of file.
2026-04-19 23:46:16,272 [ERROR] LogOutputStream:75 - [STDERR_REDIRECT] 
2026-04-19 23:46:17,283 [ERROR] LogOutputStream:75 - [STDERR_REDIRECT] [Fatal Error] :1:1: Premature end of file.
2026-04-19 23:46:17,283 [ERROR] LogOutputStream:75 - [STDERR_REDIRECT] 
2026-04-19 23:46:18,273 [ERROR] LogOutputStream:75 - [STDERR_REDIRECT] [Fatal Error] :1:1: Premature end of file.
2026-04-19 23:46:18,273 [ERROR] LogOutputStream:75 - [STDERR_REDIRECT] 
2026-04-19 23:46:19,276 [ERROR] LogOutputStream:75 - [STDERR_REDIRECT] [Fatal Error] :1:1: Premature end of file.
2026-04-19 23:46:19,276 [ERROR] LogOutputStream:75 - [STDERR_REDIRECT] 
2026-04-19 23:46:20,277 [ERROR] LogOutputStream:75 - [STDERR_REDIRECT] [Fatal Error] :1:1: Premature end of file.
2026-04-19 23:46:20,277 [ERROR] LogOutputStream:75 - [STDERR_REDIRECT] 
2026-04-19 23:46:21,275 [ERROR] LogOutputStream:75 - [STDERR_REDIRECT] [Fatal Error] :1:1: Premature end of file.
2026-04-19 23:46:21,275 [ERROR] LogOutputStream:75 - [STDERR_REDIRECT] 
2026-04-19 23:46:22,276 [ERROR] LogOutputStream:75 - [STDERR_REDIRECT] [Fatal Error] :1:1: Premature end of file.
2026-04-19 23:46:22,276 [ERROR] LogOutputStream:75 - [STDERR_REDIRECT] 
2026-04-19 23:46:23,288 [ERROR] LogOutputStream:75 - [STDERR_REDIRECT] [Fatal Error] :1:1: Premature end of file.
2026-04-19 23:46:23,288 [ERROR] LogOutputStream:75 - [STDERR_REDIRECT] 
2026-04-19 23:46:24,292 [ERROR] LogOutputStream:75 - [STDERR_REDIRECT] [Fatal Error] :1:1: Premature end of file.
2026-04-19 23:46:24,292 [ERROR] LogOutputStream:75 - [STDERR_REDIRECT] 
2026-04-19 23:46:25,280 [ERROR] LogOutputStream:75 - [STDERR_REDIRECT] [Fatal Error] :1:1: Premature end of file.
2026-04-19 23:46:25,280 [ERROR] LogOutputStream:75 - [STDERR_REDIRECT] 
2026-04-19 23:46:26,284 [ERROR] LogOutputStream:75 - [STDERR_REDIRECT] [Fatal Error] :1:1: Premature end of file.
2026-04-19 23:46:26,284 [ERROR] LogOutputStream:75 - [STDERR_REDIRECT] 
2026-04-19 23:46:27,288 [ERROR] LogOutputStream:75 - [STDERR_REDIRECT] [Fatal Error] :1:1: Premature end of file.
2026-04-19 23:46:27,288 [ERROR] LogOutputStream:75 - [STDERR_REDIRECT] 
2026-04-19 23:46:28,290 [ERROR] LogOutputStream:75 - [STDERR_REDIRECT] [Fatal Error] :1:1: Premature end of file.
2026-04-19 23:46:28,290 [ERROR] LogOutputStream:75 - [STDERR_REDIRECT] 
2026-04-19 23:46:29,271 [ERROR] LogOutputStream:75 - [STDERR_REDIRECT] [Fatal Error] :1:1: Premature end of file.
2026-04-19 23:46:29,271 [ERROR] LogOutputStream:75 - [STDERR_REDIRECT] 
2026-04-19 23:46:30,275 [ERROR] LogOutputStream:75 - [STDERR_REDIRECT] [Fatal Error] :1:1: Premature end of file.
2026-04-19 23:46:30,275 [ERROR] LogOutputStream:75 - [STDERR_REDIRECT] 
2026-04-19 23:46:31,275 [ERROR] LogOutputStream:75 - [STDERR_REDIRECT] [Fatal Error] :1:1: Premature end of file.
2026-04-19 23:46:31,275 [ERROR] LogOutputStream:75 - [STDERR_REDIRECT] 
2026-04-19 23:46:32,290 [ERROR] LogOutputStream:75 - [STDERR_REDIRECT] [Fatal Error] :1:1: Premature end of file.
2026-04-19 23:46:32,290 [ERROR] LogOutputStream:75 - [STDERR_REDIRECT] 
2026-04-19 23:46:33,282 [ERROR] LogOutputStream:75 - [STDERR_REDIRECT] [Fatal Error] :1:1: Premature end of file.
2026-04-19 23:46:33,282 [ERROR] LogOutputStream:75 - [STDERR_REDIRECT] 
2026-04-19 23:46:34,281 [ERROR] LogOutputStream:75 - [STDERR_REDIRECT] [Fatal Error] :1:1: Premature end of file.
2026-04-19 23:46:34,282 [ERROR] LogOutputStream:75 - [STDERR_REDIRECT] 
2026-04-19 23:46:35,272 [ERROR] LogOutputStream:75 - [STDERR_REDIRECT] [Fatal Error] :1:1: Premature end of file.
2026-04-19 23:46:35,272 [ERROR] LogOutputStream:75 - [STDERR_REDIRECT] 
2026-04-19 23:46:36,284 [ERROR] LogOutputStream:75 - [STDERR_REDIRECT] [Fatal Error] :1:1: Premature end of file.
2026-04-19 23:46:36,284 [ERROR] LogOutputStream:75 - [STDERR_REDIRECT] 
2026-04-19 23:46:37,291 [ERROR] LogOutputStream:75 - [STDERR_REDIRECT] [Fatal Error] :1:1: Premature end of file.
2026-04-19 23:46:37,291 [ERROR] LogOutputStream:75 - [STDERR_REDIRECT] 
2026-04-19 23:46:38,278 [ERROR] LogOutputStream:75 - [STDERR_REDIRECT] [Fatal Error] :1:1: Premature end of file.
2026-04-19 23:46:38,278 [ERROR] LogOutputStream:75 - [STDERR_REDIRECT] 
2026-04-19 23:46:39,283 [ERROR] LogOutputStream:75 - [STDERR_REDIRECT] [Fatal Error] :1:1: Premature end of file.
2026-04-19 23:46:39,283 [ERROR] LogOutputStream:75 - [STDERR_REDIRECT] 
2026-04-19 23:46:40,284 [ERROR] LogOutputStream:75 - [STDERR_REDIRECT] [Fatal Error] :1:1: Premature end of file.
2026-04-19 23:46:40,284 [ERROR] LogOutputStream:75 - [STDERR_REDIRECT] 
2026-04-19 23:46:41,280 [ERROR] LogOutputStream:75 - [STDERR_REDIRECT] [Fatal Error] :1:1: Premature end of file.
2026-04-19 23:46:41,280 [ERROR] LogOutputStream:75 - [STDERR_REDIRECT] 
2026-04-19 23:46:42,280 [ERROR] LogOutputStream:75 - [STDERR_REDIRECT] [Fatal Error] :1:1: Premature end of file.
2026-04-19 23:46:42,282 [ERROR] LogOutputStream:75 - [STDERR_REDIRECT] 
2026-04-19 23:46:43,276 [ERROR] LogOutputStream:75 - [STDERR_REDIRECT] [Fatal Error] :1:1: Premature end of file.
2026-04-19 23:46:43,276 [ERROR] LogOutputStream:75 - [STDERR_REDIRECT] 
2026-04-19 23:46:44,282 [ERROR] LogOutputStream:75 - [STDERR_REDIRECT] [Fatal Error] :1:1: Premature end of file.
2026-04-19 23:46:44,282 [ERROR] LogOutputStream:75 - [STDERR_REDIRECT] 
2026-04-19 23:46:45,289 [ERROR] LogOutputStream:75 - [STDERR_REDIRECT] [Fatal Error] :1:1: Premature end of file.
2026-04-19 23:46:45,289 [ERROR] LogOutputStream:75 - [STDERR_REDIRECT] 
2026-04-19 23:46:46,279 [ERROR] LogOutputStream:75 - [STDERR_REDIRECT] [Fatal Error] :1:1: Premature end of file.
2026-04-19 23:46:46,280 [ERROR] LogOutputStream:75 - [STDERR_REDIRECT] 
2026-04-19 23:46:47,273 [ERROR] LogOutputStream:75 - [STDERR_REDIRECT] [Fatal Error] :1:1: Premature end of file.
2026-04-19 23:46:47,273 [ERROR] LogOutputStream:75 - [STDERR_REDIRECT] 
2026-04-19 23:46:48,294 [ERROR] LogOutputStream:75 - [STDERR_REDIRECT] [Fatal Error] :1:1: Premature end of file.
2026-04-19 23:46:48,295 [ERROR] LogOutputStream:75 - [STDERR_REDIRECT] 
2026-04-19 23:46:49,291 [ERROR] LogOutputStream:75 - [STDERR_REDIRECT] [Fatal Error] :1:1: Premature end of file.
2026-04-19 23:46:49,291 [ERROR] LogOutputStream:75 - [STDERR_REDIRECT] 
2026-04-19 23:46:50,282 [ERROR] LogOutputStream:75 - [STDERR_REDIRECT] [Fatal Error] :1:1: Premature end of file.
2026-04-19 23:46:50,282 [ERROR] LogOutputStream:75 - [STDERR_REDIRECT] 
2026-04-19 23:46:51,284 [ERROR] LogOutputStream:75 - [STDERR_REDIRECT] [Fatal Error] :1:1: Premature end of file.
2026-04-19 23:46:51,284 [ERROR] LogOutputStream:75 - [STDERR_REDIRECT] 
2026-04-19 23:46:52,279 [ERROR] LogOutputStream:75 - [STDERR_REDIRECT] [Fatal Error] :1:1: Premature end of file.
2026-04-19 23:46:52,279 [ERROR] LogOutputStream:75 - [STDERR_REDIRECT] 
2026-04-19 23:46:53,267 [ERROR] LogOutputStream:75 - [STDERR_REDIRECT] [Fatal Error] :1:1: Premature end of file.
2026-04-19 23:46:53,267 [ERROR] LogOutputStream:75 - [STDERR_REDIRECT] 
2026-04-19 23:46:54,285 [ERROR] LogOutputStream:75 - [STDERR_REDIRECT] [Fatal Error] :1:1: Premature end of file.
2026-04-19 23:46:54,285 [ERROR] LogOutputStream:75 - [STDERR_REDIRECT] 
2026-04-19 23:46:55,278 [ERROR] LogOutputStream:75 - [STDERR_REDIRECT] [Fatal Error] :1:1: Premature end of file.
2026-04-19 23:46:55,278 [ERROR] LogOutputStream:75 - [STDERR_REDIRECT] 
2026-04-19 23:46:56,290 [ERROR] LogOutputStream:75 - [STDERR_REDIRECT] [Fatal Error] :1:1: Premature end of file.
2026-04-19 23:46:56,290 [ERROR] LogOutputStream:75 - [STDERR_REDIRECT] 
2026-04-19 23:46:57,269 [ERROR] LogOutputStream:75 - [STDERR_REDIRECT] [Fatal Error] :1:1: Premature end of file.
2026-04-19 23:46:57,269 [ERROR] LogOutputStream:75 - [STDERR_REDIRECT] 
2026-04-19 23:46:58,272 [ERROR] LogOutputStream:75 - [STDERR_REDIRECT] [Fatal Error] :1:1: Premature end of file.
2026-04-19 23:46:58,272 [ERROR] LogOutputStream:75 - [STDERR_REDIRECT] 
2026-04-19 23:46:59,282 [ERROR] LogOutputStream:75 - [STDERR_REDIRECT] [Fatal Error] :1:1: Premature end of file.
2026-04-19 23:46:59,283 [ERROR] LogOutputStream:75 - [STDERR_REDIRECT] 
2026-04-19 23:47:00,284 [ERROR] LogOutputStream:75 - [STDERR_REDIRECT] [Fatal Error] :1:1: Premature end of file.
2026-04-19 23:47:00,284 [ERROR] LogOutputStream:75 - [STDERR_REDIRECT] 
2026-04-19 23:47:01,275 [ERROR] LogOutputStream:75 - [STDERR_REDIRECT] [Fatal Error] :1:1: Premature end of file.
2026-04-19 23:47:01,275 [ERROR] LogOutputStream:75 - [STDERR_REDIRECT] 
2026-04-19 23:47:02,274 [ERROR] LogOutputStream:75 - [STDERR_REDIRECT] [Fatal Error] :1:1: Premature end of file.
2026-04-19 23:47:02,278 [ERROR] LogOutputStream:75 - [STDERR_REDIRECT] 
2026-04-19 23:47:03,310 [ERROR] LogOutputStream:75 - [STDERR_REDIRECT] [Fatal Error] :1:1: Premature end of file.
2026-04-19 23:47:03,310 [ERROR] LogOutputStream:75 - [STDERR_REDIRECT] 
2026-04-19 23:47:04,315 [ERROR] LogOutputStream:75 - [STDERR_REDIRECT] [Fatal Error] :1:1: Premature end of file.
2026-04-19 23:47:04,315 [ERROR] LogOutputStream:75 - [STDERR_REDIRECT] 
2026-04-19 23:47:05,301 [ERROR] LogOutputStream:75 - [STDERR_REDIRECT] [Fatal Error] :1:1: Premature end of file.
2026-04-19 23:47:05,301 [ERROR] LogOutputStream:75 - [STDERR_REDIRECT] 
2026-04-19 23:47:06,293 [ERROR] LogOutputStream:75 - [STDERR_REDIRECT] [Fatal Error] :1:1: Premature end of file.
2026-04-19 23:47:06,293 [ERROR] LogOutputStream:75 - [STDERR_REDIRECT] 
2026-04-19 23:47:07,287 [ERROR] LogOutputStream:75 - [STDERR_REDIRECT] [Fatal Error] :1:1: Premature end of file.
2026-04-19 23:47:07,287 [ERROR] LogOutputStream:75 - [STDERR_REDIRECT] 
2026-04-19 23:47:08,282 [ERROR] LogOutputStream:75 - [STDERR_REDIRECT] [Fatal Error] :1:1: Premature end of file.
2026-04-19 23:47:08,283 [ERROR] LogOutputStream:75 - [STDERR_REDIRECT] 
2026-04-19 23:47:09,285 [ERROR] LogOutputStream:75 - [STDERR_REDIRECT] [Fatal Error] :1:1: Premature end of file.
2026-04-19 23:47:09,286 [ERROR] LogOutputStream:75 - [STDERR_REDIRECT] 
2026-04-19 23:47:10,283 [ERROR] LogOutputStream:75 - [STDERR_REDIRECT] [Fatal Error] :1:1: Premature end of file.
2026-04-19 23:47:10,283 [ERROR] LogOutputStream:75 - [STDERR_REDIRECT] 
2026-04-19 23:47:11,288 [ERROR] LogOutputStream:75 - [STDERR_REDIRECT] [Fatal Error] :1:1: Premature end of file.
2026-04-19 23:47:11,288 [ERROR] LogOutputStream:75 - [STDERR_REDIRECT] 
2026-04-19 23:47:12,286 [ERROR] LogOutputStream:75 - [STDERR_REDIRECT] [Fatal Error] :1:1: Premature end of file.
2026-04-19 23:47:12,286 [ERROR] LogOutputStream:75 - [STDERR_REDIRECT] 
2026-04-19 23:47:13,274 [ERROR] LogOutputStream:75 - [STDERR_REDIRECT] [Fatal Error] :1:1: Premature end of file.
2026-04-19 23:47:13,274 [ERROR] LogOutputStream:75 - [STDERR_REDIRECT] 
2026-04-19 23:47:14,283 [ERROR] LogOutputStream:75 - [STDERR_REDIRECT] [Fatal Error] :1:1: Premature end of file.
2026-04-19 23:47:14,283 [ERROR] LogOutputStream:75 - [STDERR_REDIRECT] 
2026-04-19 23:47:15,284 [ERROR] LogOutputStream:75 - [STDERR_REDIRECT] [Fatal Error] :1:1: Premature end of file.
2026-04-19 23:47:15,285 [ERROR] LogOutputStream:75 - [STDERR_REDIRECT] 
2026-04-19 23:47:16,292 [ERROR] LogOutputStream:75 - [STDERR_REDIRECT] [Fatal Error] :1:1: Premature end of file.
2026-04-19 23:47:16,292 [ERROR] LogOutputStream:75 - [STDERR_REDIRECT] 
2026-04-19 23:47:17,281 [ERROR] LogOutputStream:75 - [STDERR_REDIRECT] [Fatal Error] :1:1: Premature end of file.
2026-04-19 23:47:17,281 [ERROR] LogOutputStream:75 - [STDERR_REDIRECT] 
2026-04-19 23:47:18,292 [ERROR] LogOutputStream:75 - [STDERR_REDIRECT] [Fatal Error] :1:1: Premature end of file.
2026-04-19 23:47:18,292 [ERROR] LogOutputStream:75 - [STDERR_REDIRECT] 
2026-04-19 23:47:19,281 [ERROR] LogOutputStream:75 - [STDERR_REDIRECT] [Fatal Error] :1:1: Premature end of file.
2026-04-19 23:47:19,281 [ERROR] LogOutputStream:75 - [STDERR_REDIRECT] 
2026-04-19 23:47:20,303 [ERROR] LogOutputStream:75 - [STDERR_REDIRECT] [Fatal Error] :1:1: Premature end of file.
2026-04-19 23:47:20,303 [ERROR] LogOutputStream:75 - [STDERR_REDIRECT] 
2026-04-19 23:47:21,277 [ERROR] LogOutputStream:75 - [STDERR_REDIRECT] [Fatal Error] :1:1: Premature end of file.
2026-04-19 23:47:21,277 [ERROR] LogOutputStream:75 - [STDERR_REDIRECT] 
2026-04-19 23:47:22,283 [ERROR] LogOutputStream:75 - [STDERR_REDIRECT] [Fatal Error] :1:1: Premature end of file.
2026-04-19 23:47:22,283 [ERROR] LogOutputStream:75 - [STDERR_REDIRECT] 
2026-04-19 23:47:23,293 [ERROR] LogOutputStream:75 - [STDERR_REDIRECT] [Fatal Error] :1:1: Premature end of file.
2026-04-19 23:47:23,294 [ERROR] LogOutputStream:75 - [STDERR_REDIRECT] 
2026-04-19 23:47:24,286 [ERROR] LogOutputStream:75 - [STDERR_REDIRECT] [Fatal Error] :1:1: Premature end of file.
2026-04-19 23:47:24,286 [ERROR] LogOutputStream:75 - [STDERR_REDIRECT] 
2026-04-19 23:47:25,276 [ERROR] LogOutputStream:75 - [STDERR_REDIRECT] [Fatal Error] :1:1: Premature end of file.
2026-04-19 23:47:25,276 [ERROR] LogOutputStream:75 - [STDERR_REDIRECT] 
2026-04-19 23:47:26,273 [ERROR] LogOutputStream:75 - [STDERR_REDIRECT] [Fatal Error] :1:1: Premature end of file.
2026-04-19 23:47:26,273 [ERROR] LogOutputStream:75 - [STDERR_REDIRECT] 
2026-04-19 23:47:27,277 [ERROR] LogOutputStream:75 - [STDERR_REDIRECT] [Fatal Error] :1:1: Premature end of file.
2026-04-19 23:47:27,277 [ERROR] LogOutputStream:75 - [STDERR_REDIRECT] 
2026-04-19 23:47:28,280 [ERROR] LogOutputStream:75 - [STDERR_REDIRECT] [Fatal Error] :1:1: Premature end of file.
2026-04-19 23:47:28,280 [ERROR] LogOutputStream:75 - [STDERR_REDIRECT] 
2026-04-19 23:47:29,284 [ERROR] LogOutputStream:75 - [STDERR_REDIRECT] [Fatal Error] :1:1: Premature end of file.
2026-04-19 23:47:29,284 [ERROR] LogOutputStream:75 - [STDERR_REDIRECT] 
2026-04-19 23:47:30,290 [ERROR] LogOutputStream:75 - [STDERR_REDIRECT] [Fatal Error] :1:1: Premature end of file.
2026-04-19 23:47:30,290 [ERROR] LogOutputStream:75 - [STDERR_REDIRECT] 
2026-04-19 23:47:31,309 [ERROR] LogOutputStream:75 - [STDERR_REDIRECT] [Fatal Error] :1:1: Premature end of file.
2026-04-19 23:47:31,309 [ERROR] LogOutputStream:75 - [STDERR_REDIRECT] 
2026-04-19 23:47:32,297 [ERROR] LogOutputStream:75 - [STDERR_REDIRECT] [Fatal Error] :1:1: Premature end of file.
2026-04-19 23:47:32,298 [ERROR] LogOutputStream:75 - [STDERR_REDIRECT] 
2026-04-19 23:47:33,278 [ERROR] LogOutputStream:75 - [STDERR_REDIRECT] [Fatal Error] :1:1: Premature end of file.
2026-04-19 23:47:33,278 [ERROR] LogOutputStream:75 - [STDERR_REDIRECT] 
2026-04-19 23:47:34,283 [ERROR] LogOutputStream:75 - [STDERR_REDIRECT] [Fatal Error] :1:1: Premature end of file.
2026-04-19 23:47:34,283 [ERROR] LogOutputStream:75 - [STDERR_REDIRECT] 
2026-04-19 23:47:35,284 [ERROR] LogOutputStream:75 - [STDERR_REDIRECT] [Fatal Error] :1:1: Premature end of file.
2026-04-19 23:47:35,284 [ERROR] LogOutputStream:75 - [STDERR_REDIRECT] 
2026-04-19 23:47:36,278 [ERROR] LogOutputStream:75 - [STDERR_REDIRECT] [Fatal Error] :1:1: Premature end of file.
2026-04-19 23:47:36,278 [ERROR] LogOutputStream:75 - [STDERR_REDIRECT] 
2026-04-19 23:47:37,275 [ERROR] LogOutputStream:75 - [STDERR_REDIRECT] [Fatal Error] :1:1: Premature end of file.
2026-04-19 23:47:37,275 [ERROR] LogOutputStream:75 - [STDERR_REDIRECT] 
2026-04-19 23:47:38,276 [ERROR] LogOutputStream:75 - [STDERR_REDIRECT] [Fatal Error] :1:1: Premature end of file.
2026-04-19 23:47:38,276 [ERROR] LogOutputStream:75 - [STDERR_REDIRECT] 
2026-04-19 23:47:39,277 [ERROR] LogOutputStream:75 - [STDERR_REDIRECT] [Fatal Error] :1:1: Premature end of file.
2026-04-19 23:47:39,277 [ERROR] LogOutputStream:75 - [STDERR_REDIRECT] 
2026-04-19 23:47:40,291 [ERROR] LogOutputStream:75 - [STDERR_REDIRECT] [Fatal Error] :1:1: Premature end of file.
2026-04-19 23:47:40,291 [ERROR] LogOutputStream:75 - [STDERR_REDIRECT] 
2026-04-19 23:47:41,282 [ERROR] LogOutputStream:75 - [STDERR_REDIRECT] [Fatal Error] :1:1: Premature end of file.
2026-04-19 23:47:41,282 [ERROR] LogOutputStream:75 - [STDERR_REDIRECT] 
2026-04-19 23:47:42,289 [ERROR] LogOutputStream:75 - [STDERR_REDIRECT] [Fatal Error] :1:1: Premature end of file.
2026-04-19 23:47:42,289 [ERROR] LogOutputStream:75 - [STDERR_REDIRECT] 
2026-04-19 23:47:43,283 [ERROR] LogOutputStream:75 - [STDERR_REDIRECT] [Fatal Error] :1:1: Premature end of file.
2026-04-19 23:47:43,284 [ERROR] LogOutputStream:75 - [STDERR_REDIRECT] 
2026-04-19 23:47:44,273 [ERROR] LogOutputStream:75 - [STDERR_REDIRECT] [Fatal Error] :1:1: Premature end of file.
2026-04-19 23:47:44,274 [ERROR] LogOutputStream:75 - [STDERR_REDIRECT] 
2026-04-19 23:47:45,290 [ERROR] LogOutputStream:75 - [STDERR_REDIRECT] [Fatal Error] :1:1: Premature end of file.
2026-04-19 23:47:45,290 [ERROR] LogOutputStream:75 - [STDERR_REDIRECT] 
2026-04-19 23:47:46,287 [ERROR] LogOutputStream:75 - [STDERR_REDIRECT] [Fatal Error] :1:1: Premature end of file.
2026-04-19 23:47:46,287 [ERROR] LogOutputStream:75 - [STDERR_REDIRECT] 
2026-04-19 23:47:47,290 [ERROR] LogOutputStream:75 - [STDERR_REDIRECT] [Fatal Error] :1:1: Premature end of file.
2026-04-19 23:47:47,290 [ERROR] LogOutputStream:75 - [STDERR_REDIRECT] 
2026-04-19 23:47:48,277 [ERROR] LogOutputStream:75 - [STDERR_REDIRECT] [Fatal Error] :1:1: Premature end of file.
2026-04-19 23:47:48,277 [ERROR] LogOutputStream:75 - [STDERR_REDIRECT] 
2026-04-19 23:47:49,286 [ERROR] LogOutputStream:75 - [STDERR_REDIRECT] [Fatal Error] :1:1: Premature end of file.
2026-04-19 23:47:49,287 [ERROR] LogOutputStream:75 - [STDERR_REDIRECT] 
2026-04-19 23:47:50,279 [ERROR] LogOutputStream:75 - [STDERR_REDIRECT] [Fatal Error] :1:1: Premature end of file.
2026-04-19 23:47:50,279 [ERROR] LogOutputStream:75 - [STDERR_REDIRECT] 
2026-04-19 23:47:51,283 [ERROR] LogOutputStream:75 - [STDERR_REDIRECT] [Fatal Error] :1:1: Premature end of file.
2026-04-19 23:47:51,283 [ERROR] LogOutputStream:75 - [STDERR_REDIRECT] 
2026-04-19 23:47:52,282 [ERROR] LogOutputStream:75 - [STDERR_REDIRECT] [Fatal Error] :1:1: Premature end of file.
2026-04-19 23:47:52,282 [ERROR] LogOutputStream:75 - [STDERR_REDIRECT] 
2026-04-19 23:47:53,281 [ERROR] LogOutputStream:75 - [STDERR_REDIRECT] [Fatal Error] :1:1: Premature end of file.
2026-04-19 23:47:53,281 [ERROR] LogOutputStream:75 - [STDERR_REDIRECT] 
2026-04-19 23:47:54,278 [ERROR] LogOutputStream:75 - [STDERR_REDIRECT] [Fatal Error] :1:1: Premature end of file.
2026-04-19 23:47:54,278 [ERROR] LogOutputStream:75 - [STDERR_REDIRECT] 
2026-04-19 23:47:55,284 [ERROR] LogOutputStream:75 - [STDERR_REDIRECT] [Fatal Error] :1:1: Premature end of file.
2026-04-19 23:47:55,284 [ERROR] LogOutputStream:75 - [STDERR_REDIRECT] 
2026-04-19 23:47:56,273 [ERROR] LogOutputStream:75 - [STDERR_REDIRECT] [Fatal Error] :1:1: Premature end of file.
2026-04-19 23:47:56,273 [ERROR] LogOutputStream:75 - [STDERR_REDIRECT] 
2026-04-19 23:47:57,288 [ERROR] LogOutputStream:75 - [STDERR_REDIRECT] [Fatal Error] :1:1: Premature end of file.
2026-04-19 23:47:57,288 [ERROR] LogOutputStream:75 - [STDERR_REDIRECT] 
2026-04-19 23:47:58,280 [ERROR] LogOutputStream:75 - [STDERR_REDIRECT] [Fatal Error] :1:1: Premature end of file.
2026-04-19 23:47:58,280 [ERROR] LogOutputStream:75 - [STDERR_REDIRECT] 
2026-04-19 23:47:59,287 [ERROR] LogOutputStream:75 - [STDERR_REDIRECT] [Fatal Error] :1:1: Premature end of file.
2026-04-19 23:47:59,287 [ERROR] LogOutputStream:75 - [STDERR_REDIRECT] 
2026-04-19 23:48:00,287 [ERROR] LogOutputStream:75 - [STDERR_REDIRECT] [Fatal Error] :1:1: Premature end of file.
2026-04-19 23:48:00,287 [ERROR] LogOutputStream:75 - [STDERR_REDIRECT] 
2026-04-19 23:48:01,273 [ERROR] LogOutputStream:75 - [STDERR_REDIRECT] [Fatal Error] :1:1: Premature end of file.
2026-04-19 23:48:01,273 [ERROR] LogOutputStream:75 - [STDERR_REDIRECT] 
2026-04-19 23:48:02,270 [ERROR] LogOutputStream:75 - [STDERR_REDIRECT] [Fatal Error] :1:1: Premature end of file.
2026-04-19 23:48:02,270 [ERROR] LogOutputStream:75 - [STDERR_REDIRECT] 
2026-04-19 23:48:03,273 [ERROR] LogOutputStream:75 - [STDERR_REDIRECT] [Fatal Error] :1:1: Premature end of file.
2026-04-19 23:48:03,273 [ERROR] LogOutputStream:75 - [STDERR_REDIRECT] 
2026-04-19 23:48:04,277 [ERROR] LogOutputStream:75 - [STDERR_REDIRECT] [Fatal Error] :1:1: Premature end of file.
2026-04-19 23:48:04,277 [ERROR] LogOutputStream:75 - [STDERR_REDIRECT] 
2026-04-19 23:48:05,291 [ERROR] LogOutputStream:75 - [STDERR_REDIRECT] [Fatal Error] :1:1: Premature end of file.
2026-04-19 23:48:05,291 [ERROR] LogOutputStream:75 - [STDERR_REDIRECT] 
2026-04-19 23:48:06,288 [ERROR] LogOutputStream:75 - [STDERR_REDIRECT] [Fatal Error] :1:1: Premature end of file.
2026-04-19 23:48:06,288 [ERROR] LogOutputStream:75 - [STDERR_REDIRECT] 
2026-04-19 23:48:07,281 [ERROR] LogOutputStream:75 - [STDERR_REDIRECT] [Fatal Error] :1:1: Premature end of file.
2026-04-19 23:48:07,281 [ERROR] LogOutputStream:75 - [STDERR_REDIRECT] 
2026-04-19 23:48:08,280 [ERROR] LogOutputStream:75 - [STDERR_REDIRECT] [Fatal Error] :1:1: Premature end of file.
2026-04-19 23:48:08,280 [ERROR] LogOutputStream:75 - [STDERR_REDIRECT] 
2026-04-19 23:48:09,285 [ERROR] LogOutputStream:75 - [STDERR_REDIRECT] [Fatal Error] :1:1: Premature end of file.
2026-04-19 23:48:09,285 [ERROR] LogOutputStream:75 - [STDERR_REDIRECT] 
2026-04-19 23:48:10,276 [ERROR] LogOutputStream:75 - [STDERR_REDIRECT] [Fatal Error] :1:1: Premature end of file.
2026-04-19 23:48:10,277 [ERROR] LogOutputStream:75 - [STDERR_REDIRECT] 
2026-04-19 23:48:11,281 [ERROR] LogOutputStream:75 - [STDERR_REDIRECT] [Fatal Error] :1:1: Premature end of file.
2026-04-19 23:48:11,283 [ERROR] LogOutputStream:75 - [STDERR_REDIRECT] 
2026-04-19 23:48:12,277 [ERROR] LogOutputStream:75 - [STDERR_REDIRECT] [Fatal Error] :1:1: Premature end of file.
2026-04-19 23:48:12,277 [ERROR] LogOutputStream:75 - [STDERR_REDIRECT] 
2026-04-19 23:48:13,277 [ERROR] LogOutputStream:75 - [STDERR_REDIRECT] [Fatal Error] :1:1: Premature end of file.
2026-04-19 23:48:13,277 [ERROR] LogOutputStream:75 - [STDERR_REDIRECT] 
2026-04-19 23:48:14,279 [ERROR] LogOutputStream:75 - [STDERR_REDIRECT] [Fatal Error] :1:1: Premature end of file.
2026-04-19 23:48:14,279 [ERROR] LogOutputStream:75 - [STDERR_REDIRECT] 
2026-04-19 23:48:15,281 [ERROR] LogOutputStream:75 - [STDERR_REDIRECT] [Fatal Error] :1:1: Premature end of file.
2026-04-19 23:48:15,281 [ERROR] LogOutputStream:75 - [STDERR_REDIRECT] 
2026-04-19 23:48:16,285 [ERROR] LogOutputStream:75 - [STDERR_REDIRECT] [Fatal Error] :1:1: Premature end of file.
2026-04-19 23:48:16,285 [ERROR] LogOutputStream:75 - [STDERR_REDIRECT] 
2026-04-19 23:48:17,280 [ERROR] LogOutputStream:75 - [STDERR_REDIRECT] [Fatal Error] :1:1: Premature end of file.
2026-04-19 23:48:17,280 [ERROR] LogOutputStream:75 - [STDERR_REDIRECT] 
2026-04-19 23:48:18,288 [ERROR] LogOutputStream:75 - [STDERR_REDIRECT] [Fatal Error] :1:1: Premature end of file.
2026-04-19 23:48:18,289 [ERROR] LogOutputStream:75 - [STDERR_REDIRECT] 
2026-04-19 23:48:19,284 [ERROR] LogOutputStream:75 - [STDERR_REDIRECT] [Fatal Error] :1:1: Premature end of file.
2026-04-19 23:48:19,284 [ERROR] LogOutputStream:75 - [STDERR_REDIRECT] 
2026-04-19 23:48:20,284 [ERROR] LogOutputStream:75 - [STDERR_REDIRECT] [Fatal Error] :1:1: Premature end of file.
2026-04-19 23:48:20,284 [ERROR] LogOutputStream:75 - [STDERR_REDIRECT] 
2026-04-19 23:48:21,288 [ERROR] LogOutputStream:75 - [STDERR_REDIRECT] [Fatal Error] :1:1: Premature end of file.
2026-04-19 23:48:21,288 [ERROR] LogOutputStream:75 - [STDERR_REDIRECT] 
2026-04-19 23:48:22,271 [ERROR] LogOutputStream:75 - [STDERR_REDIRECT] [Fatal Error] :1:1: Premature end of file.
2026-04-19 23:48:22,271 [ERROR] LogOutputStream:75 - [STDERR_REDIRECT] 
2026-04-19 23:48:23,275 [ERROR] LogOutputStream:75 - [STDERR_REDIRECT] [Fatal Error] :1:1: Premature end of file.
2026-04-19 23:48:23,275 [ERROR] LogOutputStream:75 - [STDERR_REDIRECT] 
2026-04-19 23:48:24,283 [ERROR] LogOutputStream:75 - [STDERR_REDIRECT] [Fatal Error] :1:1: Premature end of file.
2026-04-19 23:48:24,283 [ERROR] LogOutputStream:75 - [STDERR_REDIRECT] 
2026-04-19 23:48:25,286 [ERROR] LogOutputStream:75 - [STDERR_REDIRECT] [Fatal Error] :1:1: Premature end of file.
2026-04-19 23:48:25,287 [ERROR] LogOutputStream:75 - [STDERR_REDIRECT] 
2026-04-19 23:48:26,288 [ERROR] LogOutputStream:75 - [STDERR_REDIRECT] [Fatal Error] :1:1: Premature end of file.
2026-04-19 23:48:26,289 [ERROR] LogOutputStream:75 - [STDERR_REDIRECT] 
2026-04-19 23:48:27,285 [ERROR] LogOutputStream:75 - [STDERR_REDIRECT] [Fatal Error] :1:1: Premature end of file.
2026-04-19 23:48:27,285 [ERROR] LogOutputStream:75 - [STDERR_REDIRECT] 
2026-04-19 23:48:28,274 [ERROR] LogOutputStream:75 - [STDERR_REDIRECT] [Fatal Error] :1:1: Premature end of file.
2026-04-19 23:48:28,274 [ERROR] LogOutputStream:75 - [STDERR_REDIRECT] 
2026-04-19 23:48:29,286 [ERROR] LogOutputStream:75 - [STDERR_REDIRECT] [Fatal Error] :1:1: Premature end of file.
2026-04-19 23:48:29,286 [ERROR] LogOutputStream:75 - [STDERR_REDIRECT] 
2026-04-19 23:48:30,298 [ERROR] LogOutputStream:75 - [STDERR_REDIRECT] [Fatal Error] :1:1: Premature end of file.
2026-04-19 23:48:30,298 [ERROR] LogOutputStream:75 - [STDERR_REDIRECT] 
2026-04-19 23:48:31,279 [ERROR] LogOutputStream:75 - [STDERR_REDIRECT] [Fatal Error] :1:1: Premature end of file.
2026-04-19 23:48:31,288 [ERROR] LogOutputStream:75 - [STDERR_REDIRECT] 
2026-04-19 23:48:32,288 [ERROR] LogOutputStream:75 - [STDERR_REDIRECT] [Fatal Error] :1:1: Premature end of file.
2026-04-19 23:48:32,288 [ERROR] LogOutputStream:75 - [STDERR_REDIRECT] 
2026-04-19 23:48:33,267 [ERROR] LogOutputStream:75 - [STDERR_REDIRECT] [Fatal Error] :1:1: Premature end of file.
2026-04-19 23:48:33,267 [ERROR] LogOutputStream:75 - [STDERR_REDIRECT] 
2026-04-19 23:48:34,272 [ERROR] LogOutputStream:75 - [STDERR_REDIRECT] [Fatal Error] :1:1: Premature end of file.
2026-04-19 23:48:34,272 [ERROR] LogOutputStream:75 - [STDERR_REDIRECT] 
2026-04-19 23:48:35,280 [ERROR] LogOutputStream:75 - [STDERR_REDIRECT] [Fatal Error] :1:1: Premature end of file.
2026-04-19 23:48:35,280 [ERROR] LogOutputStream:75 - [STDERR_REDIRECT] 
2026-04-19 23:48:36,276 [ERROR] LogOutputStream:75 - [STDERR_REDIRECT] [Fatal Error] :1:1: Premature end of file.
2026-04-19 23:48:36,276 [ERROR] LogOutputStream:75 - [STDERR_REDIRECT] 
2026-04-19 23:48:37,279 [ERROR] LogOutputStream:75 - [STDERR_REDIRECT] [Fatal Error] :1:1: Premature end of file.
2026-04-19 23:48:37,279 [ERROR] LogOutputStream:75 - [STDERR_REDIRECT] 
2026-04-19 23:48:38,273 [ERROR] LogOutputStream:75 - [STDERR_REDIRECT] [Fatal Error] :1:1: Premature end of file.
2026-04-19 23:48:38,273 [ERROR] LogOutputStream:75 - [STDERR_REDIRECT] 
2026-04-19 23:48:39,271 [ERROR] LogOutputStream:75 - [STDERR_REDIRECT] [Fatal Error] :1:1: Premature end of file.
2026-04-19 23:48:39,271 [ERROR] LogOutputStream:75 - [STDERR_REDIRECT] 
2026-04-19 23:48:40,285 [ERROR] LogOutputStream:75 - [STDERR_REDIRECT] [Fatal Error] :1:1: Premature end of file.
2026-04-19 23:48:40,285 [ERROR] LogOutputStream:75 - [STDERR_REDIRECT] 
2026-04-19 23:48:41,282 [ERROR] LogOutputStream:75 - [STDERR_REDIRECT] [Fatal Error] :1:1: Premature end of file.
2026-04-19 23:48:41,282 [ERROR] LogOutputStream:75 - [STDERR_REDIRECT] 
2026-04-19 23:48:42,286 [ERROR] LogOutputStream:75 - [STDERR_REDIRECT] [Fatal Error] :1:1: Premature end of file.
2026-04-19 23:48:42,287 [ERROR] LogOutputStream:75 - [STDERR_REDIRECT] 
2026-04-19 23:48:43,279 [ERROR] LogOutputStream:75 - [STDERR_REDIRECT] [Fatal Error] :1:1: Premature end of file.
2026-04-19 23:48:43,279 [ERROR] LogOutputStream:75 - [STDERR_REDIRECT] 
2026-04-19 23:48:44,281 [ERROR] LogOutputStream:75 - [STDERR_REDIRECT] [Fatal Error] :1:1: Premature end of file.
2026-04-19 23:48:44,281 [ERROR] LogOutputStream:75 - [STDERR_REDIRECT] 
2026-04-19 23:48:45,317 [ERROR] LogOutputStream:75 - [STDERR_REDIRECT] [Fatal Error] :1:1: Premature end of file.
2026-04-19 23:48:45,317 [ERROR] LogOutputStream:75 - [STDERR_REDIRECT] 
2026-04-19 23:48:46,268 [ERROR] LogOutputStream:75 - [STDERR_REDIRECT] [Fatal Error] :1:1: Premature end of file.
2026-04-19 23:48:46,268 [ERROR] LogOutputStream:75 - [STDERR_REDIRECT] 
2026-04-19 23:48:47,282 [ERROR] LogOutputStream:75 - [STDERR_REDIRECT] [Fatal Error] :1:1: Premature end of file.
2026-04-19 23:48:47,282 [ERROR] LogOutputStream:75 - [STDERR_REDIRECT] 
2026-04-19 23:48:48,286 [ERROR] LogOutputStream:75 - [STDERR_REDIRECT] [Fatal Error] :1:1: Premature end of file.
2026-04-19 23:48:48,286 [ERROR] LogOutputStream:75 - [STDERR_REDIRECT] 
2026-04-19 23:48:49,284 [ERROR] LogOutputStream:75 - [STDERR_REDIRECT] [Fatal Error] :1:1: Premature end of file.
2026-04-19 23:48:49,284 [ERROR] LogOutputStream:75 - [STDERR_REDIRECT] 
2026-04-19 23:48:50,280 [ERROR] LogOutputStream:75 - [STDERR_REDIRECT] [Fatal Error] :1:1: Premature end of file.
2026-04-19 23:48:50,280 [ERROR] LogOutputStream:75 - [STDERR_REDIRECT] 
2026-04-19 23:48:51,282 [ERROR] LogOutputStream:75 - [STDERR_REDIRECT] [Fatal Error] :1:1: Premature end of file.
2026-04-19 23:48:51,283 [ERROR] LogOutputStream:75 - [STDERR_REDIRECT] 
2026-04-19 23:48:52,286 [ERROR] LogOutputStream:75 - [STDERR_REDIRECT] [Fatal Error] :1:1: Premature end of file.
2026-04-19 23:48:52,286 [ERROR] LogOutputStream:75 - [STDERR_REDIRECT] 
2026-04-19 23:48:53,283 [ERROR] LogOutputStream:75 - [STDERR_REDIRECT] [Fatal Error] :1:1: Premature end of file.
2026-04-19 23:48:53,283 [ERROR] LogOutputStream:75 - [STDERR_REDIRECT] 
2026-04-19 23:48:54,286 [ERROR] LogOutputStream:75 - [STDERR_REDIRECT] [Fatal Error] :1:1: Premature end of file.
2026-04-19 23:48:54,286 [ERROR] LogOutputStream:75 - [STDERR_REDIRECT] 
2026-04-19 23:48:55,295 [ERROR] LogOutputStream:75 - [STDERR_REDIRECT] [Fatal Error] :1:1: Premature end of file.
2026-04-19 23:48:55,295 [ERROR] LogOutputStream:75 - [STDERR_REDIRECT] 
2026-04-19 23:48:56,273 [ERROR] LogOutputStream:75 - [STDERR_REDIRECT] [Fatal Error] :1:1: Premature end of file.
2026-04-19 23:48:56,273 [ERROR] LogOutputStream:75 - [STDERR_REDIRECT] 
2026-04-19 23:48:57,283 [ERROR] LogOutputStream:75 - [STDERR_REDIRECT] [Fatal Error] :1:1: Premature end of file.
2026-04-19 23:48:57,283 [ERROR] LogOutputStream:75 - [STDERR_REDIRECT] 
2026-04-19 23:48:58,279 [ERROR] LogOutputStream:75 - [STDERR_REDIRECT] [Fatal Error] :1:1: Premature end of file.
2026-04-19 23:48:58,279 [ERROR] LogOutputStream:75 - [STDERR_REDIRECT] 
2026-04-19 23:48:59,283 [ERROR] LogOutputStream:75 - [STDERR_REDIRECT] [Fatal Error] :1:1: Premature end of file.
2026-04-19 23:48:59,283 [ERROR] LogOutputStream:75 - [STDERR_REDIRECT] 
2026-04-19 23:49:00,285 [ERROR] LogOutputStream:75 - [STDERR_REDIRECT] [Fatal Error] :1:1: Premature end of file.
2026-04-19 23:49:00,285 [ERROR] LogOutputStream:75 - [STDERR_REDIRECT] 
2026-04-19 23:49:01,282 [ERROR] LogOutputStream:75 - [STDERR_REDIRECT] [Fatal Error] :1:1: Premature end of file.
2026-04-19 23:49:01,282 [ERROR] LogOutputStream:75 - [STDERR_REDIRECT] 
2026-04-19 23:49:02,282 [ERROR] LogOutputStream:75 - [STDERR_REDIRECT] [Fatal Error] :1:1: Premature end of file.
2026-04-19 23:49:02,282 [ERROR] LogOutputStream:75 - [STDERR_REDIRECT] 
2026-04-19 23:49:03,281 [ERROR] LogOutputStream:75 - [STDERR_REDIRECT] [Fatal Error] :1:1: Premature end of file.
2026-04-19 23:49:03,281 [ERROR] LogOutputStream:75 - [STDERR_REDIRECT] 
2026-04-19 23:49:04,278 [ERROR] LogOutputStream:75 - [STDERR_REDIRECT] [Fatal Error] :1:1: Premature end of file.
2026-04-19 23:49:04,278 [ERROR] LogOutputStream:75 - [STDERR_REDIRECT] 
2026-04-19 23:49:05,278 [ERROR] LogOutputStream:75 - [STDERR_REDIRECT] [Fatal Error] :1:1: Premature end of file.
2026-04-19 23:49:05,278 [ERROR] LogOutputStream:75 - [STDERR_REDIRECT] 
2026-04-19 23:49:06,282 [ERROR] LogOutputStream:75 - [STDERR_REDIRECT] [Fatal Error] :1:1: Premature end of file.
2026-04-19 23:49:06,282 [ERROR] LogOutputStream:75 - [STDERR_REDIRECT] 
2026-04-19 23:49:07,283 [ERROR] LogOutputStream:75 - [STDERR_REDIRECT] [Fatal Error] :1:1: Premature end of file.
2026-04-19 23:49:07,284 [ERROR] LogOutputStream:75 - [STDERR_REDIRECT] 
2026-04-19 23:49:08,280 [ERROR] LogOutputStream:75 - [STDERR_REDIRECT] [Fatal Error] :1:1: Premature end of file.
2026-04-19 23:49:08,280 [ERROR] LogOutputStream:75 - [STDERR_REDIRECT] 
2026-04-19 23:49:09,289 [ERROR] LogOutputStream:75 - [STDERR_REDIRECT] [Fatal Error] :1:1: Premature end of file.
2026-04-19 23:49:09,289 [ERROR] LogOutputStream:75 - [STDERR_REDIRECT] 
2026-04-19 23:49:10,281 [ERROR] LogOutputStream:75 - [STDERR_REDIRECT] [Fatal Error] :1:1: Premature end of file.
2026-04-19 23:49:10,281 [ERROR] LogOutputStream:75 - [STDERR_REDIRECT] 
2026-04-19 23:49:11,280 [ERROR] LogOutputStream:75 - [STDERR_REDIRECT] [Fatal Error] :1:1: Premature end of file.
2026-04-19 23:49:11,280 [ERROR] LogOutputStream:75 - [STDERR_REDIRECT] 
2026-04-19 23:49:12,277 [ERROR] LogOutputStream:75 - [STDERR_REDIRECT] [Fatal Error] :1:1: Premature end of file.
2026-04-19 23:49:12,277 [ERROR] LogOutputStream:75 - [STDERR_REDIRECT] 
2026-04-19 23:49:13,284 [ERROR] LogOutputStream:75 - [STDERR_REDIRECT] [Fatal Error] :1:1: Premature end of file.
2026-04-19 23:49:13,284 [ERROR] LogOutputStream:75 - [STDERR_REDIRECT] 
2026-04-19 23:49:14,281 [ERROR] LogOutputStream:75 - [STDERR_REDIRECT] [Fatal Error] :1:1: Premature end of file.
2026-04-19 23:49:14,281 [ERROR] LogOutputStream:75 - [STDERR_REDIRECT] 
2026-04-19 23:49:15,290 [ERROR] LogOutputStream:75 - [STDERR_REDIRECT] [Fatal Error] :1:1: Premature end of file.
2026-04-19 23:49:15,290 [ERROR] LogOutputStream:75 - [STDERR_REDIRECT] 
2026-04-19 23:49:16,279 [ERROR] LogOutputStream:75 - [STDERR_REDIRECT] [Fatal Error] :1:1: Premature end of file.
2026-04-19 23:49:16,279 [ERROR] LogOutputStream:75 - [STDERR_REDIRECT] 
2026-04-19 23:49:17,304 [ERROR] LogOutputStream:75 - [STDERR_REDIRECT] [Fatal Error] :1:1: Premature end of file.
2026-04-19 23:49:17,304 [ERROR] LogOutputStream:75 - [STDERR_REDIRECT] 
2026-04-19 23:49:18,284 [ERROR] LogOutputStream:75 - [STDERR_REDIRECT] [Fatal Error] :1:1: Premature end of file.
2026-04-19 23:49:18,284 [ERROR] LogOutputStream:75 - [STDERR_REDIRECT] 
2026-04-19 23:49:19,282 [ERROR] LogOutputStream:75 - [STDERR_REDIRECT] [Fatal Error] :1:1: Premature end of file.
2026-04-19 23:49:19,282 [ERROR] LogOutputStream:75 - [STDERR_REDIRECT] 
2026-04-19 23:49:20,285 [ERROR] LogOutputStream:75 - [STDERR_REDIRECT] [Fatal Error] :1:1: Premature end of file.
2026-04-19 23:49:20,285 [ERROR] LogOutputStream:75 - [STDERR_REDIRECT] 
2026-04-19 23:49:21,287 [ERROR] LogOutputStream:75 - [STDERR_REDIRECT] [Fatal Error] :1:1: Premature end of file.
2026-04-19 23:49:21,287 [ERROR] LogOutputStream:75 - [STDERR_REDIRECT] 
2026-04-19 23:49:22,284 [ERROR] LogOutputStream:75 - [STDERR_REDIRECT] [Fatal Error] :1:1: Premature end of file.
2026-04-19 23:49:22,284 [ERROR] LogOutputStream:75 - [STDERR_REDIRECT] 
2026-04-19 23:49:23,283 [ERROR] LogOutputStream:75 - [STDERR_REDIRECT] [Fatal Error] :1:1: Premature end of file.
2026-04-19 23:49:23,283 [ERROR] LogOutputStream:75 - [STDERR_REDIRECT] 
2026-04-19 23:49:24,276 [ERROR] LogOutputStream:75 - [STDERR_REDIRECT] [Fatal Error] :1:1: Premature end of file.
2026-04-19 23:49:24,276 [ERROR] LogOutputStream:75 - [STDERR_REDIRECT] 
2026-04-19 23:49:25,282 [ERROR] LogOutputStream:75 - [STDERR_REDIRECT] [Fatal Error] :1:1: Premature end of file.
2026-04-19 23:49:25,283 [ERROR] LogOutputStream:75 - [STDERR_REDIRECT] 
2026-04-19 23:49:26,277 [ERROR] LogOutputStream:75 - [STDERR_REDIRECT] [Fatal Error] :1:1: Premature end of file.
2026-04-19 23:49:26,278 [ERROR] LogOutputStream:75 - [STDERR_REDIRECT] 
2026-04-19 23:49:27,280 [ERROR] LogOutputStream:75 - [STDERR_REDIRECT] [Fatal Error] :1:1: Premature end of file.
2026-04-19 23:49:27,280 [ERROR] LogOutputStream:75 - [STDERR_REDIRECT] 
2026-04-19 23:49:28,278 [ERROR] LogOutputStream:75 - [STDERR_REDIRECT] [Fatal Error] :1:1: Premature end of file.
2026-04-19 23:49:28,278 [ERROR] LogOutputStream:75 - [STDERR_REDIRECT] 
2026-04-19 23:49:29,286 [ERROR] LogOutputStream:75 - [STDERR_REDIRECT] [Fatal Error] :1:1: Premature end of file.
2026-04-19 23:49:29,287 [ERROR] LogOutputStream:75 - [STDERR_REDIRECT] 
2026-04-19 23:49:30,277 [ERROR] LogOutputStream:75 - [STDERR_REDIRECT] [Fatal Error] :1:1: Premature end of file.
2026-04-19 23:49:30,277 [ERROR] LogOutputStream:75 - [STDERR_REDIRECT] 
2026-04-19 23:49:31,278 [ERROR] LogOutputStream:75 - [STDERR_REDIRECT] [Fatal Error] :1:1: Premature end of file.
2026-04-19 23:49:31,278 [ERROR] LogOutputStream:75 - [STDERR_REDIRECT] 
2026-04-19 23:49:32,285 [ERROR] LogOutputStream:75 - [STDERR_REDIRECT] [Fatal Error] :1:1: Premature end of file.
2026-04-19 23:49:32,285 [ERROR] LogOutputStream:75 - [STDERR_REDIRECT] 
2026-04-19 23:49:33,278 [ERROR] LogOutputStream:75 - [STDERR_REDIRECT] [Fatal Error] :1:1: Premature end of file.
2026-04-19 23:49:33,278 [ERROR] LogOutputStream:75 - [STDERR_REDIRECT] 
2026-04-19 23:49:34,288 [ERROR] LogOutputStream:75 - [STDERR_REDIRECT] [Fatal Error] :1:1: Premature end of file.
2026-04-19 23:49:34,288 [ERROR] LogOutputStream:75 - [STDERR_REDIRECT] 
2026-04-19 23:49:35,287 [ERROR] LogOutputStream:75 - [STDERR_REDIRECT] [Fatal Error] :1:1: Premature end of file.
2026-04-19 23:49:35,288 [ERROR] LogOutputStream:75 - [STDERR_REDIRECT] 
2026-04-19 23:49:36,286 [ERROR] LogOutputStream:75 - [STDERR_REDIRECT] [Fatal Error] :1:1: Premature end of file.
2026-04-19 23:49:36,286 [ERROR] LogOutputStream:75 - [STDERR_REDIRECT] 
2026-04-19 23:49:37,285 [ERROR] LogOutputStream:75 - [STDERR_REDIRECT] [Fatal Error] :1:1: Premature end of file.
2026-04-19 23:49:37,285 [ERROR] LogOutputStream:75 - [STDERR_REDIRECT] 
2026-04-19 23:49:38,285 [ERROR] LogOutputStream:75 - [STDERR_REDIRECT] [Fatal Error] :1:1: Premature end of file.
2026-04-19 23:49:38,285 [ERROR] LogOutputStream:75 - [STDERR_REDIRECT] 
2026-04-19 23:49:39,286 [ERROR] LogOutputStream:75 - [STDERR_REDIRECT] [Fatal Error] :1:1: Premature end of file.
2026-04-19 23:49:39,286 [ERROR] LogOutputStream:75 - [STDERR_REDIRECT] 
2026-04-19 23:49:40,284 [ERROR] LogOutputStream:75 - [STDERR_REDIRECT] [Fatal Error] :1:1: Premature end of file.
2026-04-19 23:49:40,284 [ERROR] LogOutputStream:75 - [STDERR_REDIRECT] 
2026-04-19 23:49:41,285 [ERROR] LogOutputStream:75 - [STDERR_REDIRECT] [Fatal Error] :1:1: Premature end of file.
2026-04-19 23:49:41,285 [ERROR] LogOutputStream:75 - [STDERR_REDIRECT] 
2026-04-19 23:49:42,286 [ERROR] LogOutputStream:75 - [STDERR_REDIRECT] [Fatal Error] :1:1: Premature end of file.
2026-04-19 23:49:42,287 [ERROR] LogOutputStream:75 - [STDERR_REDIRECT] 
2026-04-19 23:49:43,289 [ERROR] LogOutputStream:75 - [STDERR_REDIRECT] [Fatal Error] :1:1: Premature end of file.
2026-04-19 23:49:43,289 [ERROR] LogOutputStream:75 - [STDERR_REDIRECT] 
2026-04-19 23:49:44,284 [ERROR] LogOutputStream:75 - [STDERR_REDIRECT] [Fatal Error] :1:1: Premature end of file.
2026-04-19 23:49:44,284 [ERROR] LogOutputStream:75 - [STDERR_REDIRECT] 
2026-04-19 23:49:45,286 [ERROR] LogOutputStream:75 - [STDERR_REDIRECT] [Fatal Error] :1:1: Premature end of file.
2026-04-19 23:49:45,286 [ERROR] LogOutputStream:75 - [STDERR_REDIRECT] 
2026-04-19 23:49:46,288 [ERROR] LogOutputStream:75 - [STDERR_REDIRECT] [Fatal Error] :1:1: Premature end of file.
2026-04-19 23:49:46,288 [ERROR] LogOutputStream:75 - [STDERR_REDIRECT] 
2026-04-19 23:49:47,276 [ERROR] LogOutputStream:75 - [STDERR_REDIRECT] [Fatal Error] :1:1: Premature end of file.
2026-04-19 23:49:47,276 [ERROR] LogOutputStream:75 - [STDERR_REDIRECT] 
2026-04-19 23:49:48,281 [ERROR] LogOutputStream:75 - [STDERR_REDIRECT] [Fatal Error] :1:1: Premature end of file.
2026-04-19 23:49:48,281 [ERROR] LogOutputStream:75 - [STDERR_REDIRECT] 
2026-04-19 23:49:49,286 [ERROR] LogOutputStream:75 - [STDERR_REDIRECT] [Fatal Error] :1:1: Premature end of file.
2026-04-19 23:49:49,286 [ERROR] LogOutputStream:75 - [STDERR_REDIRECT] 
2026-04-19 23:49:50,285 [ERROR] LogOutputStream:75 - [STDERR_REDIRECT] [Fatal Error] :1:1: Premature end of file.
2026-04-19 23:49:50,286 [ERROR] LogOutputStream:75 - [STDERR_REDIRECT] 
2026-04-19 23:49:51,287 [ERROR] LogOutputStream:75 - [STDERR_REDIRECT] [Fatal Error] :1:1: Premature end of file.
2026-04-19 23:49:51,287 [ERROR] LogOutputStream:75 - [STDERR_REDIRECT] 
2026-04-19 23:49:52,288 [ERROR] LogOutputStream:75 - [STDERR_REDIRECT] [Fatal Error] :1:1: Premature end of file.
2026-04-19 23:49:52,288 [ERROR] LogOutputStream:75 - [STDERR_REDIRECT] 
2026-04-19 23:49:53,287 [ERROR] LogOutputStream:75 - [STDERR_REDIRECT] [Fatal Error] :1:1: Premature end of file.
2026-04-19 23:49:53,287 [ERROR] LogOutputStream:75 - [STDERR_REDIRECT] 
2026-04-19 23:49:54,278 [ERROR] LogOutputStream:75 - [STDERR_REDIRECT] [Fatal Error] :1:1: Premature end of file.
2026-04-19 23:49:54,279 [ERROR] LogOutputStream:75 - [STDERR_REDIRECT] 
2026-04-19 23:49:55,288 [ERROR] LogOutputStream:75 - [STDERR_REDIRECT] [Fatal Error] :1:1: Premature end of file.
2026-04-19 23:49:55,288 [ERROR] LogOutputStream:75 - [STDERR_REDIRECT] 
2026-04-19 23:49:56,288 [ERROR] LogOutputStream:75 - [STDERR_REDIRECT] [Fatal Error] :1:1: Premature end of file.
2026-04-19 23:49:56,288 [ERROR] LogOutputStream:75 - [STDERR_REDIRECT] 
2026-04-19 23:49:57,274 [ERROR] LogOutputStream:75 - [STDERR_REDIRECT] [Fatal Error] :1:1: Premature end of file.
2026-04-19 23:49:57,274 [ERROR] LogOutputStream:75 - [STDERR_REDIRECT] 
2026-04-19 23:49:58,288 [ERROR] LogOutputStream:75 - [STDERR_REDIRECT] [Fatal Error] :1:1: Premature end of file.
2026-04-19 23:49:58,288 [ERROR] LogOutputStream:75 - [STDERR_REDIRECT] 
2026-04-19 23:49:59,287 [ERROR] LogOutputStream:75 - [STDERR_REDIRECT] [Fatal Error] :1:1: Premature end of file.
2026-04-19 23:49:59,287 [ERROR] LogOutputStream:75 - [STDERR_REDIRECT] 
2026-04-19 23:50:00,285 [ERROR] LogOutputStream:75 - [STDERR_REDIRECT] [Fatal Error] :1:1: Premature end of file.
2026-04-19 23:50:00,286 [ERROR] LogOutputStream:75 - [STDERR_REDIRECT] 
2026-04-19 23:50:01,285 [ERROR] LogOutputStream:75 - [STDERR_REDIRECT] [Fatal Error] :1:1: Premature end of file.
2026-04-19 23:50:01,286 [ERROR] LogOutputStream:75 - [STDERR_REDIRECT] 
2026-04-19 23:50:02,278 [ERROR] LogOutputStream:75 - [STDERR_REDIRECT] [Fatal Error] :1:1: Premature end of file.
2026-04-19 23:50:02,278 [ERROR] LogOutputStream:75 - [STDERR_REDIRECT] 
2026-04-19 23:50:03,277 [ERROR] LogOutputStream:75 - [STDERR_REDIRECT] [Fatal Error] :1:1: Premature end of file.
2026-04-19 23:50:03,277 [ERROR] LogOutputStream:75 - [STDERR_REDIRECT] 
2026-04-19 23:50:04,286 [ERROR] LogOutputStream:75 - [STDERR_REDIRECT] [Fatal Error] :1:1: Premature end of file.
2026-04-19 23:50:04,286 [ERROR] LogOutputStream:75 - [STDERR_REDIRECT] 
2026-04-19 23:50:05,288 [ERROR] LogOutputStream:75 - [STDERR_REDIRECT] [Fatal Error] :1:1: Premature end of file.
2026-04-19 23:50:05,288 [ERROR] LogOutputStream:75 - [STDERR_REDIRECT] 
2026-04-19 23:50:06,285 [ERROR] LogOutputStream:75 - [STDERR_REDIRECT] [Fatal Error] :1:1: Premature end of file.
2026-04-19 23:50:06,286 [ERROR] LogOutputStream:75 - [STDERR_REDIRECT] 
2026-04-19 23:50:07,286 [ERROR] LogOutputStream:75 - [STDERR_REDIRECT] [Fatal Error] :1:1: Premature end of file.
2026-04-19 23:50:07,286 [ERROR] LogOutputStream:75 - [STDERR_REDIRECT] 
2026-04-19 23:50:08,285 [ERROR] LogOutputStream:75 - [STDERR_REDIRECT] [Fatal Error] :1:1: Premature end of file.
2026-04-19 23:50:08,285 [ERROR] LogOutputStream:75 - [STDERR_REDIRECT] 
2026-04-19 23:50:09,280 [ERROR] LogOutputStream:75 - [STDERR_REDIRECT] [Fatal Error] :1:1: Premature end of file.
2026-04-19 23:50:09,280 [ERROR] LogOutputStream:75 - [STDERR_REDIRECT] 
2026-04-19 23:50:10,284 [ERROR] LogOutputStream:75 - [STDERR_REDIRECT] [Fatal Error] :1:1: Premature end of file.
2026-04-19 23:50:10,284 [ERROR] LogOutputStream:75 - [STDERR_REDIRECT] 
2026-04-19 23:50:11,285 [ERROR] LogOutputStream:75 - [STDERR_REDIRECT] [Fatal Error] :1:1: Premature end of file.
2026-04-19 23:50:11,285 [ERROR] LogOutputStream:75 - [STDERR_REDIRECT] 
2026-04-19 23:50:12,285 [ERROR] LogOutputStream:75 - [STDERR_REDIRECT] [Fatal Error] :1:1: Premature end of file.
2026-04-19 23:50:12,285 [ERROR] LogOutputStream:75 - [STDERR_REDIRECT] 
2026-04-19 23:50:13,284 [ERROR] LogOutputStream:75 - [STDERR_REDIRECT] [Fatal Error] :1:1: Premature end of file.
2026-04-19 23:50:13,284 [ERROR] LogOutputStream:75 - [STDERR_REDIRECT] 
2026-04-19 23:50:14,285 [ERROR] LogOutputStream:75 - [STDERR_REDIRECT] [Fatal Error] :1:1: Premature end of file.
2026-04-19 23:50:14,285 [ERROR] LogOutputStream:75 - [STDERR_REDIRECT] 
2026-04-19 23:50:15,284 [ERROR] LogOutputStream:75 - [STDERR_REDIRECT] [Fatal Error] :1:1: Premature end of file.
2026-04-19 23:50:15,284 [ERROR] LogOutputStream:75 - [STDERR_REDIRECT] 
2026-04-19 23:50:16,283 [ERROR] LogOutputStream:75 - [STDERR_REDIRECT] [Fatal Error] :1:1: Premature end of file.
2026-04-19 23:50:16,284 [ERROR] LogOutputStream:75 - [STDERR_REDIRECT] 
2026-04-19 23:50:17,284 [ERROR] LogOutputStream:75 - [STDERR_REDIRECT] [Fatal Error] :1:1: Premature end of file.
2026-04-19 23:50:17,284 [ERROR] LogOutputStream:75 - [STDERR_REDIRECT] 
2026-04-19 23:50:18,284 [ERROR] LogOutputStream:75 - [STDERR_REDIRECT] [Fatal Error] :1:1: Premature end of file.
2026-04-19 23:50:18,284 [ERROR] LogOutputStream:75 - [STDERR_REDIRECT] 
2026-04-19 23:50:19,277 [ERROR] LogOutputStream:75 - [STDERR_REDIRECT] [Fatal Error] :1:1: Premature end of file.
2026-04-19 23:50:19,277 [ERROR] LogOutputStream:75 - [STDERR_REDIRECT] 
2026-04-19 23:50:20,279 [ERROR] LogOutputStream:75 - [STDERR_REDIRECT] [Fatal Error] :1:1: Premature end of file.
2026-04-19 23:50:20,279 [ERROR] LogOutputStream:75 - [STDERR_REDIRECT] 
2026-04-19 23:50:21,304 [ERROR] LogOutputStream:75 - [STDERR_REDIRECT] [Fatal Error] :1:1: Premature end of file.
2026-04-19 23:50:21,304 [ERROR] LogOutputStream:75 - [STDERR_REDIRECT] 
2026-04-19 23:50:22,303 [ERROR] LogOutputStream:75 - [STDERR_REDIRECT] [Fatal Error] :1:1: Premature end of file.
2026-04-19 23:50:22,303 [ERROR] LogOutputStream:75 - [STDERR_REDIRECT] 
2026-04-19 23:50:23,305 [ERROR] LogOutputStream:75 - [STDERR_REDIRECT] [Fatal Error] :1:1: Premature end of file.
2026-04-19 23:50:23,305 [ERROR] LogOutputStream:75 - [STDERR_REDIRECT] 
2026-04-19 23:50:24,318 [ERROR] LogOutputStream:75 - [STDERR_REDIRECT] [Fatal Error] :1:1: Premature end of file.
2026-04-19 23:50:24,318 [ERROR] LogOutputStream:75 - [STDERR_REDIRECT] 
2026-04-19 23:50:25,309 [ERROR] LogOutputStream:75 - [STDERR_REDIRECT] [Fatal Error] :1:1: Premature end of file.
2026-04-19 23:50:25,309 [ERROR] LogOutputStream:75 - [STDERR_REDIRECT] 
2026-04-19 23:50:26,304 [ERROR] LogOutputStream:75 - [STDERR_REDIRECT] [Fatal Error] :1:1: Premature end of file.
2026-04-19 23:50:26,304 [ERROR] LogOutputStream:75 - [STDERR_REDIRECT] 
2026-04-19 23:50:27,288 [ERROR] LogOutputStream:75 - [STDERR_REDIRECT] [Fatal Error] :1:1: Premature end of file.
2026-04-19 23:50:27,288 [ERROR] LogOutputStream:75 - [STDERR_REDIRECT] 
2026-04-19 23:50:28,277 [ERROR] LogOutputStream:75 - [STDERR_REDIRECT] [Fatal Error] :1:1: Premature end of file.
2026-04-19 23:50:28,277 [ERROR] LogOutputStream:75 - [STDERR_REDIRECT] 
2026-04-19 23:50:29,290 [ERROR] LogOutputStream:75 - [STDERR_REDIRECT] [Fatal Error] :1:1: Premature end of file.
2026-04-19 23:50:29,290 [ERROR] LogOutputStream:75 - [STDERR_REDIRECT] 
2026-04-19 23:50:30,276 [ERROR] LogOutputStream:75 - [STDERR_REDIRECT] [Fatal Error] :1:1: Premature end of file.
2026-04-19 23:50:30,276 [ERROR] LogOutputStream:75 - [STDERR_REDIRECT] 
2026-04-19 23:50:31,287 [ERROR] LogOutputStream:75 - [STDERR_REDIRECT] [Fatal Error] :1:1: Premature end of file.
2026-04-19 23:50:31,287 [ERROR] LogOutputStream:75 - [STDERR_REDIRECT] 
2026-04-19 23:50:32,282 [ERROR] LogOutputStream:75 - [STDERR_REDIRECT] [Fatal Error] :1:1: Premature end of file.
2026-04-19 23:50:32,282 [ERROR] LogOutputStream:75 - [STDERR_REDIRECT] 
2026-04-19 23:50:33,282 [ERROR] LogOutputStream:75 - [STDERR_REDIRECT] [Fatal Error] :1:1: Premature end of file.
2026-04-19 23:50:33,282 [ERROR] LogOutputStream:75 - [STDERR_REDIRECT] 
2026-04-19 23:50:34,289 [ERROR] LogOutputStream:75 - [STDERR_REDIRECT] [Fatal Error] :1:1: Premature end of file.
2026-04-19 23:50:34,290 [ERROR] LogOutputStream:75 - [STDERR_REDIRECT] 
2026-04-19 23:50:35,271 [ERROR] LogOutputStream:75 - [STDERR_REDIRECT] [Fatal Error] :1:1: Premature end of file.
2026-04-19 23:50:35,271 [ERROR] LogOutputStream:75 - [STDERR_REDIRECT] 
2026-04-19 23:50:36,288 [ERROR] LogOutputStream:75 - [STDERR_REDIRECT] [Fatal Error] :1:1: Premature end of file.
2026-04-19 23:50:36,288 [ERROR] LogOutputStream:75 - [STDERR_REDIRECT] 
2026-04-19 23:50:37,288 [ERROR] LogOutputStream:75 - [STDERR_REDIRECT] [Fatal Error] :1:1: Premature end of file.
2026-04-19 23:50:37,288 [ERROR] LogOutputStream:75 - [STDERR_REDIRECT] 
2026-04-19 23:50:38,288 [ERROR] LogOutputStream:75 - [STDERR_REDIRECT] [Fatal Error] :1:1: Premature end of file.
2026-04-19 23:50:38,288 [ERROR] LogOutputStream:75 - [STDERR_REDIRECT] 
2026-04-19 23:50:39,289 [ERROR] LogOutputStream:75 - [STDERR_REDIRECT] [Fatal Error] :1:1: Premature end of file.
2026-04-19 23:50:39,289 [ERROR] LogOutputStream:75 - [STDERR_REDIRECT] 
2026-04-19 23:50:40,320 [ERROR] LogOutputStream:75 - [STDERR_REDIRECT] [Fatal Error] :1:1: Premature end of file.
2026-04-19 23:50:40,320 [ERROR] LogOutputStream:75 - [STDERR_REDIRECT] 
2026-04-19 23:50:41,283 [ERROR] LogOutputStream:75 - [STDERR_REDIRECT] [Fatal Error] :1:1: Premature end of file.
2026-04-19 23:50:41,283 [ERROR] LogOutputStream:75 - [STDERR_REDIRECT] 
2026-04-19 23:50:42,289 [ERROR] LogOutputStream:75 - [STDERR_REDIRECT] [Fatal Error] :1:1: Premature end of file.
2026-04-19 23:50:42,289 [ERROR] LogOutputStream:75 - [STDERR_REDIRECT] 
2026-04-19 23:50:43,276 [ERROR] LogOutputStream:75 - [STDERR_REDIRECT] [Fatal Error] :1:1: Premature end of file.
2026-04-19 23:50:43,276 [ERROR] LogOutputStream:75 - [STDERR_REDIRECT] 
2026-04-19 23:50:44,280 [ERROR] LogOutputStream:75 - [STDERR_REDIRECT] [Fatal Error] :1:1: Premature end of file.
2026-04-19 23:50:44,280 [ERROR] LogOutputStream:75 - [STDERR_REDIRECT] 
2026-04-19 23:50:45,279 [ERROR] LogOutputStream:75 - [STDERR_REDIRECT] [Fatal Error] :1:1: Premature end of file.
2026-04-19 23:50:45,281 [ERROR] LogOutputStream:75 - [STDERR_REDIRECT] 
2026-04-19 23:50:46,284 [ERROR] LogOutputStream:75 - [STDERR_REDIRECT] [Fatal Error] :1:1: Premature end of file.
2026-04-19 23:50:46,284 [ERROR] LogOutputStream:75 - [STDERR_REDIRECT] 
2026-04-19 23:50:47,279 [ERROR] LogOutputStream:75 - [STDERR_REDIRECT] [Fatal Error] :1:1: Premature end of file.
2026-04-19 23:50:47,279 [ERROR] LogOutputStream:75 - [STDERR_REDIRECT] 
2026-04-19 23:50:48,276 [ERROR] LogOutputStream:75 - [STDERR_REDIRECT] [Fatal Error] :1:1: Premature end of file.
2026-04-19 23:50:48,277 [ERROR] LogOutputStream:75 - [STDERR_REDIRECT] 
2026-04-19 23:50:49,283 [ERROR] LogOutputStream:75 - [STDERR_REDIRECT] [Fatal Error] :1:1: Premature end of file.
2026-04-19 23:50:49,283 [ERROR] LogOutputStream:75 - [STDERR_REDIRECT] 
2026-04-19 23:50:50,281 [ERROR] LogOutputStream:75 - [STDERR_REDIRECT] [Fatal Error] :1:1: Premature end of file.
2026-04-19 23:50:50,281 [ERROR] LogOutputStream:75 - [STDERR_REDIRECT] 
2026-04-19 23:50:51,278 [ERROR] LogOutputStream:75 - [STDERR_REDIRECT] [Fatal Error] :1:1: Premature end of file.
2026-04-19 23:50:51,278 [ERROR] LogOutputStream:75 - [STDERR_REDIRECT] 
2026-04-19 23:50:52,288 [ERROR] LogOutputStream:75 - [STDERR_REDIRECT] [Fatal Error] :1:1: Premature end of file.
2026-04-19 23:50:52,288 [ERROR] LogOutputStream:75 - [STDERR_REDIRECT] 
2026-04-19 23:50:53,285 [ERROR] LogOutputStream:75 - [STDERR_REDIRECT] [Fatal Error] :1:1: Premature end of file.
2026-04-19 23:50:53,285 [ERROR] LogOutputStream:75 - [STDERR_REDIRECT] 
2026-04-19 23:50:54,275 [ERROR] LogOutputStream:75 - [STDERR_REDIRECT] [Fatal Error] :1:1: Premature end of file.
2026-04-19 23:50:54,275 [ERROR] LogOutputStream:75 - [STDERR_REDIRECT] 
2026-04-19 23:50:55,282 [ERROR] LogOutputStream:75 - [STDERR_REDIRECT] [Fatal Error] :1:1: Premature end of file.
2026-04-19 23:50:55,282 [ERROR] LogOutputStream:75 - [STDERR_REDIRECT] 
2026-04-19 23:50:56,280 [ERROR] LogOutputStream:75 - [STDERR_REDIRECT] [Fatal Error] :1:1: Premature end of file.
2026-04-19 23:50:56,280 [ERROR] LogOutputStream:75 - [STDERR_REDIRECT] 
2026-04-19 23:50:57,286 [ERROR] LogOutputStream:75 - [STDERR_REDIRECT] [Fatal Error] :1:1: Premature end of file.
2026-04-19 23:50:57,286 [ERROR] LogOutputStream:75 - [STDERR_REDIRECT] 
2026-04-19 23:50:58,279 [ERROR] LogOutputStream:75 - [STDERR_REDIRECT] [Fatal Error] :1:1: Premature end of file.
2026-04-19 23:50:58,279 [ERROR] LogOutputStream:75 - [STDERR_REDIRECT] 
2026-04-19 23:50:59,278 [ERROR] LogOutputStream:75 - [STDERR_REDIRECT] [Fatal Error] :1:1: Premature end of file.
2026-04-19 23:50:59,279 [ERROR] LogOutputStream:75 - [STDERR_REDIRECT] 
2026-04-19 23:51:00,282 [ERROR] LogOutputStream:75 - [STDERR_REDIRECT] [Fatal Error] :1:1: Premature end of file.
2026-04-19 23:51:00,282 [ERROR] LogOutputStream:75 - [STDERR_REDIRECT] 
2026-04-19 23:51:01,287 [ERROR] LogOutputStream:75 - [STDERR_REDIRECT] [Fatal Error] :1:1: Premature end of file.
2026-04-19 23:51:01,287 [ERROR] LogOutputStream:75 - [STDERR_REDIRECT] 
2026-04-19 23:51:02,283 [ERROR] LogOutputStream:75 - [STDERR_REDIRECT] [Fatal Error] :1:1: Premature end of file.
2026-04-19 23:51:02,283 [ERROR] LogOutputStream:75 - [STDERR_REDIRECT] 
2026-04-19 23:51:03,281 [ERROR] LogOutputStream:75 - [STDERR_REDIRECT] [Fatal Error] :1:1: Premature end of file.
2026-04-19 23:51:03,281 [ERROR] LogOutputStream:75 - [STDERR_REDIRECT] 
2026-04-19 23:51:04,289 [ERROR] LogOutputStream:75 - [STDERR_REDIRECT] [Fatal Error] :1:1: Premature end of file.
2026-04-19 23:51:04,289 [ERROR] LogOutputStream:75 - [STDERR_REDIRECT] 
2026-04-19 23:51:05,280 [ERROR] LogOutputStream:75 - [STDERR_REDIRECT] [Fatal Error] :1:1: Premature end of file.
2026-04-19 23:51:05,280 [ERROR] LogOutputStream:75 - [STDERR_REDIRECT] 
2026-04-19 23:51:06,287 [ERROR] LogOutputStream:75 - [STDERR_REDIRECT] [Fatal Error] :1:1: Premature end of file.
2026-04-19 23:51:06,287 [ERROR] LogOutputStream:75 - [STDERR_REDIRECT] 
2026-04-19 23:51:07,288 [ERROR] LogOutputStream:75 - [STDERR_REDIRECT] [Fatal Error] :1:1: Premature end of file.
2026-04-19 23:51:07,288 [ERROR] LogOutputStream:75 - [STDERR_REDIRECT] 
2026-04-19 23:51:08,277 [ERROR] LogOutputStream:75 - [STDERR_REDIRECT] [Fatal Error] :1:1: Premature end of file.
2026-04-19 23:51:08,277 [ERROR] LogOutputStream:75 - [STDERR_REDIRECT] 
2026-04-19 23:51:09,284 [ERROR] LogOutputStream:75 - [STDERR_REDIRECT] [Fatal Error] :1:1: Premature end of file.
2026-04-19 23:51:09,284 [ERROR] LogOutputStream:75 - [STDERR_REDIRECT] 
2026-04-19 23:51:10,281 [ERROR] LogOutputStream:75 - [STDERR_REDIRECT] [Fatal Error] :1:1: Premature end of file.
2026-04-19 23:51:10,281 [ERROR] LogOutputStream:75 - [STDERR_REDIRECT] 
2026-04-19 23:51:11,284 [ERROR] LogOutputStream:75 - [STDERR_REDIRECT] [Fatal Error] :1:1: Premature end of file.
2026-04-19 23:51:11,285 [ERROR] LogOutputStream:75 - [STDERR_REDIRECT] 
2026-04-19 23:51:12,272 [ERROR] LogOutputStream:75 - [STDERR_REDIRECT] [Fatal Error] :1:1: Premature end of file.
2026-04-19 23:51:12,272 [ERROR] LogOutputStream:75 - [STDERR_REDIRECT] 
2026-04-19 23:51:13,302 [ERROR] LogOutputStream:75 - [STDERR_REDIRECT] [Fatal Error] :1:1: Premature end of file.
2026-04-19 23:51:13,302 [ERROR] LogOutputStream:75 - [STDERR_REDIRECT] 
2026-04-19 23:51:14,303 [ERROR] LogOutputStream:75 - [STDERR_REDIRECT] [Fatal Error] :1:1: Premature end of file.
2026-04-19 23:51:14,304 [ERROR] LogOutputStream:75 - [STDERR_REDIRECT] 
2026-04-19 23:51:15,313 [ERROR] LogOutputStream:75 - [STDERR_REDIRECT] [Fatal Error] :1:1: Premature end of file.
2026-04-19 23:51:15,313 [ERROR] LogOutputStream:75 - [STDERR_REDIRECT] 
2026-04-19 23:51:16,284 [ERROR] LogOutputStream:75 - [STDERR_REDIRECT] [Fatal Error] :1:1: Premature end of file.
2026-04-19 23:51:16,284 [ERROR] LogOutputStream:75 - [STDERR_REDIRECT] 
2026-04-19 23:51:17,283 [ERROR] LogOutputStream:75 - [STDERR_REDIRECT] [Fatal Error] :1:1: Premature end of file.
2026-04-19 23:51:17,284 [ERROR] LogOutputStream:75 - [STDERR_REDIRECT] 
2026-04-19 23:51:18,285 [ERROR] LogOutputStream:75 - [STDERR_REDIRECT] [Fatal Error] :1:1: Premature end of file.
2026-04-19 23:51:18,285 [ERROR] LogOutputStream:75 - [STDERR_REDIRECT] 
2026-04-19 23:51:19,282 [ERROR] LogOutputStream:75 - [STDERR_REDIRECT] [Fatal Error] :1:1: Premature end of file.
2026-04-19 23:51:19,283 [ERROR] LogOutputStream:75 - [STDERR_REDIRECT] 
2026-04-19 23:51:20,283 [ERROR] LogOutputStream:75 - [STDERR_REDIRECT] [Fatal Error] :1:1: Premature end of file.
2026-04-19 23:51:20,283 [ERROR] LogOutputStream:75 - [STDERR_REDIRECT] 
2026-04-19 23:51:21,277 [ERROR] LogOutputStream:75 - [STDERR_REDIRECT] [Fatal Error] :1:1: Premature end of file.
2026-04-19 23:51:21,277 [ERROR] LogOutputStream:75 - [STDERR_REDIRECT] 
2026-04-19 23:51:22,281 [ERROR] LogOutputStream:75 - [STDERR_REDIRECT] [Fatal Error] :1:1: Premature end of file.
2026-04-19 23:51:22,281 [ERROR] LogOutputStream:75 - [STDERR_REDIRECT] 
2026-04-19 23:51:23,280 [ERROR] LogOutputStream:75 - [STDERR_REDIRECT] [Fatal Error] :1:1: Premature end of file.
2026-04-19 23:51:23,280 [ERROR] LogOutputStream:75 - [STDERR_REDIRECT] 
2026-04-19 23:51:24,283 [ERROR] LogOutputStream:75 - [STDERR_REDIRECT] [Fatal Error] :1:1: Premature end of file.
2026-04-19 23:51:24,283 [ERROR] LogOutputStream:75 - [STDERR_REDIRECT] 
2026-04-19 23:51:25,284 [ERROR] LogOutputStream:75 - [STDERR_REDIRECT] [Fatal Error] :1:1: Premature end of file.
2026-04-19 23:51:25,284 [ERROR] LogOutputStream:75 - [STDERR_REDIRECT] 
2026-04-19 23:51:26,293 [ERROR] LogOutputStream:75 - [STDERR_REDIRECT] [Fatal Error] :1:1: Premature end of file.
2026-04-19 23:51:26,293 [ERROR] LogOutputStream:75 - [STDERR_REDIRECT] 
2026-04-19 23:51:27,282 [ERROR] LogOutputStream:75 - [STDERR_REDIRECT] [Fatal Error] :1:1: Premature end of file.
2026-04-19 23:51:27,283 [ERROR] LogOutputStream:75 - [STDERR_REDIRECT] 
2026-04-19 23:51:28,283 [ERROR] LogOutputStream:75 - [STDERR_REDIRECT] [Fatal Error] :1:1: Premature end of file.
2026-04-19 23:51:28,283 [ERROR] LogOutputStream:75 - [STDERR_REDIRECT] 
2026-04-19 23:51:29,280 [ERROR] LogOutputStream:75 - [STDERR_REDIRECT] [Fatal Error] :1:1: Premature end of file.
2026-04-19 23:51:29,280 [ERROR] LogOutputStream:75 - [STDERR_REDIRECT] 
2026-04-19 23:51:30,281 [ERROR] LogOutputStream:75 - [STDERR_REDIRECT] [Fatal Error] :1:1: Premature end of file.
2026-04-19 23:51:30,281 [ERROR] LogOutputStream:75 - [STDERR_REDIRECT] 
2026-04-19 23:51:31,280 [ERROR] LogOutputStream:75 - [STDERR_REDIRECT] [Fatal Error] :1:1: Premature end of file.
2026-04-19 23:51:31,280 [ERROR] LogOutputStream:75 - [STDERR_REDIRECT] 
2026-04-19 23:51:32,284 [ERROR] LogOutputStream:75 - [STDERR_REDIRECT] [Fatal Error] :1:1: Premature end of file.
2026-04-19 23:51:32,284 [ERROR] LogOutputStream:75 - [STDERR_REDIRECT] 
2026-04-19 23:51:33,284 [ERROR] LogOutputStream:75 - [STDERR_REDIRECT] [Fatal Error] :1:1: Premature end of file.
2026-04-19 23:51:33,284 [ERROR] LogOutputStream:75 - [STDERR_REDIRECT] 
2026-04-19 23:51:34,280 [ERROR] LogOutputStream:75 - [STDERR_REDIRECT] [Fatal Error] :1:1: Premature end of file.
2026-04-19 23:51:34,280 [ERROR] LogOutputStream:75 - [STDERR_REDIRECT] 
2026-04-19 23:51:35,283 [ERROR] LogOutputStream:75 - [STDERR_REDIRECT] [Fatal Error] :1:1: Premature end of file.
2026-04-19 23:51:35,283 [ERROR] LogOutputStream:75 - [STDERR_REDIRECT] 
2026-04-19 23:51:36,282 [ERROR] LogOutputStream:75 - [STDERR_REDIRECT] [Fatal Error] :1:1: Premature end of file.
2026-04-19 23:51:36,282 [ERROR] LogOutputStream:75 - [STDERR_REDIRECT] 
2026-04-19 23:51:37,279 [ERROR] LogOutputStream:75 - [STDERR_REDIRECT] [Fatal Error] :1:1: Premature end of file.
2026-04-19 23:51:37,279 [ERROR] LogOutputStream:75 - [STDERR_REDIRECT] 
2026-04-19 23:51:38,285 [ERROR] LogOutputStream:75 - [STDERR_REDIRECT] [Fatal Error] :1:1: Premature end of file.
2026-04-19 23:51:38,285 [ERROR] LogOutputStream:75 - [STDERR_REDIRECT] 
2026-04-19 23:51:39,289 [ERROR] LogOutputStream:75 - [STDERR_REDIRECT] [Fatal Error] :1:1: Premature end of file.
2026-04-19 23:51:39,290 [ERROR] LogOutputStream:75 - [STDERR_REDIRECT] 
2026-04-19 23:51:40,277 [ERROR] LogOutputStream:75 - [STDERR_REDIRECT] [Fatal Error] :1:1: Premature end of file.
2026-04-19 23:51:40,277 [ERROR] LogOutputStream:75 - [STDERR_REDIRECT] 
2026-04-19 23:51:41,284 [ERROR] LogOutputStream:75 - [STDERR_REDIRECT] [Fatal Error] :1:1: Premature end of file.
2026-04-19 23:51:41,284 [ERROR] LogOutputStream:75 - [STDERR_REDIRECT] 
2026-04-19 23:51:42,289 [ERROR] LogOutputStream:75 - [STDERR_REDIRECT] [Fatal Error] :1:1: Premature end of file.
2026-04-19 23:51:42,290 [ERROR] LogOutputStream:75 - [STDERR_REDIRECT] 
2026-04-19 23:51:43,281 [ERROR] LogOutputStream:75 - [STDERR_REDIRECT] [Fatal Error] :1:1: Premature end of file.
2026-04-19 23:51:43,281 [ERROR] LogOutputStream:75 - [STDERR_REDIRECT] 
2026-04-19 23:51:44,275 [ERROR] LogOutputStream:75 - [STDERR_REDIRECT] [Fatal Error] :1:1: Premature end of file.
2026-04-19 23:51:44,275 [ERROR] LogOutputStream:75 - [STDERR_REDIRECT] 
2026-04-19 23:51:45,284 [ERROR] LogOutputStream:75 - [STDERR_REDIRECT] [Fatal Error] :1:1: Premature end of file.
2026-04-19 23:51:45,284 [ERROR] LogOutputStream:75 - [STDERR_REDIRECT] 
2026-04-19 23:51:46,278 [ERROR] LogOutputStream:75 - [STDERR_REDIRECT] [Fatal Error] :1:1: Premature end of file.
2026-04-19 23:51:46,278 [ERROR] LogOutputStream:75 - [STDERR_REDIRECT] 
2026-04-19 23:51:47,279 [ERROR] LogOutputStream:75 - [STDERR_REDIRECT] [Fatal Error] :1:1: Premature end of file.
2026-04-19 23:51:47,279 [ERROR] LogOutputStream:75 - [STDERR_REDIRECT] 
2026-04-19 23:51:48,289 [ERROR] LogOutputStream:75 - [STDERR_REDIRECT] [Fatal Error] :1:1: Premature end of file.
2026-04-19 23:51:48,289 [ERROR] LogOutputStream:75 - [STDERR_REDIRECT] 
2026-04-19 23:51:49,286 [ERROR] LogOutputStream:75 - [STDERR_REDIRECT] [Fatal Error] :1:1: Premature end of file.
2026-04-19 23:51:49,287 [ERROR] LogOutputStream:75 - [STDERR_REDIRECT] 
2026-04-19 23:51:50,302 [ERROR] LogOutputStream:75 - [STDERR_REDIRECT] [Fatal Error] :1:1: Premature end of file.
2026-04-19 23:51:50,302 [ERROR] LogOutputStream:75 - [STDERR_REDIRECT] 
2026-04-19 23:51:51,316 [ERROR] LogOutputStream:75 - [STDERR_REDIRECT] [Fatal Error] :1:1: Premature end of file.
2026-04-19 23:51:51,316 [ERROR] LogOutputStream:75 - [STDERR_REDIRECT] 
2026-04-19 23:51:52,293 [ERROR] LogOutputStream:75 - [STDERR_REDIRECT] [Fatal Error] :1:1: Premature end of file.
2026-04-19 23:51:52,293 [ERROR] LogOutputStream:75 - [STDERR_REDIRECT] 
2026-04-19 23:51:53,310 [ERROR] LogOutputStream:75 - [STDERR_REDIRECT] [Fatal Error] :1:1: Premature end of file.
2026-04-19 23:51:53,310 [ERROR] LogOutputStream:75 - [STDERR_REDIRECT] 
2026-04-19 23:51:54,280 [ERROR] LogOutputStream:75 - [STDERR_REDIRECT] [Fatal Error] :1:1: Premature end of file.
2026-04-19 23:51:54,282 [ERROR] LogOutputStream:75 - [STDERR_REDIRECT] 
2026-04-19 23:51:55,279 [ERROR] LogOutputStream:75 - [STDERR_REDIRECT] [Fatal Error] :1:1: Premature end of file.
2026-04-19 23:51:55,279 [ERROR] LogOutputStream:75 - [STDERR_REDIRECT] 
2026-04-19 23:51:56,279 [ERROR] LogOutputStream:75 - [STDERR_REDIRECT] [Fatal Error] :1:1: Premature end of file.
2026-04-19 23:51:56,279 [ERROR] LogOutputStream:75 - [STDERR_REDIRECT] 
2026-04-19 23:51:57,284 [ERROR] LogOutputStream:75 - [STDERR_REDIRECT] [Fatal Error] :1:1: Premature end of file.
2026-04-19 23:51:57,284 [ERROR] LogOutputStream:75 - [STDERR_REDIRECT] 
2026-04-19 23:51:58,283 [ERROR] LogOutputStream:75 - [STDERR_REDIRECT] [Fatal Error] :1:1: Premature end of file.
2026-04-19 23:51:58,283 [ERROR] LogOutputStream:75 - [STDERR_REDIRECT] 
2026-04-19 23:51:59,284 [ERROR] LogOutputStream:75 - [STDERR_REDIRECT] [Fatal Error] :1:1: Premature end of file.
2026-04-19 23:51:59,285 [ERROR] LogOutputStream:75 - [STDERR_REDIRECT] 
2026-04-19 23:52:00,277 [ERROR] LogOutputStream:75 - [STDERR_REDIRECT] [Fatal Error] :1:1: Premature end of file.
2026-04-19 23:52:00,277 [ERROR] LogOutputStream:75 - [STDERR_REDIRECT] 
2026-04-19 23:52:01,291 [ERROR] LogOutputStream:75 - [STDERR_REDIRECT] [Fatal Error] :1:1: Premature end of file.
2026-04-19 23:52:01,291 [ERROR] LogOutputStream:75 - [STDERR_REDIRECT] 
2026-04-19 23:52:02,278 [ERROR] LogOutputStream:75 - [STDERR_REDIRECT] [Fatal Error] :1:1: Premature end of file.
2026-04-19 23:52:02,278 [ERROR] LogOutputStream:75 - [STDERR_REDIRECT] 
2026-04-19 23:52:03,276 [ERROR] LogOutputStream:75 - [STDERR_REDIRECT] [Fatal Error] :1:1: Premature end of file.
2026-04-19 23:52:03,276 [ERROR] LogOutputStream:75 - [STDERR_REDIRECT] 
2026-04-19 23:52:04,276 [ERROR] LogOutputStream:75 - [STDERR_REDIRECT] [Fatal Error] :1:1: Premature end of file.
2026-04-19 23:52:04,276 [ERROR] LogOutputStream:75 - [STDERR_REDIRECT] 
2026-04-19 23:52:05,275 [ERROR] LogOutputStream:75 - [STDERR_REDIRECT] [Fatal Error] :1:1: Premature end of file.
2026-04-19 23:52:05,275 [ERROR] LogOutputStream:75 - [STDERR_REDIRECT] 
2026-04-19 23:52:06,277 [ERROR] LogOutputStream:75 - [STDERR_REDIRECT] [Fatal Error] :1:1: Premature end of file.
2026-04-19 23:52:06,277 [ERROR] LogOutputStream:75 - [STDERR_REDIRECT] 
2026-04-19 23:52:07,290 [ERROR] LogOutputStream:75 - [STDERR_REDIRECT] [Fatal Error] :1:1: Premature end of file.
2026-04-19 23:52:07,291 [ERROR] LogOutputStream:75 - [STDERR_REDIRECT] 
2026-04-19 23:52:08,303 [ERROR] LogOutputStream:75 - [STDERR_REDIRECT] [Fatal Error] :1:1: Premature end of file.
2026-04-19 23:52:08,303 [ERROR] LogOutputStream:75 - [STDERR_REDIRECT] 
2026-04-19 23:52:09,300 [ERROR] LogOutputStream:75 - [STDERR_REDIRECT] [Fatal Error] :1:1: Premature end of file.
2026-04-19 23:52:09,301 [ERROR] LogOutputStream:75 - [STDERR_REDIRECT] 
2026-04-19 23:52:10,310 [ERROR] LogOutputStream:75 - [STDERR_REDIRECT] [Fatal Error] :1:1: Premature end of file.
2026-04-19 23:52:10,311 [ERROR] LogOutputStream:75 - [STDERR_REDIRECT] 
2026-04-19 23:52:11,311 [ERROR] LogOutputStream:75 - [STDERR_REDIRECT] [Fatal Error] :1:1: Premature end of file.
2026-04-19 23:52:11,311 [ERROR] LogOutputStream:75 - [STDERR_REDIRECT] 
2026-04-19 23:52:12,288 [ERROR] LogOutputStream:75 - [STDERR_REDIRECT] [Fatal Error] :1:1: Premature end of file.
2026-04-19 23:52:12,288 [ERROR] LogOutputStream:75 - [STDERR_REDIRECT] 
2026-04-19 23:52:13,289 [ERROR] LogOutputStream:75 - [STDERR_REDIRECT] [Fatal Error] :1:1: Premature end of file.
2026-04-19 23:52:13,289 [ERROR] LogOutputStream:75 - [STDERR_REDIRECT] 
2026-04-19 23:52:14,281 [ERROR] LogOutputStream:75 - [STDERR_REDIRECT] [Fatal Error] :1:1: Premature end of file.
2026-04-19 23:52:14,282 [ERROR] LogOutputStream:75 - [STDERR_REDIRECT] 
2026-04-19 23:52:15,282 [ERROR] LogOutputStream:75 - [STDERR_REDIRECT] [Fatal Error] :1:1: Premature end of file.
2026-04-19 23:52:15,283 [ERROR] LogOutputStream:75 - [STDERR_REDIRECT] 
2026-04-19 23:52:16,289 [ERROR] LogOutputStream:75 - [STDERR_REDIRECT] [Fatal Error] :1:1: Premature end of file.
2026-04-19 23:52:16,289 [ERROR] LogOutputStream:75 - [STDERR_REDIRECT] 
2026-04-19 23:52:17,287 [ERROR] LogOutputStream:75 - [STDERR_REDIRECT] [Fatal Error] :1:1: Premature end of file.
2026-04-19 23:52:17,287 [ERROR] LogOutputStream:75 - [STDERR_REDIRECT] 
2026-04-19 23:52:18,282 [ERROR] LogOutputStream:75 - [STDERR_REDIRECT] [Fatal Error] :1:1: Premature end of file.
2026-04-19 23:52:18,283 [ERROR] LogOutputStream:75 - [STDERR_REDIRECT] 
2026-04-19 23:52:19,290 [ERROR] LogOutputStream:75 - [STDERR_REDIRECT] [Fatal Error] :1:1: Premature end of file.
2026-04-19 23:52:19,291 [ERROR] LogOutputStream:75 - [STDERR_REDIRECT] 
2026-04-19 23:52:20,277 [ERROR] LogOutputStream:75 - [STDERR_REDIRECT] [Fatal Error] :1:1: Premature end of file.
2026-04-19 23:52:20,277 [ERROR] LogOutputStream:75 - [STDERR_REDIRECT] 
2026-04-19 23:52:21,279 [ERROR] LogOutputStream:75 - [STDERR_REDIRECT] [Fatal Error] :1:1: Premature end of file.
2026-04-19 23:52:21,279 [ERROR] LogOutputStream:75 - [STDERR_REDIRECT] 
2026-04-19 23:52:22,275 [ERROR] LogOutputStream:75 - [STDERR_REDIRECT] [Fatal Error] :1:1: Premature end of file.
2026-04-19 23:52:22,275 [ERROR] LogOutputStream:75 - [STDERR_REDIRECT] 
2026-04-19 23:52:23,286 [ERROR] LogOutputStream:75 - [STDERR_REDIRECT] [Fatal Error] :1:1: Premature end of file.
2026-04-19 23:52:23,286 [ERROR] LogOutputStream:75 - [STDERR_REDIRECT] 
2026-04-19 23:52:24,291 [ERROR] LogOutputStream:75 - [STDERR_REDIRECT] [Fatal Error] :1:1: Premature end of file.
2026-04-19 23:52:24,292 [ERROR] LogOutputStream:75 - [STDERR_REDIRECT] 
2026-04-19 23:52:25,285 [ERROR] LogOutputStream:75 - [STDERR_REDIRECT] [Fatal Error] :1:1: Premature end of file.
2026-04-19 23:52:25,286 [ERROR] LogOutputStream:75 - [STDERR_REDIRECT] 
2026-04-19 23:52:26,276 [ERROR] LogOutputStream:75 - [STDERR_REDIRECT] [Fatal Error] :1:1: Premature end of file.
2026-04-19 23:52:26,276 [ERROR] LogOutputStream:75 - [STDERR_REDIRECT] 
2026-04-19 23:52:27,285 [ERROR] LogOutputStream:75 - [STDERR_REDIRECT] [Fatal Error] :1:1: Premature end of file.
2026-04-19 23:52:27,285 [ERROR] LogOutputStream:75 - [STDERR_REDIRECT] 
2026-04-19 23:52:28,279 [ERROR] LogOutputStream:75 - [STDERR_REDIRECT] [Fatal Error] :1:1: Premature end of file.
2026-04-19 23:52:28,279 [ERROR] LogOutputStream:75 - [STDERR_REDIRECT] 
2026-04-19 23:52:29,284 [ERROR] LogOutputStream:75 - [STDERR_REDIRECT] [Fatal Error] :1:1: Premature end of file.
2026-04-19 23:52:29,286 [ERROR] LogOutputStream:75 - [STDERR_REDIRECT] 
2026-04-19 23:52:30,274 [ERROR] LogOutputStream:75 - [STDERR_REDIRECT] [Fatal Error] :1:1: Premature end of file.
2026-04-19 23:52:30,274 [ERROR] LogOutputStream:75 - [STDERR_REDIRECT] 
2026-04-19 23:52:31,283 [ERROR] LogOutputStream:75 - [STDERR_REDIRECT] [Fatal Error] :1:1: Premature end of file.
2026-04-19 23:52:31,283 [ERROR] LogOutputStream:75 - [STDERR_REDIRECT] 
2026-04-19 23:52:32,283 [ERROR] LogOutputStream:75 - [STDERR_REDIRECT] [Fatal Error] :1:1: Premature end of file.
2026-04-19 23:52:32,283 [ERROR] LogOutputStream:75 - [STDERR_REDIRECT] 
2026-04-19 23:52:33,292 [ERROR] LogOutputStream:75 - [STDERR_REDIRECT] [Fatal Error] :1:1: Premature end of file.
2026-04-19 23:52:33,292 [ERROR] LogOutputStream:75 - [STDERR_REDIRECT] 
2026-04-19 23:52:34,284 [ERROR] LogOutputStream:75 - [STDERR_REDIRECT] [Fatal Error] :1:1: Premature end of file.
2026-04-19 23:52:34,284 [ERROR] LogOutputStream:75 - [STDERR_REDIRECT] 
2026-04-19 23:52:35,321 [ERROR] LogOutputStream:75 - [STDERR_REDIRECT] [Fatal Error] :1:1: Premature end of file.
2026-04-19 23:52:35,321 [ERROR] LogOutputStream:75 - [STDERR_REDIRECT] 
2026-04-19 23:52:36,293 [ERROR] LogOutputStream:75 - [STDERR_REDIRECT] [Fatal Error] :1:1: Premature end of file.
2026-04-19 23:52:36,293 [ERROR] LogOutputStream:75 - [STDERR_REDIRECT] 
2026-04-19 23:52:37,285 [ERROR] LogOutputStream:75 - [STDERR_REDIRECT] [Fatal Error] :1:1: Premature end of file.
2026-04-19 23:52:37,285 [ERROR] LogOutputStream:75 - [STDERR_REDIRECT] 
2026-04-19 23:52:38,282 [ERROR] LogOutputStream:75 - [STDERR_REDIRECT] [Fatal Error] :1:1: Premature end of file.
2026-04-19 23:52:38,282 [ERROR] LogOutputStream:75 - [STDERR_REDIRECT] 
2026-04-19 23:52:39,267 [ERROR] LogOutputStream:75 - [STDERR_REDIRECT] [Fatal Error] :1:1: Premature end of file.
2026-04-19 23:52:39,267 [ERROR] LogOutputStream:75 - [STDERR_REDIRECT] 
2026-04-19 23:52:40,275 [ERROR] LogOutputStream:75 - [STDERR_REDIRECT] [Fatal Error] :1:1: Premature end of file.
2026-04-19 23:52:40,277 [ERROR] LogOutputStream:75 - [STDERR_REDIRECT] 
2026-04-19 23:52:41,271 [ERROR] LogOutputStream:75 - [STDERR_REDIRECT] [Fatal Error] :1:1: Premature end of file.
2026-04-19 23:52:41,271 [ERROR] LogOutputStream:75 - [STDERR_REDIRECT] 
2026-04-19 23:52:42,276 [ERROR] LogOutputStream:75 - [STDERR_REDIRECT] [Fatal Error] :1:1: Premature end of file.
2026-04-19 23:52:42,276 [ERROR] LogOutputStream:75 - [STDERR_REDIRECT] 
2026-04-19 23:52:43,278 [ERROR] LogOutputStream:75 - [STDERR_REDIRECT] [Fatal Error] :1:1: Premature end of file.
2026-04-19 23:52:43,279 [ERROR] LogOutputStream:75 - [STDERR_REDIRECT] 
2026-04-19 23:52:44,287 [ERROR] LogOutputStream:75 - [STDERR_REDIRECT] [Fatal Error] :1:1: Premature end of file.
2026-04-19 23:52:44,288 [ERROR] LogOutputStream:75 - [STDERR_REDIRECT] 
2026-04-19 23:52:45,291 [ERROR] LogOutputStream:75 - [STDERR_REDIRECT] [Fatal Error] :1:1: Premature end of file.
2026-04-19 23:52:45,291 [ERROR] LogOutputStream:75 - [STDERR_REDIRECT] 
2026-04-19 23:52:46,279 [ERROR] LogOutputStream:75 - [STDERR_REDIRECT] [Fatal Error] :1:1: Premature end of file.
2026-04-19 23:52:46,279 [ERROR] LogOutputStream:75 - [STDERR_REDIRECT] 
2026-04-19 23:52:47,285 [ERROR] LogOutputStream:75 - [STDERR_REDIRECT] [Fatal Error] :1:1: Premature end of file.
2026-04-19 23:52:47,285 [ERROR] LogOutputStream:75 - [STDERR_REDIRECT] 
2026-04-19 23:52:48,297 [ERROR] LogOutputStream:75 - [STDERR_REDIRECT] [Fatal Error] :1:1: Premature end of file.
2026-04-19 23:52:48,298 [ERROR] LogOutputStream:75 - [STDERR_REDIRECT] 
2026-04-19 23:52:49,278 [ERROR] LogOutputStream:75 - [STDERR_REDIRECT] [Fatal Error] :1:1: Premature end of file.
2026-04-19 23:52:49,279 [ERROR] LogOutputStream:75 - [STDERR_REDIRECT] 
2026-04-19 23:52:50,292 [ERROR] LogOutputStream:75 - [STDERR_REDIRECT] [Fatal Error] :1:1: Premature end of file.
2026-04-19 23:52:50,292 [ERROR] LogOutputStream:75 - [STDERR_REDIRECT] 
2026-04-19 23:52:51,280 [ERROR] LogOutputStream:75 - [STDERR_REDIRECT] [Fatal Error] :1:1: Premature end of file.
2026-04-19 23:52:51,281 [ERROR] LogOutputStream:75 - [STDERR_REDIRECT] 
2026-04-19 23:52:52,279 [ERROR] LogOutputStream:75 - [STDERR_REDIRECT] [Fatal Error] :1:1: Premature end of file.
2026-04-19 23:52:52,280 [ERROR] LogOutputStream:75 - [STDERR_REDIRECT] 
2026-04-19 23:52:53,285 [ERROR] LogOutputStream:75 - [STDERR_REDIRECT] [Fatal Error] :1:1: Premature end of file.
2026-04-19 23:52:53,285 [ERROR] LogOutputStream:75 - [STDERR_REDIRECT] 
2026-04-19 23:52:54,282 [ERROR] LogOutputStream:75 - [STDERR_REDIRECT] [Fatal Error] :1:1: Premature end of file.
2026-04-19 23:52:54,283 [ERROR] LogOutputStream:75 - [STDERR_REDIRECT] 
2026-04-19 23:52:55,286 [ERROR] LogOutputStream:75 - [STDERR_REDIRECT] [Fatal Error] :1:1: Premature end of file.
2026-04-19 23:52:55,286 [ERROR] LogOutputStream:75 - [STDERR_REDIRECT] 
2026-04-19 23:52:56,283 [ERROR] LogOutputStream:75 - [STDERR_REDIRECT] [Fatal Error] :1:1: Premature end of file.
2026-04-19 23:52:56,283 [ERROR] LogOutputStream:75 - [STDERR_REDIRECT] 
2026-04-19 23:52:57,287 [ERROR] LogOutputStream:75 - [STDERR_REDIRECT] [Fatal Error] :1:1: Premature end of file.
2026-04-19 23:52:57,287 [ERROR] LogOutputStream:75 - [STDERR_REDIRECT] 
2026-04-19 23:52:58,285 [ERROR] LogOutputStream:75 - [STDERR_REDIRECT] [Fatal Error] :1:1: Premature end of file.
2026-04-19 23:52:58,285 [ERROR] LogOutputStream:75 - [STDERR_REDIRECT] 
2026-04-19 23:52:59,288 [ERROR] LogOutputStream:75 - [STDERR_REDIRECT] [Fatal Error] :1:1: Premature end of file.
2026-04-19 23:52:59,288 [ERROR] LogOutputStream:75 - [STDERR_REDIRECT] 
2026-04-19 23:53:00,284 [ERROR] LogOutputStream:75 - [STDERR_REDIRECT] [Fatal Error] :1:1: Premature end of file.
2026-04-19 23:53:00,284 [ERROR] LogOutputStream:75 - [STDERR_REDIRECT] 
2026-04-19 23:53:01,282 [ERROR] LogOutputStream:75 - [STDERR_REDIRECT] [Fatal Error] :1:1: Premature end of file.
2026-04-19 23:53:01,282 [ERROR] LogOutputStream:75 - [STDERR_REDIRECT] 
2026-04-19 23:53:02,288 [ERROR] LogOutputStream:75 - [STDERR_REDIRECT] [Fatal Error] :1:1: Premature end of file.
2026-04-19 23:53:02,289 [ERROR] LogOutputStream:75 - [STDERR_REDIRECT] 
2026-04-19 23:53:03,270 [ERROR] LogOutputStream:75 - [STDERR_REDIRECT] [Fatal Error] :1:1: Premature end of file.
2026-04-19 23:53:03,270 [ERROR] LogOutputStream:75 - [STDERR_REDIRECT] 
2026-04-19 23:53:04,268 [ERROR] LogOutputStream:75 - [STDERR_REDIRECT] [Fatal Error] :1:1: Premature end of file.
2026-04-19 23:53:04,268 [ERROR] LogOutputStream:75 - [STDERR_REDIRECT] 
2026-04-19 23:53:05,282 [ERROR] LogOutputStream:75 - [STDERR_REDIRECT] [Fatal Error] :1:1: Premature end of file.
2026-04-19 23:53:05,282 [ERROR] LogOutputStream:75 - [STDERR_REDIRECT] 
2026-04-19 23:53:06,278 [ERROR] LogOutputStream:75 - [STDERR_REDIRECT] [Fatal Error] :1:1: Premature end of file.
2026-04-19 23:53:06,278 [ERROR] LogOutputStream:75 - [STDERR_REDIRECT] 
2026-04-19 23:53:07,282 [ERROR] LogOutputStream:75 - [STDERR_REDIRECT] [Fatal Error] :1:1: Premature end of file.
2026-04-19 23:53:07,282 [ERROR] LogOutputStream:75 - [STDERR_REDIRECT] 
2026-04-19 23:53:08,271 [ERROR] LogOutputStream:75 - [STDERR_REDIRECT] [Fatal Error] :1:1: Premature end of file.
2026-04-19 23:53:08,271 [ERROR] LogOutputStream:75 - [STDERR_REDIRECT] 
2026-04-19 23:53:09,272 [ERROR] LogOutputStream:75 - [STDERR_REDIRECT] [Fatal Error] :1:1: Premature end of file.
2026-04-19 23:53:09,272 [ERROR] LogOutputStream:75 - [STDERR_REDIRECT] 
2026-04-19 23:53:10,284 [ERROR] LogOutputStream:75 - [STDERR_REDIRECT] [Fatal Error] :1:1: Premature end of file.
2026-04-19 23:53:10,284 [ERROR] LogOutputStream:75 - [STDERR_REDIRECT] 
2026-04-19 23:53:11,265 [ERROR] LogOutputStream:75 - [STDERR_REDIRECT] [Fatal Error] :1:1: Premature end of file.
2026-04-19 23:53:11,265 [ERROR] LogOutputStream:75 - [STDERR_REDIRECT] 
2026-04-19 23:53:12,272 [ERROR] LogOutputStream:75 - [STDERR_REDIRECT] [Fatal Error] :1:1: Premature end of file.
2026-04-19 23:53:12,272 [ERROR] LogOutputStream:75 - [STDERR_REDIRECT] 
2026-04-19 23:53:13,276 [ERROR] LogOutputStream:75 - [STDERR_REDIRECT] [Fatal Error] :1:1: Premature end of file.
2026-04-19 23:53:13,276 [ERROR] LogOutputStream:75 - [STDERR_REDIRECT] 
2026-04-19 23:53:14,277 [ERROR] LogOutputStream:75 - [STDERR_REDIRECT] [Fatal Error] :1:1: Premature end of file.
2026-04-19 23:53:14,277 [ERROR] LogOutputStream:75 - [STDERR_REDIRECT] 
2026-04-19 23:53:15,279 [ERROR] LogOutputStream:75 - [STDERR_REDIRECT] [Fatal Error] :1:1: Premature end of file.
2026-04-19 23:53:15,279 [ERROR] LogOutputStream:75 - [STDERR_REDIRECT] 
2026-04-19 23:53:16,276 [ERROR] LogOutputStream:75 - [STDERR_REDIRECT] [Fatal Error] :1:1: Premature end of file.
2026-04-19 23:53:16,277 [ERROR] LogOutputStream:75 - [STDERR_REDIRECT] 
2026-04-19 23:53:17,283 [ERROR] LogOutputStream:75 - [STDERR_REDIRECT] [Fatal Error] :1:1: Premature end of file.
2026-04-19 23:53:17,284 [ERROR] LogOutputStream:75 - [STDERR_REDIRECT] 
2026-04-19 23:53:18,281 [ERROR] LogOutputStream:75 - [STDERR_REDIRECT] [Fatal Error] :1:1: Premature end of file.
2026-04-19 23:53:18,281 [ERROR] LogOutputStream:75 - [STDERR_REDIRECT] 
2026-04-19 23:53:19,289 [ERROR] LogOutputStream:75 - [STDERR_REDIRECT] [Fatal Error] :1:1: Premature end of file.
2026-04-19 23:53:19,289 [ERROR] LogOutputStream:75 - [STDERR_REDIRECT] 
2026-04-19 23:53:20,278 [ERROR] LogOutputStream:75 - [STDERR_REDIRECT] [Fatal Error] :1:1: Premature end of file.
2026-04-19 23:53:20,278 [ERROR] LogOutputStream:75 - [STDERR_REDIRECT] 
2026-04-19 23:53:21,297 [ERROR] LogOutputStream:75 - [STDERR_REDIRECT] [Fatal Error] :1:1: Premature end of file.
2026-04-19 23:53:21,297 [ERROR] LogOutputStream:75 - [STDERR_REDIRECT] 
2026-04-19 23:53:22,276 [ERROR] LogOutputStream:75 - [STDERR_REDIRECT] [Fatal Error] :1:1: Premature end of file.
2026-04-19 23:53:22,276 [ERROR] LogOutputStream:75 - [STDERR_REDIRECT] 
2026-04-19 23:53:23,279 [ERROR] LogOutputStream:75 - [STDERR_REDIRECT] [Fatal Error] :1:1: Premature end of file.
2026-04-19 23:53:23,279 [ERROR] LogOutputStream:75 - [STDERR_REDIRECT] 
2026-04-19 23:53:24,283 [ERROR] LogOutputStream:75 - [STDERR_REDIRECT] [Fatal Error] :1:1: Premature end of file.
2026-04-19 23:53:24,283 [ERROR] LogOutputStream:75 - [STDERR_REDIRECT] 
2026-04-19 23:53:25,267 [ERROR] LogOutputStream:75 - [STDERR_REDIRECT] [Fatal Error] :1:1: Premature end of file.
2026-04-19 23:53:25,267 [ERROR] LogOutputStream:75 - [STDERR_REDIRECT] 
2026-04-19 23:53:26,276 [ERROR] LogOutputStream:75 - [STDERR_REDIRECT] [Fatal Error] :1:1: Premature end of file.
2026-04-19 23:53:26,276 [ERROR] LogOutputStream:75 - [STDERR_REDIRECT] 
2026-04-19 23:53:27,269 [ERROR] LogOutputStream:75 - [STDERR_REDIRECT] [Fatal Error] :1:1: Premature end of file.
2026-04-19 23:53:27,270 [ERROR] LogOutputStream:75 - [STDERR_REDIRECT] 
2026-04-19 23:53:28,280 [ERROR] LogOutputStream:75 - [STDERR_REDIRECT] [Fatal Error] :1:1: Premature end of file.
2026-04-19 23:53:28,280 [ERROR] LogOutputStream:75 - [STDERR_REDIRECT] 
2026-04-19 23:53:29,279 [ERROR] LogOutputStream:75 - [STDERR_REDIRECT] [Fatal Error] :1:1: Premature end of file.
2026-04-19 23:53:29,279 [ERROR] LogOutputStream:75 - [STDERR_REDIRECT] 
2026-04-19 23:53:30,279 [ERROR] LogOutputStream:75 - [STDERR_REDIRECT] [Fatal Error] :1:1: Premature end of file.
2026-04-19 23:53:30,279 [ERROR] LogOutputStream:75 - [STDERR_REDIRECT] 
2026-04-19 23:53:31,315 [ERROR] LogOutputStream:75 - [STDERR_REDIRECT] [Fatal Error] :1:1: Premature end of file.
2026-04-19 23:53:31,315 [ERROR] LogOutputStream:75 - [STDERR_REDIRECT] 
2026-04-19 23:53:32,270 [ERROR] LogOutputStream:75 - [STDERR_REDIRECT] [Fatal Error] :1:1: Premature end of file.
2026-04-19 23:53:32,271 [ERROR] LogOutputStream:75 - [STDERR_REDIRECT] 
2026-04-19 23:53:33,274 [ERROR] LogOutputStream:75 - [STDERR_REDIRECT] [Fatal Error] :1:1: Premature end of file.
2026-04-19 23:53:33,274 [ERROR] LogOutputStream:75 - [STDERR_REDIRECT] 
2026-04-19 23:53:34,275 [ERROR] LogOutputStream:75 - [STDERR_REDIRECT] [Fatal Error] :1:1: Premature end of file.
2026-04-19 23:53:34,275 [ERROR] LogOutputStream:75 - [STDERR_REDIRECT] 
2026-04-19 23:53:35,281 [ERROR] LogOutputStream:75 - [STDERR_REDIRECT] [Fatal Error] :1:1: Premature end of file.
2026-04-19 23:53:35,282 [ERROR] LogOutputStream:75 - [STDERR_REDIRECT] 
2026-04-19 23:53:36,277 [ERROR] LogOutputStream:75 - [STDERR_REDIRECT] [Fatal Error] :1:1: Premature end of file.
2026-04-19 23:53:36,277 [ERROR] LogOutputStream:75 - [STDERR_REDIRECT] 
2026-04-19 23:53:37,272 [ERROR] LogOutputStream:75 - [STDERR_REDIRECT] [Fatal Error] :1:1: Premature end of file.
2026-04-19 23:53:37,272 [ERROR] LogOutputStream:75 - [STDERR_REDIRECT] 
2026-04-19 23:53:38,275 [ERROR] LogOutputStream:75 - [STDERR_REDIRECT] [Fatal Error] :1:1: Premature end of file.
2026-04-19 23:53:38,276 [ERROR] LogOutputStream:75 - [STDERR_REDIRECT] 
2026-04-19 23:53:39,278 [ERROR] LogOutputStream:75 - [STDERR_REDIRECT] [Fatal Error] :1:1: Premature end of file.
2026-04-19 23:53:39,278 [ERROR] LogOutputStream:75 - [STDERR_REDIRECT] 
2026-04-19 23:53:40,292 [ERROR] LogOutputStream:75 - [STDERR_REDIRECT] [Fatal Error] :1:1: Premature end of file.
2026-04-19 23:53:40,292 [ERROR] LogOutputStream:75 - [STDERR_REDIRECT] 
2026-04-19 23:53:41,272 [ERROR] LogOutputStream:75 - [STDERR_REDIRECT] [Fatal Error] :1:1: Premature end of file.
2026-04-19 23:53:41,273 [ERROR] LogOutputStream:75 - [STDERR_REDIRECT] 
2026-04-19 23:53:42,296 [ERROR] LogOutputStream:75 - [STDERR_REDIRECT] [Fatal Error] :1:1: Premature end of file.
2026-04-19 23:53:42,296 [ERROR] LogOutputStream:75 - [STDERR_REDIRECT] 
2026-04-19 23:53:43,320 [ERROR] LogOutputStream:75 - [STDERR_REDIRECT] [Fatal Error] :1:1: Premature end of file.
2026-04-19 23:53:43,322 [ERROR] LogOutputStream:75 - [STDERR_REDIRECT] 
2026-04-19 23:53:44,284 [ERROR] LogOutputStream:75 - [STDERR_REDIRECT] [Fatal Error] :1:1: Premature end of file.
2026-04-19 23:53:44,284 [ERROR] LogOutputStream:75 - [STDERR_REDIRECT] 
2026-04-19 23:53:45,278 [ERROR] LogOutputStream:75 - [STDERR_REDIRECT] [Fatal Error] :1:1: Premature end of file.
2026-04-19 23:53:45,279 [ERROR] LogOutputStream:75 - [STDERR_REDIRECT] 
2026-04-19 23:53:46,281 [ERROR] LogOutputStream:75 - [STDERR_REDIRECT] [Fatal Error] :1:1: Premature end of file.
2026-04-19 23:53:46,281 [ERROR] LogOutputStream:75 - [STDERR_REDIRECT] 
2026-04-19 23:53:47,288 [ERROR] LogOutputStream:75 - [STDERR_REDIRECT] [Fatal Error] :1:1: Premature end of file.
2026-04-19 23:53:47,289 [ERROR] LogOutputStream:75 - [STDERR_REDIRECT] 
2026-04-19 23:53:48,285 [ERROR] LogOutputStream:75 - [STDERR_REDIRECT] [Fatal Error] :1:1: Premature end of file.
2026-04-19 23:53:48,285 [ERROR] LogOutputStream:75 - [STDERR_REDIRECT] 
2026-04-19 23:53:49,280 [ERROR] LogOutputStream:75 - [STDERR_REDIRECT] [Fatal Error] :1:1: Premature end of file.
2026-04-19 23:53:49,280 [ERROR] LogOutputStream:75 - [STDERR_REDIRECT] 
2026-04-19 23:53:50,278 [ERROR] LogOutputStream:75 - [STDERR_REDIRECT] [Fatal Error] :1:1: Premature end of file.
2026-04-19 23:53:50,278 [ERROR] LogOutputStream:75 - [STDERR_REDIRECT] 
2026-04-19 23:53:51,326 [ERROR] LogOutputStream:75 - [STDERR_REDIRECT] [Fatal Error] :1:1: Premature end of file.
2026-04-19 23:53:51,326 [ERROR] LogOutputStream:75 - [STDERR_REDIRECT] 
2026-04-19 23:53:52,301 [ERROR] LogOutputStream:75 - [STDERR_REDIRECT] [Fatal Error] :1:1: Premature end of file.
2026-04-19 23:53:52,301 [ERROR] LogOutputStream:75 - [STDERR_REDIRECT] 
2026-04-19 23:53:53,277 [ERROR] LogOutputStream:75 - [STDERR_REDIRECT] [Fatal Error] :1:1: Premature end of file.
2026-04-19 23:53:53,277 [ERROR] LogOutputStream:75 - [STDERR_REDIRECT] 
2026-04-19 23:53:54,273 [ERROR] LogOutputStream:75 - [STDERR_REDIRECT] [Fatal Error] :1:1: Premature end of file.
2026-04-19 23:53:54,273 [ERROR] LogOutputStream:75 - [STDERR_REDIRECT] 
2026-04-19 23:53:55,277 [ERROR] LogOutputStream:75 - [STDERR_REDIRECT] [Fatal Error] :1:1: Premature end of file.
2026-04-19 23:53:55,278 [ERROR] LogOutputStream:75 - [STDERR_REDIRECT] 
2026-04-19 23:53:56,283 [ERROR] LogOutputStream:75 - [STDERR_REDIRECT] [Fatal Error] :1:1: Premature end of file.
2026-04-19 23:53:56,284 [ERROR] LogOutputStream:75 - [STDERR_REDIRECT] 
2026-04-19 23:53:57,280 [ERROR] LogOutputStream:75 - [STDERR_REDIRECT] [Fatal Error] :1:1: Premature end of file.
2026-04-19 23:53:57,280 [ERROR] LogOutputStream:75 - [STDERR_REDIRECT] 
2026-04-19 23:53:58,285 [ERROR] LogOutputStream:75 - [STDERR_REDIRECT] [Fatal Error] :1:1: Premature end of file.
2026-04-19 23:53:58,285 [ERROR] LogOutputStream:75 - [STDERR_REDIRECT] 
2026-04-19 23:53:59,290 [ERROR] LogOutputStream:75 - [STDERR_REDIRECT] [Fatal Error] :1:1: Premature end of file.
2026-04-19 23:53:59,290 [ERROR] LogOutputStream:75 - [STDERR_REDIRECT] 
2026-04-19 23:54:00,289 [ERROR] LogOutputStream:75 - [STDERR_REDIRECT] [Fatal Error] :1:1: Premature end of file.
2026-04-19 23:54:00,289 [ERROR] LogOutputStream:75 - [STDERR_REDIRECT] 
2026-04-19 23:54:01,276 [ERROR] LogOutputStream:75 - [STDERR_REDIRECT] [Fatal Error] :1:1: Premature end of file.
2026-04-19 23:54:01,276 [ERROR] LogOutputStream:75 - [STDERR_REDIRECT] 
2026-04-19 23:54:02,276 [ERROR] LogOutputStream:75 - [STDERR_REDIRECT] [Fatal Error] :1:1: Premature end of file.
2026-04-19 23:54:02,276 [ERROR] LogOutputStream:75 - [STDERR_REDIRECT] 
2026-04-19 23:54:03,280 [ERROR] LogOutputStream:75 - [STDERR_REDIRECT] [Fatal Error] :1:1: Premature end of file.
2026-04-19 23:54:03,280 [ERROR] LogOutputStream:75 - [STDERR_REDIRECT] 
2026-04-19 23:54:04,277 [ERROR] LogOutputStream:75 - [STDERR_REDIRECT] [Fatal Error] :1:1: Premature end of file.
2026-04-19 23:54:04,277 [ERROR] LogOutputStream:75 - [STDERR_REDIRECT] 
2026-04-19 23:54:05,277 [ERROR] LogOutputStream:75 - [STDERR_REDIRECT] [Fatal Error] :1:1: Premature end of file.
2026-04-19 23:54:05,277 [ERROR] LogOutputStream:75 - [STDERR_REDIRECT] 
2026-04-19 23:54:06,285 [ERROR] LogOutputStream:75 - [STDERR_REDIRECT] [Fatal Error] :1:1: Premature end of file.
2026-04-19 23:54:06,287 [ERROR] LogOutputStream:75 - [STDERR_REDIRECT] 
2026-04-19 23:54:07,282 [ERROR] LogOutputStream:75 - [STDERR_REDIRECT] [Fatal Error] :1:1: Premature end of file.
2026-04-19 23:54:07,282 [ERROR] LogOutputStream:75 - [STDERR_REDIRECT] 
2026-04-19 23:54:08,271 [ERROR] LogOutputStream:75 - [STDERR_REDIRECT] [Fatal Error] :1:1: Premature end of file.
2026-04-19 23:54:08,271 [ERROR] LogOutputStream:75 - [STDERR_REDIRECT] 
2026-04-19 23:54:09,278 [ERROR] LogOutputStream:75 - [STDERR_REDIRECT] [Fatal Error] :1:1: Premature end of file.
2026-04-19 23:54:09,278 [ERROR] LogOutputStream:75 - [STDERR_REDIRECT] 
2026-04-19 23:54:10,281 [ERROR] LogOutputStream:75 - [STDERR_REDIRECT] [Fatal Error] :1:1: Premature end of file.
2026-04-19 23:54:10,281 [ERROR] LogOutputStream:75 - [STDERR_REDIRECT] 
2026-04-19 23:54:11,277 [ERROR] LogOutputStream:75 - [STDERR_REDIRECT] [Fatal Error] :1:1: Premature end of file.
2026-04-19 23:54:11,277 [ERROR] LogOutputStream:75 - [STDERR_REDIRECT] 
2026-04-19 23:54:12,269 [ERROR] LogOutputStream:75 - [STDERR_REDIRECT] [Fatal Error] :1:1: Premature end of file.
2026-04-19 23:54:12,269 [ERROR] LogOutputStream:75 - [STDERR_REDIRECT] 
2026-04-19 23:54:13,280 [ERROR] LogOutputStream:75 - [STDERR_REDIRECT] [Fatal Error] :1:1: Premature end of file.
2026-04-19 23:54:13,280 [ERROR] LogOutputStream:75 - [STDERR_REDIRECT] 
2026-04-19 23:54:14,281 [ERROR] LogOutputStream:75 - [STDERR_REDIRECT] [Fatal Error] :1:1: Premature end of file.
2026-04-19 23:54:14,281 [ERROR] LogOutputStream:75 - [STDERR_REDIRECT] 
2026-04-19 23:54:14,877 [INFO] McuFinderGlobals:63 - Set McuFinder mode to 2 (CubeIDE integrated)
2026-04-19 23:54:14,911 [INFO] MainUpdater:2872 - connection check result : 10
2026-04-19 23:54:15,079 [INFO] MicroXplorer:468 - Change Database Path : 
2026-04-19 23:54:15,080 [INFO] MicroXplorer:498 - Change Database Version : DB.6.0.150
2026-04-19 23:54:15,086 [WARN] ThirdParty:871 - waiting for thirdparty lock release [close project]
2026-04-19 23:54:15,086 [INFO] ThirdParty:873 - entering critical section [close project]
2026-04-19 23:54:15,088 [INFO] ThirdParty:883 - exiting critical section [close project]
2026-04-19 23:54:15,090 [INFO] PinOutPanel:1589 - setPackage(No Configuration,No Configuration)
2026-04-19 23:54:15,092 [INFO] UtilMem:75 - Begin LoadConfig() Used Memory: 668334728 Bytes (1073741824)
2026-04-19 23:54:15,094 [INFO] MicroXplorer:468 - Change Database Path : 
2026-04-19 23:54:15,094 [INFO] MicroXplorer:498 - Change Database Version : DB.6.0.150
2026-04-19 23:54:15,094 [INFO] OpenFileManager:355 - Change cursor
2026-04-19 23:54:15,187 [INFO] Mcu:2029 - Initializing MCU STM32F407V(E-G)Tx STM32F407VGTx STM32F407VGT6
2026-04-19 23:54:15,326 [ERROR] LogOutputStream:75 - [STDERR_REDIRECT] [Fatal Error] :1:1: Premature end of file.
2026-04-19 23:54:15,327 [ERROR] LogOutputStream:75 - [STDERR_REDIRECT] 
2026-04-19 23:54:16,274 [ERROR] LogOutputStream:75 - [STDERR_REDIRECT] [Fatal Error] :1:1: Premature end of file.
2026-04-19 23:54:16,274 [ERROR] LogOutputStream:75 - [STDERR_REDIRECT] 
2026-04-19 23:54:17,293 [ERROR] LogOutputStream:75 - [STDERR_REDIRECT] [Fatal Error] :1:1: Premature end of file.
2026-04-19 23:54:17,293 [ERROR] LogOutputStream:75 - [STDERR_REDIRECT] 
2026-04-19 23:54:17,791 [INFO] Context:786 - Trying to add GPIOservice into a context  which must be forbidden
2026-04-19 23:54:18,280 [ERROR] LogOutputStream:75 - [STDERR_REDIRECT] [Fatal Error] :1:1: Premature end of file.
2026-04-19 23:54:18,281 [ERROR] LogOutputStream:75 - [STDERR_REDIRECT] 
2026-04-19 23:54:18,545 [INFO] ImportTextPane:234 - (OptionalMessage_ERROR) Pin46 (VP_RIF_VS_RIF1) cannot be retrieved for this MCU
2026-04-19 23:54:18,653 [WARN] ModelIntegratedComponent:63 - No mode defined for component null
2026-04-19 23:54:18,653 [WARN] ModelIntegratedComponent:63 - No mode defined for component null
2026-04-19 23:54:18,653 [WARN] ModelIntegratedComponent:63 - No mode defined for component null
2026-04-19 23:54:18,653 [WARN] ModelIntegratedComponent:63 - No mode defined for component null
2026-04-19 23:54:18,653 [WARN] ModelIntegratedComponent:63 - No mode defined for component null
2026-04-19 23:54:18,653 [WARN] ModelIntegratedComponent:63 - No mode defined for component null
2026-04-19 23:54:18,653 [WARN] ModelIntegratedComponent:63 - No mode defined for component null
2026-04-19 23:54:18,653 [WARN] ModelIntegratedComponent:63 - No mode defined for component null
2026-04-19 23:54:18,653 [WARN] ModelIntegratedComponent:63 - No mode defined for component null
2026-04-19 23:54:18,653 [WARN] ModelIntegratedComponent:63 - No mode defined for component null
2026-04-19 23:54:18,653 [WARN] ModelIntegratedComponent:63 - No mode defined for component null
2026-04-19 23:54:18,653 [WARN] ModelIntegratedComponent:63 - No mode defined for component null
2026-04-19 23:54:18,653 [WARN] ModelIntegratedComponent:63 - No mode defined for component null
2026-04-19 23:54:18,653 [WARN] ModelIntegratedComponent:63 - No mode defined for component null
2026-04-19 23:54:18,653 [WARN] ModelIntegratedComponent:63 - No mode defined for component null
2026-04-19 23:54:18,654 [WARN] ModelIntegratedComponent:63 - No mode defined for component null
2026-04-19 23:54:18,654 [WARN] ModelIntegratedComponent:63 - No mode defined for component null
2026-04-19 23:54:18,654 [WARN] ModelIntegratedComponent:63 - No mode defined for component null
2026-04-19 23:54:18,654 [WARN] ModelIntegratedComponent:63 - No mode defined for component null
2026-04-19 23:54:18,654 [WARN] ModelIntegratedComponent:63 - No mode defined for component null
2026-04-19 23:54:18,654 [WARN] ModelIntegratedComponent:63 - No mode defined for component null
2026-04-19 23:54:18,654 [WARN] ModelIntegratedComponent:63 - No mode defined for component null
2026-04-19 23:54:18,654 [WARN] ModelIntegratedComponent:63 - No mode defined for component null
2026-04-19 23:54:18,654 [WARN] ModelIntegratedComponent:63 - No mode defined for component null
2026-04-19 23:54:18,654 [WARN] ModelIntegratedComponent:63 - No mode defined for component null
2026-04-19 23:54:18,654 [WARN] ModelIntegratedComponent:63 - No mode defined for component null
2026-04-19 23:54:18,654 [WARN] ModelIntegratedComponent:63 - No mode defined for component null
2026-04-19 23:54:18,654 [WARN] ModelIntegratedComponent:63 - No mode defined for component null
2026-04-19 23:54:18,654 [WARN] ModelIntegratedComponent:63 - No mode defined for component null
2026-04-19 23:54:18,655 [WARN] ModelIntegratedComponent:63 - No mode defined for component null
2026-04-19 23:54:18,655 [WARN] ModelIntegratedComponent:63 - No mode defined for component null
2026-04-19 23:54:18,655 [WARN] ModelIntegratedComponent:63 - No mode defined for component null
2026-04-19 23:54:18,655 [WARN] ModelIntegratedComponent:63 - No mode defined for component null
2026-04-19 23:54:18,655 [WARN] ModelIntegratedComponent:63 - No mode defined for component null
2026-04-19 23:54:18,655 [WARN] ModelIntegratedComponent:63 - No mode defined for component null
2026-04-19 23:54:18,655 [WARN] ModelPack:524 - Component already loaded: STMicroelectronics:HAL Drivers:0.0.0:STMicroelectronics:Device:STMicro_Driver:XSPI:HAL::0.0.1:HAL_XSPI
2026-04-19 23:54:18,659 [INFO] RtosManager:558 - Registered RTOS mode: class=CMSIS, group=RTOS, mode=CMSIS_V1, owner=FREERTOS
2026-04-19 23:54:18,659 [INFO] RtosManager:558 - Registered RTOS mode: class=CMSIS, group=RTOS2, mode=CMSIS_V2, owner=FREERTOS
2026-04-19 23:54:18,659 [INFO] RtosManager:558 - Registered RTOS mode: class=RTOS, group=Core, mode=CMSIS_V1, owner=FREERTOS
2026-04-19 23:54:18,659 [INFO] RtosManager:558 - Registered RTOS mode: class=RTOS, group=Core, mode=CMSIS_V2, owner=FREERTOS
2026-04-19 23:54:18,659 [WARN] ModelIntegratedComponent:184 - Missing modes for component STMicroelectronics:FreeRTOS:0.0.1:STMicroelectronics:RTOS:FreeRTOS:Core:::10.2.0:
2026-04-19 23:54:18,671 [INFO] ThirdPartyModel:298 - Start build external matchings
2026-04-19 23:54:18,675 [INFO] ThirdPartyModel:316 - End build external matchings
2026-04-19 23:54:18,687 [INFO] ImportTextPane:234 - (OptionalMessage_ERROR) IP (RCC) : Parameter (RTCHSEDivFreq_Value) has invalid value (4000000)
2026-04-19 23:54:19,256 [INFO] ApiDb:581 - Connected to CubeFinder SQLite database (C:\Users\santi\.stmcufinder\plugins\mcufinder\mcu\cube-finder-db.db)
2026-04-19 23:54:19,271 [ERROR] LogOutputStream:75 - [STDERR_REDIRECT] [Fatal Error] :1:1: Premature end of file.
2026-04-19 23:54:19,271 [ERROR] LogOutputStream:75 - [STDERR_REDIRECT] 
2026-04-19 23:54:19,363 [INFO] ApiDb:668 - CubeFinder database Data Model version=2.1
2026-04-19 23:54:19,363 [INFO] ApiDb:669 - CubeFinder database Configuration version=3.0.39
2026-04-19 23:54:19,366 [INFO] ApiDb:670 - CubeFinder database generation date=2025-06-24 (1750757100)
2026-04-19 23:54:19,367 [INFO] ApiDb:671 - CubeFinder database FW Pack versions=[FP-ATR-ASTRA1_V2.0.0, FP-SNS-FLIGHT1_V5.1.0, FP-SNS-MOTENV1_V5.0.0, FP-SNS-MOTENVWB1_V1.4.0, FP-SNS-SMARTAG2_V1.2.0, FP-SNS-STBOX1_V2.0.0, STM32Cube_FW_C0_V1.4.0, STM32Cube_FW_F4_V1.28.2, STM32Cube_FW_F7_V1.17.3, STM32Cube_FW_G0_V1.6.2, STM32Cube_FW_G4_V1.6.1, STM32Cube_FW_H5_V1.5.0, STM32Cube_FW_H7RS_V1.2.0, STM32Cube_FW_H7_V1.12.1, STM32Cube_FW_L0_V1.12.2, STM32Cube_FW_L4_V1.18.1, STM32Cube_FW_L5_V1.5.1, STM32Cube_FW_N6_V1.2.0, STM32Cube_FW_U0_V1.3.0, STM32Cube_FW_U3_V1.2.0, STM32Cube_FW_U5_V1.8.0, STM32Cube_FW_WB0_V1.3.0, STM32Cube_FW_WBA_V1.7.0, STM32Cube_FW_WB_V1.23.0, STM32Cube_FW_WL3_V1.2.0, STM32Cube_FW_WL_V1.3.1, X-CUBE-ALGOBUILD_V1.4.0, X-CUBE-ALS_V1.0.2, X-CUBE-AZRTOS-F4_V1.1.0, X-CUBE-AZRTOS-F7_V1.1.0, X-CUBE-AZRTOS-G0_V1.1.0, X-CUBE-AZRTOS-G4_V2.0.0, X-CUBE-AZRTOS-H7RS_V1.1.0, X-CUBE-AZRTOS-H7_V3.3.0, X-CUBE-AZRTOS-L4_V2.0.0, X-CUBE-AZRTOS-L5_V2.0.0, X-CUBE-AZRTOS-WB_V2.0.0, X-CUBE-AZRTOS-WL_V2.0.0, X-CUBE-BLE1_V7.1.0, X-CUBE-BLE2_V3.3.0, X-CUBE-BLEMGR_V4.0.0, X-CUBE-EEPRMA1_V5.1.0, X-CUBE-FREERTOS_V1.3.1, X-CUBE-GNSS1_V6.0.0, X-CUBE-MEMS1_V11.3.0, X-CUBE-NFC4_V3.0.0, X-CUBE-NFC7_V2.0.0, X-CUBE-SFXS2LP1_V4.0.0, X-CUBE-SUBG2_V5.0.0, X-CUBE-TOF1_V3.4.3]
2026-04-19 23:54:19,518 [INFO] DbBoardsSqlite:226 - include board P-NUCLEO-WB55-NUCLEO as a kit item of type 'Nucleo-64'
2026-04-19 23:54:19,518 [INFO] DbBoardsSqlite:226 - include board P-NUCLEO-WB55-USBDONGLE as a kit item of type 'Nucleo USB Dongle'
2026-04-19 23:54:19,519 [INFO] DbBoardsSqlite:226 - include board STEVAL-IDP005V1 as a kit item of type 'Evaluation Board'
2026-04-19 23:54:19,519 [INFO] DbBoardsSqlite:226 - include board STEVAL-IDP005V2 as a kit item of type 'Evaluation Board'
2026-04-19 23:54:19,828 [INFO] ApiDb:240 - Found 880 in-development CPN: [B-G473E-ZEST1S, B-WB1M-WPAN1, B-WBA5M-WPAN, B-WL5M-SUBG1, NUCLEO-C031C6, NUCLEO-C051C8, NUCLEO-C071RB, NUCLEO-C092RC, NUCLEO-H503RB, NUCLEO-H533RE, NUCLEO-H563ZI, NUCLEO-H7S3L8, NUCLEO-N657X0-Q, NUCLEO-U031R8, NUCLEO-U083RC, NUCLEO-U385RG-Q, NUCLEO-U545RE-Q, NUCLEO-U5A5ZJ-Q, NUCLEO-WB05KZ, NUCLEO-WB07CC, NUCLEO-WB09KE, NUCLEO-WBA52CG, NUCLEO-WBA55CG, NUCLEO-WL33CC1, NUCLEO-WL33CC2, STEVAL-PROTEUS1, STEVAL-SMARTAG2, STEVAL-STWINBX1, STM320518-EVAL, STM32C0116-DK, STM32C011D6Y3TR, STM32C011D6Y6TR, STM32C011F4P3, STM32C011F4P6, STM32C011F4U3, STM32C011F4U6TR, STM32C011F6P3, STM32C011F6P6, STM32C011F6U3, STM32C011F6U6TR, STM32C011J4M3, STM32C011J4M6, STM32C011J6M3, STM32C011J6M6, STM32C0316-DK, STM32C031C4T3, STM32C031C4T6, STM32C031C4U3, STM32C031C4U6, STM32C031C6T3, STM32C031C6T6, STM32C031C6U3, STM32C031C6U6, STM32C031F4P3, STM32C031F4P6, STM32C031F6P3, STM32C031F6P6, STM32C031G4U3, STM32C031G4U6, STM32C031G6U3, STM32C031G6U6, STM32C031K4T3, STM32C031K4T6, STM32C031K4U3, STM32C031K4U6, STM32C031K6T3, STM32C031K6T6, STM32C031K6U3, STM32C031K6U6, STM32C051C6T6, STM32C051C6U6, STM32C051C8T6, STM32C051C8U6, STM32C051D8Y6TR, STM32C051F6P6, STM32C051F8P6, STM32C051G6U6, STM32C051G8U6, STM32C051K6T6, STM32C051K6U6, STM32C051K8T6, STM32C071C8T6, STM32C071C8T6N, STM32C071C8U6, STM32C071C8U6N, STM32C071CBT6, STM32C071CBT6N, STM32C071CBU6, STM32C071CBU6N, STM32C071F8P6, STM32C071F8P6N, STM32C071FBP6, STM32C071FBP6N, STM32C071FBY6TR, STM32C071G8U6, STM32C071G8U6N, STM32C071GBU6, STM32C071GBU6N, STM32C071K8T6, STM32C071K8T6N, STM32C071K8U6, STM32C071K8U6N, STM32C071KBT6, STM32C071KBT6N, STM32C071KBU6, STM32C071KBU6N, STM32C071R8T6, STM32C071R8T6N, STM32C071RBI6N, STM32C071RBT6, STM32C071RBT6N, STM32C091CBT6, STM32C091CBU6, STM32C091CCT6, STM32C091CCU6, STM32C091ECY6TR, STM32C091FBP6, STM32C091FCP6, STM32C091GBU6, STM32C091GCU6, STM32C091KBT6, STM32C091KBU6, STM32C091KCT6, STM32C091KCU6, STM32C091RBT6, STM32C091RCI6, STM32C091RCT6, STM32C092CBT6, STM32C092CBU6, STM32C092CCT6, STM32C092CCU6, STM32C092ECY6TR, STM32C092FBP6, STM32C092FCP6, STM32C092GBU6, STM32C092GCU6, STM32C092KBT6, STM32C092KBU6, STM32C092KCT6, STM32C092KCU6, STM32C092RBT6, STM32C092RCI6, STM32C092RCT6, STM32G071K8TXN, STM32G071K8UXN, STM32G081GBU6N, STM32G081KBT6N, STM32G081KBUXN, STM32G0B1CCT6N, STM32G0B1KCT6, STM32G0B1NEY6TR, STM32G0B1RCT6N, STM32G0C1CCT6, STM32G0C1CCT6N, STM32G0C1CCU6N, STM32G0C1CET6N, STM32G0C1CEU6N, STM32G0C1KCT6, STM32G0C1NEY6TR, STM32G0C1RCI6N, STM32G0C1RCT6N, STM32G0C1REI6N, STM32G0C1RET6N, STM32G0C1VCI6, STM32G0C1VEI6, STM32G411C6T3, STM32G411C6T6, STM32G411C6U3, STM32G411C6U6, STM32G411C8T3, STM32G411C8T6, STM32G411C8U3, STM32G411C8U6, STM32G411CBT3, STM32G411CBT6, STM32G411CBU3, STM32G411CBU6, STM32G411K6T3, STM32G411K6T6, STM32G411K6U3, STM32G411K6U6, STM32G411K8T3, STM32G411K8T6, STM32G411K8U3, STM32G411K8U6, STM32G411KBT3, STM32G411KBT6, STM32G411KBU3, STM32G411KBU6, STM32G411M6T3, STM32G411M6T6, STM32G411M8T3, STM32G411M8T6, STM32G411MBT3, STM32G411MBT6, STM32G411R6T3, STM32G411R6T6, STM32G411R8T3, STM32G411R8T6, STM32G411RBT3, STM32G411RBT6, STM32G414CBT3, STM32G414CBT6, STM32G414CBU3, STM32G414CBU6, STM32G414CCT3, STM32G414CCT6, STM32G414CCU3, STM32G414CCU6, STM32G414MBT3, STM32G414MBT6, STM32G414MCT3, STM32G414MCT6, STM32G414RBT3, STM32G414RBT6, STM32G414RCT3, STM32G414RCT6, STM32G414VBT3, STM32G414VBT6, STM32G414VCT3, STM32G414VCT6, STM32G431CBT3Z, STM32G431RBT3Z, STM32G471CCT6, STM32G471CCU6, STM32G471CET3, STM32G471CET6, STM32G471CEU3, STM32G471CEU6, STM32G471MCT6, STM32G471MET3, STM32G471MET6, STM32G471MEY6TR, STM32G471QCT6, STM32G471QET3, STM32G471RCT6, STM32G471RET3, STM32G471RET6, STM32G471VCH6, STM32G471VCI6, STM32G471VCT6, STM32G471VEH3, STM32G471VEH6, STM32G471VEI3, STM32G471VEI6, STM32G471VET3, STM32G471VET6, STM32G473QET3Z, STM32G473RET3Z, STM32G474CCT6, STM32G491RET3Z, STM32H503CBT6, STM32H503CBU6, STM32H503EBY6TR, STM32H503KBU6, STM32H503RBT6, STM32H523CCT6, STM32H523CCU6, STM32H523CET6, STM32H523CEU6, STM32H523HEY6TR, STM32H523RCT6, STM32H523RET6, STM32H523VCI6, STM32H523VCT6, STM32H523VEI6, STM32H523VET6, STM32H523ZCJ6, STM32H523ZCT6, STM32H523ZEJ6, STM32H523ZET6, STM32H533CET6, STM32H533CEU6, STM32H533HEY6TR, STM32H533RET6, STM32H533VEI6, STM32H533VET6, STM32H533ZEJ6, STM32H533ZET6, STM32H562AGI6, STM32H562AII6, STM32H562IGK6, STM32H562IGT6, STM32H562IIK6, STM32H562IIT6, STM32H562RGT6, STM32H562RGV6, STM32H562RIT6, STM32H562RIV6, STM32H562VGT6, STM32H562VIT6, STM32H562ZGT6, STM32H562ZIT6, STM32H563AGI6, STM32H563AII3Q, STM32H563AII6, STM32H563IGK6, STM32H563IGT6, STM32H563IIK3Q, STM32H563IIK6, STM32H563IIT3Q, STM32H563IIT6, STM32H563MIY3QTR, STM32H563RGT6, STM32H563RGV6, STM32H563RIT6, STM32H563RIV6, STM32H563VGT6, STM32H563VIT3Q, STM32H563VIT6, STM32H563ZGT6, STM32H563ZIT3Q, STM32H563ZIT6, STM32H573AII3Q, STM32H573AII6, STM32H573I-DK, STM32H573IIK3Q, STM32H573IIK6, STM32H573IIT3Q, STM32H573IIT6, STM32H573MIY3QTR, STM32H573RIT6, STM32H573RIV6, STM32H573VIT3Q, STM32H573VIT6, STM32H573ZIT3Q, STM32H573ZIT6, STM32H7R3A8I6, STM32H7R3I8K6, STM32H7R3I8T6, STM32H7R3L8H6, STM32H7R3L8H6H, STM32H7R3R8V6, STM32H7R3V8H6, STM32H7R3V8T6, STM32H7R3V8Y6TR, STM32H7R3Z8J6, STM32H7R3Z8T6, STM32H7R7A8I6, STM32H7R7I8K6, STM32H7R7I8T6, STM32H7R7L8H6, STM32H7R7L8H6H, STM32H7R7Z8J6, STM32H7S3A8I6, STM32H7S3I8K6, STM32H7S3I8T6, STM32H7S3L8H6, STM32H7S3L8H6H, STM32H7S3R8V6, STM32H7S3V8H6, STM32H7S3V8T6, STM32H7S3V8Y6TR, STM32H7S3Z8J6, STM32H7S3Z8T6, STM32H7S78-DK, STM32H7S7A8I6, STM32H7S7I8K6, STM32H7S7I8T6, STM32H7S7L8H6, STM32H7S7L8H6H, STM32H7S7Z8J6, STM32L4R5QGI6STR, STM32MP131AAE3, STM32MP131AAF3, STM32MP131AAG3, STM32MP131CAE3, STM32MP131CAF3, STM32MP131CAG3, STM32MP131DAE7, STM32MP131DAF7, STM32MP131DAG7, STM32MP131FAE7, STM32MP131FAF7, STM32MP131FAG7, STM32MP133AAE3, STM32MP133AAF3, STM32MP133AAG3, STM32MP133CAE3, STM32MP133CAF3, STM32MP133CAG3, STM32MP133DAE7, STM32MP133DAF7, STM32MP133DAG7, STM32MP133FAE7, STM32MP133FAF7, STM32MP133FAG7, STM32MP135AAE3, STM32MP135AAF3, STM32MP135AAG3, STM32MP135CAE3, STM32MP135CAF3, STM32MP135CAG3, STM32MP135DAE7, STM32MP135DAF7, STM32MP135DAG7, STM32MP135F-DK, STM32MP135FAE7, STM32MP135FAF7, STM32MP135FAF7T, STM32MP135FAF7U, STM32MP135FAG7, STM32MP211AAL3, STM32MP211AAM3, STM32MP211AAN3, STM32MP211AAO3, STM32MP211CAL3, STM32MP211CAM3, STM32MP211CAN3, STM32MP211CAO3, STM32MP211DAL3, STM32MP211DAM3, STM32MP211DAN3, STM32MP211DAO3, STM32MP211FAL3, STM32MP211FAM3, STM32MP211FAN3, STM32MP211FAO3, STM32MP213AAL3, STM32MP213AAM3, STM32MP213AAN3, STM32MP213AAO3, STM32MP213CAL3, STM32MP213CAM3, STM32MP213CAN3, STM32MP213CAO3, STM32MP213DAL3, STM32MP213DAM3, STM32MP213DAN3, STM32MP213DAO3, STM32MP213FAL3, STM32MP213FAM3, STM32MP213FAN3, STM32MP213FAO3, STM32MP215AAL3, STM32MP215AAM3, STM32MP215AAN3, STM32MP215AAO3, STM32MP215CAL3, STM32MP215CAM3, STM32MP215CAN3, STM32MP215CAO3, STM32MP215DAL3, STM32MP215DAM3, STM32MP215DAN3, STM32MP215DAO3, STM32MP215F-DK, STM32MP215FAL3, STM32MP215FAM3, STM32MP215FAN3, STM32MP215FAO3, STM32MP231AAJ3, STM32MP231AAK3, STM32MP231AAL3, STM32MP231CAJ3, STM32MP231CAK3, STM32MP231CAL3, STM32MP231DAJ3, STM32MP231DAK3, STM32MP231DAL3, STM32MP231FAJ3, STM32MP231FAK3, STM32MP231FAL3, STM32MP233AAJ3, STM32MP233AAK3, STM32MP233AAL3, STM32MP233CAJ3, STM32MP233CAK3, STM32MP233CAL3, STM32MP233DAJ3, STM32MP233DAK3, STM32MP233DAL3, STM32MP233FAJ3, STM32MP233FAK3, STM32MP233FAL3, STM32MP235AAJ3, STM32MP235AAK3, STM32MP235AAL3, STM32MP235CAJ3, STM32MP235CAK3, STM32MP235CAL3, STM32MP235DAJ3, STM32MP235DAK3, STM32MP235DAL3, STM32MP235FAJ3, STM32MP235FAK3, STM32MP235FAL3, STM32MP251AAI3, STM32MP251AAK3, STM32MP251AAL3, STM32MP251CAI3, STM32MP251CAK3, STM32MP251CAL3, STM32MP251DAI3, STM32MP251DAK3, STM32MP251DAL3, STM32MP251FAI3, STM32MP251FAK3, STM32MP251FAL3, STM32MP253AAI3, STM32MP253AAK3, STM32MP253AAL3, STM32MP253CAI3, STM32MP253CAK3, STM32MP253CAL3, STM32MP253DAI3, STM32MP253DAK3, STM32MP253DAL3, STM32MP253FAI3, STM32MP253FAK3, STM32MP253FAL3, STM32MP255AAI3, STM32MP255AAK3, STM32MP255AAL3, STM32MP255CAI3, STM32MP255CAK3, STM32MP255CAL3, STM32MP255DAI3, STM32MP255DAK3, STM32MP255DAL3, STM32MP255FAI3, STM32MP255FAK3, STM32MP255FAL3, STM32MP257AAI3, STM32MP257AAK3, STM32MP257AAL3, STM32MP257CAI3, STM32MP257CAK3, STM32MP257CAL3, STM32MP257DAI3, STM32MP257DAK3, STM32MP257DAL3, STM32MP257F-DK, STM32MP257F-EV1, STM32MP257FAI3, STM32MP257FAK3, STM32MP257FAL3, STM32N645A0H3Q, STM32N645B0H3Q, STM32N645I0H3Q, STM32N645L0H3Q, STM32N645X0H3Q, STM32N645Z0H3Q, STM32N647A0H3Q, STM32N647B0H3Q, STM32N647I0H3Q, STM32N647L0H3Q, STM32N647X0H3Q, STM32N647Z0H3Q, STM32N655A0H3Q, STM32N655B0H3Q, STM32N655I0H3Q, STM32N655L0H3Q, STM32N655X0H3Q, STM32N655Z0H3Q, STM32N6570-DK, STM32N657A0H3Q, STM32N657B0H3Q, STM32N657I0H3Q, STM32N657L0H3Q, STM32N657X0H3Q, STM32N657Z0H3Q, STM32U031C6T6, STM32U031C6U6, STM32U031C8T6, STM32U031C8U6, STM32U031F4P6, STM32U031F6P6, STM32U031F8P6, STM32U031G6Y6TR, STM32U031G8Y6TR, STM32U031K4U6, STM32U031K6U6, STM32U031K8U6, STM32U031R6I6, STM32U031R6T6, STM32U031R8I6, STM32U031R8T6, STM32U073C8T6, STM32U073C8U6, STM32U073CBT6, STM32U073CBU6, STM32U073CCT6, STM32U073CCU6, STM32U073H8Y6TR, STM32U073HBY6TR, STM32U073HCY6TR, STM32U073K8U6, STM32U073KBU6, STM32U073KCU6, STM32U073M8I6, STM32U073M8T6, STM32U073MBI6, STM32U073MBT6, STM32U073MCI6, STM32U073MCT6, STM32U073R8I6, STM32U073R8T6, STM32U073RBI6, STM32U073RBT6, STM32U073RCI6, STM32U073RCT6, STM32U083C-DK, STM32U083CCT6, STM32U083CCU6, STM32U083HCY6TR, STM32U083KCU6, STM32U083MCI6, STM32U083MCT6, STM32U083RCI6, STM32U083RCT6, STM32U375CET6, STM32U375CET6Q, STM32U375CEU6, STM32U375CEU6Q, STM32U375CEY6QTR, STM32U375CGT6, STM32U375CGT6Q, STM32U375CGU6, STM32U375CGU6Q, STM32U375CGY6QTR, STM32U375KEU6, STM32U375KGU6, STM32U375REI6, STM32U375REI6Q, STM32U375RET6, STM32U375RET6Q, STM32U375REY6GTR, STM32U375REY6QTR, STM32U375RGI6, STM32U375RGI6Q, STM32U375RGT6, STM32U375RGT6Q, STM32U375RGY6GTR, STM32U375RGY6QTR, STM32U375VEI6, STM32U375VEI6Q, STM32U375VET6, STM32U375VET6Q, STM32U375VGI6, STM32U375VGI6Q, STM32U375VGT6, STM32U375VGT6Q, STM32U385CGT6, STM32U385CGT6Q, STM32U385CGU6, STM32U385CGU6Q, STM32U385CGY6QTR, STM32U385KGU6, STM32U385RGI6, STM32U385RGI6Q, STM32U385RGT6, STM32U385RGT6Q, STM32U385RGY6GTR, STM32U385RGY6QTR, STM32U385VGI6, STM32U385VGI6Q, STM32U385VGT6, STM32U385VGT6Q, STM32U535CBT6, STM32U535CBT6Q, STM32U535CBU6, STM32U535CBU6Q, STM32U535CCT6, STM32U535CCT6Q, STM32U535CCU6, STM32U535CCU6Q, STM32U535CET6, STM32U535CET6Q, STM32U535CEU6, STM32U535CEU6Q, STM32U535JEY6QTR, STM32U535NCY6QTR, STM32U535NEY6QTR, STM32U535RBI6, STM32U535RBI6Q, STM32U535RBT6, STM32U535RBT6Q, STM32U535RCI6, STM32U535RCI6Q, STM32U535RCT6, STM32U535RCT6Q, STM32U535REI6, STM32U535REI6Q, STM32U535RET6, STM32U535RET6Q, STM32U535VCI6, STM32U535VCI6Q, STM32U535VCT6, STM32U535VCT6Q, STM32U535VEI6, STM32U535VEI6Q, STM32U535VET6, STM32U535VET6Q, STM32U545CET6, STM32U545CET6Q, STM32U545CEU6, STM32U545CEU6Q, STM32U545JEY6QTR, STM32U545NEY6QTR, STM32U545REI6, STM32U545REI6Q, STM32U545RET6, STM32U545RET6Q, STM32U545VEI6, STM32U545VEI6Q, STM32U545VET6, STM32U545VET6Q, STM32U595AIH6, STM32U595AIH6Q, STM32U595AJH6, STM32U595AJH6Q, STM32U595QII6, STM32U595QII6Q, STM32U595QJI6, STM32U595QJI6Q, STM32U595RIT6, STM32U595RIT6Q, STM32U595RJT6, STM32U595RJT6Q, STM32U595VIT6, STM32U595VIT6Q, STM32U595VJT6, STM32U595VJT6Q, STM32U595ZIT6, STM32U595ZIT6Q, STM32U595ZIY6QTR, STM32U595ZJT6, STM32U595ZJT6Q, STM32U595ZJY6QTR, STM32U599BJY6QTR, STM32U599NIH6Q, STM32U599NJH6Q, STM32U599VIT6Q, STM32U599VJT6, STM32U599VJT6Q, STM32U599ZIT6Q, STM32U599ZIY6QTR, STM32U599ZJT6Q, STM32U599ZJY6QTR, STM32U5A5AJH6, STM32U5A5AJH6Q, STM32U5A5QII3Q , STM32U5A5QJI6, STM32U5A5QJI6Q, STM32U5A5RJT6, STM32U5A5RJT6Q, STM32U5A5VJT6, STM32U5A5VJT6Q, STM32U5A5ZJT6, STM32U5A5ZJT6Q, STM32U5A5ZJY6QTR, STM32U5A9BJY6QTR, STM32U5A9J-DK, STM32U5A9NJH6Q, STM32U5A9VJT6Q, STM32U5A9ZJT6Q, STM32U5A9ZJY6QTR, STM32U5F7VIT6, STM32U5F7VIT6Q, STM32U5F7VJT6, STM32U5F7VJT6Q, STM32U5F9BJY6QTR, STM32U5F9NJH6Q, STM32U5F9VIT6Q, STM32U5F9VJT6Q, STM32U5F9ZIJ6QTR, STM32U5F9ZIT6Q, STM32U5F9ZJJ6QTR, STM32U5F9ZJT6Q, STM32U5G7VJT6, STM32U5G7VJT6Q, STM32U5G9BJY6QTR, STM32U5G9J-DK1, STM32U5G9J-DK2, STM32U5G9NJH6Q, STM32U5G9VJT6Q, STM32U5G9ZJJ6QTR, STM32U5G9ZJT6Q, STM32WB05KZV6TR, STM32WB05KZV7TR, STM32WB05TZF6TR, STM32WB05TZF7TR, STM32WB06CCF6TR, STM32WB06CCF7TR, STM32WB06CCV6TR, STM32WB06CCV7TR, STM32WB06KCV6TR, STM32WB06KCV7TR, STM32WB07CCF6TR, STM32WB07CCF7TR, STM32WB07CCV6TR, STM32WB07CCV7TR, STM32WB07KCV6TR, STM32WB07KCV7TR, STM32WB09KEV6TR, STM32WB09KEV7TR, STM32WB09TEF6TR, STM32WB09TEF7TR, STM32WB1MMCH6, STM32WBA50KGU6, STM32WBA50KGU6TR, STM32WBA52CEU6, STM32WBA52CEU6TR, STM32WBA52CEU7, STM32WBA52CEU7TR, STM32WBA52CGU6, STM32WBA52CGU6TR, STM32WBA52CGU6U, STM32WBA52CGU7, STM32WBA52CGU7TR, STM32WBA52KEU6, STM32WBA52KEU6TR, STM32WBA52KGU6, STM32WBA52KGU6TR, STM32WBA54CEU6, STM32WBA54CEU6TR, STM32WBA54CEU7, STM32WBA54CEU7TR, STM32WBA54CGU6, STM32WBA54CGU6TR, STM32WBA54CGU7, STM32WBA54CGU7TR, STM32WBA54KEU6, STM32WBA54KEU6TR, STM32WBA54KEU7, STM32WBA54KEU7TR, STM32WBA54KGU6, STM32WBA54KGU6TR, STM32WBA54KGU7, STM32WBA54KGU7TR, STM32WBA55CEU6, STM32WBA55CEU6TR, STM32WBA55CEU7, STM32WBA55CEU7TR, STM32WBA55CGU6, STM32WBA55CGU6TR, STM32WBA55CGU6U, STM32WBA55CGU7, STM32WBA55CGU7TR, STM32WBA55G-DK1, STM32WBA55HEF6, STM32WBA55HEF7, STM32WBA55HGF6, STM32WBA55HGF7, STM32WBA55UEI6, STM32WBA55UEI6TR, STM32WBA55UEI7, STM32WBA55UEI7TR, STM32WBA55UGI6, STM32WBA55UGI6TR, STM32WBA55UGI7, STM32WBA55UGI7TR, STM32WBA5MMGH6TR, STM32WBA62MGF6, STM32WBA62MIF6, STM32WBA65MGF7, STM32WBA65MIF6, STM32WBA65MIF7, STM32WL30K8V6, STM32WL30KBV6, STM32WL31C8V6, STM32WL31CBV6, STM32WL31K8V6, STM32WL31KBV6, STM32WL33C8V6, STM32WL33C8V6X, STM32WL33CBV6, STM32WL33CBV6X, STM32WL33CCV6, STM32WL33CCV6A, STM32WL33CCV6X, STM32WL33K8V7, STM32WL33K8V7X, STM32WL33KBV7 , STM32WL33KBV7X, STM32WL33KCV7, STM32WL33KCV7X, STM32WL5MOCH6, STM32WL5MOCH6TR]
2026-04-19 23:54:20,135 [INFO] BoardInfo:889 - No configuration file found for board P-NUCLEO-WB55
2026-04-19 23:54:20,137 [INFO] DbBoards:161 - Kit is not supported: P-NUCLEO-WB55
2026-04-19 23:54:20,151 [INFO] BoardInfo:889 - No configuration file found for board STEVAL-BFA001V1B
2026-04-19 23:54:20,153 [INFO] DbBoards:161 - Kit is not supported: STEVAL-BFA001V1B
2026-04-19 23:54:20,155 [INFO] BoardInfo:889 - No configuration file found for board STEVAL-BFA001V2B
2026-04-19 23:54:20,157 [INFO] DbBoards:161 - Kit is not supported: STEVAL-BFA001V2B
2026-04-19 23:54:20,271 [ERROR] LogOutputStream:75 - [STDERR_REDIRECT] [Fatal Error] :1:1: Premature end of file.
2026-04-19 23:54:20,271 [ERROR] LogOutputStream:75 - [STDERR_REDIRECT] 
2026-04-19 23:54:20,438 [INFO] DbBoards:168 - Found 212 boards, 209 are supported
2026-04-19 23:54:20,438 [INFO] DbBoards:169 - Found 212 boards, 43 of them is supported for  Bsp
2026-04-19 23:54:20,444 [INFO] ApiDb:668 - CubeFinder database Data Model version=2.1
2026-04-19 23:54:20,444 [INFO] ApiDb:669 - CubeFinder database Configuration version=3.0.39
2026-04-19 23:54:20,444 [INFO] ApiDb:670 - CubeFinder database generation date=2025-06-24 (1750757100)
2026-04-19 23:54:20,445 [INFO] ApiDb:671 - CubeFinder database FW Pack versions=[FP-ATR-ASTRA1_V2.0.0, FP-SNS-FLIGHT1_V5.1.0, FP-SNS-MOTENV1_V5.0.0, FP-SNS-MOTENVWB1_V1.4.0, FP-SNS-SMARTAG2_V1.2.0, FP-SNS-STBOX1_V2.0.0, STM32Cube_FW_C0_V1.4.0, STM32Cube_FW_F4_V1.28.2, STM32Cube_FW_F7_V1.17.3, STM32Cube_FW_G0_V1.6.2, STM32Cube_FW_G4_V1.6.1, STM32Cube_FW_H5_V1.5.0, STM32Cube_FW_H7RS_V1.2.0, STM32Cube_FW_H7_V1.12.1, STM32Cube_FW_L0_V1.12.2, STM32Cube_FW_L4_V1.18.1, STM32Cube_FW_L5_V1.5.1, STM32Cube_FW_N6_V1.2.0, STM32Cube_FW_U0_V1.3.0, STM32Cube_FW_U3_V1.2.0, STM32Cube_FW_U5_V1.8.0, STM32Cube_FW_WB0_V1.3.0, STM32Cube_FW_WBA_V1.7.0, STM32Cube_FW_WB_V1.23.0, STM32Cube_FW_WL3_V1.2.0, STM32Cube_FW_WL_V1.3.1, X-CUBE-ALGOBUILD_V1.4.0, X-CUBE-ALS_V1.0.2, X-CUBE-AZRTOS-F4_V1.1.0, X-CUBE-AZRTOS-F7_V1.1.0, X-CUBE-AZRTOS-G0_V1.1.0, X-CUBE-AZRTOS-G4_V2.0.0, X-CUBE-AZRTOS-H7RS_V1.1.0, X-CUBE-AZRTOS-H7_V3.3.0, X-CUBE-AZRTOS-L4_V2.0.0, X-CUBE-AZRTOS-L5_V2.0.0, X-CUBE-AZRTOS-WB_V2.0.0, X-CUBE-AZRTOS-WL_V2.0.0, X-CUBE-BLE1_V7.1.0, X-CUBE-BLE2_V3.3.0, X-CUBE-BLEMGR_V4.0.0, X-CUBE-EEPRMA1_V5.1.0, X-CUBE-FREERTOS_V1.3.1, X-CUBE-GNSS1_V6.0.0, X-CUBE-MEMS1_V11.3.0, X-CUBE-NFC4_V3.0.0, X-CUBE-NFC7_V2.0.0, X-CUBE-SFXS2LP1_V4.0.0, X-CUBE-SUBG2_V5.0.0, X-CUBE-TOF1_V3.4.3]
2026-04-19 23:54:21,273 [ERROR] LogOutputStream:75 - [STDERR_REDIRECT] [Fatal Error] :1:1: Premature end of file.
2026-04-19 23:54:21,274 [ERROR] LogOutputStream:75 - [STDERR_REDIRECT] 
2026-04-19 23:54:22,269 [ERROR] LogOutputStream:75 - [STDERR_REDIRECT] [Fatal Error] :1:1: Premature end of file.
2026-04-19 23:54:22,269 [ERROR] LogOutputStream:75 - [STDERR_REDIRECT] 
2026-04-19 23:54:22,902 [INFO] ApiDb:240 - Found 880 in-development CPN: [B-G473E-ZEST1S, B-WB1M-WPAN1, B-WBA5M-WPAN, B-WL5M-SUBG1, NUCLEO-C031C6, NUCLEO-C051C8, NUCLEO-C071RB, NUCLEO-C092RC, NUCLEO-H503RB, NUCLEO-H533RE, NUCLEO-H563ZI, NUCLEO-H7S3L8, NUCLEO-N657X0-Q, NUCLEO-U031R8, NUCLEO-U083RC, NUCLEO-U385RG-Q, NUCLEO-U545RE-Q, NUCLEO-U5A5ZJ-Q, NUCLEO-WB05KZ, NUCLEO-WB07CC, NUCLEO-WB09KE, NUCLEO-WBA52CG, NUCLEO-WBA55CG, NUCLEO-WL33CC1, NUCLEO-WL33CC2, STEVAL-PROTEUS1, STEVAL-SMARTAG2, STEVAL-STWINBX1, STM320518-EVAL, STM32C0116-DK, STM32C011D6Y3TR, STM32C011D6Y6TR, STM32C011F4P3, STM32C011F4P6, STM32C011F4U3, STM32C011F4U6TR, STM32C011F6P3, STM32C011F6P6, STM32C011F6U3, STM32C011F6U6TR, STM32C011J4M3, STM32C011J4M6, STM32C011J6M3, STM32C011J6M6, STM32C0316-DK, STM32C031C4T3, STM32C031C4T6, STM32C031C4U3, STM32C031C4U6, STM32C031C6T3, STM32C031C6T6, STM32C031C6U3, STM32C031C6U6, STM32C031F4P3, STM32C031F4P6, STM32C031F6P3, STM32C031F6P6, STM32C031G4U3, STM32C031G4U6, STM32C031G6U3, STM32C031G6U6, STM32C031K4T3, STM32C031K4T6, STM32C031K4U3, STM32C031K4U6, STM32C031K6T3, STM32C031K6T6, STM32C031K6U3, STM32C031K6U6, STM32C051C6T6, STM32C051C6U6, STM32C051C8T6, STM32C051C8U6, STM32C051D8Y6TR, STM32C051F6P6, STM32C051F8P6, STM32C051G6U6, STM32C051G8U6, STM32C051K6T6, STM32C051K6U6, STM32C051K8T6, STM32C071C8T6, STM32C071C8T6N, STM32C071C8U6, STM32C071C8U6N, STM32C071CBT6, STM32C071CBT6N, STM32C071CBU6, STM32C071CBU6N, STM32C071F8P6, STM32C071F8P6N, STM32C071FBP6, STM32C071FBP6N, STM32C071FBY6TR, STM32C071G8U6, STM32C071G8U6N, STM32C071GBU6, STM32C071GBU6N, STM32C071K8T6, STM32C071K8T6N, STM32C071K8U6, STM32C071K8U6N, STM32C071KBT6, STM32C071KBT6N, STM32C071KBU6, STM32C071KBU6N, STM32C071R8T6, STM32C071R8T6N, STM32C071RBI6N, STM32C071RBT6, STM32C071RBT6N, STM32C091CBT6, STM32C091CBU6, STM32C091CCT6, STM32C091CCU6, STM32C091ECY6TR, STM32C091FBP6, STM32C091FCP6, STM32C091GBU6, STM32C091GCU6, STM32C091KBT6, STM32C091KBU6, STM32C091KCT6, STM32C091KCU6, STM32C091RBT6, STM32C091RCI6, STM32C091RCT6, STM32C092CBT6, STM32C092CBU6, STM32C092CCT6, STM32C092CCU6, STM32C092ECY6TR, STM32C092FBP6, STM32C092FCP6, STM32C092GBU6, STM32C092GCU6, STM32C092KBT6, STM32C092KBU6, STM32C092KCT6, STM32C092KCU6, STM32C092RBT6, STM32C092RCI6, STM32C092RCT6, STM32G071K8TXN, STM32G071K8UXN, STM32G081GBU6N, STM32G081KBT6N, STM32G081KBUXN, STM32G0B1CCT6N, STM32G0B1KCT6, STM32G0B1NEY6TR, STM32G0B1RCT6N, STM32G0C1CCT6, STM32G0C1CCT6N, STM32G0C1CCU6N, STM32G0C1CET6N, STM32G0C1CEU6N, STM32G0C1KCT6, STM32G0C1NEY6TR, STM32G0C1RCI6N, STM32G0C1RCT6N, STM32G0C1REI6N, STM32G0C1RET6N, STM32G0C1VCI6, STM32G0C1VEI6, STM32G411C6T3, STM32G411C6T6, STM32G411C6U3, STM32G411C6U6, STM32G411C8T3, STM32G411C8T6, STM32G411C8U3, STM32G411C8U6, STM32G411CBT3, STM32G411CBT6, STM32G411CBU3, STM32G411CBU6, STM32G411K6T3, STM32G411K6T6, STM32G411K6U3, STM32G411K6U6, STM32G411K8T3, STM32G411K8T6, STM32G411K8U3, STM32G411K8U6, STM32G411KBT3, STM32G411KBT6, STM32G411KBU3, STM32G411KBU6, STM32G411M6T3, STM32G411M6T6, STM32G411M8T3, STM32G411M8T6, STM32G411MBT3, STM32G411MBT6, STM32G411R6T3, STM32G411R6T6, STM32G411R8T3, STM32G411R8T6, STM32G411RBT3, STM32G411RBT6, STM32G414CBT3, STM32G414CBT6, STM32G414CBU3, STM32G414CBU6, STM32G414CCT3, STM32G414CCT6, STM32G414CCU3, STM32G414CCU6, STM32G414MBT3, STM32G414MBT6, STM32G414MCT3, STM32G414MCT6, STM32G414RBT3, STM32G414RBT6, STM32G414RCT3, STM32G414RCT6, STM32G414VBT3, STM32G414VBT6, STM32G414VCT3, STM32G414VCT6, STM32G431CBT3Z, STM32G431RBT3Z, STM32G471CCT6, STM32G471CCU6, STM32G471CET3, STM32G471CET6, STM32G471CEU3, STM32G471CEU6, STM32G471MCT6, STM32G471MET3, STM32G471MET6, STM32G471MEY6TR, STM32G471QCT6, STM32G471QET3, STM32G471RCT6, STM32G471RET3, STM32G471RET6, STM32G471VCH6, STM32G471VCI6, STM32G471VCT6, STM32G471VEH3, STM32G471VEH6, STM32G471VEI3, STM32G471VEI6, STM32G471VET3, STM32G471VET6, STM32G473QET3Z, STM32G473RET3Z, STM32G474CCT6, STM32G491RET3Z, STM32H503CBT6, STM32H503CBU6, STM32H503EBY6TR, STM32H503KBU6, STM32H503RBT6, STM32H523CCT6, STM32H523CCU6, STM32H523CET6, STM32H523CEU6, STM32H523HEY6TR, STM32H523RCT6, STM32H523RET6, STM32H523VCI6, STM32H523VCT6, STM32H523VEI6, STM32H523VET6, STM32H523ZCJ6, STM32H523ZCT6, STM32H523ZEJ6, STM32H523ZET6, STM32H533CET6, STM32H533CEU6, STM32H533HEY6TR, STM32H533RET6, STM32H533VEI6, STM32H533VET6, STM32H533ZEJ6, STM32H533ZET6, STM32H562AGI6, STM32H562AII6, STM32H562IGK6, STM32H562IGT6, STM32H562IIK6, STM32H562IIT6, STM32H562RGT6, STM32H562RGV6, STM32H562RIT6, STM32H562RIV6, STM32H562VGT6, STM32H562VIT6, STM32H562ZGT6, STM32H562ZIT6, STM32H563AGI6, STM32H563AII3Q, STM32H563AII6, STM32H563IGK6, STM32H563IGT6, STM32H563IIK3Q, STM32H563IIK6, STM32H563IIT3Q, STM32H563IIT6, STM32H563MIY3QTR, STM32H563RGT6, STM32H563RGV6, STM32H563RIT6, STM32H563RIV6, STM32H563VGT6, STM32H563VIT3Q, STM32H563VIT6, STM32H563ZGT6, STM32H563ZIT3Q, STM32H563ZIT6, STM32H573AII3Q, STM32H573AII6, STM32H573I-DK, STM32H573IIK3Q, STM32H573IIK6, STM32H573IIT3Q, STM32H573IIT6, STM32H573MIY3QTR, STM32H573RIT6, STM32H573RIV6, STM32H573VIT3Q, STM32H573VIT6, STM32H573ZIT3Q, STM32H573ZIT6, STM32H7R3A8I6, STM32H7R3I8K6, STM32H7R3I8T6, STM32H7R3L8H6, STM32H7R3L8H6H, STM32H7R3R8V6, STM32H7R3V8H6, STM32H7R3V8T6, STM32H7R3V8Y6TR, STM32H7R3Z8J6, STM32H7R3Z8T6, STM32H7R7A8I6, STM32H7R7I8K6, STM32H7R7I8T6, STM32H7R7L8H6, STM32H7R7L8H6H, STM32H7R7Z8J6, STM32H7S3A8I6, STM32H7S3I8K6, STM32H7S3I8T6, STM32H7S3L8H6, STM32H7S3L8H6H, STM32H7S3R8V6, STM32H7S3V8H6, STM32H7S3V8T6, STM32H7S3V8Y6TR, STM32H7S3Z8J6, STM32H7S3Z8T6, STM32H7S78-DK, STM32H7S7A8I6, STM32H7S7I8K6, STM32H7S7I8T6, STM32H7S7L8H6, STM32H7S7L8H6H, STM32H7S7Z8J6, STM32L4R5QGI6STR, STM32MP131AAE3, STM32MP131AAF3, STM32MP131AAG3, STM32MP131CAE3, STM32MP131CAF3, STM32MP131CAG3, STM32MP131DAE7, STM32MP131DAF7, STM32MP131DAG7, STM32MP131FAE7, STM32MP131FAF7, STM32MP131FAG7, STM32MP133AAE3, STM32MP133AAF3, STM32MP133AAG3, STM32MP133CAE3, STM32MP133CAF3, STM32MP133CAG3, STM32MP133DAE7, STM32MP133DAF7, STM32MP133DAG7, STM32MP133FAE7, STM32MP133FAF7, STM32MP133FAG7, STM32MP135AAE3, STM32MP135AAF3, STM32MP135AAG3, STM32MP135CAE3, STM32MP135CAF3, STM32MP135CAG3, STM32MP135DAE7, STM32MP135DAF7, STM32MP135DAG7, STM32MP135F-DK, STM32MP135FAE7, STM32MP135FAF7, STM32MP135FAF7T, STM32MP135FAF7U, STM32MP135FAG7, STM32MP211AAL3, STM32MP211AAM3, STM32MP211AAN3, STM32MP211AAO3, STM32MP211CAL3, STM32MP211CAM3, STM32MP211CAN3, STM32MP211CAO3, STM32MP211DAL3, STM32MP211DAM3, STM32MP211DAN3, STM32MP211DAO3, STM32MP211FAL3, STM32MP211FAM3, STM32MP211FAN3, STM32MP211FAO3, STM32MP213AAL3, STM32MP213AAM3, STM32MP213AAN3, STM32MP213AAO3, STM32MP213CAL3, STM32MP213CAM3, STM32MP213CAN3, STM32MP213CAO3, STM32MP213DAL3, STM32MP213DAM3, STM32MP213DAN3, STM32MP213DAO3, STM32MP213FAL3, STM32MP213FAM3, STM32MP213FAN3, STM32MP213FAO3, STM32MP215AAL3, STM32MP215AAM3, STM32MP215AAN3, STM32MP215AAO3, STM32MP215CAL3, STM32MP215CAM3, STM32MP215CAN3, STM32MP215CAO3, STM32MP215DAL3, STM32MP215DAM3, STM32MP215DAN3, STM32MP215DAO3, STM32MP215F-DK, STM32MP215FAL3, STM32MP215FAM3, STM32MP215FAN3, STM32MP215FAO3, STM32MP231AAJ3, STM32MP231AAK3, STM32MP231AAL3, STM32MP231CAJ3, STM32MP231CAK3, STM32MP231CAL3, STM32MP231DAJ3, STM32MP231DAK3, STM32MP231DAL3, STM32MP231FAJ3, STM32MP231FAK3, STM32MP231FAL3, STM32MP233AAJ3, STM32MP233AAK3, STM32MP233AAL3, STM32MP233CAJ3, STM32MP233CAK3, STM32MP233CAL3, STM32MP233DAJ3, STM32MP233DAK3, STM32MP233DAL3, STM32MP233FAJ3, STM32MP233FAK3, STM32MP233FAL3, STM32MP235AAJ3, STM32MP235AAK3, STM32MP235AAL3, STM32MP235CAJ3, STM32MP235CAK3, STM32MP235CAL3, STM32MP235DAJ3, STM32MP235DAK3, STM32MP235DAL3, STM32MP235FAJ3, STM32MP235FAK3, STM32MP235FAL3, STM32MP251AAI3, STM32MP251AAK3, STM32MP251AAL3, STM32MP251CAI3, STM32MP251CAK3, STM32MP251CAL3, STM32MP251DAI3, STM32MP251DAK3, STM32MP251DAL3, STM32MP251FAI3, STM32MP251FAK3, STM32MP251FAL3, STM32MP253AAI3, STM32MP253AAK3, STM32MP253AAL3, STM32MP253CAI3, STM32MP253CAK3, STM32MP253CAL3, STM32MP253DAI3, STM32MP253DAK3, STM32MP253DAL3, STM32MP253FAI3, STM32MP253FAK3, STM32MP253FAL3, STM32MP255AAI3, STM32MP255AAK3, STM32MP255AAL3, STM32MP255CAI3, STM32MP255CAK3, STM32MP255CAL3, STM32MP255DAI3, STM32MP255DAK3, STM32MP255DAL3, STM32MP255FAI3, STM32MP255FAK3, STM32MP255FAL3, STM32MP257AAI3, STM32MP257AAK3, STM32MP257AAL3, STM32MP257CAI3, STM32MP257CAK3, STM32MP257CAL3, STM32MP257DAI3, STM32MP257DAK3, STM32MP257DAL3, STM32MP257F-DK, STM32MP257F-EV1, STM32MP257FAI3, STM32MP257FAK3, STM32MP257FAL3, STM32N645A0H3Q, STM32N645B0H3Q, STM32N645I0H3Q, STM32N645L0H3Q, STM32N645X0H3Q, STM32N645Z0H3Q, STM32N647A0H3Q, STM32N647B0H3Q, STM32N647I0H3Q, STM32N647L0H3Q, STM32N647X0H3Q, STM32N647Z0H3Q, STM32N655A0H3Q, STM32N655B0H3Q, STM32N655I0H3Q, STM32N655L0H3Q, STM32N655X0H3Q, STM32N655Z0H3Q, STM32N6570-DK, STM32N657A0H3Q, STM32N657B0H3Q, STM32N657I0H3Q, STM32N657L0H3Q, STM32N657X0H3Q, STM32N657Z0H3Q, STM32U031C6T6, STM32U031C6U6, STM32U031C8T6, STM32U031C8U6, STM32U031F4P6, STM32U031F6P6, STM32U031F8P6, STM32U031G6Y6TR, STM32U031G8Y6TR, STM32U031K4U6, STM32U031K6U6, STM32U031K8U6, STM32U031R6I6, STM32U031R6T6, STM32U031R8I6, STM32U031R8T6, STM32U073C8T6, STM32U073C8U6, STM32U073CBT6, STM32U073CBU6, STM32U073CCT6, STM32U073CCU6, STM32U073H8Y6TR, STM32U073HBY6TR, STM32U073HCY6TR, STM32U073K8U6, STM32U073KBU6, STM32U073KCU6, STM32U073M8I6, STM32U073M8T6, STM32U073MBI6, STM32U073MBT6, STM32U073MCI6, STM32U073MCT6, STM32U073R8I6, STM32U073R8T6, STM32U073RBI6, STM32U073RBT6, STM32U073RCI6, STM32U073RCT6, STM32U083C-DK, STM32U083CCT6, STM32U083CCU6, STM32U083HCY6TR, STM32U083KCU6, STM32U083MCI6, STM32U083MCT6, STM32U083RCI6, STM32U083RCT6, STM32U375CET6, STM32U375CET6Q, STM32U375CEU6, STM32U375CEU6Q, STM32U375CEY6QTR, STM32U375CGT6, STM32U375CGT6Q, STM32U375CGU6, STM32U375CGU6Q, STM32U375CGY6QTR, STM32U375KEU6, STM32U375KGU6, STM32U375REI6, STM32U375REI6Q, STM32U375RET6, STM32U375RET6Q, STM32U375REY6GTR, STM32U375REY6QTR, STM32U375RGI6, STM32U375RGI6Q, STM32U375RGT6, STM32U375RGT6Q, STM32U375RGY6GTR, STM32U375RGY6QTR, STM32U375VEI6, STM32U375VEI6Q, STM32U375VET6, STM32U375VET6Q, STM32U375VGI6, STM32U375VGI6Q, STM32U375VGT6, STM32U375VGT6Q, STM32U385CGT6, STM32U385CGT6Q, STM32U385CGU6, STM32U385CGU6Q, STM32U385CGY6QTR, STM32U385KGU6, STM32U385RGI6, STM32U385RGI6Q, STM32U385RGT6, STM32U385RGT6Q, STM32U385RGY6GTR, STM32U385RGY6QTR, STM32U385VGI6, STM32U385VGI6Q, STM32U385VGT6, STM32U385VGT6Q, STM32U535CBT6, STM32U535CBT6Q, STM32U535CBU6, STM32U535CBU6Q, STM32U535CCT6, STM32U535CCT6Q, STM32U535CCU6, STM32U535CCU6Q, STM32U535CET6, STM32U535CET6Q, STM32U535CEU6, STM32U535CEU6Q, STM32U535JEY6QTR, STM32U535NCY6QTR, STM32U535NEY6QTR, STM32U535RBI6, STM32U535RBI6Q, STM32U535RBT6, STM32U535RBT6Q, STM32U535RCI6, STM32U535RCI6Q, STM32U535RCT6, STM32U535RCT6Q, STM32U535REI6, STM32U535REI6Q, STM32U535RET6, STM32U535RET6Q, STM32U535VCI6, STM32U535VCI6Q, STM32U535VCT6, STM32U535VCT6Q, STM32U535VEI6, STM32U535VEI6Q, STM32U535VET6, STM32U535VET6Q, STM32U545CET6, STM32U545CET6Q, STM32U545CEU6, STM32U545CEU6Q, STM32U545JEY6QTR, STM32U545NEY6QTR, STM32U545REI6, STM32U545REI6Q, STM32U545RET6, STM32U545RET6Q, STM32U545VEI6, STM32U545VEI6Q, STM32U545VET6, STM32U545VET6Q, STM32U595AIH6, STM32U595AIH6Q, STM32U595AJH6, STM32U595AJH6Q, STM32U595QII6, STM32U595QII6Q, STM32U595QJI6, STM32U595QJI6Q, STM32U595RIT6, STM32U595RIT6Q, STM32U595RJT6, STM32U595RJT6Q, STM32U595VIT6, STM32U595VIT6Q, STM32U595VJT6, STM32U595VJT6Q, STM32U595ZIT6, STM32U595ZIT6Q, STM32U595ZIY6QTR, STM32U595ZJT6, STM32U595ZJT6Q, STM32U595ZJY6QTR, STM32U599BJY6QTR, STM32U599NIH6Q, STM32U599NJH6Q, STM32U599VIT6Q, STM32U599VJT6, STM32U599VJT6Q, STM32U599ZIT6Q, STM32U599ZIY6QTR, STM32U599ZJT6Q, STM32U599ZJY6QTR, STM32U5A5AJH6, STM32U5A5AJH6Q, STM32U5A5QII3Q , STM32U5A5QJI6, STM32U5A5QJI6Q, STM32U5A5RJT6, STM32U5A5RJT6Q, STM32U5A5VJT6, STM32U5A5VJT6Q, STM32U5A5ZJT6, STM32U5A5ZJT6Q, STM32U5A5ZJY6QTR, STM32U5A9BJY6QTR, STM32U5A9J-DK, STM32U5A9NJH6Q, STM32U5A9VJT6Q, STM32U5A9ZJT6Q, STM32U5A9ZJY6QTR, STM32U5F7VIT6, STM32U5F7VIT6Q, STM32U5F7VJT6, STM32U5F7VJT6Q, STM32U5F9BJY6QTR, STM32U5F9NJH6Q, STM32U5F9VIT6Q, STM32U5F9VJT6Q, STM32U5F9ZIJ6QTR, STM32U5F9ZIT6Q, STM32U5F9ZJJ6QTR, STM32U5F9ZJT6Q, STM32U5G7VJT6, STM32U5G7VJT6Q, STM32U5G9BJY6QTR, STM32U5G9J-DK1, STM32U5G9J-DK2, STM32U5G9NJH6Q, STM32U5G9VJT6Q, STM32U5G9ZJJ6QTR, STM32U5G9ZJT6Q, STM32WB05KZV6TR, STM32WB05KZV7TR, STM32WB05TZF6TR, STM32WB05TZF7TR, STM32WB06CCF6TR, STM32WB06CCF7TR, STM32WB06CCV6TR, STM32WB06CCV7TR, STM32WB06KCV6TR, STM32WB06KCV7TR, STM32WB07CCF6TR, STM32WB07CCF7TR, STM32WB07CCV6TR, STM32WB07CCV7TR, STM32WB07KCV6TR, STM32WB07KCV7TR, STM32WB09KEV6TR, STM32WB09KEV7TR, STM32WB09TEF6TR, STM32WB09TEF7TR, STM32WB1MMCH6, STM32WBA50KGU6, STM32WBA50KGU6TR, STM32WBA52CEU6, STM32WBA52CEU6TR, STM32WBA52CEU7, STM32WBA52CEU7TR, STM32WBA52CGU6, STM32WBA52CGU6TR, STM32WBA52CGU6U, STM32WBA52CGU7, STM32WBA52CGU7TR, STM32WBA52KEU6, STM32WBA52KEU6TR, STM32WBA52KGU6, STM32WBA52KGU6TR, STM32WBA54CEU6, STM32WBA54CEU6TR, STM32WBA54CEU7, STM32WBA54CEU7TR, STM32WBA54CGU6, STM32WBA54CGU6TR, STM32WBA54CGU7, STM32WBA54CGU7TR, STM32WBA54KEU6, STM32WBA54KEU6TR, STM32WBA54KEU7, STM32WBA54KEU7TR, STM32WBA54KGU6, STM32WBA54KGU6TR, STM32WBA54KGU7, STM32WBA54KGU7TR, STM32WBA55CEU6, STM32WBA55CEU6TR, STM32WBA55CEU7, STM32WBA55CEU7TR, STM32WBA55CGU6, STM32WBA55CGU6TR, STM32WBA55CGU6U, STM32WBA55CGU7, STM32WBA55CGU7TR, STM32WBA55G-DK1, STM32WBA55HEF6, STM32WBA55HEF7, STM32WBA55HGF6, STM32WBA55HGF7, STM32WBA55UEI6, STM32WBA55UEI6TR, STM32WBA55UEI7, STM32WBA55UEI7TR, STM32WBA55UGI6, STM32WBA55UGI6TR, STM32WBA55UGI7, STM32WBA55UGI7TR, STM32WBA5MMGH6TR, STM32WBA62MGF6, STM32WBA62MIF6, STM32WBA65MGF7, STM32WBA65MIF6, STM32WBA65MIF7, STM32WL30K8V6, STM32WL30KBV6, STM32WL31C8V6, STM32WL31CBV6, STM32WL31K8V6, STM32WL31KBV6, STM32WL33C8V6, STM32WL33C8V6X, STM32WL33CBV6, STM32WL33CBV6X, STM32WL33CCV6, STM32WL33CCV6A, STM32WL33CCV6X, STM32WL33K8V7, STM32WL33K8V7X, STM32WL33KBV7 , STM32WL33KBV7X, STM32WL33KCV7, STM32WL33KCV7X, STM32WL5MOCH6, STM32WL5MOCH6TR]
2026-04-19 23:54:22,913 [INFO] DbMcus:218 - Found 4801 MCUs, 4801 are supported
2026-04-19 23:54:22,914 [INFO] ApiDb:414 - User favorites file not found: C:\Users\santi/.stm32cubeide/favorites.mcus.txt
2026-04-19 23:54:22,914 [INFO] DbMcus:224 - Set 0 / 0 favorites MCUs
2026-04-19 23:54:23,273 [ERROR] LogOutputStream:75 - [STDERR_REDIRECT] [Fatal Error] :1:1: Premature end of file.
2026-04-19 23:54:23,273 [ERROR] LogOutputStream:75 - [STDERR_REDIRECT] 
2026-04-19 23:54:23,383 [INFO] ApiDb:414 - User favorites file not found: C:\Users\santi/.stm32cubeide/favorites.boards.txt
2026-04-19 23:54:23,383 [INFO] DbBoards:198 - Set 0 / 0 favorites Boards
2026-04-19 23:54:23,430 [INFO] UtilMem:75 - End LoadConfig() Used Memory: 715589128 Bytes (1073741824)
2026-04-19 23:54:23,606 [WARN] ThirdParty:833 - waiting for thirdparty lock release [change project]
2026-04-19 23:54:23,607 [INFO] ThirdParty:835 - entering critical section [change project]
2026-04-19 23:54:23,607 [INFO] ThirdParty:1030 - CMSIS Pack Vendor :STMicroelectronics USBPD 4.1
2026-04-19 23:54:23,607 [INFO] ThirdParty:1030 - CMSIS Pack Vendor :STMicroelectronics USB_HOST 2.0.0
2026-04-19 23:54:23,607 [INFO] ThirdParty:1030 - CMSIS Pack Vendor :STMicroelectronics LIBJPEG 8.0.0
2026-04-19 23:54:23,607 [INFO] ThirdParty:1030 - CMSIS Pack Vendor :STMicroelectronics FP-ATR-ASTRA1 2.0.2
2026-04-19 23:54:23,607 [INFO] ThirdParty:1030 - CMSIS Pack Vendor :STMicroelectronics FP-ATR-SIGFOX1 3.2.0
2026-04-19 23:54:23,607 [INFO] ThirdParty:1030 - CMSIS Pack Vendor :STMicroelectronics X-CUBE-BLE1 7.1.0
2026-04-19 23:54:23,607 [INFO] ThirdParty:1030 - CMSIS Pack Vendor :STMicroelectronics USB_DEVICE 3.0.0
2026-04-19 23:54:23,607 [INFO] ThirdParty:1030 - CMSIS Pack Vendor :STMicroelectronics HAL Drivers 0.0.0
2026-04-19 23:54:23,607 [INFO] ThirdParty:1030 - CMSIS Pack Vendor :STMicroelectronics MBEDTLS 2.16.2
2026-04-19 23:54:23,607 [INFO] ThirdParty:1030 - CMSIS Pack Vendor :STMicroelectronics X-CUBE-ALS 1.0.2
2026-04-19 23:54:23,607 [INFO] ThirdParty:1030 - CMSIS Pack Vendor :STMicroelectronics MBEDTLS 2.14.1
2026-04-19 23:54:23,607 [INFO] ThirdParty:1030 - CMSIS Pack Vendor :STMicroelectronics USB_DEVICE 2.0.0
2026-04-19 23:54:23,607 [INFO] ThirdParty:1030 - CMSIS Pack Vendor :STMicroelectronics ThreadX 1.0.0
2026-04-19 23:54:23,607 [INFO] ThirdParty:1030 - CMSIS Pack Vendor :STMicroelectronics FP-SNS-SMARTAG2 1.2.0
2026-04-19 23:54:23,607 [INFO] ThirdParty:1030 - CMSIS Pack Vendor :STMicroelectronics FP-SNS-FLIGHT1 5.1.0
2026-04-19 23:54:23,607 [INFO] ThirdParty:1030 - CMSIS Pack Vendor :STMicroelectronics FreeRTOS 0.0.1
2026-04-19 23:54:23,607 [INFO] ThirdParty:1030 - CMSIS Pack Vendor :STMicroelectronics USB_DEVICE 1.0.0
2026-04-19 23:54:23,607 [INFO] ThirdParty:1030 - CMSIS Pack Vendor :STMicroelectronics STM32_WPAN 1.0.0
2026-04-19 23:54:23,607 [INFO] ThirdParty:1030 - CMSIS Pack Vendor :STMicroelectronics ThreadX 0.0.2
2026-04-19 23:54:23,607 [INFO] ThirdParty:1030 - CMSIS Pack Vendor :STMicroelectronics lwIP 2.0.3
2026-04-19 23:54:23,607 [INFO] ThirdParty:1030 - CMSIS Pack Vendor :STMicroelectronics lwIP 2.1.2
2026-04-19 23:54:23,608 [INFO] ThirdParty:1030 - CMSIS Pack Vendor :STMicroelectronics X-CUBE-BLE2 3.3.0
2026-04-19 23:54:23,608 [INFO] ThirdParty:1030 - CMSIS Pack Vendor :STMicroelectronics USB_HOST 1.0.0
2026-04-19 23:54:23,608 [INFO] ThirdParty:1030 - CMSIS Pack Vendor :STMicroelectronics PDM2PCM 3.1.0
2026-04-19 23:54:23,608 [INFO] ThirdParty:1030 - CMSIS Pack Vendor :STMicroelectronics PDM2PCM 3.2.0
2026-04-19 23:54:23,608 [INFO] ThirdParty:1030 - CMSIS Pack Vendor :STMicroelectronics PDM2PCM 3.3.0
2026-04-19 23:54:23,608 [INFO] ThirdParty:841 - exiting critical section [change project]
2026-04-19 23:54:24,277 [ERROR] LogOutputStream:75 - [STDERR_REDIRECT] [Fatal Error] :1:1: Premature end of file.
2026-04-19 23:54:24,278 [INFO] PinOutPanel:1589 - setPackage(No Configuration,No Configuration)
2026-04-19 23:54:24,279 [ERROR] LogOutputStream:75 - [STDERR_REDIRECT] 
2026-04-19 23:54:24,280 [INFO] PinOutPanel:1589 - setPackage(STM32F407VGTx,LQFP100)
2026-04-19 23:54:25,018 [INFO] UtilMem:75 - Before build in PCC Used Memory: 773452168 Bytes (1073741824)
2026-04-19 23:54:25,281 [ERROR] LogOutputStream:75 - [STDERR_REDIRECT] [Fatal Error] :1:1: Premature end of file.
2026-04-19 23:54:25,282 [ERROR] LogOutputStream:75 - [STDERR_REDIRECT] 
2026-04-19 23:54:26,011 [INFO] UtilMem:75 - After build in PCC Used Memory: 865367088 Bytes (1073741824)
2026-04-19 23:54:26,048 [INFO] IPUIPlugin:80 - create IPUIPlugin
2026-04-19 23:54:26,049 [INFO] IPUIPlugin:80 - create IPUIPlugin
2026-04-19 23:54:26,050 [INFO] IPUIPlugin:80 - create IPUIPlugin
2026-04-19 23:54:26,051 [INFO] IPUIPlugin:80 - create IPUIPlugin
2026-04-19 23:54:26,051 [INFO] IPUIPlugin:80 - create IPUIPlugin
2026-04-19 23:54:26,051 [INFO] IPUIPlugin:80 - create IPUIPlugin
2026-04-19 23:54:26,052 [INFO] IPUIPlugin:80 - create IPUIPlugin
2026-04-19 23:54:26,052 [INFO] IPUIPlugin:80 - create IPUIPlugin
2026-04-19 23:54:26,052 [INFO] IPUIPlugin:80 - create IPUIPlugin
2026-04-19 23:54:26,052 [INFO] IPUIPlugin:80 - create IPUIPlugin
2026-04-19 23:54:26,052 [INFO] IPUIPlugin:80 - create IPUIPlugin
2026-04-19 23:54:26,052 [INFO] IPUIPlugin:80 - create IPUIPlugin
2026-04-19 23:54:26,053 [INFO] IPUIPlugin:80 - create IPUIPlugin
2026-04-19 23:54:26,053 [INFO] IPUIPlugin:80 - create IPUIPlugin
2026-04-19 23:54:26,053 [INFO] IPUIPlugin:80 - create IPUIPlugin
2026-04-19 23:54:26,053 [INFO] IPUIPlugin:80 - create IPUIPlugin
2026-04-19 23:54:26,053 [INFO] IPUIPlugin:80 - create IPUIPlugin
2026-04-19 23:54:26,053 [INFO] IPUIPlugin:80 - create IPUIPlugin
2026-04-19 23:54:26,053 [INFO] IPUIPlugin:80 - create IPUIPlugin
2026-04-19 23:54:26,053 [INFO] IPUIPlugin:80 - create IPUIPlugin
2026-04-19 23:54:26,055 [INFO] IPUIPlugin:80 - create IPUIPlugin
2026-04-19 23:54:26,055 [INFO] IPUIPlugin:80 - create IPUIPlugin
2026-04-19 23:54:26,055 [INFO] IPUIPlugin:80 - create IPUIPlugin
2026-04-19 23:54:26,055 [INFO] IPUIPlugin:80 - create IPUIPlugin
2026-04-19 23:54:26,056 [INFO] IPUIPlugin:80 - create IPUIPlugin
2026-04-19 23:54:26,056 [INFO] IPUIPlugin:80 - create IPUIPlugin
2026-04-19 23:54:26,056 [INFO] IPUIPlugin:80 - create IPUIPlugin
2026-04-19 23:54:26,057 [INFO] IPUIPlugin:80 - create IPUIPlugin
2026-04-19 23:54:26,057 [INFO] IPUIPlugin:80 - create IPUIPlugin
2026-04-19 23:54:26,057 [INFO] IPUIPlugin:80 - create IPUIPlugin
2026-04-19 23:54:26,057 [INFO] IPUIPlugin:80 - create IPUIPlugin
2026-04-19 23:54:26,058 [INFO] IPUIPlugin:80 - create IPUIPlugin
2026-04-19 23:54:26,058 [INFO] IPUIPlugin:80 - create IPUIPlugin
2026-04-19 23:54:26,058 [INFO] IPUIPlugin:80 - create IPUIPlugin
2026-04-19 23:54:26,059 [INFO] IPUIPlugin:80 - create IPUIPlugin
2026-04-19 23:54:26,059 [INFO] IPUIPlugin:80 - create IPUIPlugin
2026-04-19 23:54:26,059 [INFO] IPUIPlugin:80 - create IPUIPlugin
2026-04-19 23:54:26,060 [INFO] IPUIPlugin:80 - create IPUIPlugin
2026-04-19 23:54:26,060 [INFO] IPUIPlugin:80 - create IPUIPlugin
2026-04-19 23:54:26,060 [INFO] IPUIPlugin:80 - create IPUIPlugin
2026-04-19 23:54:26,061 [INFO] IPUIPlugin:80 - create IPUIPlugin
2026-04-19 23:54:26,061 [INFO] IPUIPlugin:80 - create IPUIPlugin
2026-04-19 23:54:26,061 [INFO] IPUIPlugin:80 - create IPUIPlugin
2026-04-19 23:54:26,062 [INFO] IPUIPlugin:80 - create IPUIPlugin
2026-04-19 23:54:26,062 [INFO] IPUIPlugin:80 - create IPUIPlugin
2026-04-19 23:54:26,062 [INFO] IPUIPlugin:80 - create IPUIPlugin
2026-04-19 23:54:26,062 [INFO] IPUIPlugin:80 - create IPUIPlugin
2026-04-19 23:54:26,063 [INFO] IPUIPlugin:80 - create IPUIPlugin
2026-04-19 23:54:26,063 [INFO] IPUIPlugin:80 - create IPUIPlugin
2026-04-19 23:54:26,064 [INFO] IPUIPlugin:80 - create IPUIPlugin
2026-04-19 23:54:26,064 [INFO] IPUIPlugin:80 - create IPUIPlugin
2026-04-19 23:54:26,064 [INFO] IPUIPlugin:80 - create IPUIPlugin
2026-04-19 23:54:26,065 [INFO] IPUIPlugin:80 - create IPUIPlugin
2026-04-19 23:54:26,067 [INFO] IPUIPlugin:80 - create IPUIPlugin
2026-04-19 23:54:26,067 [INFO] IPUIPlugin:80 - create IPUIPlugin
2026-04-19 23:54:26,067 [INFO] IPUIPlugin:80 - create IPUIPlugin
2026-04-19 23:54:26,068 [INFO] IPUIPlugin:80 - create IPUIPlugin
2026-04-19 23:54:26,068 [INFO] IPUIPlugin:80 - create IPUIPlugin
2026-04-19 23:54:26,158 [INFO] ApiDbMcu:532 - Load IP Config File for PDM2PCM
2026-04-19 23:54:26,169 [WARN] IP:2250 - I2C_Coeff_DF not found: check if there is a RefParameter without a condition.
2026-04-19 23:54:26,169 [WARN] IP:2250 - Analog_Filter not found: check if there is a RefParameter without a condition.
2026-04-19 23:54:26,183 [INFO] I2sManager:658 - 9.6E7
2026-04-19 23:54:26,185 [INFO] I2sManager:195 - I2S Clock Value : 9.6E7
2026-04-19 23:54:26,188 [INFO] I2sManager:553 - AudioClock : 93750Divider : 2Odd : 0
2026-04-19 23:54:26,279 [ERROR] LogOutputStream:75 - [STDERR_REDIRECT] [Fatal Error] :1:1: Premature end of file.
2026-04-19 23:54:26,279 [ERROR] LogOutputStream:75 - [STDERR_REDIRECT] 
2026-04-19 23:54:26,438 [INFO] CADModel:165 - CPN selected for project levelSTM32F407VGT6
2026-04-19 23:54:26,438 [INFO] CADModel:114 - Register for checkConnection events
2026-04-19 23:54:26,478 [INFO] OpenFileManager:386 - Restore cursor
2026-04-19 23:54:26,841 [WARN] IP:2250 - I2C_Coeff_DF not found: check if there is a RefParameter without a condition.
2026-04-19 23:54:26,841 [WARN] IP:2250 - Analog_Filter not found: check if there is a RefParameter without a condition.
2026-04-19 23:54:26,842 [WARN] IP:2250 - I2C_Coeff_DF not found: check if there is a RefParameter without a condition.
2026-04-19 23:54:26,842 [WARN] IP:2250 - Analog_Filter not found: check if there is a RefParameter without a condition.
2026-04-19 23:54:27,279 [ERROR] LogOutputStream:75 - [STDERR_REDIRECT] [Fatal Error] :1:1: Premature end of file.
2026-04-19 23:54:27,279 [ERROR] LogOutputStream:75 - [STDERR_REDIRECT] 
2026-04-19 23:54:28,283 [ERROR] LogOutputStream:75 - [STDERR_REDIRECT] [Fatal Error] :1:1: Premature end of file.
2026-04-19 23:54:28,283 [ERROR] LogOutputStream:75 - [STDERR_REDIRECT] 
2026-04-19 23:54:29,283 [ERROR] LogOutputStream:75 - [STDERR_REDIRECT] [Fatal Error] :1:1: Premature end of file.
2026-04-19 23:54:29,283 [ERROR] LogOutputStream:75 - [STDERR_REDIRECT] 
2026-04-19 23:54:30,275 [ERROR] LogOutputStream:75 - [STDERR_REDIRECT] [Fatal Error] :1:1: Premature end of file.
2026-04-19 23:54:30,275 [ERROR] LogOutputStream:75 - [STDERR_REDIRECT] 
2026-04-19 23:54:31,279 [ERROR] LogOutputStream:75 - [STDERR_REDIRECT] [Fatal Error] :1:1: Premature end of file.
2026-04-19 23:54:31,279 [ERROR] LogOutputStream:75 - [STDERR_REDIRECT] 
2026-04-19 23:54:32,285 [ERROR] LogOutputStream:75 - [STDERR_REDIRECT] [Fatal Error] :1:1: Premature end of file.
2026-04-19 23:54:32,286 [ERROR] LogOutputStream:75 - [STDERR_REDIRECT] 
2026-04-19 23:54:33,283 [ERROR] LogOutputStream:75 - [STDERR_REDIRECT] [Fatal Error] :1:1: Premature end of file.
2026-04-19 23:54:33,285 [ERROR] LogOutputStream:75 - [STDERR_REDIRECT] 
2026-04-19 23:54:34,286 [ERROR] LogOutputStream:75 - [STDERR_REDIRECT] [Fatal Error] :1:1: Premature end of file.
2026-04-19 23:54:34,286 [ERROR] LogOutputStream:75 - [STDERR_REDIRECT] 
2026-04-19 23:54:35,277 [ERROR] LogOutputStream:75 - [STDERR_REDIRECT] [Fatal Error] :1:1: Premature end of file.
2026-04-19 23:54:35,277 [ERROR] LogOutputStream:75 - [STDERR_REDIRECT] 
2026-04-19 23:54:36,285 [ERROR] LogOutputStream:75 - [STDERR_REDIRECT] [Fatal Error] :1:1: Premature end of file.
2026-04-19 23:54:36,285 [ERROR] LogOutputStream:75 - [STDERR_REDIRECT] 
2026-04-19 23:54:37,284 [ERROR] LogOutputStream:75 - [STDERR_REDIRECT] [Fatal Error] :1:1: Premature end of file.
2026-04-19 23:54:37,284 [ERROR] LogOutputStream:75 - [STDERR_REDIRECT] 
2026-04-19 23:54:38,284 [ERROR] LogOutputStream:75 - [STDERR_REDIRECT] [Fatal Error] :1:1: Premature end of file.
2026-04-19 23:54:38,284 [ERROR] LogOutputStream:75 - [STDERR_REDIRECT] 
2026-04-19 23:54:39,289 [ERROR] LogOutputStream:75 - [STDERR_REDIRECT] [Fatal Error] :1:1: Premature end of file.
2026-04-19 23:54:39,289 [ERROR] LogOutputStream:75 - [STDERR_REDIRECT] 
2026-04-19 23:54:40,291 [ERROR] LogOutputStream:75 - [STDERR_REDIRECT] [Fatal Error] :1:1: Premature end of file.
2026-04-19 23:54:40,291 [ERROR] LogOutputStream:75 - [STDERR_REDIRECT] 
2026-04-19 23:54:41,309 [ERROR] LogOutputStream:75 - [STDERR_REDIRECT] [Fatal Error] :1:1: Premature end of file.
2026-04-19 23:54:41,309 [ERROR] LogOutputStream:75 - [STDERR_REDIRECT] 
2026-04-19 23:54:42,275 [ERROR] LogOutputStream:75 - [STDERR_REDIRECT] [Fatal Error] :1:1: Premature end of file.
2026-04-19 23:54:42,275 [ERROR] LogOutputStream:75 - [STDERR_REDIRECT] 
2026-04-19 23:54:43,287 [ERROR] LogOutputStream:75 - [STDERR_REDIRECT] [Fatal Error] :1:1: Premature end of file.
2026-04-19 23:54:43,287 [ERROR] LogOutputStream:75 - [STDERR_REDIRECT] 
2026-04-19 23:54:44,279 [ERROR] LogOutputStream:75 - [STDERR_REDIRECT] [Fatal Error] :1:1: Premature end of file.
2026-04-19 23:54:44,279 [ERROR] LogOutputStream:75 - [STDERR_REDIRECT] 
2026-04-19 23:54:45,285 [ERROR] LogOutputStream:75 - [STDERR_REDIRECT] [Fatal Error] :1:1: Premature end of file.
2026-04-19 23:54:45,285 [ERROR] LogOutputStream:75 - [STDERR_REDIRECT] 
2026-04-19 23:54:46,273 [ERROR] LogOutputStream:75 - [STDERR_REDIRECT] [Fatal Error] :1:1: Premature end of file.
2026-04-19 23:54:46,273 [ERROR] LogOutputStream:75 - [STDERR_REDIRECT] 
2026-04-19 23:54:47,288 [ERROR] LogOutputStream:75 - [STDERR_REDIRECT] [Fatal Error] :1:1: Premature end of file.
2026-04-19 23:54:47,288 [ERROR] LogOutputStream:75 - [STDERR_REDIRECT] 
2026-04-19 23:54:48,277 [ERROR] LogOutputStream:75 - [STDERR_REDIRECT] [Fatal Error] :1:1: Premature end of file.
2026-04-19 23:54:48,277 [ERROR] LogOutputStream:75 - [STDERR_REDIRECT] 
2026-04-19 23:54:49,286 [ERROR] LogOutputStream:75 - [STDERR_REDIRECT] [Fatal Error] :1:1: Premature end of file.
2026-04-19 23:54:49,286 [ERROR] LogOutputStream:75 - [STDERR_REDIRECT] 
2026-04-19 23:54:50,279 [ERROR] LogOutputStream:75 - [STDERR_REDIRECT] [Fatal Error] :1:1: Premature end of file.
2026-04-19 23:54:50,280 [ERROR] LogOutputStream:75 - [STDERR_REDIRECT] 
2026-04-19 23:54:51,285 [ERROR] LogOutputStream:75 - [STDERR_REDIRECT] [Fatal Error] :1:1: Premature end of file.
2026-04-19 23:54:51,285 [ERROR] LogOutputStream:75 - [STDERR_REDIRECT] 
2026-04-19 23:54:52,297 [ERROR] LogOutputStream:75 - [STDERR_REDIRECT] [Fatal Error] :1:1: Premature end of file.
2026-04-19 23:54:52,297 [ERROR] LogOutputStream:75 - [STDERR_REDIRECT] 
2026-04-19 23:54:53,296 [ERROR] LogOutputStream:75 - [STDERR_REDIRECT] [Fatal Error] :1:1: Premature end of file.
2026-04-19 23:54:53,297 [ERROR] LogOutputStream:75 - [STDERR_REDIRECT] 
2026-04-19 23:54:54,285 [ERROR] LogOutputStream:75 - [STDERR_REDIRECT] [Fatal Error] :1:1: Premature end of file.
2026-04-19 23:54:54,285 [ERROR] LogOutputStream:75 - [STDERR_REDIRECT] 
2026-04-19 23:54:55,280 [ERROR] LogOutputStream:75 - [STDERR_REDIRECT] [Fatal Error] :1:1: Premature end of file.
2026-04-19 23:54:55,280 [ERROR] LogOutputStream:75 - [STDERR_REDIRECT] 
2026-04-19 23:54:56,284 [ERROR] LogOutputStream:75 - [STDERR_REDIRECT] [Fatal Error] :1:1: Premature end of file.
2026-04-19 23:54:56,284 [ERROR] LogOutputStream:75 - [STDERR_REDIRECT] 
2026-04-19 23:54:57,280 [ERROR] LogOutputStream:75 - [STDERR_REDIRECT] [Fatal Error] :1:1: Premature end of file.
2026-04-19 23:54:57,281 [ERROR] LogOutputStream:75 - [STDERR_REDIRECT] 
2026-04-19 23:54:58,297 [ERROR] LogOutputStream:75 - [STDERR_REDIRECT] [Fatal Error] :1:1: Premature end of file.
2026-04-19 23:54:58,297 [ERROR] LogOutputStream:75 - [STDERR_REDIRECT] 
2026-04-19 23:54:59,281 [ERROR] LogOutputStream:75 - [STDERR_REDIRECT] [Fatal Error] :1:1: Premature end of file.
2026-04-19 23:54:59,281 [ERROR] LogOutputStream:75 - [STDERR_REDIRECT] 
2026-04-19 23:55:00,285 [ERROR] LogOutputStream:75 - [STDERR_REDIRECT] [Fatal Error] :1:1: Premature end of file.
2026-04-19 23:55:00,285 [ERROR] LogOutputStream:75 - [STDERR_REDIRECT] 
2026-04-19 23:55:01,281 [ERROR] LogOutputStream:75 - [STDERR_REDIRECT] [Fatal Error] :1:1: Premature end of file.
2026-04-19 23:55:01,281 [ERROR] LogOutputStream:75 - [STDERR_REDIRECT] 
2026-04-19 23:55:02,277 [ERROR] LogOutputStream:75 - [STDERR_REDIRECT] [Fatal Error] :1:1: Premature end of file.
2026-04-19 23:55:02,278 [ERROR] LogOutputStream:75 - [STDERR_REDIRECT] 
2026-04-19 23:55:03,290 [ERROR] LogOutputStream:75 - [STDERR_REDIRECT] [Fatal Error] :1:1: Premature end of file.
2026-04-19 23:55:03,290 [ERROR] LogOutputStream:75 - [STDERR_REDIRECT] 
2026-04-19 23:55:04,273 [ERROR] LogOutputStream:75 - [STDERR_REDIRECT] [Fatal Error] :1:1: Premature end of file.
2026-04-19 23:55:04,273 [ERROR] LogOutputStream:75 - [STDERR_REDIRECT] 
2026-04-19 23:55:05,279 [ERROR] LogOutputStream:75 - [STDERR_REDIRECT] [Fatal Error] :1:1: Premature end of file.
2026-04-19 23:55:05,279 [ERROR] LogOutputStream:75 - [STDERR_REDIRECT] 
2026-04-19 23:55:06,270 [ERROR] LogOutputStream:75 - [STDERR_REDIRECT] [Fatal Error] :1:1: Premature end of file.
2026-04-19 23:55:06,270 [ERROR] LogOutputStream:75 - [STDERR_REDIRECT] 
2026-04-19 23:55:07,290 [ERROR] LogOutputStream:75 - [STDERR_REDIRECT] [Fatal Error] :1:1: Premature end of file.
2026-04-19 23:55:07,290 [ERROR] LogOutputStream:75 - [STDERR_REDIRECT] 
2026-04-19 23:55:08,279 [ERROR] LogOutputStream:75 - [STDERR_REDIRECT] [Fatal Error] :1:1: Premature end of file.
2026-04-19 23:55:08,280 [ERROR] LogOutputStream:75 - [STDERR_REDIRECT] 
2026-04-19 23:55:09,280 [ERROR] LogOutputStream:75 - [STDERR_REDIRECT] [Fatal Error] :1:1: Premature end of file.
2026-04-19 23:55:09,280 [ERROR] LogOutputStream:75 - [STDERR_REDIRECT] 
2026-04-19 23:55:10,288 [ERROR] LogOutputStream:75 - [STDERR_REDIRECT] [Fatal Error] :1:1: Premature end of file.
2026-04-19 23:55:10,288 [ERROR] LogOutputStream:75 - [STDERR_REDIRECT] 
2026-04-19 23:55:11,285 [ERROR] LogOutputStream:75 - [STDERR_REDIRECT] [Fatal Error] :1:1: Premature end of file.
2026-04-19 23:55:11,285 [ERROR] LogOutputStream:75 - [STDERR_REDIRECT] 
2026-04-19 23:55:12,282 [ERROR] LogOutputStream:75 - [STDERR_REDIRECT] [Fatal Error] :1:1: Premature end of file.
2026-04-19 23:55:12,282 [ERROR] LogOutputStream:75 - [STDERR_REDIRECT] 
2026-04-19 23:55:13,285 [ERROR] LogOutputStream:75 - [STDERR_REDIRECT] [Fatal Error] :1:1: Premature end of file.
2026-04-19 23:55:13,285 [ERROR] LogOutputStream:75 - [STDERR_REDIRECT] 
2026-04-19 23:55:14,275 [ERROR] LogOutputStream:75 - [STDERR_REDIRECT] [Fatal Error] :1:1: Premature end of file.
2026-04-19 23:55:14,275 [ERROR] LogOutputStream:75 - [STDERR_REDIRECT] 
2026-04-19 23:55:15,275 [ERROR] LogOutputStream:75 - [STDERR_REDIRECT] [Fatal Error] :1:1: Premature end of file.
2026-04-19 23:55:15,276 [ERROR] LogOutputStream:75 - [STDERR_REDIRECT] 
2026-04-19 23:55:16,278 [ERROR] LogOutputStream:75 - [STDERR_REDIRECT] [Fatal Error] :1:1: Premature end of file.
2026-04-19 23:55:16,279 [ERROR] LogOutputStream:75 - [STDERR_REDIRECT] 
2026-04-19 23:55:17,275 [ERROR] LogOutputStream:75 - [STDERR_REDIRECT] [Fatal Error] :1:1: Premature end of file.
2026-04-19 23:55:17,275 [ERROR] LogOutputStream:75 - [STDERR_REDIRECT] 
2026-04-19 23:55:18,280 [ERROR] LogOutputStream:75 - [STDERR_REDIRECT] [Fatal Error] :1:1: Premature end of file.
2026-04-19 23:55:18,280 [ERROR] LogOutputStream:75 - [STDERR_REDIRECT] 
2026-04-19 23:55:19,275 [ERROR] LogOutputStream:75 - [STDERR_REDIRECT] [Fatal Error] :1:1: Premature end of file.
2026-04-19 23:55:19,275 [ERROR] LogOutputStream:75 - [STDERR_REDIRECT] 
2026-04-19 23:55:20,293 [ERROR] LogOutputStream:75 - [STDERR_REDIRECT] [Fatal Error] :1:1: Premature end of file.
2026-04-19 23:55:20,294 [ERROR] LogOutputStream:75 - [STDERR_REDIRECT] 
2026-04-19 23:55:21,288 [ERROR] LogOutputStream:75 - [STDERR_REDIRECT] [Fatal Error] :1:1: Premature end of file.
2026-04-19 23:55:21,289 [ERROR] LogOutputStream:75 - [STDERR_REDIRECT] 
2026-04-19 23:55:22,279 [ERROR] LogOutputStream:75 - [STDERR_REDIRECT] [Fatal Error] :1:1: Premature end of file.
2026-04-19 23:55:22,279 [ERROR] LogOutputStream:75 - [STDERR_REDIRECT] 
2026-04-19 23:55:23,286 [ERROR] LogOutputStream:75 - [STDERR_REDIRECT] [Fatal Error] :1:1: Premature end of file.
2026-04-19 23:55:23,286 [ERROR] LogOutputStream:75 - [STDERR_REDIRECT] 
2026-04-19 23:55:24,271 [ERROR] LogOutputStream:75 - [STDERR_REDIRECT] [Fatal Error] :1:1: Premature end of file.
2026-04-19 23:55:24,271 [ERROR] LogOutputStream:75 - [STDERR_REDIRECT] 
2026-04-19 23:55:25,287 [ERROR] LogOutputStream:75 - [STDERR_REDIRECT] [Fatal Error] :1:1: Premature end of file.
2026-04-19 23:55:25,287 [ERROR] LogOutputStream:75 - [STDERR_REDIRECT] 
2026-04-19 23:55:26,290 [ERROR] LogOutputStream:75 - [STDERR_REDIRECT] [Fatal Error] :1:1: Premature end of file.
2026-04-19 23:55:26,290 [ERROR] LogOutputStream:75 - [STDERR_REDIRECT] 
2026-04-19 23:55:27,278 [ERROR] LogOutputStream:75 - [STDERR_REDIRECT] [Fatal Error] :1:1: Premature end of file.
2026-04-19 23:55:27,278 [ERROR] LogOutputStream:75 - [STDERR_REDIRECT] 
2026-04-19 23:55:28,285 [ERROR] LogOutputStream:75 - [STDERR_REDIRECT] [Fatal Error] :1:1: Premature end of file.
2026-04-19 23:55:28,286 [ERROR] LogOutputStream:75 - [STDERR_REDIRECT] 
2026-04-19 23:55:29,273 [ERROR] LogOutputStream:75 - [STDERR_REDIRECT] [Fatal Error] :1:1: Premature end of file.
2026-04-19 23:55:29,273 [ERROR] LogOutputStream:75 - [STDERR_REDIRECT] 
2026-04-19 23:55:30,279 [ERROR] LogOutputStream:75 - [STDERR_REDIRECT] [Fatal Error] :1:1: Premature end of file.
2026-04-19 23:55:30,279 [ERROR] LogOutputStream:75 - [STDERR_REDIRECT] 
2026-04-19 23:55:31,271 [ERROR] LogOutputStream:75 - [STDERR_REDIRECT] [Fatal Error] :1:1: Premature end of file.
2026-04-19 23:55:31,272 [ERROR] LogOutputStream:75 - [STDERR_REDIRECT] 
2026-04-19 23:55:32,285 [ERROR] LogOutputStream:75 - [STDERR_REDIRECT] [Fatal Error] :1:1: Premature end of file.
2026-04-19 23:55:32,285 [ERROR] LogOutputStream:75 - [STDERR_REDIRECT] 
2026-04-19 23:55:33,267 [ERROR] LogOutputStream:75 - [STDERR_REDIRECT] [Fatal Error] :1:1: Premature end of file.
2026-04-19 23:55:33,268 [ERROR] LogOutputStream:75 - [STDERR_REDIRECT] 
2026-04-19 23:55:34,278 [ERROR] LogOutputStream:75 - [STDERR_REDIRECT] [Fatal Error] :1:1: Premature end of file.
2026-04-19 23:55:34,279 [ERROR] LogOutputStream:75 - [STDERR_REDIRECT] 
2026-04-19 23:55:35,278 [ERROR] LogOutputStream:75 - [STDERR_REDIRECT] [Fatal Error] :1:1: Premature end of file.
2026-04-19 23:55:35,278 [ERROR] LogOutputStream:75 - [STDERR_REDIRECT] 
2026-04-19 23:55:36,278 [ERROR] LogOutputStream:75 - [STDERR_REDIRECT] [Fatal Error] :1:1: Premature end of file.
2026-04-19 23:55:36,279 [ERROR] LogOutputStream:75 - [STDERR_REDIRECT] 
2026-04-19 23:55:37,283 [ERROR] LogOutputStream:75 - [STDERR_REDIRECT] [Fatal Error] :1:1: Premature end of file.
2026-04-19 23:55:37,283 [ERROR] LogOutputStream:75 - [STDERR_REDIRECT] 
2026-04-19 23:55:38,288 [ERROR] LogOutputStream:75 - [STDERR_REDIRECT] [Fatal Error] :1:1: Premature end of file.
2026-04-19 23:55:38,289 [ERROR] LogOutputStream:75 - [STDERR_REDIRECT] 
2026-04-19 23:55:39,282 [ERROR] LogOutputStream:75 - [STDERR_REDIRECT] [Fatal Error] :1:1: Premature end of file.
2026-04-19 23:55:39,282 [ERROR] LogOutputStream:75 - [STDERR_REDIRECT] 
2026-04-19 23:55:40,281 [ERROR] LogOutputStream:75 - [STDERR_REDIRECT] [Fatal Error] :1:1: Premature end of file.
2026-04-19 23:55:40,281 [ERROR] LogOutputStream:75 - [STDERR_REDIRECT] 
2026-04-19 23:55:41,287 [ERROR] LogOutputStream:75 - [STDERR_REDIRECT] [Fatal Error] :1:1: Premature end of file.
2026-04-19 23:55:41,287 [ERROR] LogOutputStream:75 - [STDERR_REDIRECT] 
2026-04-19 23:55:42,277 [ERROR] LogOutputStream:75 - [STDERR_REDIRECT] [Fatal Error] :1:1: Premature end of file.
2026-04-19 23:55:42,277 [ERROR] LogOutputStream:75 - [STDERR_REDIRECT] 
2026-04-19 23:55:43,283 [ERROR] LogOutputStream:75 - [STDERR_REDIRECT] [Fatal Error] :1:1: Premature end of file.
2026-04-19 23:55:43,284 [ERROR] LogOutputStream:75 - [STDERR_REDIRECT] 
2026-04-19 23:55:44,286 [ERROR] LogOutputStream:75 - [STDERR_REDIRECT] [Fatal Error] :1:1: Premature end of file.
2026-04-19 23:55:44,286 [ERROR] LogOutputStream:75 - [STDERR_REDIRECT] 
2026-04-19 23:55:45,277 [ERROR] LogOutputStream:75 - [STDERR_REDIRECT] [Fatal Error] :1:1: Premature end of file.
2026-04-19 23:55:45,277 [ERROR] LogOutputStream:75 - [STDERR_REDIRECT] 
2026-04-19 23:55:46,279 [ERROR] LogOutputStream:75 - [STDERR_REDIRECT] [Fatal Error] :1:1: Premature end of file.
2026-04-19 23:55:46,279 [ERROR] LogOutputStream:75 - [STDERR_REDIRECT] 
2026-04-19 23:55:47,281 [ERROR] LogOutputStream:75 - [STDERR_REDIRECT] [Fatal Error] :1:1: Premature end of file.
2026-04-19 23:55:47,281 [ERROR] LogOutputStream:75 - [STDERR_REDIRECT] 
2026-04-19 23:55:48,286 [ERROR] LogOutputStream:75 - [STDERR_REDIRECT] [Fatal Error] :1:1: Premature end of file.
2026-04-19 23:55:48,286 [ERROR] LogOutputStream:75 - [STDERR_REDIRECT] 
2026-04-19 23:55:49,276 [ERROR] LogOutputStream:75 - [STDERR_REDIRECT] [Fatal Error] :1:1: Premature end of file.
2026-04-19 23:55:49,276 [ERROR] LogOutputStream:75 - [STDERR_REDIRECT] 
2026-04-19 23:55:50,275 [ERROR] LogOutputStream:75 - [STDERR_REDIRECT] [Fatal Error] :1:1: Premature end of file.
2026-04-19 23:55:50,276 [ERROR] LogOutputStream:75 - [STDERR_REDIRECT] 
2026-04-19 23:55:51,274 [ERROR] LogOutputStream:75 - [STDERR_REDIRECT] [Fatal Error] :1:1: Premature end of file.
2026-04-19 23:55:51,274 [ERROR] LogOutputStream:75 - [STDERR_REDIRECT] 
2026-04-19 23:55:52,275 [ERROR] LogOutputStream:75 - [STDERR_REDIRECT] [Fatal Error] :1:1: Premature end of file.
2026-04-19 23:55:52,275 [ERROR] LogOutputStream:75 - [STDERR_REDIRECT] 
2026-04-19 23:55:53,284 [ERROR] LogOutputStream:75 - [STDERR_REDIRECT] [Fatal Error] :1:1: Premature end of file.
2026-04-19 23:55:53,284 [ERROR] LogOutputStream:75 - [STDERR_REDIRECT] 
2026-04-19 23:55:54,291 [ERROR] LogOutputStream:75 - [STDERR_REDIRECT] [Fatal Error] :1:1: Premature end of file.
2026-04-19 23:55:54,291 [ERROR] LogOutputStream:75 - [STDERR_REDIRECT] 
2026-04-19 23:55:55,282 [ERROR] LogOutputStream:75 - [STDERR_REDIRECT] [Fatal Error] :1:1: Premature end of file.
2026-04-19 23:55:55,282 [ERROR] LogOutputStream:75 - [STDERR_REDIRECT] 
2026-04-19 23:55:56,283 [ERROR] LogOutputStream:75 - [STDERR_REDIRECT] [Fatal Error] :1:1: Premature end of file.
2026-04-19 23:55:56,283 [ERROR] LogOutputStream:75 - [STDERR_REDIRECT] 
2026-04-19 23:55:57,282 [ERROR] LogOutputStream:75 - [STDERR_REDIRECT] [Fatal Error] :1:1: Premature end of file.
2026-04-19 23:55:57,282 [ERROR] LogOutputStream:75 - [STDERR_REDIRECT] 
2026-04-19 23:55:58,273 [ERROR] LogOutputStream:75 - [STDERR_REDIRECT] [Fatal Error] :1:1: Premature end of file.
2026-04-19 23:55:58,274 [ERROR] LogOutputStream:75 - [STDERR_REDIRECT] 
2026-04-19 23:55:59,284 [ERROR] LogOutputStream:75 - [STDERR_REDIRECT] [Fatal Error] :1:1: Premature end of file.
2026-04-19 23:55:59,284 [ERROR] LogOutputStream:75 - [STDERR_REDIRECT] 
2026-04-19 23:56:00,293 [ERROR] LogOutputStream:75 - [STDERR_REDIRECT] [Fatal Error] :1:1: Premature end of file.
2026-04-19 23:56:00,293 [ERROR] LogOutputStream:75 - [STDERR_REDIRECT] 
2026-04-19 23:56:01,283 [ERROR] LogOutputStream:75 - [STDERR_REDIRECT] [Fatal Error] :1:1: Premature end of file.
2026-04-19 23:56:01,283 [ERROR] LogOutputStream:75 - [STDERR_REDIRECT] 
2026-04-19 23:56:02,276 [ERROR] LogOutputStream:75 - [STDERR_REDIRECT] [Fatal Error] :1:1: Premature end of file.
2026-04-19 23:56:02,276 [ERROR] LogOutputStream:75 - [STDERR_REDIRECT] 
2026-04-19 23:56:03,273 [ERROR] LogOutputStream:75 - [STDERR_REDIRECT] [Fatal Error] :1:1: Premature end of file.
2026-04-19 23:56:03,273 [ERROR] LogOutputStream:75 - [STDERR_REDIRECT] 
2026-04-19 23:56:04,281 [ERROR] LogOutputStream:75 - [STDERR_REDIRECT] [Fatal Error] :1:1: Premature end of file.
2026-04-19 23:56:04,281 [ERROR] LogOutputStream:75 - [STDERR_REDIRECT] 
2026-04-19 23:56:05,275 [ERROR] LogOutputStream:75 - [STDERR_REDIRECT] [Fatal Error] :1:1: Premature end of file.
2026-04-19 23:56:05,275 [ERROR] LogOutputStream:75 - [STDERR_REDIRECT] 
2026-04-19 23:56:06,283 [ERROR] LogOutputStream:75 - [STDERR_REDIRECT] [Fatal Error] :1:1: Premature end of file.
2026-04-19 23:56:06,283 [ERROR] LogOutputStream:75 - [STDERR_REDIRECT] 
2026-04-19 23:56:07,284 [ERROR] LogOutputStream:75 - [STDERR_REDIRECT] [Fatal Error] :1:1: Premature end of file.
2026-04-19 23:56:07,284 [ERROR] LogOutputStream:75 - [STDERR_REDIRECT] 
2026-04-19 23:56:08,282 [ERROR] LogOutputStream:75 - [STDERR_REDIRECT] [Fatal Error] :1:1: Premature end of file.
2026-04-19 23:56:08,282 [ERROR] LogOutputStream:75 - [STDERR_REDIRECT] 
2026-04-19 23:56:09,277 [ERROR] LogOutputStream:75 - [STDERR_REDIRECT] [Fatal Error] :1:1: Premature end of file.
2026-04-19 23:56:09,277 [ERROR] LogOutputStream:75 - [STDERR_REDIRECT] 
2026-04-19 23:56:10,278 [ERROR] LogOutputStream:75 - [STDERR_REDIRECT] [Fatal Error] :1:1: Premature end of file.
2026-04-19 23:56:10,278 [ERROR] LogOutputStream:75 - [STDERR_REDIRECT] 
2026-04-19 23:56:11,283 [ERROR] LogOutputStream:75 - [STDERR_REDIRECT] [Fatal Error] :1:1: Premature end of file.
2026-04-19 23:56:11,283 [ERROR] LogOutputStream:75 - [STDERR_REDIRECT] 
2026-04-19 23:56:12,289 [ERROR] LogOutputStream:75 - [STDERR_REDIRECT] [Fatal Error] :1:1: Premature end of file.
2026-04-19 23:56:12,289 [ERROR] LogOutputStream:75 - [STDERR_REDIRECT] 
2026-04-19 23:56:13,289 [ERROR] LogOutputStream:75 - [STDERR_REDIRECT] [Fatal Error] :1:1: Premature end of file.
2026-04-19 23:56:13,289 [ERROR] LogOutputStream:75 - [STDERR_REDIRECT] 
2026-04-19 23:56:14,289 [ERROR] LogOutputStream:75 - [STDERR_REDIRECT] [Fatal Error] :1:1: Premature end of file.
2026-04-19 23:56:14,289 [ERROR] LogOutputStream:75 - [STDERR_REDIRECT] 
2026-04-19 23:56:15,283 [ERROR] LogOutputStream:75 - [STDERR_REDIRECT] [Fatal Error] :1:1: Premature end of file.
2026-04-19 23:56:15,283 [ERROR] LogOutputStream:75 - [STDERR_REDIRECT] 
2026-04-19 23:56:16,278 [ERROR] LogOutputStream:75 - [STDERR_REDIRECT] [Fatal Error] :1:1: Premature end of file.
2026-04-19 23:56:16,278 [ERROR] LogOutputStream:75 - [STDERR_REDIRECT] 
2026-04-19 23:56:17,283 [ERROR] LogOutputStream:75 - [STDERR_REDIRECT] [Fatal Error] :1:1: Premature end of file.
2026-04-19 23:56:17,283 [ERROR] LogOutputStream:75 - [STDERR_REDIRECT] 
2026-04-19 23:56:18,282 [ERROR] LogOutputStream:75 - [STDERR_REDIRECT] [Fatal Error] :1:1: Premature end of file.
2026-04-19 23:56:18,282 [ERROR] LogOutputStream:75 - [STDERR_REDIRECT] 
2026-04-19 23:56:19,277 [ERROR] LogOutputStream:75 - [STDERR_REDIRECT] [Fatal Error] :1:1: Premature end of file.
2026-04-19 23:56:19,277 [ERROR] LogOutputStream:75 - [STDERR_REDIRECT] 
2026-04-19 23:56:20,283 [ERROR] LogOutputStream:75 - [STDERR_REDIRECT] [Fatal Error] :1:1: Premature end of file.
2026-04-19 23:56:20,283 [ERROR] LogOutputStream:75 - [STDERR_REDIRECT] 
2026-04-19 23:56:21,280 [ERROR] LogOutputStream:75 - [STDERR_REDIRECT] [Fatal Error] :1:1: Premature end of file.
2026-04-19 23:56:21,280 [ERROR] LogOutputStream:75 - [STDERR_REDIRECT] 
2026-04-19 23:56:22,289 [ERROR] LogOutputStream:75 - [STDERR_REDIRECT] [Fatal Error] :1:1: Premature end of file.
2026-04-19 23:56:22,290 [ERROR] LogOutputStream:75 - [STDERR_REDIRECT] 
2026-04-19 23:56:23,281 [ERROR] LogOutputStream:75 - [STDERR_REDIRECT] [Fatal Error] :1:1: Premature end of file.
2026-04-19 23:56:23,281 [ERROR] LogOutputStream:75 - [STDERR_REDIRECT] 
2026-04-19 23:56:24,277 [ERROR] LogOutputStream:75 - [STDERR_REDIRECT] [Fatal Error] :1:1: Premature end of file.
2026-04-19 23:56:24,277 [ERROR] LogOutputStream:75 - [STDERR_REDIRECT] 
2026-04-19 23:56:25,289 [ERROR] LogOutputStream:75 - [STDERR_REDIRECT] [Fatal Error] :1:1: Premature end of file.
2026-04-19 23:56:25,289 [ERROR] LogOutputStream:75 - [STDERR_REDIRECT] 
2026-04-19 23:56:26,307 [ERROR] LogOutputStream:75 - [STDERR_REDIRECT] [Fatal Error] :1:1: Premature end of file.
2026-04-19 23:56:26,307 [ERROR] LogOutputStream:75 - [STDERR_REDIRECT] 
2026-04-19 23:56:27,274 [ERROR] LogOutputStream:75 - [STDERR_REDIRECT] [Fatal Error] :1:1: Premature end of file.
2026-04-19 23:56:27,274 [ERROR] LogOutputStream:75 - [STDERR_REDIRECT] 
2026-04-19 23:56:28,282 [ERROR] LogOutputStream:75 - [STDERR_REDIRECT] [Fatal Error] :1:1: Premature end of file.
2026-04-19 23:56:28,282 [ERROR] LogOutputStream:75 - [STDERR_REDIRECT] 
2026-04-19 23:56:29,268 [ERROR] LogOutputStream:75 - [STDERR_REDIRECT] [Fatal Error] :1:1: Premature end of file.
2026-04-19 23:56:29,268 [ERROR] LogOutputStream:75 - [STDERR_REDIRECT] 
2026-04-19 23:56:30,279 [ERROR] LogOutputStream:75 - [STDERR_REDIRECT] [Fatal Error] :1:1: Premature end of file.
2026-04-19 23:56:30,279 [ERROR] LogOutputStream:75 - [STDERR_REDIRECT] 
2026-04-19 23:56:31,277 [ERROR] LogOutputStream:75 - [STDERR_REDIRECT] [Fatal Error] :1:1: Premature end of file.
2026-04-19 23:56:31,277 [ERROR] LogOutputStream:75 - [STDERR_REDIRECT] 
2026-04-19 23:56:32,279 [ERROR] LogOutputStream:75 - [STDERR_REDIRECT] [Fatal Error] :1:1: Premature end of file.
2026-04-19 23:56:32,279 [ERROR] LogOutputStream:75 - [STDERR_REDIRECT] 
2026-04-19 23:56:33,275 [ERROR] LogOutputStream:75 - [STDERR_REDIRECT] [Fatal Error] :1:1: Premature end of file.
2026-04-19 23:56:33,275 [ERROR] LogOutputStream:75 - [STDERR_REDIRECT] 
2026-04-19 23:56:34,273 [ERROR] LogOutputStream:75 - [STDERR_REDIRECT] [Fatal Error] :1:1: Premature end of file.
2026-04-19 23:56:34,273 [ERROR] LogOutputStream:75 - [STDERR_REDIRECT] 
2026-04-19 23:56:35,279 [ERROR] LogOutputStream:75 - [STDERR_REDIRECT] [Fatal Error] :1:1: Premature end of file.
2026-04-19 23:56:35,280 [ERROR] LogOutputStream:75 - [STDERR_REDIRECT] 
2026-04-19 23:56:36,273 [ERROR] LogOutputStream:75 - [STDERR_REDIRECT] [Fatal Error] :1:1: Premature end of file.
2026-04-19 23:56:36,273 [ERROR] LogOutputStream:75 - [STDERR_REDIRECT] 
2026-04-19 23:56:37,272 [ERROR] LogOutputStream:75 - [STDERR_REDIRECT] [Fatal Error] :1:1: Premature end of file.
2026-04-19 23:56:37,272 [ERROR] LogOutputStream:75 - [STDERR_REDIRECT] 
2026-04-19 23:56:38,276 [ERROR] LogOutputStream:75 - [STDERR_REDIRECT] [Fatal Error] :1:1: Premature end of file.
2026-04-19 23:56:38,276 [ERROR] LogOutputStream:75 - [STDERR_REDIRECT] 
2026-04-19 23:56:39,271 [ERROR] LogOutputStream:75 - [STDERR_REDIRECT] [Fatal Error] :1:1: Premature end of file.
2026-04-19 23:56:39,272 [ERROR] LogOutputStream:75 - [STDERR_REDIRECT] 
2026-04-19 23:56:40,265 [ERROR] LogOutputStream:75 - [STDERR_REDIRECT] [Fatal Error] :1:1: Premature end of file.
2026-04-19 23:56:40,265 [ERROR] LogOutputStream:75 - [STDERR_REDIRECT] 
2026-04-19 23:56:41,290 [ERROR] LogOutputStream:75 - [STDERR_REDIRECT] [Fatal Error] :1:1: Premature end of file.
2026-04-19 23:56:41,291 [ERROR] LogOutputStream:75 - [STDERR_REDIRECT] 
2026-04-19 23:56:42,276 [ERROR] LogOutputStream:75 - [STDERR_REDIRECT] [Fatal Error] :1:1: Premature end of file.
2026-04-19 23:56:42,276 [ERROR] LogOutputStream:75 - [STDERR_REDIRECT] 
2026-04-19 23:56:43,269 [ERROR] LogOutputStream:75 - [STDERR_REDIRECT] [Fatal Error] :1:1: Premature end of file.
2026-04-19 23:56:43,269 [ERROR] LogOutputStream:75 - [STDERR_REDIRECT] 
2026-04-19 23:56:44,272 [ERROR] LogOutputStream:75 - [STDERR_REDIRECT] [Fatal Error] :1:1: Premature end of file.
2026-04-19 23:56:44,272 [ERROR] LogOutputStream:75 - [STDERR_REDIRECT] 
2026-04-19 23:56:45,281 [ERROR] LogOutputStream:75 - [STDERR_REDIRECT] [Fatal Error] :1:1: Premature end of file.
2026-04-19 23:56:45,281 [ERROR] LogOutputStream:75 - [STDERR_REDIRECT] 
2026-04-19 23:56:46,275 [ERROR] LogOutputStream:75 - [STDERR_REDIRECT] [Fatal Error] :1:1: Premature end of file.
2026-04-19 23:56:46,276 [ERROR] LogOutputStream:75 - [STDERR_REDIRECT] 
2026-04-19 23:56:47,273 [ERROR] LogOutputStream:75 - [STDERR_REDIRECT] [Fatal Error] :1:1: Premature end of file.
2026-04-19 23:56:47,273 [ERROR] LogOutputStream:75 - [STDERR_REDIRECT] 
2026-04-19 23:56:48,276 [ERROR] LogOutputStream:75 - [STDERR_REDIRECT] [Fatal Error] :1:1: Premature end of file.
2026-04-19 23:56:48,277 [ERROR] LogOutputStream:75 - [STDERR_REDIRECT] 
2026-04-19 23:56:49,288 [ERROR] LogOutputStream:75 - [STDERR_REDIRECT] [Fatal Error] :1:1: Premature end of file.
2026-04-19 23:56:49,288 [ERROR] LogOutputStream:75 - [STDERR_REDIRECT] 
2026-04-19 23:56:50,284 [ERROR] LogOutputStream:75 - [STDERR_REDIRECT] [Fatal Error] :1:1: Premature end of file.
2026-04-19 23:56:50,284 [ERROR] LogOutputStream:75 - [STDERR_REDIRECT] 
2026-04-19 23:56:51,286 [ERROR] LogOutputStream:75 - [STDERR_REDIRECT] [Fatal Error] :1:1: Premature end of file.
2026-04-19 23:56:51,286 [ERROR] LogOutputStream:75 - [STDERR_REDIRECT] 
2026-04-19 23:56:52,281 [ERROR] LogOutputStream:75 - [STDERR_REDIRECT] [Fatal Error] :1:1: Premature end of file.
2026-04-19 23:56:52,281 [ERROR] LogOutputStream:75 - [STDERR_REDIRECT] 
2026-04-19 23:56:53,276 [ERROR] LogOutputStream:75 - [STDERR_REDIRECT] [Fatal Error] :1:1: Premature end of file.
2026-04-19 23:56:53,276 [ERROR] LogOutputStream:75 - [STDERR_REDIRECT] 
2026-04-19 23:56:54,282 [ERROR] LogOutputStream:75 - [STDERR_REDIRECT] [Fatal Error] :1:1: Premature end of file.
2026-04-19 23:56:54,282 [ERROR] LogOutputStream:75 - [STDERR_REDIRECT] 
2026-04-19 23:56:55,291 [ERROR] LogOutputStream:75 - [STDERR_REDIRECT] [Fatal Error] :1:1: Premature end of file.
2026-04-19 23:56:55,291 [ERROR] LogOutputStream:75 - [STDERR_REDIRECT] 
2026-04-19 23:56:56,285 [ERROR] LogOutputStream:75 - [STDERR_REDIRECT] [Fatal Error] :1:1: Premature end of file.
2026-04-19 23:56:56,285 [ERROR] LogOutputStream:75 - [STDERR_REDIRECT] 
2026-04-19 23:56:57,283 [ERROR] LogOutputStream:75 - [STDERR_REDIRECT] [Fatal Error] :1:1: Premature end of file.
2026-04-19 23:56:57,283 [ERROR] LogOutputStream:75 - [STDERR_REDIRECT] 
2026-04-19 23:56:58,288 [ERROR] LogOutputStream:75 - [STDERR_REDIRECT] [Fatal Error] :1:1: Premature end of file.
2026-04-19 23:56:58,288 [ERROR] LogOutputStream:75 - [STDERR_REDIRECT] 
2026-04-19 23:56:59,285 [ERROR] LogOutputStream:75 - [STDERR_REDIRECT] [Fatal Error] :1:1: Premature end of file.
2026-04-19 23:56:59,285 [ERROR] LogOutputStream:75 - [STDERR_REDIRECT] 
2026-04-19 23:57:00,287 [ERROR] LogOutputStream:75 - [STDERR_REDIRECT] [Fatal Error] :1:1: Premature end of file.
2026-04-19 23:57:00,287 [ERROR] LogOutputStream:75 - [STDERR_REDIRECT] 
2026-04-19 23:57:01,285 [ERROR] LogOutputStream:75 - [STDERR_REDIRECT] [Fatal Error] :1:1: Premature end of file.
2026-04-19 23:57:01,285 [ERROR] LogOutputStream:75 - [STDERR_REDIRECT] 
2026-04-19 23:57:02,286 [ERROR] LogOutputStream:75 - [STDERR_REDIRECT] [Fatal Error] :1:1: Premature end of file.
2026-04-19 23:57:02,286 [ERROR] LogOutputStream:75 - [STDERR_REDIRECT] 
2026-04-19 23:57:03,276 [ERROR] LogOutputStream:75 - [STDERR_REDIRECT] [Fatal Error] :1:1: Premature end of file.
2026-04-19 23:57:03,277 [ERROR] LogOutputStream:75 - [STDERR_REDIRECT] 
2026-04-19 23:57:04,270 [ERROR] LogOutputStream:75 - [STDERR_REDIRECT] [Fatal Error] :1:1: Premature end of file.
2026-04-19 23:57:04,270 [ERROR] LogOutputStream:75 - [STDERR_REDIRECT] 
2026-04-19 23:57:05,281 [ERROR] LogOutputStream:75 - [STDERR_REDIRECT] [Fatal Error] :1:1: Premature end of file.
2026-04-19 23:57:05,284 [ERROR] LogOutputStream:75 - [STDERR_REDIRECT] 
2026-04-19 23:57:06,281 [ERROR] LogOutputStream:75 - [STDERR_REDIRECT] [Fatal Error] :1:1: Premature end of file.
2026-04-19 23:57:06,281 [ERROR] LogOutputStream:75 - [STDERR_REDIRECT] 
2026-04-19 23:57:07,271 [ERROR] LogOutputStream:75 - [STDERR_REDIRECT] [Fatal Error] :1:1: Premature end of file.
2026-04-19 23:57:07,271 [ERROR] LogOutputStream:75 - [STDERR_REDIRECT] 
2026-04-19 23:57:08,293 [ERROR] LogOutputStream:75 - [STDERR_REDIRECT] [Fatal Error] :1:1: Premature end of file.
2026-04-19 23:57:08,295 [ERROR] LogOutputStream:75 - [STDERR_REDIRECT] 
2026-04-19 23:57:09,270 [ERROR] LogOutputStream:75 - [STDERR_REDIRECT] [Fatal Error] :1:1: Premature end of file.
2026-04-19 23:57:09,270 [ERROR] LogOutputStream:75 - [STDERR_REDIRECT] 
2026-04-19 23:57:10,276 [ERROR] LogOutputStream:75 - [STDERR_REDIRECT] [Fatal Error] :1:1: Premature end of file.
2026-04-19 23:57:10,276 [ERROR] LogOutputStream:75 - [STDERR_REDIRECT] 
2026-04-19 23:57:11,271 [ERROR] LogOutputStream:75 - [STDERR_REDIRECT] [Fatal Error] :1:1: Premature end of file.
2026-04-19 23:57:11,272 [ERROR] LogOutputStream:75 - [STDERR_REDIRECT] 
2026-04-19 23:57:12,269 [ERROR] LogOutputStream:75 - [STDERR_REDIRECT] [Fatal Error] :1:1: Premature end of file.
2026-04-19 23:57:12,269 [ERROR] LogOutputStream:75 - [STDERR_REDIRECT] 
2026-04-19 23:57:13,273 [ERROR] LogOutputStream:75 - [STDERR_REDIRECT] [Fatal Error] :1:1: Premature end of file.
2026-04-19 23:57:13,273 [ERROR] LogOutputStream:75 - [STDERR_REDIRECT] 
2026-04-19 23:57:14,275 [ERROR] LogOutputStream:75 - [STDERR_REDIRECT] [Fatal Error] :1:1: Premature end of file.
2026-04-19 23:57:14,275 [ERROR] LogOutputStream:75 - [STDERR_REDIRECT] 
2026-04-19 23:57:15,269 [ERROR] LogOutputStream:75 - [STDERR_REDIRECT] [Fatal Error] :1:1: Premature end of file.
2026-04-19 23:57:15,269 [ERROR] LogOutputStream:75 - [STDERR_REDIRECT] 
2026-04-19 23:57:16,267 [ERROR] LogOutputStream:75 - [STDERR_REDIRECT] [Fatal Error] :1:1: Premature end of file.
2026-04-19 23:57:16,267 [ERROR] LogOutputStream:75 - [STDERR_REDIRECT] 
2026-04-19 23:57:17,273 [ERROR] LogOutputStream:75 - [STDERR_REDIRECT] [Fatal Error] :1:1: Premature end of file.
2026-04-19 23:57:17,273 [ERROR] LogOutputStream:75 - [STDERR_REDIRECT] 
2026-04-19 23:57:18,273 [ERROR] LogOutputStream:75 - [STDERR_REDIRECT] [Fatal Error] :1:1: Premature end of file.
2026-04-19 23:57:18,273 [ERROR] LogOutputStream:75 - [STDERR_REDIRECT] 
2026-04-19 23:57:19,273 [ERROR] LogOutputStream:75 - [STDERR_REDIRECT] [Fatal Error] :1:1: Premature end of file.
2026-04-19 23:57:19,273 [ERROR] LogOutputStream:75 - [STDERR_REDIRECT] 
2026-04-19 23:57:20,284 [ERROR] LogOutputStream:75 - [STDERR_REDIRECT] [Fatal Error] :1:1: Premature end of file.
2026-04-19 23:57:20,285 [ERROR] LogOutputStream:75 - [STDERR_REDIRECT] 
2026-04-19 23:57:21,279 [ERROR] LogOutputStream:75 - [STDERR_REDIRECT] [Fatal Error] :1:1: Premature end of file.
2026-04-19 23:57:21,279 [ERROR] LogOutputStream:75 - [STDERR_REDIRECT] 
2026-04-19 23:57:22,283 [ERROR] LogOutputStream:75 - [STDERR_REDIRECT] [Fatal Error] :1:1: Premature end of file.
2026-04-19 23:57:22,283 [ERROR] LogOutputStream:75 - [STDERR_REDIRECT] 
2026-04-19 23:57:23,296 [ERROR] LogOutputStream:75 - [STDERR_REDIRECT] [Fatal Error] :1:1: Premature end of file.
2026-04-19 23:57:23,296 [ERROR] LogOutputStream:75 - [STDERR_REDIRECT] 
2026-04-19 23:57:24,289 [ERROR] LogOutputStream:75 - [STDERR_REDIRECT] [Fatal Error] :1:1: Premature end of file.
2026-04-19 23:57:24,289 [ERROR] LogOutputStream:75 - [STDERR_REDIRECT] 
2026-04-19 23:57:25,271 [ERROR] LogOutputStream:75 - [STDERR_REDIRECT] [Fatal Error] :1:1: Premature end of file.
2026-04-19 23:57:25,271 [ERROR] LogOutputStream:75 - [STDERR_REDIRECT] 
2026-04-19 23:57:26,270 [ERROR] LogOutputStream:75 - [STDERR_REDIRECT] [Fatal Error] :1:1: Premature end of file.
2026-04-19 23:57:26,270 [ERROR] LogOutputStream:75 - [STDERR_REDIRECT] 
2026-04-19 23:57:27,270 [ERROR] LogOutputStream:75 - [STDERR_REDIRECT] [Fatal Error] :1:1: Premature end of file.
2026-04-19 23:57:27,270 [ERROR] LogOutputStream:75 - [STDERR_REDIRECT] 
2026-04-19 23:57:28,267 [ERROR] LogOutputStream:75 - [STDERR_REDIRECT] [Fatal Error] :1:1: Premature end of file.
2026-04-19 23:57:28,267 [ERROR] LogOutputStream:75 - [STDERR_REDIRECT] 
2026-04-19 23:57:29,267 [ERROR] LogOutputStream:75 - [STDERR_REDIRECT] [Fatal Error] :1:1: Premature end of file.
2026-04-19 23:57:29,268 [ERROR] LogOutputStream:75 - [STDERR_REDIRECT] 
2026-04-19 23:57:30,274 [ERROR] LogOutputStream:75 - [STDERR_REDIRECT] [Fatal Error] :1:1: Premature end of file.
2026-04-19 23:57:30,274 [ERROR] LogOutputStream:75 - [STDERR_REDIRECT] 
2026-04-19 23:57:31,273 [ERROR] LogOutputStream:75 - [STDERR_REDIRECT] [Fatal Error] :1:1: Premature end of file.
2026-04-19 23:57:31,273 [ERROR] LogOutputStream:75 - [STDERR_REDIRECT] 
2026-04-19 23:57:32,271 [ERROR] LogOutputStream:75 - [STDERR_REDIRECT] [Fatal Error] :1:1: Premature end of file.
2026-04-19 23:57:32,271 [ERROR] LogOutputStream:75 - [STDERR_REDIRECT] 
2026-04-19 23:57:33,273 [ERROR] LogOutputStream:75 - [STDERR_REDIRECT] [Fatal Error] :1:1: Premature end of file.
2026-04-19 23:57:33,273 [ERROR] LogOutputStream:75 - [STDERR_REDIRECT] 
2026-04-19 23:57:34,288 [ERROR] LogOutputStream:75 - [STDERR_REDIRECT] [Fatal Error] :1:1: Premature end of file.
2026-04-19 23:57:34,288 [ERROR] LogOutputStream:75 - [STDERR_REDIRECT] 
2026-04-19 23:57:35,285 [ERROR] LogOutputStream:75 - [STDERR_REDIRECT] [Fatal Error] :1:1: Premature end of file.
2026-04-19 23:57:35,285 [ERROR] LogOutputStream:75 - [STDERR_REDIRECT] 
2026-04-19 23:57:36,270 [ERROR] LogOutputStream:75 - [STDERR_REDIRECT] [Fatal Error] :1:1: Premature end of file.
2026-04-19 23:57:36,270 [ERROR] LogOutputStream:75 - [STDERR_REDIRECT] 
2026-04-19 23:57:37,277 [ERROR] LogOutputStream:75 - [STDERR_REDIRECT] [Fatal Error] :1:1: Premature end of file.
2026-04-19 23:57:37,277 [ERROR] LogOutputStream:75 - [STDERR_REDIRECT] 
2026-04-19 23:57:38,283 [ERROR] LogOutputStream:75 - [STDERR_REDIRECT] [Fatal Error] :1:1: Premature end of file.
2026-04-19 23:57:38,283 [ERROR] LogOutputStream:75 - [STDERR_REDIRECT] 
2026-04-19 23:57:39,277 [ERROR] LogOutputStream:75 - [STDERR_REDIRECT] [Fatal Error] :1:1: Premature end of file.
2026-04-19 23:57:39,278 [ERROR] LogOutputStream:75 - [STDERR_REDIRECT] 
2026-04-19 23:57:40,280 [ERROR] LogOutputStream:75 - [STDERR_REDIRECT] [Fatal Error] :1:1: Premature end of file.
2026-04-19 23:57:40,280 [ERROR] LogOutputStream:75 - [STDERR_REDIRECT] 
2026-04-19 23:57:41,277 [ERROR] LogOutputStream:75 - [STDERR_REDIRECT] [Fatal Error] :1:1: Premature end of file.
2026-04-19 23:57:41,277 [ERROR] LogOutputStream:75 - [STDERR_REDIRECT] 
2026-04-19 23:57:42,287 [ERROR] LogOutputStream:75 - [STDERR_REDIRECT] [Fatal Error] :1:1: Premature end of file.
2026-04-19 23:57:42,287 [ERROR] LogOutputStream:75 - [STDERR_REDIRECT] 
2026-04-19 23:57:43,272 [ERROR] LogOutputStream:75 - [STDERR_REDIRECT] [Fatal Error] :1:1: Premature end of file.
2026-04-19 23:57:43,273 [ERROR] LogOutputStream:75 - [STDERR_REDIRECT] 
2026-04-19 23:57:44,270 [ERROR] LogOutputStream:75 - [STDERR_REDIRECT] [Fatal Error] :1:1: Premature end of file.
2026-04-19 23:57:44,270 [ERROR] LogOutputStream:75 - [STDERR_REDIRECT] 
2026-04-19 23:57:45,292 [ERROR] LogOutputStream:75 - [STDERR_REDIRECT] [Fatal Error] :1:1: Premature end of file.
2026-04-19 23:57:45,293 [ERROR] LogOutputStream:75 - [STDERR_REDIRECT] 
2026-04-19 23:57:46,281 [ERROR] LogOutputStream:75 - [STDERR_REDIRECT] [Fatal Error] :1:1: Premature end of file.
2026-04-19 23:57:46,281 [ERROR] LogOutputStream:75 - [STDERR_REDIRECT] 
2026-04-19 23:57:47,285 [ERROR] LogOutputStream:75 - [STDERR_REDIRECT] [Fatal Error] :1:1: Premature end of file.
2026-04-19 23:57:47,285 [ERROR] LogOutputStream:75 - [STDERR_REDIRECT] 
2026-04-19 23:57:48,286 [ERROR] LogOutputStream:75 - [STDERR_REDIRECT] [Fatal Error] :1:1: Premature end of file.
2026-04-19 23:57:48,286 [ERROR] LogOutputStream:75 - [STDERR_REDIRECT] 
2026-04-19 23:57:49,290 [ERROR] LogOutputStream:75 - [STDERR_REDIRECT] [Fatal Error] :1:1: Premature end of file.
2026-04-19 23:57:49,291 [ERROR] LogOutputStream:75 - [STDERR_REDIRECT] 
2026-04-19 23:57:50,292 [ERROR] LogOutputStream:75 - [STDERR_REDIRECT] [Fatal Error] :1:1: Premature end of file.
2026-04-19 23:57:50,292 [ERROR] LogOutputStream:75 - [STDERR_REDIRECT] 
2026-04-19 23:57:51,280 [ERROR] LogOutputStream:75 - [STDERR_REDIRECT] [Fatal Error] :1:1: Premature end of file.
2026-04-19 23:57:51,280 [ERROR] LogOutputStream:75 - [STDERR_REDIRECT] 
2026-04-19 23:57:52,281 [ERROR] LogOutputStream:75 - [STDERR_REDIRECT] [Fatal Error] :1:1: Premature end of file.
2026-04-19 23:57:52,281 [ERROR] LogOutputStream:75 - [STDERR_REDIRECT] 
2026-04-19 23:57:53,275 [ERROR] LogOutputStream:75 - [STDERR_REDIRECT] [Fatal Error] :1:1: Premature end of file.
2026-04-19 23:57:53,275 [ERROR] LogOutputStream:75 - [STDERR_REDIRECT] 
2026-04-19 23:57:54,285 [ERROR] LogOutputStream:75 - [STDERR_REDIRECT] [Fatal Error] :1:1: Premature end of file.
2026-04-19 23:57:54,285 [ERROR] LogOutputStream:75 - [STDERR_REDIRECT] 
2026-04-19 23:57:55,283 [ERROR] LogOutputStream:75 - [STDERR_REDIRECT] [Fatal Error] :1:1: Premature end of file.
2026-04-19 23:57:55,283 [ERROR] LogOutputStream:75 - [STDERR_REDIRECT] 
2026-04-19 23:57:56,287 [ERROR] LogOutputStream:75 - [STDERR_REDIRECT] [Fatal Error] :1:1: Premature end of file.
2026-04-19 23:57:56,287 [ERROR] LogOutputStream:75 - [STDERR_REDIRECT] 
2026-04-19 23:57:57,279 [ERROR] LogOutputStream:75 - [STDERR_REDIRECT] [Fatal Error] :1:1: Premature end of file.
2026-04-19 23:57:57,279 [ERROR] LogOutputStream:75 - [STDERR_REDIRECT] 
2026-04-19 23:57:58,290 [ERROR] LogOutputStream:75 - [STDERR_REDIRECT] [Fatal Error] :1:1: Premature end of file.
2026-04-19 23:57:58,290 [ERROR] LogOutputStream:75 - [STDERR_REDIRECT] 
2026-04-19 23:57:59,275 [ERROR] LogOutputStream:75 - [STDERR_REDIRECT] [Fatal Error] :1:1: Premature end of file.
2026-04-19 23:57:59,275 [ERROR] LogOutputStream:75 - [STDERR_REDIRECT] 
2026-04-19 23:58:00,289 [ERROR] LogOutputStream:75 - [STDERR_REDIRECT] [Fatal Error] :1:1: Premature end of file.
2026-04-19 23:58:00,290 [ERROR] LogOutputStream:75 - [STDERR_REDIRECT] 
2026-04-19 23:58:01,287 [ERROR] LogOutputStream:75 - [STDERR_REDIRECT] [Fatal Error] :1:1: Premature end of file.
2026-04-19 23:58:01,287 [ERROR] LogOutputStream:75 - [STDERR_REDIRECT] 
2026-04-19 23:58:02,278 [ERROR] LogOutputStream:75 - [STDERR_REDIRECT] [Fatal Error] :1:1: Premature end of file.
2026-04-19 23:58:02,278 [ERROR] LogOutputStream:75 - [STDERR_REDIRECT] 
2026-04-19 23:58:03,286 [ERROR] LogOutputStream:75 - [STDERR_REDIRECT] [Fatal Error] :1:1: Premature end of file.
2026-04-19 23:58:03,286 [ERROR] LogOutputStream:75 - [STDERR_REDIRECT] 
2026-04-19 23:58:04,277 [ERROR] LogOutputStream:75 - [STDERR_REDIRECT] [Fatal Error] :1:1: Premature end of file.
2026-04-19 23:58:04,277 [ERROR] LogOutputStream:75 - [STDERR_REDIRECT] 
2026-04-19 23:58:05,278 [ERROR] LogOutputStream:75 - [STDERR_REDIRECT] [Fatal Error] :1:1: Premature end of file.
2026-04-19 23:58:05,280 [ERROR] LogOutputStream:75 - [STDERR_REDIRECT] 
2026-04-19 23:58:06,273 [ERROR] LogOutputStream:75 - [STDERR_REDIRECT] [Fatal Error] :1:1: Premature end of file.
2026-04-19 23:58:06,273 [ERROR] LogOutputStream:75 - [STDERR_REDIRECT] 
2026-04-19 23:58:07,281 [ERROR] LogOutputStream:75 - [STDERR_REDIRECT] [Fatal Error] :1:1: Premature end of file.
2026-04-19 23:58:07,281 [ERROR] LogOutputStream:75 - [STDERR_REDIRECT] 
2026-04-19 23:58:08,278 [ERROR] LogOutputStream:75 - [STDERR_REDIRECT] [Fatal Error] :1:1: Premature end of file.
2026-04-19 23:58:08,278 [ERROR] LogOutputStream:75 - [STDERR_REDIRECT] 
2026-04-19 23:58:09,285 [ERROR] LogOutputStream:75 - [STDERR_REDIRECT] [Fatal Error] :1:1: Premature end of file.
2026-04-19 23:58:09,285 [ERROR] LogOutputStream:75 - [STDERR_REDIRECT] 
2026-04-19 23:58:10,304 [ERROR] LogOutputStream:75 - [STDERR_REDIRECT] [Fatal Error] :1:1: Premature end of file.
2026-04-19 23:58:10,305 [ERROR] LogOutputStream:75 - [STDERR_REDIRECT] 
2026-04-19 23:58:11,280 [ERROR] LogOutputStream:75 - [STDERR_REDIRECT] [Fatal Error] :1:1: Premature end of file.
2026-04-19 23:58:11,280 [ERROR] LogOutputStream:75 - [STDERR_REDIRECT] 
2026-04-19 23:58:12,286 [ERROR] LogOutputStream:75 - [STDERR_REDIRECT] [Fatal Error] :1:1: Premature end of file.
2026-04-19 23:58:12,286 [ERROR] LogOutputStream:75 - [STDERR_REDIRECT] 
2026-04-19 23:58:13,277 [ERROR] LogOutputStream:75 - [STDERR_REDIRECT] [Fatal Error] :1:1: Premature end of file.
2026-04-19 23:58:13,277 [ERROR] LogOutputStream:75 - [STDERR_REDIRECT] 
2026-04-19 23:58:14,279 [ERROR] LogOutputStream:75 - [STDERR_REDIRECT] [Fatal Error] :1:1: Premature end of file.
2026-04-19 23:58:14,279 [ERROR] LogOutputStream:75 - [STDERR_REDIRECT] 
2026-04-19 23:58:15,285 [ERROR] LogOutputStream:75 - [STDERR_REDIRECT] [Fatal Error] :1:1: Premature end of file.
2026-04-19 23:58:15,286 [ERROR] LogOutputStream:75 - [STDERR_REDIRECT] 
2026-04-19 23:58:16,277 [ERROR] LogOutputStream:75 - [STDERR_REDIRECT] [Fatal Error] :1:1: Premature end of file.
2026-04-19 23:58:16,277 [ERROR] LogOutputStream:75 - [STDERR_REDIRECT] 
2026-04-19 23:58:17,276 [ERROR] LogOutputStream:75 - [STDERR_REDIRECT] [Fatal Error] :1:1: Premature end of file.
2026-04-19 23:58:17,276 [ERROR] LogOutputStream:75 - [STDERR_REDIRECT] 
2026-04-19 23:58:18,288 [ERROR] LogOutputStream:75 - [STDERR_REDIRECT] [Fatal Error] :1:1: Premature end of file.
2026-04-19 23:58:18,288 [ERROR] LogOutputStream:75 - [STDERR_REDIRECT] 
2026-04-19 23:58:19,291 [ERROR] LogOutputStream:75 - [STDERR_REDIRECT] [Fatal Error] :1:1: Premature end of file.
2026-04-19 23:58:19,291 [ERROR] LogOutputStream:75 - [STDERR_REDIRECT] 
2026-04-19 23:58:20,275 [ERROR] LogOutputStream:75 - [STDERR_REDIRECT] [Fatal Error] :1:1: Premature end of file.
2026-04-19 23:58:20,275 [ERROR] LogOutputStream:75 - [STDERR_REDIRECT] 
2026-04-19 23:58:21,277 [ERROR] LogOutputStream:75 - [STDERR_REDIRECT] [Fatal Error] :1:1: Premature end of file.
2026-04-19 23:58:21,277 [ERROR] LogOutputStream:75 - [STDERR_REDIRECT] 
2026-04-19 23:58:22,276 [ERROR] LogOutputStream:75 - [STDERR_REDIRECT] [Fatal Error] :1:1: Premature end of file.
2026-04-19 23:58:22,276 [ERROR] LogOutputStream:75 - [STDERR_REDIRECT] 
2026-04-19 23:58:23,289 [ERROR] LogOutputStream:75 - [STDERR_REDIRECT] [Fatal Error] :1:1: Premature end of file.
2026-04-19 23:58:23,289 [ERROR] LogOutputStream:75 - [STDERR_REDIRECT] 
2026-04-19 23:58:24,279 [ERROR] LogOutputStream:75 - [STDERR_REDIRECT] [Fatal Error] :1:1: Premature end of file.
2026-04-19 23:58:24,280 [ERROR] LogOutputStream:75 - [STDERR_REDIRECT] 
2026-04-19 23:58:25,283 [ERROR] LogOutputStream:75 - [STDERR_REDIRECT] [Fatal Error] :1:1: Premature end of file.
2026-04-19 23:58:25,283 [ERROR] LogOutputStream:75 - [STDERR_REDIRECT] 
2026-04-19 23:58:26,281 [ERROR] LogOutputStream:75 - [STDERR_REDIRECT] [Fatal Error] :1:1: Premature end of file.
2026-04-19 23:58:26,281 [ERROR] LogOutputStream:75 - [STDERR_REDIRECT] 
2026-04-19 23:58:27,278 [ERROR] LogOutputStream:75 - [STDERR_REDIRECT] [Fatal Error] :1:1: Premature end of file.
2026-04-19 23:58:27,278 [ERROR] LogOutputStream:75 - [STDERR_REDIRECT] 
2026-04-19 23:58:28,280 [ERROR] LogOutputStream:75 - [STDERR_REDIRECT] [Fatal Error] :1:1: Premature end of file.
2026-04-19 23:58:28,280 [ERROR] LogOutputStream:75 - [STDERR_REDIRECT] 
2026-04-19 23:58:29,283 [ERROR] LogOutputStream:75 - [STDERR_REDIRECT] [Fatal Error] :1:1: Premature end of file.
2026-04-19 23:58:29,283 [ERROR] LogOutputStream:75 - [STDERR_REDIRECT] 
2026-04-19 23:58:30,282 [ERROR] LogOutputStream:75 - [STDERR_REDIRECT] [Fatal Error] :1:1: Premature end of file.
2026-04-19 23:58:30,282 [ERROR] LogOutputStream:75 - [STDERR_REDIRECT] 
2026-04-19 23:58:31,283 [ERROR] LogOutputStream:75 - [STDERR_REDIRECT] [Fatal Error] :1:1: Premature end of file.
2026-04-19 23:58:31,285 [ERROR] LogOutputStream:75 - [STDERR_REDIRECT] 
2026-04-19 23:58:32,281 [ERROR] LogOutputStream:75 - [STDERR_REDIRECT] [Fatal Error] :1:1: Premature end of file.
2026-04-19 23:58:32,281 [ERROR] LogOutputStream:75 - [STDERR_REDIRECT] 
2026-04-19 23:58:33,278 [ERROR] LogOutputStream:75 - [STDERR_REDIRECT] [Fatal Error] :1:1: Premature end of file.
2026-04-19 23:58:33,278 [ERROR] LogOutputStream:75 - [STDERR_REDIRECT] 
2026-04-19 23:58:34,277 [ERROR] LogOutputStream:75 - [STDERR_REDIRECT] [Fatal Error] :1:1: Premature end of file.
2026-04-19 23:58:34,278 [ERROR] LogOutputStream:75 - [STDERR_REDIRECT] 
2026-04-19 23:58:35,275 [ERROR] LogOutputStream:75 - [STDERR_REDIRECT] [Fatal Error] :1:1: Premature end of file.
2026-04-19 23:58:35,275 [ERROR] LogOutputStream:75 - [STDERR_REDIRECT] 
2026-04-19 23:58:36,284 [ERROR] LogOutputStream:75 - [STDERR_REDIRECT] [Fatal Error] :1:1: Premature end of file.
2026-04-19 23:58:36,284 [ERROR] LogOutputStream:75 - [STDERR_REDIRECT] 
2026-04-19 23:58:37,291 [ERROR] LogOutputStream:75 - [STDERR_REDIRECT] [Fatal Error] :1:1: Premature end of file.
2026-04-19 23:58:37,291 [ERROR] LogOutputStream:75 - [STDERR_REDIRECT] 
2026-04-19 23:58:38,288 [ERROR] LogOutputStream:75 - [STDERR_REDIRECT] [Fatal Error] :1:1: Premature end of file.
2026-04-19 23:58:38,288 [ERROR] LogOutputStream:75 - [STDERR_REDIRECT] 
2026-04-19 23:58:39,286 [ERROR] LogOutputStream:75 - [STDERR_REDIRECT] [Fatal Error] :1:1: Premature end of file.
2026-04-19 23:58:39,287 [ERROR] LogOutputStream:75 - [STDERR_REDIRECT] 
2026-04-19 23:58:40,293 [ERROR] LogOutputStream:75 - [STDERR_REDIRECT] [Fatal Error] :1:1: Premature end of file.
2026-04-19 23:58:40,293 [ERROR] LogOutputStream:75 - [STDERR_REDIRECT] 
2026-04-19 23:58:41,288 [ERROR] LogOutputStream:75 - [STDERR_REDIRECT] [Fatal Error] :1:1: Premature end of file.
2026-04-19 23:58:41,288 [ERROR] LogOutputStream:75 - [STDERR_REDIRECT] 
2026-04-19 23:58:42,275 [ERROR] LogOutputStream:75 - [STDERR_REDIRECT] [Fatal Error] :1:1: Premature end of file.
2026-04-19 23:58:42,275 [ERROR] LogOutputStream:75 - [STDERR_REDIRECT] 
2026-04-19 23:58:43,279 [ERROR] LogOutputStream:75 - [STDERR_REDIRECT] [Fatal Error] :1:1: Premature end of file.
2026-04-19 23:58:43,279 [ERROR] LogOutputStream:75 - [STDERR_REDIRECT] 
2026-04-19 23:58:44,279 [ERROR] LogOutputStream:75 - [STDERR_REDIRECT] [Fatal Error] :1:1: Premature end of file.
2026-04-19 23:58:44,280 [ERROR] LogOutputStream:75 - [STDERR_REDIRECT] 
2026-04-19 23:58:45,284 [ERROR] LogOutputStream:75 - [STDERR_REDIRECT] [Fatal Error] :1:1: Premature end of file.
2026-04-19 23:58:45,284 [ERROR] LogOutputStream:75 - [STDERR_REDIRECT] 
2026-04-19 23:58:46,286 [ERROR] LogOutputStream:75 - [STDERR_REDIRECT] [Fatal Error] :1:1: Premature end of file.
2026-04-19 23:58:46,286 [ERROR] LogOutputStream:75 - [STDERR_REDIRECT] 
2026-04-19 23:58:47,280 [ERROR] LogOutputStream:75 - [STDERR_REDIRECT] [Fatal Error] :1:1: Premature end of file.
2026-04-19 23:58:47,280 [ERROR] LogOutputStream:75 - [STDERR_REDIRECT] 
2026-04-19 23:58:48,283 [ERROR] LogOutputStream:75 - [STDERR_REDIRECT] [Fatal Error] :1:1: Premature end of file.
2026-04-19 23:58:48,283 [ERROR] LogOutputStream:75 - [STDERR_REDIRECT] 
2026-04-19 23:58:49,288 [ERROR] LogOutputStream:75 - [STDERR_REDIRECT] [Fatal Error] :1:1: Premature end of file.
2026-04-19 23:58:49,288 [ERROR] LogOutputStream:75 - [STDERR_REDIRECT] 
2026-04-19 23:58:50,280 [ERROR] LogOutputStream:75 - [STDERR_REDIRECT] [Fatal Error] :1:1: Premature end of file.
2026-04-19 23:58:50,280 [ERROR] LogOutputStream:75 - [STDERR_REDIRECT] 
2026-04-19 23:58:51,282 [ERROR] LogOutputStream:75 - [STDERR_REDIRECT] [Fatal Error] :1:1: Premature end of file.
2026-04-19 23:58:51,284 [ERROR] LogOutputStream:75 - [STDERR_REDIRECT] 
2026-04-19 23:58:52,288 [ERROR] LogOutputStream:75 - [STDERR_REDIRECT] [Fatal Error] :1:1: Premature end of file.
2026-04-19 23:58:52,289 [ERROR] LogOutputStream:75 - [STDERR_REDIRECT] 
2026-04-19 23:58:53,287 [ERROR] LogOutputStream:75 - [STDERR_REDIRECT] [Fatal Error] :1:1: Premature end of file.
2026-04-19 23:58:53,287 [ERROR] LogOutputStream:75 - [STDERR_REDIRECT] 
2026-04-19 23:58:54,285 [ERROR] LogOutputStream:75 - [STDERR_REDIRECT] [Fatal Error] :1:1: Premature end of file.
2026-04-19 23:58:54,285 [ERROR] LogOutputStream:75 - [STDERR_REDIRECT] 
2026-04-19 23:58:55,282 [ERROR] LogOutputStream:75 - [STDERR_REDIRECT] [Fatal Error] :1:1: Premature end of file.
2026-04-19 23:58:55,282 [ERROR] LogOutputStream:75 - [STDERR_REDIRECT] 
2026-04-19 23:58:56,283 [ERROR] LogOutputStream:75 - [STDERR_REDIRECT] [Fatal Error] :1:1: Premature end of file.
2026-04-19 23:58:56,284 [ERROR] LogOutputStream:75 - [STDERR_REDIRECT] 
2026-04-19 23:58:57,278 [ERROR] LogOutputStream:75 - [STDERR_REDIRECT] [Fatal Error] :1:1: Premature end of file.
2026-04-19 23:58:57,278 [ERROR] LogOutputStream:75 - [STDERR_REDIRECT] 
2026-04-19 23:58:58,285 [ERROR] LogOutputStream:75 - [STDERR_REDIRECT] [Fatal Error] :1:1: Premature end of file.
2026-04-19 23:58:58,285 [ERROR] LogOutputStream:75 - [STDERR_REDIRECT] 
2026-04-19 23:58:59,293 [ERROR] LogOutputStream:75 - [STDERR_REDIRECT] [Fatal Error] :1:1: Premature end of file.
2026-04-19 23:58:59,294 [ERROR] LogOutputStream:75 - [STDERR_REDIRECT] 
2026-04-19 23:59:00,275 [ERROR] LogOutputStream:75 - [STDERR_REDIRECT] [Fatal Error] :1:1: Premature end of file.
2026-04-19 23:59:00,276 [ERROR] LogOutputStream:75 - [STDERR_REDIRECT] 
2026-04-19 23:59:01,278 [ERROR] LogOutputStream:75 - [STDERR_REDIRECT] [Fatal Error] :1:1: Premature end of file.
2026-04-19 23:59:01,279 [ERROR] LogOutputStream:75 - [STDERR_REDIRECT] 
2026-04-19 23:59:02,278 [ERROR] LogOutputStream:75 - [STDERR_REDIRECT] [Fatal Error] :1:1: Premature end of file.
2026-04-19 23:59:02,278 [ERROR] LogOutputStream:75 - [STDERR_REDIRECT] 
2026-04-19 23:59:03,281 [ERROR] LogOutputStream:75 - [STDERR_REDIRECT] [Fatal Error] :1:1: Premature end of file.
2026-04-19 23:59:03,282 [ERROR] LogOutputStream:75 - [STDERR_REDIRECT] 
2026-04-19 23:59:04,274 [ERROR] LogOutputStream:75 - [STDERR_REDIRECT] [Fatal Error] :1:1: Premature end of file.
2026-04-19 23:59:04,274 [ERROR] LogOutputStream:75 - [STDERR_REDIRECT] 
2026-04-19 23:59:05,285 [ERROR] LogOutputStream:75 - [STDERR_REDIRECT] [Fatal Error] :1:1: Premature end of file.
2026-04-19 23:59:05,285 [ERROR] LogOutputStream:75 - [STDERR_REDIRECT] 
2026-04-19 23:59:06,271 [ERROR] LogOutputStream:75 - [STDERR_REDIRECT] [Fatal Error] :1:1: Premature end of file.
2026-04-19 23:59:06,272 [ERROR] LogOutputStream:75 - [STDERR_REDIRECT] 
2026-04-19 23:59:07,277 [ERROR] LogOutputStream:75 - [STDERR_REDIRECT] [Fatal Error] :1:1: Premature end of file.
2026-04-19 23:59:07,277 [ERROR] LogOutputStream:75 - [STDERR_REDIRECT] 
2026-04-19 23:59:08,288 [ERROR] LogOutputStream:75 - [STDERR_REDIRECT] [Fatal Error] :1:1: Premature end of file.
2026-04-19 23:59:08,288 [ERROR] LogOutputStream:75 - [STDERR_REDIRECT] 
2026-04-19 23:59:09,280 [ERROR] LogOutputStream:75 - [STDERR_REDIRECT] [Fatal Error] :1:1: Premature end of file.
2026-04-19 23:59:09,282 [ERROR] LogOutputStream:75 - [STDERR_REDIRECT] 
2026-04-19 23:59:10,282 [ERROR] LogOutputStream:75 - [STDERR_REDIRECT] [Fatal Error] :1:1: Premature end of file.
2026-04-19 23:59:10,282 [ERROR] LogOutputStream:75 - [STDERR_REDIRECT] 
2026-04-19 23:59:11,282 [ERROR] LogOutputStream:75 - [STDERR_REDIRECT] [Fatal Error] :1:1: Premature end of file.
2026-04-19 23:59:11,282 [ERROR] LogOutputStream:75 - [STDERR_REDIRECT] 
2026-04-19 23:59:12,277 [ERROR] LogOutputStream:75 - [STDERR_REDIRECT] [Fatal Error] :1:1: Premature end of file.
2026-04-19 23:59:12,278 [ERROR] LogOutputStream:75 - [STDERR_REDIRECT] 
2026-04-19 23:59:13,276 [ERROR] LogOutputStream:75 - [STDERR_REDIRECT] [Fatal Error] :1:1: Premature end of file.
2026-04-19 23:59:13,276 [ERROR] LogOutputStream:75 - [STDERR_REDIRECT] 
2026-04-19 23:59:14,280 [ERROR] LogOutputStream:75 - [STDERR_REDIRECT] [Fatal Error] :1:1: Premature end of file.
2026-04-19 23:59:14,280 [ERROR] LogOutputStream:75 - [STDERR_REDIRECT] 
2026-04-19 23:59:15,275 [ERROR] LogOutputStream:75 - [STDERR_REDIRECT] [Fatal Error] :1:1: Premature end of file.
2026-04-19 23:59:15,276 [ERROR] LogOutputStream:75 - [STDERR_REDIRECT] 
2026-04-19 23:59:16,283 [ERROR] LogOutputStream:75 - [STDERR_REDIRECT] [Fatal Error] :1:1: Premature end of file.
2026-04-19 23:59:16,283 [ERROR] LogOutputStream:75 - [STDERR_REDIRECT] 
2026-04-19 23:59:17,283 [ERROR] LogOutputStream:75 - [STDERR_REDIRECT] [Fatal Error] :1:1: Premature end of file.
2026-04-19 23:59:17,283 [ERROR] LogOutputStream:75 - [STDERR_REDIRECT] 
2026-04-19 23:59:18,289 [ERROR] LogOutputStream:75 - [STDERR_REDIRECT] [Fatal Error] :1:1: Premature end of file.
2026-04-19 23:59:18,289 [ERROR] LogOutputStream:75 - [STDERR_REDIRECT] 
2026-04-19 23:59:19,281 [ERROR] LogOutputStream:75 - [STDERR_REDIRECT] [Fatal Error] :1:1: Premature end of file.
2026-04-19 23:59:19,281 [ERROR] LogOutputStream:75 - [STDERR_REDIRECT] 
2026-04-19 23:59:20,280 [ERROR] LogOutputStream:75 - [STDERR_REDIRECT] [Fatal Error] :1:1: Premature end of file.
2026-04-19 23:59:20,280 [ERROR] LogOutputStream:75 - [STDERR_REDIRECT] 
2026-04-19 23:59:21,276 [ERROR] LogOutputStream:75 - [STDERR_REDIRECT] [Fatal Error] :1:1: Premature end of file.
2026-04-19 23:59:21,276 [ERROR] LogOutputStream:75 - [STDERR_REDIRECT] 
2026-04-19 23:59:22,288 [ERROR] LogOutputStream:75 - [STDERR_REDIRECT] [Fatal Error] :1:1: Premature end of file.
2026-04-19 23:59:22,289 [ERROR] LogOutputStream:75 - [STDERR_REDIRECT] 
2026-04-19 23:59:23,281 [ERROR] LogOutputStream:75 - [STDERR_REDIRECT] [Fatal Error] :1:1: Premature end of file.
2026-04-19 23:59:23,281 [ERROR] LogOutputStream:75 - [STDERR_REDIRECT] 
2026-04-19 23:59:24,287 [ERROR] LogOutputStream:75 - [STDERR_REDIRECT] [Fatal Error] :1:1: Premature end of file.
2026-04-19 23:59:24,287 [ERROR] LogOutputStream:75 - [STDERR_REDIRECT] 
2026-04-19 23:59:25,273 [ERROR] LogOutputStream:75 - [STDERR_REDIRECT] [Fatal Error] :1:1: Premature end of file.
2026-04-19 23:59:25,273 [ERROR] LogOutputStream:75 - [STDERR_REDIRECT] 
2026-04-19 23:59:26,286 [ERROR] LogOutputStream:75 - [STDERR_REDIRECT] [Fatal Error] :1:1: Premature end of file.
2026-04-19 23:59:26,286 [ERROR] LogOutputStream:75 - [STDERR_REDIRECT] 
2026-04-19 23:59:27,273 [ERROR] LogOutputStream:75 - [STDERR_REDIRECT] [Fatal Error] :1:1: Premature end of file.
2026-04-19 23:59:27,273 [ERROR] LogOutputStream:75 - [STDERR_REDIRECT] 
2026-04-19 23:59:28,287 [ERROR] LogOutputStream:75 - [STDERR_REDIRECT] [Fatal Error] :1:1: Premature end of file.
2026-04-19 23:59:28,287 [ERROR] LogOutputStream:75 - [STDERR_REDIRECT] 
2026-04-19 23:59:29,273 [ERROR] LogOutputStream:75 - [STDERR_REDIRECT] [Fatal Error] :1:1: Premature end of file.
2026-04-19 23:59:29,273 [ERROR] LogOutputStream:75 - [STDERR_REDIRECT] 
2026-04-19 23:59:30,286 [ERROR] LogOutputStream:75 - [STDERR_REDIRECT] [Fatal Error] :1:1: Premature end of file.
2026-04-19 23:59:30,286 [ERROR] LogOutputStream:75 - [STDERR_REDIRECT] 
2026-04-19 23:59:31,295 [ERROR] LogOutputStream:75 - [STDERR_REDIRECT] [Fatal Error] :1:1: Premature end of file.
2026-04-19 23:59:31,296 [ERROR] LogOutputStream:75 - [STDERR_REDIRECT] 
2026-04-19 23:59:32,281 [ERROR] LogOutputStream:75 - [STDERR_REDIRECT] [Fatal Error] :1:1: Premature end of file.
2026-04-19 23:59:32,281 [ERROR] LogOutputStream:75 - [STDERR_REDIRECT] 
2026-04-19 23:59:33,277 [ERROR] LogOutputStream:75 - [STDERR_REDIRECT] [Fatal Error] :1:1: Premature end of file.
2026-04-19 23:59:33,277 [ERROR] LogOutputStream:75 - [STDERR_REDIRECT] 
2026-04-19 23:59:34,283 [ERROR] LogOutputStream:75 - [STDERR_REDIRECT] [Fatal Error] :1:1: Premature end of file.
2026-04-19 23:59:34,283 [ERROR] LogOutputStream:75 - [STDERR_REDIRECT] 
2026-04-19 23:59:35,283 [ERROR] LogOutputStream:75 - [STDERR_REDIRECT] [Fatal Error] :1:1: Premature end of file.
2026-04-19 23:59:35,283 [ERROR] LogOutputStream:75 - [STDERR_REDIRECT] 
2026-04-19 23:59:36,278 [ERROR] LogOutputStream:75 - [STDERR_REDIRECT] [Fatal Error] :1:1: Premature end of file.
2026-04-19 23:59:36,278 [ERROR] LogOutputStream:75 - [STDERR_REDIRECT] 
2026-04-19 23:59:37,274 [ERROR] LogOutputStream:75 - [STDERR_REDIRECT] [Fatal Error] :1:1: Premature end of file.
2026-04-19 23:59:37,274 [ERROR] LogOutputStream:75 - [STDERR_REDIRECT] 
2026-04-19 23:59:38,279 [ERROR] LogOutputStream:75 - [STDERR_REDIRECT] [Fatal Error] :1:1: Premature end of file.
2026-04-19 23:59:38,279 [ERROR] LogOutputStream:75 - [STDERR_REDIRECT] 
2026-04-19 23:59:39,288 [ERROR] LogOutputStream:75 - [STDERR_REDIRECT] [Fatal Error] :1:1: Premature end of file.
2026-04-19 23:59:39,288 [ERROR] LogOutputStream:75 - [STDERR_REDIRECT] 
2026-04-19 23:59:40,277 [ERROR] LogOutputStream:75 - [STDERR_REDIRECT] [Fatal Error] :1:1: Premature end of file.
2026-04-19 23:59:40,277 [ERROR] LogOutputStream:75 - [STDERR_REDIRECT] 
2026-04-19 23:59:41,279 [ERROR] LogOutputStream:75 - [STDERR_REDIRECT] [Fatal Error] :1:1: Premature end of file.
2026-04-19 23:59:41,280 [ERROR] LogOutputStream:75 - [STDERR_REDIRECT] 
2026-04-19 23:59:42,277 [ERROR] LogOutputStream:75 - [STDERR_REDIRECT] [Fatal Error] :1:1: Premature end of file.
2026-04-19 23:59:42,277 [ERROR] LogOutputStream:75 - [STDERR_REDIRECT] 
2026-04-19 23:59:43,286 [ERROR] LogOutputStream:75 - [STDERR_REDIRECT] [Fatal Error] :1:1: Premature end of file.
2026-04-19 23:59:43,286 [ERROR] LogOutputStream:75 - [STDERR_REDIRECT] 
2026-04-19 23:59:44,283 [ERROR] LogOutputStream:75 - [STDERR_REDIRECT] [Fatal Error] :1:1: Premature end of file.
2026-04-19 23:59:44,283 [ERROR] LogOutputStream:75 - [STDERR_REDIRECT] 
2026-04-19 23:59:45,276 [ERROR] LogOutputStream:75 - [STDERR_REDIRECT] [Fatal Error] :1:1: Premature end of file.
2026-04-19 23:59:45,276 [ERROR] LogOutputStream:75 - [STDERR_REDIRECT] 
2026-04-19 23:59:46,288 [ERROR] LogOutputStream:75 - [STDERR_REDIRECT] [Fatal Error] :1:1: Premature end of file.
2026-04-19 23:59:46,288 [ERROR] LogOutputStream:75 - [STDERR_REDIRECT] 
2026-04-19 23:59:47,278 [ERROR] LogOutputStream:75 - [STDERR_REDIRECT] [Fatal Error] :1:1: Premature end of file.
2026-04-19 23:59:47,278 [ERROR] LogOutputStream:75 - [STDERR_REDIRECT] 
2026-04-19 23:59:48,287 [ERROR] LogOutputStream:75 - [STDERR_REDIRECT] [Fatal Error] :1:1: Premature end of file.
2026-04-19 23:59:48,287 [ERROR] LogOutputStream:75 - [STDERR_REDIRECT] 
2026-04-19 23:59:49,278 [ERROR] LogOutputStream:75 - [STDERR_REDIRECT] [Fatal Error] :1:1: Premature end of file.
2026-04-19 23:59:49,279 [ERROR] LogOutputStream:75 - [STDERR_REDIRECT] 
2026-04-19 23:59:50,282 [ERROR] LogOutputStream:75 - [STDERR_REDIRECT] [Fatal Error] :1:1: Premature end of file.
2026-04-19 23:59:50,282 [ERROR] LogOutputStream:75 - [STDERR_REDIRECT] 
2026-04-19 23:59:51,287 [ERROR] LogOutputStream:75 - [STDERR_REDIRECT] [Fatal Error] :1:1: Premature end of file.
2026-04-19 23:59:51,287 [ERROR] LogOutputStream:75 - [STDERR_REDIRECT] 
2026-04-19 23:59:52,283 [ERROR] LogOutputStream:75 - [STDERR_REDIRECT] [Fatal Error] :1:1: Premature end of file.
2026-04-19 23:59:52,283 [ERROR] LogOutputStream:75 - [STDERR_REDIRECT] 
2026-04-19 23:59:53,288 [ERROR] LogOutputStream:75 - [STDERR_REDIRECT] [Fatal Error] :1:1: Premature end of file.
2026-04-19 23:59:53,288 [ERROR] LogOutputStream:75 - [STDERR_REDIRECT] 
2026-04-19 23:59:54,277 [ERROR] LogOutputStream:75 - [STDERR_REDIRECT] [Fatal Error] :1:1: Premature end of file.
2026-04-19 23:59:54,277 [ERROR] LogOutputStream:75 - [STDERR_REDIRECT] 
2026-04-19 23:59:55,274 [ERROR] LogOutputStream:75 - [STDERR_REDIRECT] [Fatal Error] :1:1: Premature end of file.
2026-04-19 23:59:55,275 [ERROR] LogOutputStream:75 - [STDERR_REDIRECT] 
2026-04-19 23:59:56,281 [ERROR] LogOutputStream:75 - [STDERR_REDIRECT] [Fatal Error] :1:1: Premature end of file.
2026-04-19 23:59:56,281 [ERROR] LogOutputStream:75 - [STDERR_REDIRECT] 
2026-04-19 23:59:57,281 [ERROR] LogOutputStream:75 - [STDERR_REDIRECT] [Fatal Error] :1:1: Premature end of file.
2026-04-19 23:59:57,282 [ERROR] LogOutputStream:75 - [STDERR_REDIRECT] 
2026-04-19 23:59:58,285 [ERROR] LogOutputStream:75 - [STDERR_REDIRECT] [Fatal Error] :1:1: Premature end of file.
2026-04-19 23:59:58,285 [ERROR] LogOutputStream:75 - [STDERR_REDIRECT] 
2026-04-19 23:59:59,280 [ERROR] LogOutputStream:75 - [STDERR_REDIRECT] [Fatal Error] :1:1: Premature end of file.
2026-04-19 23:59:59,280 [ERROR] LogOutputStream:75 - [STDERR_REDIRECT] 
